Datetime,Open,High,Low,Close,Volume,Dividends,Stock Splits
2026-04-20 09:15:00+05:30,1361.0,1371.0,1358.0,1370.5999755859375,219635,0.0,0.0
2026-04-20 09:30:00+05:30,1370.5999755859375,1374.0,1364.699951171875,1365.800048828125,284627,0.0,0.0
2026-04-20 09:45:00+05:30,1365.5999755859375,1367.800048828125,1363.199951171875,1364.5,114505,0.0,0.0
2026-04-20 10:00:00+05:30,1364.5999755859375,1369.199951171875,1364.199951171875,1369.0,73038,0.0,0.0
2026-04-20 15:00:00+05:30,1359.0999755859375,1359.0999755859375,1355.0,1355.300048828125,3124846,0.0,0.0
2026-04-20 15:15:00+05:30,1355.4000244140625,1357.800048828125,1351.4000244140625,1354.699951171875,688979,0.0,0.0
2026-04-21 09:15:00+05:30,1358.5,1373.5,1358.5,1369.5999755859375,182235,0.0,0.0
2026-04-21 09:30:00+05:30,1369.5,1373.5,1369.0,1371.4000244140625,156404,0.0,0.0
2026-04-21 09:45:00+05:30,1371.300048828125,1376.5,1371.0999755859375,1374.0,153645,0.0,0.0
2026-04-21 10:00:00+05:30,1374.4000244140625,1376.0999755859375,1371.5,1373.4000244140625,134851,0.0,0.0
2026-04-21 10:15:00+05:30,1373.0999755859375,1374.0999755859375,1368.199951171875,1370.199951171875,178366,0.0,0.0
2026-04-21 10:30:00+05:30,1369.800048828125,1373.199951171875,1369.300048828125,1372.0999755859375,132035,0.0,0.0
2026-04-21 10:45:00+05:30,1372.699951171875,1373.9000244140625,1372.199951171875,1372.5,93685,0.0,0.0
2026-04-21 11:00:00+05:30,1372.5999755859375,1373.0,1368.5999755859375,1369.800048828125,138652,0.0,0.0
2026-04-21 11:15:00+05:30,1369.199951171875,1370.699951171875,1368.199951171875,1370.300048828125,88975,0.0,0.0
2026-04-21 11:30:00+05:30,1370.300048828125,1371.0,1368.199951171875,1368.199951171875,122081,0.0,0.0
2026-04-21 11:45:00+05:30,1368.199951171875,1368.300048828125,1365.0999755859375,1366.300048828125,121956,0.0,0.0
2026-04-21 12:00:00+05:30,1365.5,1372.0,1354.699951171875,1371.5999755859375,166460,0.0,0.0
2026-04-21 12:15:00+05:30,1371.5999755859375,1373.5999755859375,1369.5,1372.5,126932,0.0,0.0
2026-04-21 12:30:00+05:30,1371.699951171875,1372.9000244140625,1370.0,1372.9000244140625,88855,0.0,0.0
2026-04-21 12:45:00+05:30,1372.9000244140625,1374.0,1370.5999755859375,1372.300048828125,209552,0.0,0.0
2026-04-21 13:00:00+05:30,1372.699951171875,1374.0,1370.5999755859375,1373.0999755859375,192706,0.0,0.0
2026-04-21 13:15:00+05:30,1373.199951171875,1376.5,1372.699951171875,1375.9000244140625,288803,0.0,0.0
2026-04-21 13:30:00+05:30,1375.9000244140625,1377.300048828125,1372.9000244140625,1374.5999755859375,203120,0.0,0.0
2026-04-21 13:45:00+05:30,1374.5999755859375,1376.5,1373.4000244140625,1376.300048828125,117527,0.0,0.0
2026-04-21 14:00:00+05:30,1376.4000244140625,1377.0,1374.5,1376.0,225138,0.0,0.0
2026-04-21 14:15:00+05:30,1376.5,1379.9000244140625,1376.0,1376.5,388751,0.0,0.0
2026-04-21 14:30:00+05:30,1376.9000244140625,1376.9000244140625,1373.4000244140625,1373.699951171875,160114,0.0,0.0
2026-04-21 14:45:00+05:30,1374.0,1379.4000244140625,1373.300048828125,1378.199951171875,156706,0.0,0.0
2026-04-21 15:00:00+05:30,1378.199951171875,1379.199951171875,1375.300048828125,1377.9000244140625,588294,0.0,0.0
2026-04-21 15:15:00+05:30,1377.9000244140625,1380.0,1375.0,1380.0,406607,0.0,0.0
2026-04-22 09:15:00+05:30,1370.9000244140625,1376.9000244140625,1370.300048828125,1373.5,129483,0.0,0.0
2026-04-22 09:30:00+05:30,1373.0,1374.0,1369.0999755859375,1369.0999755859375,137054,0.0,0.0
2026-04-22 09:45:00+05:30,1369.4000244140625,1371.9000244140625,1368.199951171875,1370.0999755859375,121564,0.0,0.0
2026-04-22 10:00:00+05:30,1369.0,1369.9000244140625,1366.0999755859375,1368.199951171875,111704,0.0,0.0
2026-04-22 10:15:00+05:30,1368.300048828125,1371.0999755859375,1368.199951171875,1369.5,92293,0.0,0.0
2026-04-22 10:30:00+05:30,1369.4000244140625,1378.4000244140625,1369.0,1376.9000244140625,179164,0.0,0.0
2026-04-22 10:45:00+05:30,1376.800048828125,1382.4000244140625,1376.4000244140625,1382.199951171875,175996,0.0,0.0
2026-04-22 11:00:00+05:30,1382.199951171875,1383.0,1380.5,1383.0,104027,0.0,0.0
2026-04-22 11:15:00+05:30,1383.0,1389.0,1383.0,1387.800048828125,134152,0.0,0.0
2026-04-22 11:30:00+05:30,1387.800048828125,1390.5999755859375,1385.5999755859375,1387.9000244140625,515272,0.0,0.0
2026-04-22 11:45:00+05:30,1387.9000244140625,1388.800048828125,1384.4000244140625,1387.5999755859375,124510,0.0,0.0
2026-04-22 12:00:00+05:30,1387.5999755859375,1389.0,1384.800048828125,1385.5999755859375,93361,0.0,0.0
2026-04-22 12:15:00+05:30,1385.5,1388.0,1384.0999755859375,1387.800048828125,105647,0.0,0.0
2026-04-22 12:30:00+05:30,1387.800048828125,1388.9000244140625,1386.5999755859375,1387.9000244140625,77908,0.0,0.0
2026-04-22 12:45:00+05:30,1388.0,1388.9000244140625,1386.699951171875,1388.699951171875,74655,0.0,0.0
2026-04-22 13:00:00+05:30,1388.5999755859375,1389.300048828125,1386.199951171875,1387.4000244140625,80542,0.0,0.0
2026-04-22 13:15:00+05:30,1387.4000244140625,1387.9000244140625,1383.5999755859375,1386.0999755859375,125481,0.0,0.0
2026-04-22 13:30:00+05:30,1385.699951171875,1388.699951171875,1385.699951171875,1387.4000244140625,82267,0.0,0.0
2026-04-22 13:45:00+05:30,1387.4000244140625,1390.800048828125,1386.5999755859375,1390.5,151068,0.0,0.0
2026-04-22 14:00:00+05:30,1390.0999755859375,1390.9000244140625,1387.9000244140625,1388.300048828125,157200,0.0,0.0
2026-04-22 14:15:00+05:30,1388.5,1388.5,1384.5,1386.9000244140625,133873,0.0,0.0
2026-04-22 14:30:00+05:30,1386.9000244140625,1387.0999755859375,1384.5999755859375,1385.699951171875,175414,0.0,0.0
2026-04-22 14:45:00+05:30,1385.0,1385.300048828125,1381.199951171875,1383.300048828125,221946,0.0,0.0
2026-04-22 15:00:00+05:30,1383.300048828125,1383.300048828125,1378.5999755859375,1379.5,286557,0.0,0.0
2026-04-22 15:15:00+05:30,1379.800048828125,1380.300048828125,1371.199951171875,1379.5999755859375,247740,0.0,0.0
2026-04-23 09:15:00+05:30,1372.0,1376.0,1365.4000244140625,1375.4000244140625,139071,0.0,0.0
2026-04-23 09:30:00+05:30,1374.4000244140625,1379.5999755859375,1373.9000244140625,1379.5,147089,0.0,0.0
2026-04-23 09:45:00+05:30,1378.800048828125,1382.5,1377.699951171875,1380.0,178478,0.0,0.0
2026-04-23 10:00:00+05:30,1380.0,1381.9000244140625,1378.300048828125,1381.199951171875,279951,0.0,0.0
2026-04-23 10:15:00+05:30,1381.5999755859375,1384.199951171875,1380.300048828125,1380.5,139140,0.0,0.0
2026-04-23 10:30:00+05:30,1380.5,1381.9000244140625,1375.800048828125,1376.199951171875,163208,0.0,0.0
2026-04-23 10:45:00+05:30,1376.0,1377.9000244140625,1372.699951171875,1373.199951171875,162159,0.0,0.0
2026-04-23 11:00:00+05:30,1373.199951171875,1374.300048828125,1368.800048828125,1369.300048828125,164970,0.0,0.0
2026-04-23 11:15:00+05:30,1369.0999755859375,1373.5999755859375,1368.300048828125,1372.9000244140625,121243,0.0,0.0
2026-04-23 11:30:00+05:30,1373.0,1374.0,1371.0,1371.5,91936,0.0,0.0
2026-04-23 11:45:00+05:30,1371.199951171875,1374.0,1369.9000244140625,1372.9000244140625,109271,0.0,0.0
2026-04-23 12:00:00+05:30,1372.800048828125,1374.5,1371.5999755859375,1374.0999755859375,96494,0.0,0.0
2026-04-23 12:15:00+05:30,1374.0999755859375,1374.5,1369.5999755859375,1370.5999755859375,131044,0.0,0.0
2026-04-23 12:30:00+05:30,1370.699951171875,1373.800048828125,1367.199951171875,1373.199951171875,168932,0.0,0.0
2026-04-23 12:45:00+05:30,1373.4000244140625,1378.800048828125,1372.699951171875,1378.199951171875,154392,0.0,0.0
2026-04-23 13:00:00+05:30,1378.5,1378.9000244140625,1374.5,1378.9000244140625,190404,0.0,0.0
2026-04-23 13:15:00+05:30,1379.0,1382.800048828125,1377.4000244140625,1380.9000244140625,301029,0.0,0.0
2026-04-23 13:30:00+05:30,1381.199951171875,1381.199951171875,1376.5,1376.5999755859375,238202,0.0,0.0
2026-04-23 13:45:00+05:30,1376.800048828125,1377.699951171875,1373.5,1374.9000244140625,252372,0.0,0.0
2026-04-23 14:00:00+05:30,1374.800048828125,1376.0,1371.0999755859375,1372.5,254569,0.0,0.0
2026-04-23 14:15:00+05:30,1372.5,1374.300048828125,1369.5999755859375,1369.5999755859375,313207,0.0,0.0
2026-04-23 14:30:00+05:30,1369.699951171875,1372.5,1368.5999755859375,1370.199951171875,233016,0.0,0.0
2026-04-23 14:45:00+05:30,1370.4000244140625,1374.5,1369.0,1369.5999755859375,255968,0.0,0.0
2026-04-23 15:00:00+05:30,1369.5999755859375,1371.800048828125,1367.4000244140625,1369.9000244140625,711977,0.0,0.0
2026-04-23 15:15:00+05:30,1369.800048828125,1372.5,1368.0,1369.5999755859375,438866,0.0,0.0
2026-04-24 09:15:00+05:30,1372.5999755859375,1375.0,1366.0,1367.699951171875,103647,0.0,0.0
2026-04-24 09:30:00+05:30,1367.0999755859375,1368.0999755859375,1360.5999755859375,1361.199951171875,96036,0.0,0.0
2026-04-24 09:45:00+05:30,1360.300048828125,1360.300048828125,1356.5999755859375,1357.699951171875,92129,0.0,0.0
2026-04-24 10:00:00+05:30,1357.5,1363.0,1357.5,1361.0,123144,0.0,0.0
2026-04-24 10:15:00+05:30,1360.800048828125,1361.199951171875,1355.699951171875,1355.699951171875,62548,0.0,0.0
2026-04-24 10:30:00+05:30,1355.5999755859375,1356.9000244140625,1353.0,1353.4000244140625,82998,0.0,0.0
2026-04-24 10:45:00+05:30,1353.5999755859375,1356.699951171875,1352.699951171875,1353.300048828125,133219,0.0,0.0
2026-04-24 11:00:00+05:30,1353.4000244140625,1354.0999755859375,1350.0,1353.9000244140625,128419,0.0,0.0
2026-04-24 11:15:00+05:30,1353.9000244140625,1360.0999755859375,1353.199951171875,1358.199951171875,172997,0.0,0.0
2026-04-24 11:30:00+05:30,1358.300048828125,1361.9000244140625,1357.199951171875,1357.5,110397,0.0,0.0
2026-04-24 11:45:00+05:30,1357.0999755859375,1358.199951171875,1355.300048828125,1357.199951171875,71788,0.0,0.0
2026-04-24 12:00:00+05:30,1357.300048828125,1361.699951171875,1356.699951171875,1361.4000244140625,61635,0.0,0.0
2026-04-24 12:15:00+05:30,1360.9000244140625,1361.9000244140625,1357.9000244140625,1357.9000244140625,88987,0.0,0.0
2026-04-24 12:30:00+05:30,1357.5,1362.199951171875,1357.5,1358.4000244140625,104124,0.0,0.0
2026-04-24 12:45:00+05:30,1358.4000244140625,1359.0,1356.800048828125,1357.699951171875,95165,0.0,0.0
2026-04-24 13:00:00+05:30,1357.699951171875,1359.0,1355.0999755859375,1356.9000244140625,75889,0.0,0.0
2026-04-24 13:15:00+05:30,1357.0,1359.4000244140625,1355.800048828125,1359.0999755859375,123834,0.0,0.0
2026-04-24 13:30:00+05:30,1359.5999755859375,1359.9000244140625,1353.4000244140625,1354.0999755859375,54355,0.0,0.0
2026-04-24 13:45:00+05:30,1354.199951171875,1358.0999755859375,1354.199951171875,1357.0999755859375,99602,0.0,0.0
2026-04-24 14:00:00+05:30,1357.199951171875,1357.699951171875,1353.9000244140625,1356.800048828125,94563,0.0,0.0
2026-04-24 14:15:00+05:30,1356.800048828125,1361.5,1356.5,1361.0,121405,0.0,0.0
2026-04-24 14:30:00+05:30,1360.5999755859375,1365.699951171875,1360.5,1365.300048828125,210462,0.0,0.0
2026-04-24 14:45:00+05:30,1365.800048828125,1369.0,1361.300048828125,1368.5,225852,0.0,0.0
2026-04-24 15:00:00+05:30,1368.300048828125,1369.0,1365.199951171875,1366.199951171875,347294,0.0,0.0
2026-04-24 15:15:00+05:30,1366.300048828125,1369.9000244140625,1362.0,1365.9000244140625,550825,0.0,0.0
2026-04-27 09:15:00+05:30,1323.300048828125,1323.5,1300.4000244140625,1308.699951171875,878276,0.0,0.0
2026-04-27 09:30:00+05:30,1308.9000244140625,1316.9000244140625,1307.300048828125,1313.199951171875,1131835,0.0,0.0
2026-04-27 09:45:00+05:30,1313.199951171875,1319.5999755859375,1311.0,1318.5,1227882,0.0,0.0
2026-04-27 10:00:00+05:30,1318.300048828125,1322.199951171875,1316.199951171875,1319.699951171875,454975,0.0,0.0
2026-04-27 10:15:00+05:30,1319.5999755859375,1321.9000244140625,1315.0,1316.0999755859375,359390,0.0,0.0
2026-04-27 10:30:00+05:30,1316.0999755859375,1316.199951171875,1311.4000244140625,1313.4000244140625,416625,0.0,0.0
2026-04-27 10:45:00+05:30,1313.4000244140625,1319.0,1313.4000244140625,1315.9000244140625,193170,0.0,0.0
2026-04-27 11:00:00+05:30,1315.800048828125,1316.699951171875,1313.800048828125,1316.0999755859375,178008,0.0,0.0
2026-04-27 11:15:00+05:30,1316.0999755859375,1318.9000244140625,1315.0,1315.300048828125,169510,0.0,0.0
2026-04-27 11:30:00+05:30,1315.300048828125,1316.0999755859375,1313.199951171875,1314.800048828125,434017,0.0,0.0
2026-04-27 11:45:00+05:30,1314.5999755859375,1317.5,1314.5999755859375,1317.4000244140625,226809,0.0,0.0
2026-04-27 12:00:00+05:30,1317.4000244140625,1317.800048828125,1314.5999755859375,1316.5999755859375,219594,0.0,0.0
2026-04-27 12:15:00+05:30,1316.5999755859375,1319.4000244140625,1316.199951171875,1317.699951171875,172604,0.0,0.0
2026-04-27 12:30:00+05:30,1317.699951171875,1319.9000244140625,1317.0,1318.199951171875,166685,0.0,0.0
2026-04-27 12:45:00+05:30,1318.199951171875,1320.0,1317.4000244140625,1319.300048828125,174535,0.0,0.0
2026-04-27 13:00:00+05:30,1319.300048828125,1320.699951171875,1318.699951171875,1320.300048828125,154318,0.0,0.0
2026-04-27 13:15:00+05:30,1320.300048828125,1321.0,1318.5,1319.800048828125,161169,0.0,0.0
2026-04-27 13:30:00+05:30,1319.800048828125,1320.699951171875,1318.800048828125,1318.800048828125,173262,0.0,0.0
2026-04-27 13:45:00+05:30,1319.199951171875,1320.300048828125,1317.199951171875,1320.0,187072,0.0,0.0
2026-04-27 14:00:00+05:30,1320.0,1323.4000244140625,1318.9000244140625,1323.0999755859375,268913,0.0,0.0
2026-04-27 14:15:00+05:30,1323.0999755859375,1325.9000244140625,1322.5,1323.800048828125,291957,0.0,0.0
2026-04-27 14:30:00+05:30,1323.800048828125,1324.9000244140625,1321.699951171875,1324.9000244140625,341958,0.0,0.0
2026-04-27 14:45:00+05:30,1324.9000244140625,1327.300048828125,1323.5999755859375,1325.5,378676,0.0,0.0
2026-04-27 15:00:00+05:30,1325.5,1325.9000244140625,1322.0999755859375,1325.0,513491,0.0,0.0
2026-04-27 15:15:00+05:30,1325.0,1325.9000244140625,1322.0,1325.300048828125,581847,0.0,0.0
2026-04-28 09:15:00+05:30,1314.9000244140625,1319.5999755859375,1310.300048828125,1318.5,224320,0.0,0.0
2026-04-28 09:30:00+05:30,1318.5,1321.4000244140625,1315.5,1315.5,208262,0.0,0.0
2026-04-28 09:45:00+05:30,1315.5,1316.9000244140625,1313.4000244140625,1315.5999755859375,154991,0.0,0.0
2026-04-28 10:00:00+05:30,1315.9000244140625,1315.9000244140625,1311.5,1312.0,164724,0.0,0.0
2026-04-28 10:15:00+05:30,1312.199951171875,1313.699951171875,1306.0,1306.0999755859375,404220,0.0,0.0
2026-04-28 10:30:00+05:30,1306.5,1306.699951171875,1302.5,1304.300048828125,379541,0.0,0.0
2026-04-28 10:45:00+05:30,1304.199951171875,1305.5,1303.5999755859375,1304.9000244140625,323239,0.0,0.0
2026-04-28 11:00:00+05:30,1304.699951171875,1304.699951171875,1301.199951171875,1301.300048828125,514659,0.0,0.0
2026-04-28 11:15:00+05:30,1301.300048828125,1301.4000244140625,1294.199951171875,1294.5,370980,0.0,0.0
2026-04-28 11:30:00+05:30,1294.5,1295.0,1290.0,1294.800048828125,450453,0.0,0.0
2026-04-28 11:45:00+05:30,1294.699951171875,1295.5999755859375,1293.199951171875,1295.199951171875,316692,0.0,0.0
2026-04-28 12:00:00+05:30,1295.199951171875,1297.0999755859375,1294.0,1296.4000244140625,584110,0.0,0.0
2026-04-28 12:15:00+05:30,1296.4000244140625,1299.0,1293.699951171875,1293.800048828125,236007,0.0,0.0
2026-04-28 12:30:00+05:30,1293.5999755859375,1294.0,1291.5999755859375,1293.0,169955,0.0,0.0
2026-04-28 12:45:00+05:30,1292.9000244140625,1295.0999755859375,1290.9000244140625,1291.199951171875,250197,0.0,0.0
2026-04-28 13:00:00+05:30,1291.300048828125,1293.199951171875,1291.199951171875,1291.699951171875,183447,0.0,0.0
2026-04-28 13:15:00+05:30,1291.5999755859375,1294.5,1291.5999755859375,1292.300048828125,299928,0.0,0.0
2026-04-28 13:30:00+05:30,1292.300048828125,1292.699951171875,1289.0,1291.4000244140625,199001,0.0,0.0
2026-04-28 13:45:00+05:30,1291.300048828125,1293.5,1290.699951171875,1290.9000244140625,168926,0.0,0.0
2026-04-28 14:00:00+05:30,1290.9000244140625,1291.800048828125,1290.0,1291.0,152228,0.0,0.0
2026-04-28 14:15:00+05:30,1291.0,1292.300048828125,1289.9000244140625,1290.300048828125,300374,0.0,0.0
2026-04-28 14:30:00+05:30,1290.4000244140625,1291.300048828125,1287.699951171875,1290.5,350479,0.0,0.0
2026-04-28 14:45:00+05:30,1290.5,1290.9000244140625,1289.199951171875,1290.0999755859375,457475,0.0,0.0
2026-04-28 15:00:00+05:30,1290.0,1291.199951171875,1287.300048828125,1291.0,1282133,0.0,0.0
2026-04-28 15:15:00+05:30,1291.0,1291.0999755859375,1286.300048828125,1290.0,1163670,0.0,0.0
2026-04-29 09:15:00+05:30,1294.0,1295.5,1279.5,1286.0,166912,0.0,0.0
2026-04-29 09:30:00+05:30,1285.5,1286.5999755859375,1282.300048828125,1285.699951171875,139384,0.0,0.0
2026-04-29 09:45:00+05:30,1286.300048828125,1287.199951171875,1281.0999755859375,1282.0,252117,0.0,0.0
2026-04-29 10:00:00+05:30,1281.5999755859375,1286.5999755859375,1281.5999755859375,1285.0,455060,0.0,0.0
2026-04-29 10:15:00+05:30,1285.0,1289.699951171875,1285.0,1289.5,568712,0.0,0.0
2026-04-29 10:30:00+05:30,1289.5,1290.5,1287.199951171875,1288.5,200603,0.0,0.0
2026-04-29 10:45:00+05:30,1288.699951171875,1291.4000244140625,1287.4000244140625,1290.0,248480,0.0,0.0
2026-04-29 11:00:00+05:30,1289.9000244140625,1291.5,1288.9000244140625,1290.699951171875,148508,0.0,0.0
2026-04-29 11:15:00+05:30,1290.699951171875,1291.800048828125,1288.800048828125,1290.9000244140625,226092,0.0,0.0
2026-04-29 11:30:00+05:30,1291.199951171875,1295.800048828125,1291.199951171875,1293.4000244140625,382444,0.0,0.0
2026-04-29 11:45:00+05:30,1293.5,1293.800048828125,1290.800048828125,1293.0,90650,0.0,0.0
2026-04-29 12:00:00+05:30,1293.0,1297.199951171875,1292.5999755859375,1295.5999755859375,220228,0.0,0.0
2026-04-29 12:15:00+05:30,1295.699951171875,1300.0,1295.4000244140625,1299.300048828125,153020,0.0,0.0
2026-04-29 12:30:00+05:30,1299.0999755859375,1307.5999755859375,1298.300048828125,1307.0999755859375,268252,0.0,0.0
2026-04-29 12:45:00+05:30,1307.300048828125,1309.0,1303.5,1303.9000244140625,141476,0.0,0.0
2026-04-29 13:00:00+05:30,1304.0,1307.5999755859375,1303.0999755859375,1304.4000244140625,152831,0.0,0.0
2026-04-29 13:15:00+05:30,1304.300048828125,1305.0999755859375,1302.0999755859375,1302.4000244140625,87006,0.0,0.0
2026-04-29 13:30:00+05:30,1302.5999755859375,1305.0999755859375,1301.800048828125,1303.699951171875,499091,0.0,0.0
2026-04-29 13:45:00+05:30,1303.699951171875,1304.0,1300.0999755859375,1300.4000244140625,165444,0.0,0.0
2026-04-29 14:00:00+05:30,1299.9000244140625,1301.0999755859375,1294.5,1296.5999755859375,165911,0.0,0.0
2026-04-29 14:15:00+05:30,1296.5999755859375,1299.0999755859375,1295.5,1298.300048828125,91098,0.0,0.0
2026-04-29 14:30:00+05:30,1298.199951171875,1300.5999755859375,1298.0,1300.5999755859375,89801,0.0,0.0
2026-04-29 14:45:00+05:30,1300.4000244140625,1300.699951171875,1297.300048828125,1297.9000244140625,122216,0.0,0.0
2026-04-29 15:00:00+05:30,1297.5,1300.199951171875,1295.4000244140625,1296.0,510480,0.0,0.0
2026-04-29 15:15:00+05:30,1296.0,1296.300048828125,1290.300048828125,1294.699951171875,339553,0.0,0.0
2026-04-30 09:15:00+05:30,1288.0,1288.0,1264.300048828125,1265.9000244140625,354509,0.0,0.0
2026-04-30 09:30:00+05:30,1265.9000244140625,1273.5,1265.199951171875,1272.199951171875,1115992,0.0,0.0
2026-04-30 09:45:00+05:30,1272.300048828125,1272.800048828125,1262.9000244140625,1263.5,334345,0.0,0.0
2026-04-30 10:00:00+05:30,1263.199951171875,1264.5,1261.0999755859375,1263.9000244140625,1441739,0.0,0.0
2026-04-30 10:15:00+05:30,1263.9000244140625,1264.4000244140625,1258.0,1261.300048828125,655808,0.0,0.0
2026-04-30 10:30:00+05:30,1261.300048828125,1264.699951171875,1261.199951171875,1263.0,837157,0.0,0.0
2026-04-30 10:45:00+05:30,1262.800048828125,1262.9000244140625,1259.9000244140625,1261.5,315412,0.0,0.0
2026-04-30 11:00:00+05:30,1261.5,1262.0999755859375,1257.699951171875,1259.800048828125,453390,0.0,0.0
2026-04-30 11:15:00+05:30,1259.5,1260.0,1258.199951171875,1259.9000244140625,162112,0.0,0.0
2026-04-30 11:30:00+05:30,1259.800048828125,1262.199951171875,1259.5,1260.199951171875,1640441,0.0,0.0
2026-04-30 11:45:00+05:30,1260.0999755859375,1261.5999755859375,1258.300048828125,1259.5,228952,0.0,0.0
2026-04-30 12:00:00+05:30,1259.5,1265.699951171875,1259.199951171875,1265.699951171875,795108,0.0,0.0
2026-04-30 12:15:00+05:30,1266.0,1266.300048828125,1260.5,1264.0,283749,0.0,0.0
2026-04-30 12:30:00+05:30,1264.0,1265.0,1261.0999755859375,1261.800048828125,276799,0.0,0.0
2026-04-30 12:45:00+05:30,1262.0999755859375,1265.5,1261.5,1264.9000244140625,217281,0.0,0.0
2026-04-30 13:00:00+05:30,1264.800048828125,1267.300048828125,1264.800048828125,1265.5999755859375,300346,0.0,0.0
2026-04-30 13:15:00+05:30,1265.699951171875,1267.699951171875,1264.199951171875,1267.0999755859375,276913,0.0,0.0
2026-04-30 13:30:00+05:30,1267.199951171875,1275.0,1265.9000244140625,1274.9000244140625,722124,0.0,0.0
2026-04-30 13:45:00+05:30,1275.0,1275.0999755859375,1270.5999755859375,1272.800048828125,428837,0.0,0.0
2026-04-30 14:00:00+05:30,1272.9000244140625,1274.800048828125,1271.0999755859375,1272.0999755859375,308835,0.0,0.0
2026-04-30 14:15:00+05:30,1272.0999755859375,1272.699951171875,1269.4000244140625,1271.699951171875,383368,0.0,0.0
2026-04-30 14:30:00+05:30,1271.699951171875,1275.0,1271.0999755859375,1273.5999755859375,452788,0.0,0.0
2026-04-30 14:45:00+05:30,1273.699951171875,1274.0999755859375,1271.300048828125,1273.4000244140625,468651,0.0,0.0
2026-04-30 15:00:00+05:30,1273.699951171875,1273.699951171875,1264.4000244140625,1266.9000244140625,1455987,0.0,0.0
2026-04-30 15:15:00+05:30,1266.800048828125,1275.5,1265.4000244140625,1275.5,1562525,0.0,0.0
2026-05-04 09:15:00+05:30,1275.199951171875,1286.300048828125,1272.4000244140625,1285.199951171875,1042530,0.0,0.0
2026-05-04 09:30:00+05:30,1285.0999755859375,1294.4000244140625,1285.0,1290.300048828125,824151,0.0,0.0
2026-05-04 09:45:00+05:30,1290.199951171875,1291.4000244140625,1280.0999755859375,1282.300048828125,391843,0.0,0.0
2026-05-04 10:00:00+05:30,1282.5999755859375,1283.0999755859375,1278.699951171875,1278.9000244140625,316432,0.0,0.0
2026-05-04 10:15:00+05:30,1279.300048828125,1280.0,1277.800048828125,1279.699951171875,218548,0.0,0.0
2026-05-04 10:30:00+05:30,1279.4000244140625,1282.9000244140625,1273.800048828125,1276.5999755859375,372132,0.0,0.0
2026-05-04 10:45:00+05:30,1276.699951171875,1278.4000244140625,1274.5999755859375,1274.5999755859375,253754,0.0,0.0
2026-05-04 11:00:00+05:30,1274.4000244140625,1278.5999755859375,1273.0999755859375,1278.199951171875,272128,0.0,0.0
2026-05-04 11:15:00+05:30,1278.0999755859375,1282.199951171875,1277.199951171875,1281.199951171875,629658,0.0,0.0
2026-05-04 11:30:00+05:30,1281.199951171875,1282.0999755859375,1277.0999755859375,1277.5999755859375,237792,0.0,0.0
2026-05-04 11:45:00+05:30,1277.699951171875,1279.800048828125,1275.0,1275.5999755859375,104152,0.0,0.0
2026-05-04 12:00:00+05:30,1275.0999755859375,1275.800048828125,1270.0,1270.9000244140625,189865,0.0,0.0
2026-05-04 12:15:00+05:30,1270.5,1271.4000244140625,1268.800048828125,1269.699951171875,330943,0.0,0.0
2026-05-04 12:30:00+05:30,1269.800048828125,1270.800048828125,1264.699951171875,1267.5,295898,0.0,0.0
2026-05-04 12:45:00+05:30,1267.199951171875,1270.5,1266.5,1267.699951171875,300176,0.0,0.0
2026-05-04 13:00:00+05:30,1268.199951171875,1270.4000244140625,1267.0,1269.300048828125,150630,0.0,0.0
2026-05-04 13:15:00+05:30,1269.300048828125,1270.0,1266.0,1266.4000244140625,119833,0.0,0.0
2026-05-04 13:30:00+05:30,1266.0999755859375,1270.5,1264.699951171875,1270.0,157546,0.0,0.0
2026-05-04 13:45:00+05:30,1270.0,1272.4000244140625,1269.300048828125,1270.0999755859375,368700,0.0,0.0
2026-05-04 14:00:00+05:30,1270.5999755859375,1272.5999755859375,1269.0999755859375,1271.699951171875,116971,0.0,0.0
2026-05-04 14:15:00+05:30,1271.199951171875,1275.0999755859375,1270.300048828125,1273.0999755859375,218772,0.0,0.0
2026-05-04 14:30:00+05:30,1272.9000244140625,1273.9000244140625,1270.0999755859375,1272.4000244140625,389078,0.0,0.0
2026-05-04 14:45:00+05:30,1272.4000244140625,1274.199951171875,1270.9000244140625,1272.800048828125,359902,0.0,0.0
2026-05-04 15:00:00+05:30,1272.800048828125,1276.9000244140625,1271.5999755859375,1275.0999755859375,595562,0.0,0.0
2026-05-04 15:15:00+05:30,1275.300048828125,1277.300048828125,1273.199951171875,1277.300048828125,526068,0.0,0.0
2026-05-05 09:15:00+05:30,1270.5999755859375,1271.5,1264.199951171875,1265.0999755859375,225322,0.0,0.0
2026-05-05 09:30:00+05:30,1264.699951171875,1271.800048828125,1264.699951171875,1267.5999755859375,270135,0.0,0.0
2026-05-05 09:45:00+05:30,1267.5999755859375,1270.4000244140625,1267.199951171875,1269.800048828125,685476,0.0,0.0
2026-05-05 10:00:00+05:30,1270.0,1270.0,1260.5999755859375,1261.4000244140625,218545,0.0,0.0
2026-05-05 10:15:00+05:30,1260.9000244140625,1265.0,1260.300048828125,1262.300048828125,142012,0.0,0.0
2026-05-05 10:30:00+05:30,1262.5,1263.699951171875,1261.5,1263.0,90263,0.0,0.0
2026-05-05 10:45:00+05:30,1263.0,1263.5999755859375,1260.0999755859375,1260.9000244140625,103302,0.0,0.0
2026-05-05 11:00:00+05:30,1260.9000244140625,1262.800048828125,1260.0,1261.9000244140625,383407,0.0,0.0
2026-05-05 11:15:00+05:30,1261.9000244140625,1263.5999755859375,1260.9000244140625,1261.0,135530,0.0,0.0
2026-05-05 11:30:00+05:30,1261.199951171875,1263.0999755859375,1261.0,1262.199951171875,260207,0.0,0.0
2026-05-05 11:45:00+05:30,1261.800048828125,1262.300048828125,1260.0999755859375,1260.9000244140625,101938,0.0,0.0
2026-05-05 12:00:00+05:30,1260.699951171875,1262.5,1260.4000244140625,1261.800048828125,109075,0.0,0.0
2026-05-05 12:15:00+05:30,1262.0999755859375,1263.699951171875,1261.199951171875,1261.4000244140625,141528,0.0,0.0
2026-05-05 12:30:00+05:30,1262.0999755859375,1263.5999755859375,1260.699951171875,1262.5,388922,0.0,0.0
2026-05-05 12:45:00+05:30,1262.5999755859375,1267.9000244140625,1262.5,1267.9000244140625,756819,0.0,0.0
2026-05-05 13:00:00+05:30,1268.5,1273.699951171875,1267.199951171875,1270.0,790242,0.0,0.0
2026-05-05 13:15:00+05:30,1269.9000244140625,1272.4000244140625,1264.800048828125,1268.9000244140625,646985,0.0,0.0
2026-05-05 13:30:00+05:30,1268.800048828125,1270.800048828125,1265.699951171875,1270.199951171875,935606,0.0,0.0
2026-05-05 13:45:00+05:30,1270.0,1270.0999755859375,1265.4000244140625,1266.5,371861,0.0,0.0
2026-05-05 14:00:00+05:30,1266.0999755859375,1266.9000244140625,1264.5,1266.0,125693,0.0,0.0
2026-05-05 14:15:00+05:30,1265.9000244140625,1268.4000244140625,1265.5,1267.199951171875,708170,0.0,0.0
2026-05-05 14:30:00+05:30,1267.5,1267.9000244140625,1264.199951171875,1265.5,326191,0.0,0.0
2026-05-05 14:45:00+05:30,1265.5,1267.199951171875,1260.0999755859375,1261.5,319490,0.0,0.0
2026-05-05 15:00:00+05:30,1261.800048828125,1263.800048828125,1259.0999755859375,1263.0,672877,0.0,0.0
2026-05-05 15:15:00+05:30,1264.0,1265.300048828125,1252.699951171875,1259.699951171875,1095945,0.0,0.0
2026-05-06 09:15:00+05:30,1275.4000244140625,1280.800048828125,1269.5999755859375,1272.800048828125,267272,0.0,0.0
2026-05-06 09:30:00+05:30,1273.4000244140625,1274.5999755859375,1270.800048828125,1271.199951171875,182095,0.0,0.0
2026-05-06 09:45:00+05:30,1271.199951171875,1271.199951171875,1265.5,1267.0999755859375,151609,0.0,0.0
2026-05-06 10:00:00+05:30,1267.0999755859375,1267.4000244140625,1264.4000244140625,1266.699951171875,122858,0.0,0.0
2026-05-06 10:15:00+05:30,1266.5999755859375,1271.0999755859375,1266.0999755859375,1267.699951171875,140357,0.0,0.0
2026-05-06 10:30:00+05:30,1267.300048828125,1269.699951171875,1265.699951171875,1268.5,133351,0.0,0.0
2026-05-06 10:45:00+05:30,1268.5,1269.0,1263.800048828125,1265.9000244140625,168466,0.0,0.0
2026-05-06 11:00:00+05:30,1265.699951171875,1266.5999755859375,1262.0999755859375,1262.0999755859375,156250,0.0,0.0
2026-05-06 11:15:00+05:30,1261.699951171875,1261.9000244140625,1259.699951171875,1260.800048828125,142119,0.0,0.0
2026-05-06 11:30:00+05:30,1260.5999755859375,1263.300048828125,1260.199951171875,1261.800048828125,275984,0.0,0.0
2026-05-06 11:45:00+05:30,1261.300048828125,1262.199951171875,1260.0999755859375,1260.5,64256,0.0,0.0
2026-05-06 12:00:00+05:30,1260.5999755859375,1261.5,1258.0999755859375,1259.0999755859375,190533,0.0,0.0
2026-05-06 12:15:00+05:30,1258.699951171875,1260.699951171875,1256.5999755859375,1258.0,167199,0.0,0.0
2026-05-06 12:30:00+05:30,1258.0,1258.5,1256.0999755859375,1257.800048828125,130053,0.0,0.0
2026-05-06 12:45:00+05:30,1257.800048828125,1258.4000244140625,1255.199951171875,1256.0999755859375,157390,0.0,0.0
2026-05-06 13:00:00+05:30,1256.699951171875,1259.300048828125,1255.300048828125,1258.9000244140625,136718,0.0,0.0
2026-05-06 13:15:00+05:30,1258.9000244140625,1265.0,1258.5999755859375,1264.9000244140625,256748,0.0,0.0
2026-05-06 13:30:00+05:30,1264.9000244140625,1270.0999755859375,1264.9000244140625,1268.199951171875,153189,0.0,0.0
2026-05-06 13:45:00+05:30,1268.0999755859375,1277.5,1268.0999755859375,1276.0999755859375,259056,0.0,0.0
2026-05-06 14:00:00+05:30,1276.0,1278.0999755859375,1273.199951171875,1277.800048828125,229177,0.0,0.0
2026-05-06 14:15:00+05:30,1278.0,1294.9000244140625,1277.0999755859375,1292.699951171875,440216,0.0,0.0
2026-05-06 14:30:00+05:30,1292.9000244140625,1297.5999755859375,1291.4000244140625,1293.699951171875,484310,0.0,0.0
2026-05-06 14:45:00+05:30,1293.5999755859375,1295.5,1288.300048828125,1291.4000244140625,658064,0.0,0.0
2026-05-06 15:00:00+05:30,1290.800048828125,1295.0,1287.9000244140625,1294.199951171875,759849,0.0,0.0
2026-05-06 15:15:00+05:30,1294.300048828125,1301.0,1294.0,1294.199951171875,725249,0.0,0.0
2026-05-07 09:15:00+05:30,1298.199951171875,1307.800048828125,1294.300048828125,1299.800048828125,200572,0.0,0.0
2026-05-07 09:30:00+05:30,1299.699951171875,1306.199951171875,1298.5,1305.0,254480,0.0,0.0
2026-05-07 09:45:00+05:30,1304.699951171875,1305.300048828125,1300.5999755859375,1303.0999755859375,519416,0.0,0.0
2026-05-07 10:00:00+05:30,1303.300048828125,1304.0,1297.0,1298.5,190504,0.0,0.0
2026-05-07 10:15:00+05:30,1298.5999755859375,1298.800048828125,1297.0999755859375,1297.5,129172,0.0,0.0
2026-05-07 10:30:00+05:30,1297.5999755859375,1300.0,1297.5,1300.0,128777,0.0,0.0
2026-05-07 10:45:00+05:30,1300.0,1300.9000244140625,1298.0,1300.5999755859375,384730,0.0,0.0
2026-05-07 11:00:00+05:30,1300.5999755859375,1300.5999755859375,1295.0999755859375,1296.199951171875,119338,0.0,0.0
2026-05-07 11:15:00+05:30,1296.199951171875,1296.9000244140625,1293.199951171875,1293.699951171875,81205,0.0,0.0
2026-05-07 11:30:00+05:30,1293.800048828125,1294.300048828125,1291.0999755859375,1291.0999755859375,120044,0.0,0.0
2026-05-07 11:45:00+05:30,1290.9000244140625,1291.5,1288.199951171875,1289.300048828125,223413,0.0,0.0
2026-05-07 12:00:00+05:30,1289.300048828125,1294.199951171875,1287.0999755859375,1287.800048828125,197290,0.0,0.0
2026-05-07 12:15:00+05:30,1287.5,1290.0,1287.5,1288.300048828125,136537,0.0,0.0
2026-05-07 12:30:00+05:30,1288.5999755859375,1298.199951171875,1285.300048828125,1296.0,392357,0.0,0.0
2026-05-07 12:45:00+05:30,1296.4000244140625,1297.199951171875,1287.5999755859375,1289.300048828125,141317,0.0,0.0
2026-05-07 13:00:00+05:30,1289.4000244140625,1290.199951171875,1286.5,1287.199951171875,95022,0.0,0.0
2026-05-07 13:15:00+05:30,1287.5,1287.9000244140625,1281.300048828125,1282.5,142070,0.0,0.0
2026-05-07 13:30:00+05:30,1282.5,1283.9000244140625,1281.199951171875,1283.0,75505,0.0,0.0
2026-05-07 13:45:00+05:30,1283.0999755859375,1285.5,1281.5,1285.5,155058,0.0,0.0
2026-05-07 14:00:00+05:30,1285.5,1291.300048828125,1284.4000244140625,1290.9000244140625,284011,0.0,0.0
2026-05-07 14:15:00+05:30,1290.5999755859375,1293.5,1287.199951171875,1293.0,392038,0.0,0.0
2026-05-07 14:30:00+05:30,1293.0,1294.0,1289.9000244140625,1290.800048828125,284458,0.0,0.0
2026-05-07 14:45:00+05:30,1290.5999755859375,1296.300048828125,1289.800048828125,1296.300048828125,285223,0.0,0.0
2026-05-07 15:00:00+05:30,1296.300048828125,1296.5999755859375,1289.800048828125,1290.699951171875,768338,0.0,0.0
2026-05-07 15:15:00+05:30,1291.0,1295.5999755859375,1290.5999755859375,1295.5999755859375,659614,0.0,0.0
2026-05-08 09:15:00+05:30,1273.699951171875,1280.5999755859375,1272.300048828125,1277.4000244140625,298036,0.0,0.0
2026-05-08 09:30:00+05:30,1277.0,1277.0,1273.199951171875,1273.5999755859375,139319,0.0,0.0
2026-05-08 09:45:00+05:30,1273.199951171875,1276.699951171875,1272.5999755859375,1275.4000244140625,112473,0.0,0.0
2026-05-08 10:00:00+05:30,1275.4000244140625,1275.5999755859375,1270.300048828125,1273.0,122944,0.0,0.0
2026-05-08 10:15:00+05:30,1273.0,1274.5999755859375,1270.0999755859375,1274.5,145976,0.0,0.0
2026-05-08 10:30:00+05:30,1274.4000244140625,1274.5999755859375,1272.0999755859375,1272.699951171875,92478,0.0,0.0
2026-05-08 10:45:00+05:30,1272.800048828125,1273.4000244140625,1271.0,1271.4000244140625,78652,0.0,0.0
2026-05-08 11:00:00+05:30,1271.199951171875,1274.699951171875,1271.0,1273.800048828125,116234,0.0,0.0
2026-05-08 11:15:00+05:30,1273.699951171875,1274.5,1272.0,1273.5999755859375,95343,0.0,0.0
2026-05-08 11:30:00+05:30,1273.5999755859375,1274.699951171875,1272.699951171875,1273.699951171875,175637,0.0,0.0
2026-05-08 11:45:00+05:30,1273.800048828125,1275.0999755859375,1272.5,1275.0,163551,0.0,0.0
2026-05-08 12:00:00+05:30,1275.0,1277.5,1273.300048828125,1275.4000244140625,130364,0.0,0.0
2026-05-08 12:15:00+05:30,1275.4000244140625,1275.800048828125,1273.0999755859375,1274.9000244140625,103487,0.0,0.0
2026-05-08 12:30:00+05:30,1275.0,1275.0999755859375,1268.199951171875,1268.199951171875,241093,0.0,0.0
2026-05-08 12:45:00+05:30,1268.5999755859375,1269.800048828125,1267.199951171875,1268.5,158696,0.0,0.0
2026-05-08 13:00:00+05:30,1268.5,1270.699951171875,1268.5,1269.5,99372,0.0,0.0
2026-05-08 13:15:00+05:30,1269.5999755859375,1272.800048828125,1267.800048828125,1272.300048828125,511052,0.0,0.0
2026-05-08 13:30:00+05:30,1272.800048828125,1272.9000244140625,1268.0999755859375,1268.4000244140625,406747,0.0,0.0
2026-05-08 13:45:00+05:30,1268.5,1269.0,1265.5,1265.699951171875,233331,0.0,0.0
2026-05-08 14:00:00+05:30,1265.5999755859375,1268.9000244140625,1264.5999755859375,1265.5,235145,0.0,0.0
2026-05-08 14:15:00+05:30,1265.5,1268.699951171875,1265.300048828125,1266.800048828125,267965,0.0,0.0
2026-05-08 14:30:00+05:30,1267.300048828125,1271.0,1266.699951171875,1270.0,330270,0.0,0.0
2026-05-08 14:45:00+05:30,1270.5,1271.4000244140625,1269.0999755859375,1269.5999755859375,216795,0.0,0.0
2026-05-08 15:00:00+05:30,1269.699951171875,1269.699951171875,1265.800048828125,1267.800048828125,706806,0.0,0.0
2026-05-08 15:15:00+05:30,1268.0,1271.0,1267.800048828125,1270.9000244140625,685782,0.0,0.0
2026-05-11 09:15:00+05:30,1258.699951171875,1262.0999755859375,1252.199951171875,1260.300048828125,150568,0.0,0.0
2026-05-11 09:30:00+05:30,1260.0,1260.0999755859375,1251.9000244140625,1252.5999755859375,179511,0.0,0.0
2026-05-11 09:45:00+05:30,1252.4000244140625,1255.9000244140625,1252.4000244140625,1252.9000244140625,148321,0.0,0.0
2026-05-11 10:00:00+05:30,1253.0,1255.199951171875,1252.199951171875,1254.800048828125,143207,0.0,0.0
2026-05-11 10:15:00+05:30,1255.5,1261.0,1255.0999755859375,1260.5,149753,0.0,0.0
2026-05-11 10:30:00+05:30,1261.0,1263.4000244140625,1260.300048828125,1263.0,187731,0.0,0.0
2026-05-11 10:45:00+05:30,1263.0,1270.9000244140625,1262.800048828125,1269.699951171875,314571,0.0,0.0
2026-05-11 11:00:00+05:30,1269.699951171875,1271.699951171875,1268.5,1270.5999755859375,305119,0.0,0.0
2026-05-11 11:15:00+05:30,1270.699951171875,1273.199951171875,1269.800048828125,1271.9000244140625,274924,0.0,0.0
2026-05-11 11:30:00+05:30,1272.0,1276.5,1269.9000244140625,1276.5,635864,0.0,0.0
2026-05-11 11:45:00+05:30,1276.0999755859375,1277.0999755859375,1275.0,1276.4000244140625,342916,0.0,0.0
2026-05-11 12:00:00+05:30,1276.699951171875,1279.9000244140625,1275.5999755859375,1276.199951171875,426254,0.0,0.0
2026-05-11 12:15:00+05:30,1276.199951171875,1276.9000244140625,1273.5,1273.5999755859375,273534,0.0,0.0
2026-05-11 12:30:00+05:30,1273.800048828125,1278.0999755859375,1271.4000244140625,1277.9000244140625,339523,0.0,0.0
2026-05-11 12:45:00+05:30,1278.0999755859375,1278.800048828125,1276.5999755859375,1277.699951171875,233574,0.0,0.0
2026-05-11 13:00:00+05:30,1277.9000244140625,1278.4000244140625,1275.4000244140625,1276.5999755859375,309336,0.0,0.0
2026-05-11 13:15:00+05:30,1276.699951171875,1279.4000244140625,1275.5999755859375,1277.800048828125,224149,0.0,0.0
2026-05-11 13:30:00+05:30,1278.199951171875,1281.0,1277.300048828125,1279.699951171875,268499,0.0,0.0
2026-05-11 13:45:00+05:30,1280.0,1283.0,1279.800048828125,1281.0,321554,0.0,0.0
2026-05-11 14:00:00+05:30,1281.0,1282.4000244140625,1280.0,1280.0,162538,0.0,0.0
2026-05-11 14:15:00+05:30,1280.0,1282.0,1279.0999755859375,1279.699951171875,176924,0.0,0.0
2026-05-11 14:30:00+05:30,1279.800048828125,1280.0,1276.199951171875,1277.4000244140625,259081,0.0,0.0
2026-05-11 14:45:00+05:30,1277.300048828125,1277.5999755859375,1273.5,1277.199951171875,231907,0.0,0.0
2026-05-11 15:00:00+05:30,1277.0,1277.0,1269.5,1269.9000244140625,763838,0.0,0.0
2026-05-11 15:15:00+05:30,1269.800048828125,1272.300048828125,1266.199951171875,1272.300048828125,368057,0.0,0.0
2026-05-12 09:15:00+05:30,1270.0,1272.300048828125,1263.300048828125,1263.800048828125,248708,0.0,0.0
2026-05-12 09:30:00+05:30,1263.800048828125,1267.5999755859375,1261.0999755859375,1266.199951171875,390819,0.0,0.0
2026-05-12 09:45:00+05:30,1266.199951171875,1267.800048828125,1264.800048828125,1266.9000244140625,151042,0.0,0.0
2026-05-12 10:00:00+05:30,1267.0,1270.0,1265.9000244140625,1269.5,146850,0.0,0.0
2026-05-12 10:15:00+05:30,1269.800048828125,1274.0,1268.199951171875,1269.0,178299,0.0,0.0
2026-05-12 10:30:00+05:30,1269.0,1270.5999755859375,1266.9000244140625,1269.300048828125,119581,0.0,0.0
2026-05-12 10:45:00+05:30,1269.5,1270.0999755859375,1267.5,1267.5,137716,0.0,0.0
2026-05-12 11:00:00+05:30,1267.5999755859375,1267.9000244140625,1263.9000244140625,1265.4000244140625,161074,0.0,0.0
2026-05-12 11:15:00+05:30,1265.5999755859375,1267.199951171875,1262.5,1262.800048828125,208905,0.0,0.0
2026-05-12 11:30:00+05:30,1262.699951171875,1267.0,1262.0,1266.5999755859375,124808,0.0,0.0
2026-05-12 11:45:00+05:30,1266.5999755859375,1268.800048828125,1265.0999755859375,1267.4000244140625,121359,0.0,0.0
2026-05-12 12:00:00+05:30,1267.4000244140625,1268.9000244140625,1266.5,1267.9000244140625,142920,0.0,0.0
2026-05-12 12:15:00+05:30,1267.9000244140625,1269.5,1266.4000244140625,1268.0,219808,0.0,0.0
2026-05-12 12:30:00+05:30,1268.0,1268.0,1263.800048828125,1264.199951171875,169819,0.0,0.0
2026-05-12 12:45:00+05:30,1264.199951171875,1265.199951171875,1262.0,1264.300048828125,170176,0.0,0.0
2026-05-12 13:00:00+05:30,1264.300048828125,1266.800048828125,1264.0999755859375,1266.4000244140625,183072,0.0,0.0
2026-05-12 13:15:00+05:30,1266.9000244140625,1268.5,1266.4000244140625,1267.800048828125,215842,0.0,0.0
2026-05-12 13:30:00+05:30,1267.800048828125,1269.300048828125,1265.0,1266.0999755859375,174905,0.0,0.0
2026-05-12 13:45:00+05:30,1266.0999755859375,1266.4000244140625,1261.199951171875,1261.5,152293,0.0,0.0
2026-05-12 14:00:00+05:30,1261.5,1262.300048828125,1259.5,1260.5999755859375,159407,0.0,0.0
2026-05-12 14:15:00+05:30,1260.699951171875,1264.5999755859375,1260.199951171875,1264.0,129098,0.0,0.0
2026-05-12 14:30:00+05:30,1264.0,1264.0999755859375,1260.699951171875,1262.5999755859375,143681,0.0,0.0
2026-05-12 14:45:00+05:30,1262.5999755859375,1264.300048828125,1261.0999755859375,1261.300048828125,251299,0.0,0.0
2026-05-12 15:00:00+05:30,1261.5,1261.699951171875,1257.0999755859375,1259.300048828125,870358,0.0,0.0
2026-05-12 15:15:00+05:30,1259.4000244140625,1263.800048828125,1259.0999755859375,1260.0999755859375,435607,0.0,0.0
2026-05-13 09:15:00+05:30,1256.699951171875,1265.9000244140625,1252.199951171875,1254.300048828125,233960,0.0,0.0
2026-05-13 09:30:00+05:30,1254.300048828125,1254.699951171875,1247.699951171875,1249.0999755859375,237843,0.0,0.0
2026-05-13 09:45:00+05:30,1249.0,1252.0999755859375,1248.5,1251.4000244140625,181658,0.0,0.0
2026-05-13 10:00:00+05:30,1252.4000244140625,1262.5999755859375,1251.0,1258.800048828125,327644,0.0,0.0
2026-05-13 10:15:00+05:30,1259.0,1263.9000244140625,1257.4000244140625,1260.9000244140625,235477,0.0,0.0
2026-05-13 10:30:00+05:30,1260.800048828125,1263.9000244140625,1260.0999755859375,1263.800048828125,175264,0.0,0.0
2026-05-13 10:45:00+05:30,1263.800048828125,1264.9000244140625,1255.0,1255.0999755859375,141202,0.0,0.0
2026-05-13 11:00:00+05:30,1255.0999755859375,1257.9000244140625,1254.9000244140625,1257.800048828125,332739,0.0,0.0
2026-05-13 11:15:00+05:30,1257.9000244140625,1258.199951171875,1255.9000244140625,1256.9000244140625,102467,0.0,0.0
2026-05-13 11:30:00+05:30,1257.0,1267.0999755859375,1256.699951171875,1267.0999755859375,192325,0.0,0.0
2026-05-13 11:45:00+05:30,1267.0999755859375,1272.800048828125,1266.800048828125,1272.300048828125,335924,0.0,0.0
2026-05-13 12:00:00+05:30,1272.199951171875,1274.199951171875,1272.0,1273.699951171875,171892,0.0,0.0
2026-05-13 12:15:00+05:30,1273.800048828125,1275.199951171875,1270.800048828125,1271.0,245469,0.0,0.0
2026-05-13 12:30:00+05:30,1271.0,1271.199951171875,1262.199951171875,1263.800048828125,259414,0.0,0.0
2026-05-13 12:45:00+05:30,1263.9000244140625,1274.300048828125,1263.5,1274.199951171875,182137,0.0,0.0
2026-05-13 13:00:00+05:30,1274.4000244140625,1274.4000244140625,1270.0,1270.5,131647,0.0,0.0
2026-05-13 13:15:00+05:30,1270.5,1270.800048828125,1266.800048828125,1267.5999755859375,154963,0.0,0.0
2026-05-13 13:30:00+05:30,1267.5,1271.0,1266.800048828125,1268.0,326067,0.0,0.0
2026-05-13 13:45:00+05:30,1267.5999755859375,1269.4000244140625,1264.9000244140625,1266.0,145963,0.0,0.0
2026-05-13 14:00:00+05:30,1266.0,1266.800048828125,1264.0,1266.0,111571,0.0,0.0
2026-05-13 14:15:00+05:30,1266.0,1266.4000244140625,1262.199951171875,1263.4000244140625,146227,0.0,0.0
2026-05-13 14:30:00+05:30,1263.4000244140625,1264.300048828125,1260.4000244140625,1260.800048828125,147422,0.0,0.0
2026-05-13 14:45:00+05:30,1260.9000244140625,1262.699951171875,1258.699951171875,1259.9000244140625,194836,0.0,0.0
2026-05-13 15:00:00+05:30,1259.800048828125,1259.800048828125,1253.5999755859375,1256.9000244140625,555852,0.0,0.0
2026-05-13 15:15:00+05:30,1256.9000244140625,1258.300048828125,1253.5,1255.4000244140625,601954,0.0,0.0
2026-05-14 09:15:00+05:30,1257.0999755859375,1267.0,1257.0999755859375,1263.4000244140625,98332,0.0,0.0
2026-05-14 09:30:00+05:30,1263.4000244140625,1263.5,1250.800048828125,1251.699951171875,335383,0.0,0.0
2026-05-14 09:45:00+05:30,1252.0,1254.0,1249.800048828125,1250.800048828125,143291,0.0,0.0
2026-05-14 10:00:00+05:30,1250.699951171875,1253.0,1250.4000244140625,1252.699951171875,83898,0.0,0.0
2026-05-14 10:15:00+05:30,1252.699951171875,1254.9000244140625,1251.5,1253.4000244140625,69381,0.0,0.0
2026-05-14 10:30:00+05:30,1253.199951171875,1254.9000244140625,1251.9000244140625,1252.5999755859375,54893,0.0,0.0
2026-05-14 10:45:00+05:30,1247.800048828125,1247.800048828125,1236.5999755859375,1236.9000244140625,1194509,0.0,0.0
2026-05-14 11:00:00+05:30,1236.9000244140625,1241.5,1236.300048828125,1241.199951171875,140735,0.0,0.0
2026-05-14 11:15:00+05:30,1241.199951171875,1251.800048828125,1240.9000244140625,1250.5999755859375,189768,0.0,0.0
2026-05-14 11:30:00+05:30,1251.0,1263.0,1251.0,1262.5999755859375,440779,0.0,0.0
2026-05-14 11:45:00+05:30,1263.0,1267.300048828125,1260.300048828125,1265.5999755859375,218860,0.0,0.0
2026-05-14 12:00:00+05:30,1265.9000244140625,1266.199951171875,1262.5,1266.0,85794,0.0,0.0
2026-05-14 12:15:00+05:30,1266.0,1269.0,1265.0999755859375,1265.9000244140625,75410,0.0,0.0
2026-05-14 12:30:00+05:30,1266.0999755859375,1266.9000244140625,1263.0999755859375,1264.5999755859375,70118,0.0,0.0
2026-05-14 12:45:00+05:30,1264.5999755859375,1264.800048828125,1260.800048828125,1263.0,115884,0.0,0.0
2026-05-14 13:00:00+05:30,1263.4000244140625,1267.199951171875,1261.9000244140625,1263.5999755859375,83679,0.0,0.0
2026-05-14 13:15:00+05:30,1263.5999755859375,1264.199951171875,1262.0,1262.4000244140625,69745,0.0,0.0
2026-05-14 13:30:00+05:30,1262.9000244140625,1263.4000244140625,1261.5,1262.4000244140625,75855,0.0,0.0
2026-05-14 13:45:00+05:30,1261.199951171875,1261.199951171875,1256.0,1259.0999755859375,156427,0.0,0.0
2026-05-14 14:00:00+05:30,1259.0999755859375,1260.199951171875,1257.5999755859375,1259.0999755859375,143111,0.0,0.0
2026-05-14 14:15:00+05:30,1258.9000244140625,1262.0,1258.199951171875,1261.5,180009,0.0,0.0
2026-05-14 14:30:00+05:30,1261.300048828125,1261.800048828125,1256.9000244140625,1257.699951171875,296026,0.0,0.0
2026-05-14 14:45:00+05:30,1257.5,1257.9000244140625,1254.800048828125,1256.5999755859375,258009,0.0,0.0
2026-05-14 15:00:00+05:30,1256.5,1256.9000244140625,1252.800048828125,1253.699951171875,575348,0.0,0.0
2026-05-14 15:15:00+05:30,1254.0,1257.4000244140625,1252.4000244140625,1254.5999755859375,507912,0.0,0.0
2026-05-15 09:15:00+05:30,1259.4000244140625,1259.4000244140625,1244.300048828125,1252.0,144795,0.0,0.0
2026-05-15 09:30:00+05:30,1252.0,1254.9000244140625,1248.199951171875,1254.9000244140625,143174,0.0,0.0
2026-05-15 09:45:00+05:30,1255.5,1256.0,1250.0,1252.300048828125,118812,0.0,0.0
2026-05-15 10:00:00+05:30,1252.5,1252.9000244140625,1248.300048828125,1252.9000244140625,101024,0.0,0.0
2026-05-15 10:15:00+05:30,1252.9000244140625,1253.699951171875,1250.199951171875,1251.9000244140625,125029,0.0,0.0
2026-05-15 10:30:00+05:30,1252.0,1253.5,1250.4000244140625,1252.0,91479,0.0,0.0
2026-05-15 10:45:00+05:30,1252.300048828125,1254.5999755859375,1248.800048828125,1251.0,147661,0.0,0.0
2026-05-15 11:00:00+05:30,1250.9000244140625,1251.199951171875,1245.4000244140625,1246.699951171875,117060,0.0,0.0
2026-05-15 11:15:00+05:30,1246.5999755859375,1248.9000244140625,1245.4000244140625,1245.800048828125,180755,0.0,0.0
2026-05-15 11:30:00+05:30,1245.9000244140625,1249.199951171875,1243.0999755859375,1249.199951171875,128268,0.0,0.0
2026-05-15 11:45:00+05:30,1249.0,1251.699951171875,1249.0,1251.0999755859375,78293,0.0,0.0
2026-05-15 12:00:00+05:30,1251.300048828125,1256.9000244140625,1250.5,1253.4000244140625,97886,0.0,0.0
2026-05-15 12:15:00+05:30,1253.5999755859375,1255.0,1252.5,1252.800048828125,230461,0.0,0.0
2026-05-15 12:30:00+05:30,1253.0,1257.699951171875,1252.199951171875,1256.4000244140625,170384,0.0,0.0
2026-05-15 12:45:00+05:30,1256.4000244140625,1259.0,1256.4000244140625,1257.800048828125,148807,0.0,0.0
2026-05-15 13:00:00+05:30,1257.800048828125,1261.4000244140625,1257.800048828125,1260.5999755859375,137481,0.0,0.0
2026-05-15 13:15:00+05:30,1260.699951171875,1263.4000244140625,1257.4000244140625,1258.300048828125,162860,0.0,0.0
2026-05-15 13:30:00+05:30,1258.300048828125,1258.9000244140625,1255.5,1256.0,135682,0.0,0.0
2026-05-15 13:45:00+05:30,1256.0999755859375,1257.5,1254.800048828125,1256.199951171875,314789,0.0,0.0
2026-05-15 14:00:00+05:30,1255.9000244140625,1256.0999755859375,1253.699951171875,1254.800048828125,147224,0.0,0.0
2026-05-15 14:15:00+05:30,1254.9000244140625,1255.199951171875,1253.0999755859375,1253.699951171875,207247,0.0,0.0
2026-05-15 14:30:00+05:30,1254.0999755859375,1254.0999755859375,1250.4000244140625,1251.0,370008,0.0,0.0
2026-05-15 14:45:00+05:30,1251.0999755859375,1251.0999755859375,1244.5,1246.199951171875,313469,0.0,0.0
2026-05-15 15:00:00+05:30,1246.5999755859375,1247.5,1244.300048828125,1244.9000244140625,386521,0.0,0.0
2026-05-15 15:15:00+05:30,1244.9000244140625,1246.5,1242.199951171875,1244.800048828125,430986,0.0,0.0
2026-05-18 09:15:00+05:30,1233.5,1235.699951171875,1231.0,1232.9000244140625,64834,0.0,0.0
2026-05-18 09:30:00+05:30,1233.0,1237.199951171875,1231.0999755859375,1232.0,73071,0.0,0.0
2026-05-18 09:45:00+05:30,1231.699951171875,1232.9000244140625,1228.800048828125,1232.0,70123,0.0,0.0
2026-05-18 10:00:00+05:30,1231.9000244140625,1232.300048828125,1230.5,1231.4000244140625,73863,0.0,0.0
2026-05-18 10:15:00+05:30,1231.199951171875,1234.0999755859375,1230.5,1232.5,108039,0.0,0.0
2026-05-18 10:30:00+05:30,1232.0,1234.5,1230.4000244140625,1232.699951171875,105954,0.0,0.0
2026-05-18 10:45:00+05:30,1232.699951171875,1236.5999755859375,1232.0,1236.300048828125,65421,0.0,0.0
2026-05-18 11:00:00+05:30,1236.300048828125,1236.699951171875,1233.199951171875,1234.300048828125,70552,0.0,0.0
2026-05-18 11:15:00+05:30,1234.300048828125,1235.9000244140625,1233.0,1233.5999755859375,114847,0.0,0.0
2026-05-18 11:30:00+05:30,1233.800048828125,1238.5,1233.699951171875,1235.5,152323,0.0,0.0
2026-05-18 11:45:00+05:30,1235.699951171875,1235.800048828125,1227.0999755859375,1227.0999755859375,194833,0.0,0.0
2026-05-18 12:00:00+05:30,1227.0999755859375,1227.4000244140625,1222.0999755859375,1225.5999755859375,478224,0.0,0.0
2026-05-18 12:15:00+05:30,1225.5999755859375,1228.5999755859375,1223.0999755859375,1228.300048828125,451061,0.0,0.0
2026-05-18 12:30:00+05:30,1228.5,1229.4000244140625,1227.5,1228.4000244140625,280761,0.0,0.0
2026-05-18 12:45:00+05:30,1228.4000244140625,1235.5,1228.0999755859375,1233.800048828125,479200,0.0,0.0
2026-05-18 13:00:00+05:30,1234.199951171875,1235.5999755859375,1231.199951171875,1235.5,507945,0.0,0.0
2026-05-18 13:15:00+05:30,1235.5,1237.300048828125,1234.0,1236.199951171875,231940,0.0,0.0
2026-05-18 13:30:00+05:30,1236.0999755859375,1238.0,1234.0999755859375,1235.699951171875,149765,0.0,0.0
2026-05-18 13:45:00+05:30,1235.9000244140625,1239.4000244140625,1234.199951171875,1238.5,145900,0.0,0.0
2026-05-18 14:00:00+05:30,1238.5999755859375,1240.9000244140625,1238.0,1240.0,262530,0.0,0.0
2026-05-18 14:15:00+05:30,1240.0,1240.0,1238.4000244140625,1238.5999755859375,255535,0.0,0.0
2026-05-18 14:30:00+05:30,1239.0999755859375,1239.199951171875,1235.5,1238.699951171875,175920,0.0,0.0
2026-05-18 14:45:00+05:30,1238.699951171875,1238.800048828125,1234.300048828125,1235.9000244140625,253883,0.0,0.0
2026-05-18 15:00:00+05:30,1235.9000244140625,1241.9000244140625,1235.699951171875,1238.4000244140625,681979,0.0,0.0
2026-05-18 15:15:00+05:30,1238.5,1238.5,1233.0999755859375,1234.5,497928,0.0,0.0
2026-05-19 09:15:00+05:30,1238.9000244140625,1241.0999755859375,1235.0,1238.699951171875,373108,0.0,0.0
2026-05-19 09:30:00+05:30,1238.699951171875,1244.300048828125,1231.300048828125,1242.4000244140625,337890,0.0,0.0
2026-05-19 09:45:00+05:30,1242.800048828125,1244.5,1234.5999755859375,1234.9000244140625,234516,0.0,0.0
2026-05-19 10:00:00+05:30,1234.699951171875,1242.199951171875,1234.4000244140625,1241.0999755859375,297611,0.0,0.0
2026-05-19 10:15:00+05:30,1241.0,1244.9000244140625,1240.9000244140625,1244.0,183766,0.0,0.0
2026-05-19 10:30:00+05:30,1244.0,1245.699951171875,1242.4000244140625,1245.699951171875,369391,0.0,0.0
2026-05-19 10:45:00+05:30,1245.300048828125,1249.5999755859375,1243.5999755859375,1248.5,276215,0.0,0.0
2026-05-19 11:00:00+05:30,1248.5,1248.5,1242.699951171875,1242.699951171875,214789,0.0,0.0
2026-05-19 11:15:00+05:30,1242.699951171875,1244.800048828125,1242.0,1244.0999755859375,183666,0.0,0.0
2026-05-19 11:30:00+05:30,1244.0999755859375,1244.699951171875,1241.699951171875,1243.800048828125,231487,0.0,0.0
2026-05-19 11:45:00+05:30,1243.9000244140625,1246.0,1243.199951171875,1243.5,160502,0.0,0.0
2026-05-19 12:00:00+05:30,1243.699951171875,1244.800048828125,1241.300048828125,1244.199951171875,207305,0.0,0.0
2026-05-19 12:15:00+05:30,1244.0999755859375,1244.199951171875,1241.0,1241.9000244140625,279706,0.0,0.0
2026-05-19 12:30:00+05:30,1241.9000244140625,1243.4000244140625,1240.0999755859375,1241.4000244140625,197732,0.0,0.0
2026-05-19 12:45:00+05:30,1241.199951171875,1242.800048828125,1240.0,1240.199951171875,252968,0.0,0.0
2026-05-19 13:00:00+05:30,1240.300048828125,1240.800048828125,1238.300048828125,1239.0999755859375,226745,0.0,0.0
2026-05-19 13:15:00+05:30,1239.0999755859375,1243.5,1238.5999755859375,1242.199951171875,244071,0.0,0.0
2026-05-19 13:30:00+05:30,1242.800048828125,1244.5,1240.699951171875,1241.4000244140625,289399,0.0,0.0
2026-05-19 13:45:00+05:30,1241.5,1243.800048828125,1234.0,1237.199951171875,680331,0.0,0.0
2026-05-19 14:00:00+05:30,1237.4000244140625,1239.800048828125,1235.199951171875,1239.0,589068,0.0,0.0
2026-05-19 14:15:00+05:30,1238.9000244140625,1242.0,1238.0999755859375,1239.9000244140625,422438,0.0,0.0
2026-05-19 14:30:00+05:30,1239.9000244140625,1240.5,1235.0,1235.199951171875,286763,0.0,0.0
2026-05-19 14:45:00+05:30,1235.0999755859375,1240.0,1232.800048828125,1239.9000244140625,702248,0.0,0.0
2026-05-19 15:00:00+05:30,1239.800048828125,1243.5999755859375,1236.5,1237.0999755859375,996362,0.0,0.0
2026-05-19 15:15:00+05:30,1237.0999755859375,1240.0,1234.5999755859375,1238.300048828125,583193,0.0,0.0
2026-05-20 09:15:00+05:30,1233.9000244140625,1235.199951171875,1227.0999755859375,1234.5,107717,0.0,0.0
2026-05-20 09:30:00+05:30,1235.5,1237.5,1233.0,1234.699951171875,128664,0.0,0.0
2026-05-20 09:45:00+05:30,1234.800048828125,1237.5999755859375,1233.0,1237.199951171875,92601,0.0,0.0
2026-05-20 10:00:00+05:30,1237.199951171875,1239.699951171875,1235.699951171875,1238.199951171875,100494,0.0,0.0
2026-05-20 10:15:00+05:30,1238.300048828125,1238.300048828125,1233.300048828125,1235.800048828125,100481,0.0,0.0
2026-05-20 10:30:00+05:30,1235.800048828125,1241.0,1235.800048828125,1238.699951171875,107359,0.0,0.0
2026-05-20 10:45:00+05:30,1238.9000244140625,1239.699951171875,1237.0999755859375,1239.699951171875,81122,0.0,0.0
2026-05-20 11:00:00+05:30,1239.699951171875,1245.800048828125,1239.699951171875,1244.199951171875,158822,0.0,0.0
2026-05-20 11:15:00+05:30,1244.199951171875,1247.9000244140625,1243.0999755859375,1247.199951171875,125270,0.0,0.0
2026-05-20 11:30:00+05:30,1247.199951171875,1249.0,1246.199951171875,1248.0,125497,0.0,0.0
2026-05-20 11:45:00+05:30,1248.300048828125,1249.9000244140625,1247.800048828125,1248.5999755859375,111762,0.0,0.0
2026-05-20 12:00:00+05:30,1249.0,1249.0,1245.199951171875,1245.5,93510,0.0,0.0
2026-05-20 12:15:00+05:30,1245.0,1246.5,1241.4000244140625,1242.0,98898,0.0,0.0
2026-05-20 12:30:00+05:30,1242.4000244140625,1243.9000244140625,1241.5999755859375,1242.4000244140625,70774,0.0,0.0
2026-05-20 12:45:00+05:30,1242.5,1243.300048828125,1241.300048828125,1242.4000244140625,73291,0.0,0.0
2026-05-20 13:00:00+05:30,1242.4000244140625,1243.0,1240.0,1242.0999755859375,93748,0.0,0.0
2026-05-20 13:15:00+05:30,1242.0999755859375,1242.4000244140625,1240.0,1240.9000244140625,86506,0.0,0.0
2026-05-20 13:30:00+05:30,1241.0,1245.300048828125,1239.800048828125,1243.5999755859375,141890,0.0,0.0
2026-05-20 13:45:00+05:30,1243.5999755859375,1248.0,1242.300048828125,1248.0,95830,0.0,0.0
2026-05-20 14:00:00+05:30,1248.9000244140625,1252.5,1248.300048828125,1250.5,133684,0.0,0.0
2026-05-20 14:15:00+05:30,1250.5,1253.9000244140625,1250.5,1252.5,130648,0.0,0.0
2026-05-20 14:30:00+05:30,1252.300048828125,1254.0,1251.699951171875,1252.0999755859375,141373,0.0,0.0
2026-05-20 14:45:00+05:30,1252.199951171875,1253.800048828125,1251.0999755859375,1252.699951171875,171757,0.0,0.0
2026-05-20 15:00:00+05:30,1252.699951171875,1252.699951171875,1248.5,1250.0999755859375,406410,0.0,0.0
2026-05-20 15:15:00+05:30,1250.0,1251.9000244140625,1248.0999755859375,1251.9000244140625,389423,0.0,0.0
2026-05-21 09:15:00+05:30,1256.9000244140625,1260.300048828125,1251.5999755859375,1253.800048828125,154306,0.0,0.0
2026-05-21 09:30:00+05:30,1253.800048828125,1258.5,1252.800048828125,1258.300048828125,136543,0.0,0.0
2026-05-21 09:45:00+05:30,1258.199951171875,1262.5999755859375,1257.800048828125,1259.300048828125,145667,0.0,0.0
2026-05-21 10:00:00+05:30,1258.699951171875,1260.699951171875,1256.0,1258.0,99472,0.0,0.0
2026-05-21 10:15:00+05:30,1257.9000244140625,1260.5999755859375,1257.800048828125,1260.300048828125,80099,0.0,0.0
2026-05-21 10:30:00+05:30,1260.300048828125,1261.699951171875,1255.9000244140625,1258.5999755859375,145155,0.0,0.0
2026-05-21 10:45:00+05:30,1258.5999755859375,1260.0,1256.4000244140625,1257.300048828125,147548,0.0,0.0
2026-05-21 11:00:00+05:30,1257.0,1257.0,1254.800048828125,1255.4000244140625,141080,0.0,0.0
2026-05-21 11:15:00+05:30,1255.4000244140625,1260.0,1253.300048828125,1259.9000244140625,145626,0.0,0.0
2026-05-21 11:30:00+05:30,1260.0999755859375,1260.5999755859375,1258.0,1259.5999755859375,93241,0.0,0.0
2026-05-21 11:45:00+05:30,1259.5999755859375,1260.300048828125,1258.0,1258.800048828125,206084,0.0,0.0
2026-05-21 12:00:00+05:30,1258.800048828125,1260.9000244140625,1258.0999755859375,1259.300048828125,322952,0.0,0.0
2026-05-21 12:15:00+05:30,1259.4000244140625,1260.300048828125,1254.199951171875,1255.199951171875,348621,0.0,0.0
2026-05-21 12:30:00+05:30,1255.0,1255.5999755859375,1247.0,1249.199951171875,259620,0.0,0.0
2026-05-21 12:45:00+05:30,1249.0,1250.4000244140625,1247.0999755859375,1247.800048828125,87032,0.0,0.0
2026-05-21 13:00:00+05:30,1247.800048828125,1249.5999755859375,1245.0,1248.699951171875,134494,0.0,0.0
2026-05-21 13:15:00+05:30,1248.800048828125,1249.800048828125,1247.300048828125,1247.5,126330,0.0,0.0
2026-05-21 13:30:00+05:30,1247.5,1252.0,1246.300048828125,1251.5999755859375,190453,0.0,0.0
2026-05-21 13:45:00+05:30,1251.5999755859375,1252.699951171875,1249.300048828125,1251.0999755859375,136099,0.0,0.0
2026-05-21 14:00:00+05:30,1251.0,1251.5999755859375,1249.0999755859375,1251.0,162971,0.0,0.0
2026-05-21 14:15:00+05:30,1250.9000244140625,1253.0,1249.800048828125,1250.5999755859375,91420,0.0,0.0
2026-05-21 14:30:00+05:30,1250.800048828125,1255.0,1250.699951171875,1252.9000244140625,197492,0.0,0.0
2026-05-21 14:45:00+05:30,1252.800048828125,1255.0,1252.0999755859375,1254.300048828125,207874,0.0,0.0
2026-05-21 15:00:00+05:30,1254.0,1255.800048828125,1251.4000244140625,1251.5,740121,0.0,0.0
2026-05-21 15:15:00+05:30,1252.0,1254.0,1250.0,1250.0999755859375,471017,0.0,0.0
2026-05-22 09:15:00+05:30,1255.0,1264.0999755859375,1254.9000244140625,1262.5999755859375,99763,0.0,0.0
2026-05-22 09:30:00+05:30,1262.800048828125,1267.5,1262.800048828125,1267.0,127512,0.0,0.0
2026-05-22 09:45:00+05:30,1267.300048828125,1271.5999755859375,1267.0,1271.0999755859375,152542,0.0,0.0
2026-05-22 10:00:00+05:30,1271.800048828125,1276.0,1270.300048828125,1275.9000244140625,204807,0.0,0.0
2026-05-22 10:15:00+05:30,1275.9000244140625,1276.9000244140625,1274.4000244140625,1275.199951171875,113363,0.0,0.0
2026-05-22 10:30:00+05:30,1275.800048828125,1280.199951171875,1275.300048828125,1279.699951171875,114384,0.0,0.0
2026-05-22 10:45:00+05:30,1279.800048828125,1280.199951171875,1277.300048828125,1277.699951171875,176632,0.0,0.0
2026-05-22 11:00:00+05:30,1276.800048828125,1278.4000244140625,1275.0,1275.5999755859375,139189,0.0,0.0
2026-05-22 11:15:00+05:30,1275.300048828125,1276.699951171875,1274.199951171875,1275.300048828125,397268,0.0,0.0
2026-05-22 11:30:00+05:30,1275.300048828125,1278.199951171875,1274.5,1278.199951171875,86591,0.0,0.0
2026-05-22 11:45:00+05:30,1278.0,1279.0,1275.9000244140625,1276.199951171875,62639,0.0,0.0
2026-05-22 12:00:00+05:30,1276.5,1279.9000244140625,1276.0999755859375,1279.699951171875,89020,0.0,0.0
2026-05-22 12:15:00+05:30,1279.699951171875,1281.0,1279.199951171875,1279.199951171875,198620,0.0,0.0
2026-05-22 12:30:00+05:30,1278.5999755859375,1281.699951171875,1277.800048828125,1281.5999755859375,102030,0.0,0.0
2026-05-22 12:45:00+05:30,1281.5999755859375,1286.5,1281.199951171875,1284.0999755859375,319749,0.0,0.0
2026-05-22 13:00:00+05:30,1284.199951171875,1287.0999755859375,1282.800048828125,1286.0,354554,0.0,0.0
2026-05-22 13:15:00+05:30,1286.0,1286.5,1285.0,1285.4000244140625,129120,0.0,0.0
2026-05-22 13:30:00+05:30,1285.4000244140625,1287.0,1285.0,1286.199951171875,172039,0.0,0.0
2026-05-22 13:45:00+05:30,1286.0,1287.300048828125,1283.5,1284.9000244140625,223487,0.0,0.0
2026-05-22 14:00:00+05:30,1284.9000244140625,1286.300048828125,1282.199951171875,1284.4000244140625,211281,0.0,0.0
2026-05-22 14:15:00+05:30,1284.300048828125,1286.800048828125,1283.300048828125,1283.4000244140625,155544,0.0,0.0
2026-05-22 14:30:00+05:30,1283.4000244140625,1284.5,1281.5,1281.9000244140625,190214,0.0,0.0
2026-05-22 14:45:00+05:30,1281.5999755859375,1285.0,1281.5,1284.300048828125,154744,0.0,0.0
2026-05-22 15:00:00+05:30,1284.300048828125,1285.300048828125,1283.0,1285.0999755859375,423780,0.0,0.0
2026-05-22 15:15:00+05:30,1285.0,1288.699951171875,1284.9000244140625,1286.9000244140625,537169,0.0,0.0
2026-05-25 09:15:00+05:30,1302.0,1303.199951171875,1296.4000244140625,1298.0999755859375,185121,0.0,0.0
2026-05-25 09:30:00+05:30,1298.300048828125,1299.800048828125,1295.9000244140625,1297.800048828125,287252,0.0,0.0
2026-05-25 09:45:00+05:30,1298.0,1300.5,1294.199951171875,1300.199951171875,264301,0.0,0.0
2026-05-25 10:00:00+05:30,1300.4000244140625,1304.5999755859375,1299.5999755859375,1303.300048828125,198960,0.0,0.0
2026-05-25 10:15:00+05:30,1303.0,1303.5,1301.0,1302.0,90249,0.0,0.0
2026-05-25 10:30:00+05:30,1302.0,1306.4000244140625,1302.0,1305.5999755859375,405030,0.0,0.0
2026-05-25 10:45:00+05:30,1305.5999755859375,1306.0,1302.4000244140625,1303.5,211297,0.0,0.0
2026-05-25 11:00:00+05:30,1303.5999755859375,1304.0999755859375,1302.199951171875,1303.5,216922,0.0,0.0
2026-05-25 11:15:00+05:30,1303.300048828125,1304.0,1301.4000244140625,1302.5999755859375,189882,0.0,0.0
2026-05-25 11:30:00+05:30,1302.5999755859375,1305.0,1301.5999755859375,1304.9000244140625,221497,0.0,0.0
2026-05-25 11:45:00+05:30,1305.0999755859375,1305.4000244140625,1301.300048828125,1303.0,215868,0.0,0.0
2026-05-25 12:00:00+05:30,1303.0,1303.199951171875,1299.800048828125,1300.800048828125,121294,0.0,0.0
2026-05-25 12:15:00+05:30,1300.800048828125,1301.800048828125,1300.5,1301.0999755859375,93395,0.0,0.0
2026-05-25 12:30:00+05:30,1301.199951171875,1302.699951171875,1301.0999755859375,1302.5999755859375,119192,0.0,0.0
2026-05-25 12:45:00+05:30,1302.5999755859375,1305.0,1301.5999755859375,1305.0,156043,0.0,0.0
2026-05-25 13:00:00+05:30,1305.5,1307.0,1304.300048828125,1305.300048828125,183819,0.0,0.0
2026-05-25 13:15:00+05:30,1305.0,1306.4000244140625,1302.9000244140625,1306.4000244140625,114705,0.0,0.0
2026-05-25 13:30:00+05:30,1306.199951171875,1307.0,1304.9000244140625,1305.199951171875,102166,0.0,0.0
2026-05-25 13:45:00+05:30,1305.300048828125,1306.5999755859375,1305.0,1305.0,90474,0.0,0.0
2026-05-25 14:00:00+05:30,1305.4000244140625,1305.5999755859375,1303.800048828125,1304.0,146329,0.0,0.0
2026-05-25 14:15:00+05:30,1304.0,1308.0999755859375,1303.800048828125,1307.4000244140625,223868,0.0,0.0
2026-05-25 14:30:00+05:30,1307.4000244140625,1309.199951171875,1307.0,1309.199951171875,316591,0.0,0.0
2026-05-25 14:45:00+05:30,1309.199951171875,1311.5,1309.0999755859375,1311.5,475103,0.0,0.0
2026-05-25 15:00:00+05:30,1311.199951171875,1311.9000244140625,1310.4000244140625,1311.4000244140625,335867,0.0,0.0
2026-05-25 15:15:00+05:30,1311.5999755859375,1314.5,1310.0999755859375,1314.0,369421,0.0,0.0
2026-05-26 09:15:00+05:30,1309.800048828125,1310.9000244140625,1305.9000244140625,1309.800048828125,133800,0.0,0.0
2026-05-26 09:30:00+05:30,1310.300048828125,1316.800048828125,1309.0999755859375,1315.0,167365,0.0,0.0
2026-05-26 09:45:00+05:30,1315.0999755859375,1315.5,1303.9000244140625,1307.5,303586,0.0,0.0
2026-05-26 10:00:00+05:30,1306.9000244140625,1312.4000244140625,1305.4000244140625,1312.0,162685,0.0,0.0
2026-05-26 10:15:00+05:30,1312.0,1313.199951171875,1309.0,1310.199951171875,202072,0.0,0.0
2026-05-26 10:30:00+05:30,1310.4000244140625,1311.5,1308.4000244140625,1309.4000244140625,242379,0.0,0.0
2026-05-26 10:45:00+05:30,1309.5,1309.9000244140625,1307.5999755859375,1308.5999755859375,183668,0.0,0.0
2026-05-26 11:00:00+05:30,1308.199951171875,1309.300048828125,1303.0,1307.4000244140625,270645,0.0,0.0
2026-05-26 11:15:00+05:30,1307.4000244140625,1308.0,1303.5,1303.5,198310,0.0,0.0
2026-05-26 11:30:00+05:30,1303.300048828125,1304.5999755859375,1302.300048828125,1302.5999755859375,166454,0.0,0.0
2026-05-26 11:45:00+05:30,1302.5999755859375,1303.4000244140625,1301.0,1301.5,178465,0.0,0.0
2026-05-26 12:00:00+05:30,1301.5,1302.800048828125,1299.9000244140625,1300.800048828125,99192,0.0,0.0
2026-05-26 12:15:00+05:30,1300.699951171875,1301.9000244140625,1296.0,1297.0,165779,0.0,0.0
2026-05-26 12:30:00+05:30,1297.0,1300.0,1295.699951171875,1297.199951171875,143193,0.0,0.0
2026-05-26 12:45:00+05:30,1297.300048828125,1297.4000244140625,1291.5999755859375,1296.9000244140625,205426,0.0,0.0
2026-05-26 13:00:00+05:30,1296.800048828125,1298.4000244140625,1295.0999755859375,1296.9000244140625,140612,0.0,0.0
2026-05-26 13:15:00+05:30,1296.5999755859375,1298.5999755859375,1295.800048828125,1297.5999755859375,106658,0.0,0.0
2026-05-26 13:30:00+05:30,1297.699951171875,1298.5,1296.300048828125,1297.300048828125,213536,0.0,0.0
2026-05-26 13:45:00+05:30,1296.9000244140625,1299.699951171875,1296.9000244140625,1298.5999755859375,351345,0.0,0.0
2026-05-26 14:00:00+05:30,1298.5999755859375,1299.800048828125,1296.199951171875,1299.4000244140625,457224,0.0,0.0
2026-05-26 14:15:00+05:30,1299.5,1300.5,1297.9000244140625,1299.5999755859375,415627,0.0,0.0
2026-05-26 14:30:00+05:30,1299.5999755859375,1299.800048828125,1296.4000244140625,1296.5999755859375,353133,0.0,0.0
2026-05-26 14:45:00+05:30,1296.5,1298.300048828125,1294.800048828125,1297.5999755859375,216856,0.0,0.0
2026-05-26 15:00:00+05:30,1296.699951171875,1300.699951171875,1296.699951171875,1298.9000244140625,908832,0.0,0.0
2026-05-26 15:15:00+05:30,1299.0,1301.800048828125,1298.5,1301.5,352509,0.0,0.0
2026-05-27 09:15:00+05:30,1299.300048828125,1307.9000244140625,1294.800048828125,1295.5,122870,0.0,0.0
2026-05-27 09:30:00+05:30,1294.699951171875,1298.4000244140625,1293.199951171875,1297.9000244140625,106432,0.0,0.0
2026-05-27 09:45:00+05:30,1298.0,1298.0,1295.199951171875,1295.800048828125,84759,0.0,0.0
2026-05-27 10:00:00+05:30,1295.300048828125,1301.5999755859375,1294.5,1301.0,241399,0.0,0.0
2026-05-27 10:15:00+05:30,1301.199951171875,1314.4000244140625,1301.0,1312.5,310797,0.0,0.0
2026-05-27 10:30:00+05:30,1312.4000244140625,1312.9000244140625,1309.5999755859375,1309.699951171875,103034,0.0,0.0
2026-05-27 10:45:00+05:30,1309.9000244140625,1314.5,1308.0,1313.0,124717,0.0,0.0
2026-05-27 11:00:00+05:30,1313.0999755859375,1313.9000244140625,1310.5,1311.5,92437,0.0,0.0
2026-05-27 11:15:00+05:30,1311.5,1313.5,1311.0,1313.4000244140625,61786,0.0,0.0
2026-05-27 11:30:00+05:30,1313.4000244140625,1314.0,1311.0,1311.5,214711,0.0,0.0
2026-05-27 11:45:00+05:30,1311.5,1312.5,1310.800048828125,1312.300048828125,82526,0.0,0.0
2026-05-27 12:00:00+05:30,1312.300048828125,1313.5,1310.199951171875,1311.0,79758,0.0,0.0
2026-05-27 12:15:00+05:30,1311.5,1313.0999755859375,1310.4000244140625,1311.699951171875,72838,0.0,0.0
2026-05-27 12:30:00+05:30,1312.0,1312.800048828125,1310.300048828125,1312.800048828125,83362,0.0,0.0
2026-05-27 12:45:00+05:30,1312.5,1312.5999755859375,1310.0,1310.199951171875,52507,0.0,0.0
2026-05-27 13:00:00+05:30,1310.199951171875,1311.5999755859375,1306.5,1307.4000244140625,928540,0.0,0.0
2026-05-27 13:15:00+05:30,1307.300048828125,1307.4000244140625,1300.199951171875,1300.800048828125,159544,0.0,0.0
2026-05-27 13:30:00+05:30,1300.699951171875,1302.5999755859375,1298.199951171875,1302.0,1905055,0.0,0.0
2026-05-27 13:45:00+05:30,1302.4000244140625,1302.699951171875,1301.199951171875,1302.0,60036,0.0,0.0
2026-05-27 14:00:00+05:30,1302.0,1303.5999755859375,1301.0,1302.699951171875,223748,0.0,0.0
2026-05-27 14:15:00+05:30,1302.800048828125,1306.0,1302.0999755859375,1304.5999755859375,150156,0.0,0.0
2026-05-27 14:30:00+05:30,1304.5,1305.0,1300.300048828125,1302.0999755859375,209392,0.0,0.0
2026-05-27 14:45:00+05:30,1302.4000244140625,1304.9000244140625,1299.699951171875,1304.300048828125,357768,0.0,0.0
2026-05-27 15:00:00+05:30,1304.300048828125,1304.9000244140625,1301.0,1303.5999755859375,661351,0.0,0.0
2026-05-27 15:15:00+05:30,1303.5999755859375,1307.5,1302.5,1304.0999755859375,593025,0.0,0.0
2026-05-29 09:15:00+05:30,1306.0,1309.4000244140625,1300.5999755859375,1306.5,205995,0.0,0.0
2026-05-29 09:30:00+05:30,1305.9000244140625,1310.0999755859375,1296.0,1296.0,438445,0.0,0.0
2026-05-29 09:45:00+05:30,1296.300048828125,1299.4000244140625,1296.199951171875,1298.300048828125,124203,0.0,0.0
2026-05-29 10:00:00+05:30,1298.9000244140625,1303.9000244140625,1295.300048828125,1303.9000244140625,112798,0.0,0.0
2026-05-29 10:15:00+05:30,1305.0,1307.0,1303.0999755859375,1305.0999755859375,150816,0.0,0.0
2026-05-29 10:30:00+05:30,1305.0999755859375,1306.5,1304.4000244140625,1306.0,151271,0.0,0.0
2026-05-29 10:45:00+05:30,1305.9000244140625,1307.699951171875,1304.800048828125,1307.5999755859375,110463,0.0,0.0
2026-05-29 11:00:00+05:30,1307.699951171875,1308.9000244140625,1306.0,1306.4000244140625,93096,0.0,0.0
2026-05-29 11:15:00+05:30,1306.199951171875,1308.0999755859375,1305.0,1306.300048828125,109114,0.0,0.0
2026-05-29 11:30:00+05:30,1306.4000244140625,1309.199951171875,1305.800048828125,1308.4000244140625,213334,0.0,0.0
2026-05-29 11:45:00+05:30,1308.5,1312.4000244140625,1307.699951171875,1308.699951171875,139015,0.0,0.0
2026-05-29 12:00:00+05:30,1308.699951171875,1308.699951171875,1300.699951171875,1301.699951171875,204209,0.0,0.0
2026-05-29 12:15:00+05:30,1301.699951171875,1301.800048828125,1299.199951171875,1300.300048828125,103793,0.0,0.0
2026-05-29 12:30:00+05:30,1300.300048828125,1301.199951171875,1297.699951171875,1299.300048828125,86674,0.0,0.0
2026-05-29 12:45:00+05:30,1299.300048828125,1300.5,1298.0,1300.5,94097,0.0,0.0
2026-05-29 13:00:00+05:30,1300.4000244140625,1300.4000244140625,1295.0999755859375,1295.199951171875,119944,0.0,0.0
2026-05-29 13:15:00+05:30,1295.0999755859375,1298.199951171875,1293.4000244140625,1297.0,159576,0.0,0.0
2026-05-29 13:30:00+05:30,1297.0,1297.5,1294.0,1295.199951171875,67583,0.0,0.0
2026-05-29 13:45:00+05:30,1295.199951171875,1297.5,1293.199951171875,1296.199951171875,107383,0.0,0.0
2026-05-29 14:00:00+05:30,1296.199951171875,1297.0,1295.0,1295.199951171875,68715,0.0,0.0
2026-05-29 14:15:00+05:30,1295.4000244140625,1296.4000244140625,1292.699951171875,1296.199951171875,143670,0.0,0.0
2026-05-29 14:30:00+05:30,1296.0999755859375,1299.199951171875,1296.0999755859375,1297.300048828125,94442,0.0,0.0
2026-05-29 14:45:00+05:30,1297.300048828125,1299.199951171875,1295.699951171875,1298.0999755859375,106430,0.0,0.0
2026-05-29 15:00:00+05:30,1297.5,1297.5,1281.199951171875,1284.5999755859375,6606681,0.0,0.0
2026-05-29 15:15:00+05:30,1284.5,1296.5999755859375,1283.0,1291.0,5025096,0.0,0.0
2026-06-01 09:15:00+05:30,1287.9000244140625,1293.0,1276.300048828125,1287.5999755859375,71522,0.0,0.0
2026-06-01 09:30:00+05:30,1288.699951171875,1292.5,1287.0999755859375,1287.4000244140625,117587,0.0,0.0
2026-06-01 09:45:00+05:30,1287.4000244140625,1289.4000244140625,1284.0999755859375,1284.699951171875,106765,0.0,0.0
2026-06-01 10:00:00+05:30,1285.300048828125,1285.4000244140625,1281.300048828125,1282.0,122831,0.0,0.0
2026-06-01 10:15:00+05:30,1280.9000244140625,1281.5999755859375,1278.0,1279.4000244140625,68778,0.0,0.0
2026-06-01 10:30:00+05:30,1279.0,1282.5999755859375,1278.0999755859375,1279.0,49630,0.0,0.0
2026-06-01 10:45:00+05:30,1278.5999755859375,1283.5999755859375,1278.5999755859375,1281.800048828125,52537,0.0,0.0
2026-06-01 11:00:00+05:30,1281.9000244140625,1283.4000244140625,1280.4000244140625,1281.9000244140625,49046,0.0,0.0
2026-06-01 11:15:00+05:30,1282.0,1284.0999755859375,1280.199951171875,1280.199951171875,64328,0.0,0.0
2026-06-01 11:30:00+05:30,1280.300048828125,1281.0,1277.0,1277.0999755859375,56594,0.0,0.0
2026-06-01 11:45:00+05:30,1277.199951171875,1279.5999755859375,1275.699951171875,1275.699951171875,44177,0.0,0.0
2026-06-01 12:00:00+05:30,1275.699951171875,1276.5,1271.0999755859375,1273.0,174608,0.0,0.0
2026-06-01 12:15:00+05:30,1272.699951171875,1273.199951171875,1271.300048828125,1271.699951171875,62621,0.0,0.0
2026-06-01 12:30:00+05:30,1271.9000244140625,1273.300048828125,1270.5,1271.5999755859375,56231,0.0,0.0
2026-06-01 12:45:00+05:30,1271.5999755859375,1274.0,1270.199951171875,1271.199951171875,77680,0.0,0.0
2026-06-01 13:00:00+05:30,1271.4000244140625,1271.800048828125,1267.0999755859375,1268.5999755859375,76732,0.0,0.0
2026-06-01 13:15:00+05:30,1268.5999755859375,1274.800048828125,1267.9000244140625,1274.5,109898,0.0,0.0
2026-06-01 13:30:00+05:30,1274.800048828125,1276.5999755859375,1273.4000244140625,1273.800048828125,131261,0.0,0.0
2026-06-01 13:45:00+05:30,1273.800048828125,1274.0999755859375,1271.199951171875,1272.699951171875,362604,0.0,0.0
2026-06-01 14:00:00+05:30,1272.5999755859375,1274.5999755859375,1272.0999755859375,1272.0999755859375,161080,0.0,0.0
2026-06-01 14:15:00+05:30,1272.300048828125,1275.0999755859375,1271.800048828125,1273.699951171875,194479,0.0,0.0
2026-06-01 14:30:00+05:30,1273.699951171875,1275.199951171875,1269.0,1275.0999755859375,230206,0.0,0.0
2026-06-01 14:45:00+05:30,1275.199951171875,1276.9000244140625,1272.0999755859375,1273.5,217835,0.0,0.0
2026-06-01 15:00:00+05:30,1273.4000244140625,1278.4000244140625,1272.4000244140625,1276.9000244140625,563296,0.0,0.0
2026-06-01 15:15:00+05:30,1276.9000244140625,1277.5,1272.5999755859375,1275.9000244140625,836131,0.0,0.0
2026-06-02 09:15:00+05:30,1267.199951171875,1271.4000244140625,1260.300048828125,1269.5,160258,0.0,0.0
2026-06-02 09:30:00+05:30,1269.9000244140625,1273.0999755859375,1267.800048828125,1271.0,110164,0.0,0.0
2026-06-02 09:45:00+05:30,1271.4000244140625,1274.5999755859375,1269.5999755859375,1274.300048828125,73679,0.0,0.0
2026-06-02 10:00:00+05:30,1274.699951171875,1275.800048828125,1263.300048828125,1263.5999755859375,139572,0.0,0.0
2026-06-02 10:15:00+05:30,1263.699951171875,1269.199951171875,1262.0,1266.4000244140625,148133,0.0,0.0
2026-06-02 10:30:00+05:30,1265.800048828125,1266.4000244140625,1259.5999755859375,1260.0999755859375,171848,0.0,0.0
2026-06-02 10:45:00+05:30,1260.0,1260.699951171875,1251.5999755859375,1253.800048828125,553256,0.0,0.0
2026-06-02 11:00:00+05:30,1253.800048828125,1255.699951171875,1250.9000244140625,1253.4000244140625,329325,0.0,0.0
2026-06-02 11:15:00+05:30,1253.199951171875,1256.199951171875,1251.4000244140625,1253.5999755859375,327985,0.0,0.0
2026-06-02 11:30:00+05:30,1253.5999755859375,1254.5,1251.0,1251.300048828125,281241,0.0,0.0
2026-06-02 11:45:00+05:30,1251.199951171875,1252.0999755859375,1248.800048828125,1250.5999755859375,296694,0.0,0.0
2026-06-02 12:00:00+05:30,1250.5999755859375,1252.0,1248.800048828125,1248.800048828125,430045,0.0,0.0
2026-06-02 12:15:00+05:30,1248.800048828125,1250.4000244140625,1246.0999755859375,1246.300048828125,411711,0.0,0.0
2026-06-02 12:30:00+05:30,1246.699951171875,1254.0,1245.0999755859375,1253.0999755859375,1285175,0.0,0.0
2026-06-02 12:45:00+05:30,1253.4000244140625,1264.199951171875,1253.0,1261.4000244140625,1437071,0.0,0.0
2026-06-02 13:00:00+05:30,1261.699951171875,1264.300048828125,1259.300048828125,1262.5,413158,0.0,0.0
2026-06-02 13:15:00+05:30,1262.4000244140625,1265.5999755859375,1262.4000244140625,1264.199951171875,356727,0.0,0.0
2026-06-02 13:30:00+05:30,1264.0999755859375,1265.199951171875,1261.4000244140625,1261.800048828125,287244,0.0,0.0
2026-06-02 13:45:00+05:30,1261.9000244140625,1263.699951171875,1259.199951171875,1259.199951171875,262436,0.0,0.0
2026-06-02 14:00:00+05:30,1259.199951171875,1259.699951171875,1256.5,1258.0999755859375,375616,0.0,0.0
2026-06-02 14:15:00+05:30,1258.0999755859375,1258.9000244140625,1255.300048828125,1255.4000244140625,733129,0.0,0.0
2026-06-02 14:30:00+05:30,1255.300048828125,1255.9000244140625,1250.199951171875,1251.800048828125,585529,0.0,0.0
2026-06-02 14:45:00+05:30,1251.699951171875,1251.9000244140625,1248.300048828125,1249.5,396096,0.0,0.0
2026-06-02 15:00:00+05:30,1249.5,1252.300048828125,1246.800048828125,1251.5,1061512,0.0,0.0
2026-06-02 15:15:00+05:30,1251.5,1253.0999755859375,1251.0,1252.0,886941,0.0,0.0
2026-06-03 09:15:00+05:30,1249.800048828125,1250.5,1232.5,1235.199951171875,257901,0.0,0.0
2026-06-03 09:30:00+05:30,1235.4000244140625,1235.5999755859375,1231.5999755859375,1234.300048828125,165130,0.0,0.0
2026-06-03 09:45:00+05:30,1234.300048828125,1237.0999755859375,1231.300048828125,1234.300048828125,183413,0.0,0.0
2026-06-03 10:00:00+05:30,1234.199951171875,1237.0999755859375,1232.199951171875,1233.0999755859375,152018,0.0,0.0
2026-06-03 10:15:00+05:30,1233.0999755859375,1236.800048828125,1232.0999755859375,1234.0,164076,0.0,0.0
2026-06-03 10:30:00+05:30,1234.0999755859375,1236.5999755859375,1230.5,1234.0999755859375,126616,0.0,0.0
2026-06-03 10:45:00+05:30,1234.5999755859375,1237.800048828125,1233.4000244140625,1237.0,108621,0.0,0.0
2026-06-03 11:00:00+05:30,1237.0,1238.0,1234.300048828125,1237.199951171875,122809,0.0,0.0
2026-06-03 11:15:00+05:30,1237.199951171875,1243.800048828125,1236.9000244140625,1243.800048828125,163517,0.0,0.0
2026-06-03 11:30:00+05:30,1243.800048828125,1245.699951171875,1242.800048828125,1244.0999755859375,110351,0.0,0.0
2026-06-03 11:45:00+05:30,1244.0,1247.0,1243.199951171875,1245.4000244140625,91159,0.0,0.0
2026-06-03 12:00:00+05:30,1245.4000244140625,1246.800048828125,1242.4000244140625,1244.699951171875,101357,0.0,0.0
2026-06-03 12:15:00+05:30,1244.5999755859375,1246.199951171875,1241.199951171875,1246.199951171875,160874,0.0,0.0
2026-06-03 12:30:00+05:30,1246.0999755859375,1256.4000244140625,1246.0,1252.0,1016312,0.0,0.0
2026-06-03 12:45:00+05:30,1252.300048828125,1253.5,1249.9000244140625,1251.4000244140625,410265,0.0,0.0
2026-06-03 13:00:00+05:30,1251.4000244140625,1253.9000244140625,1250.0999755859375,1252.0999755859375,128470,0.0,0.0
2026-06-03 13:15:00+05:30,1252.800048828125,1259.699951171875,1252.199951171875,1259.300048828125,328122,0.0,0.0
2026-06-03 13:30:00+05:30,1259.4000244140625,1260.0,1257.0,1257.4000244140625,171382,0.0,0.0
2026-06-03 13:45:00+05:30,1257.800048828125,1264.5999755859375,1257.5,1260.4000244140625,197253,0.0,0.0
2026-06-03 14:00:00+05:30,1260.5,1262.0,1257.4000244140625,1259.4000244140625,905049,0.0,0.0
2026-06-03 14:15:00+05:30,1259.5,1263.5,1258.0,1258.199951171875,190714,0.0,0.0
2026-06-03 14:30:00+05:30,1258.0999755859375,1260.4000244140625,1257.0999755859375,1258.300048828125,301687,0.0,0.0
2026-06-03 14:45:00+05:30,1258.300048828125,1258.9000244140625,1252.300048828125,1255.0999755859375,405500,0.0,0.0
2026-06-03 15:00:00+05:30,1255.199951171875,1258.4000244140625,1251.699951171875,1254.0,670214,0.0,0.0
2026-06-03 15:15:00+05:30,1254.0,1258.5,1252.800048828125,1258.0,1014190,0.0,0.0
2026-06-04 09:15:00+05:30,1251.9000244140625,1257.0,1247.300048828125,1248.5,104801,0.0,0.0
2026-06-04 09:30:00+05:30,1248.199951171875,1254.0,1246.0,1253.300048828125,126029,0.0,0.0
2026-06-04 09:45:00+05:30,1253.800048828125,1259.9000244140625,1253.699951171875,1256.5999755859375,146935,0.0,0.0
2026-06-04 10:00:00+05:30,1256.5999755859375,1258.0,1254.699951171875,1255.5999755859375,81727,0.0,0.0
2026-06-04 10:15:00+05:30,1255.5999755859375,1258.300048828125,1254.5999755859375,1255.4000244140625,63306,0.0,0.0
2026-06-04 10:30:00+05:30,1255.5999755859375,1255.800048828125,1249.300048828125,1254.0,129167,0.0,0.0
2026-06-04 10:45:00+05:30,1254.0,1257.199951171875,1252.300048828125,1252.5999755859375,218382,0.0,0.0
2026-06-04 11:00:00+05:30,1252.5999755859375,1253.5,1250.0,1250.9000244140625,2001702,0.0,0.0
2026-06-04 11:15:00+05:30,1250.699951171875,1253.0,1250.0,1252.5,290753,0.0,0.0
2026-06-04 11:30:00+05:30,1252.9000244140625,1256.800048828125,1249.0999755859375,1254.800048828125,114528,0.0,0.0
2026-06-04 11:45:00+05:30,1255.0,1255.4000244140625,1247.800048828125,1249.800048828125,191697,0.0,0.0
2026-06-04 12:00:00+05:30,1249.699951171875,1257.300048828125,1248.5999755859375,1256.800048828125,174316,0.0,0.0
2026-06-04 12:15:00+05:30,1256.699951171875,1258.0,1254.5,1256.0999755859375,116879,0.0,0.0
2026-06-04 12:30:00+05:30,1256.0,1256.199951171875,1249.0999755859375,1249.300048828125,162376,0.0,0.0
2026-06-04 12:45:00+05:30,1249.699951171875,1253.199951171875,1248.5,1252.199951171875,264950,0.0,0.0
2026-06-04 13:00:00+05:30,1252.199951171875,1252.5999755859375,1247.4000244140625,1247.5999755859375,182256,0.0,0.0
2026-06-04 13:15:00+05:30,1247.5,1249.9000244140625,1244.199951171875,1246.800048828125,184017,0.0,0.0
2026-06-04 13:30:00+05:30,1246.5,1247.0,1245.300048828125,1246.199951171875,111840,0.0,0.0
2026-06-04 13:45:00+05:30,1246.199951171875,1247.0,1245.0,1246.5999755859375,68087,0.0,0.0
2026-06-04 14:00:00+05:30,1246.199951171875,1251.5999755859375,1246.199951171875,1250.800048828125,182986,0.0,0.0
2026-06-04 14:15:00+05:30,1250.800048828125,1253.300048828125,1250.5,1252.199951171875,115661,0.0,0.0
2026-06-04 14:30:00+05:30,1252.199951171875,1253.9000244140625,1251.699951171875,1253.5999755859375,61001,0.0,0.0
2026-06-04 14:45:00+05:30,1253.9000244140625,1256.0999755859375,1251.4000244140625,1253.0999755859375,103451,0.0,0.0
2026-06-04 15:00:00+05:30,1253.0999755859375,1253.4000244140625,1250.0,1252.300048828125,431867,0.0,0.0
2026-06-04 15:15:00+05:30,1252.800048828125,1256.5999755859375,1251.4000244140625,1255.0,586928,0.0,0.0
2026-06-05 09:15:00+05:30,1257.199951171875,1257.4000244140625,1252.0999755859375,1253.800048828125,260272,0.0,0.0
2026-06-05 09:30:00+05:30,1254.0999755859375,1257.699951171875,1252.4000244140625,1257.0999755859375,206462,0.0,0.0
2026-06-05 09:45:00+05:30,1257.0999755859375,1257.699951171875,1255.0,1255.800048828125,118963,0.0,0.0
2026-06-05 10:00:00+05:30,1255.9000244140625,1263.300048828125,1255.199951171875,1258.199951171875,227335,0.0,0.0
2026-06-05 10:15:00+05:30,1258.699951171875,1272.0,1258.300048828125,1271.0999755859375,338608,0.0,0.0
2026-06-05 10:30:00+05:30,1271.0999755859375,1272.0,1253.300048828125,1255.4000244140625,262102,0.0,0.0
2026-06-05 10:45:00+05:30,1255.5,1262.9000244140625,1253.5,1262.9000244140625,243011,0.0,0.0
2026-06-05 11:00:00+05:30,1262.5,1269.800048828125,1260.9000244140625,1264.5999755859375,1408515,0.0,0.0
2026-06-05 11:15:00+05:30,1265.5,1266.4000244140625,1261.300048828125,1263.4000244140625,644044,0.0,0.0
2026-06-05 11:30:00+05:30,1263.300048828125,1266.800048828125,1262.5999755859375,1265.0999755859375,171916,0.0,0.0
2026-06-05 11:45:00+05:30,1265.0999755859375,1266.800048828125,1262.5999755859375,1263.800048828125,154948,0.0,0.0
2026-06-05 12:00:00+05:30,1264.4000244140625,1266.4000244140625,1263.5,1266.0999755859375,134671,0.0,0.0
2026-06-05 12:15:00+05:30,1266.0999755859375,1271.0,1265.0,1269.9000244140625,208696,0.0,0.0
2026-06-05 12:30:00+05:30,1269.800048828125,1270.0,1262.699951171875,1263.199951171875,138184,0.0,0.0
2026-06-05 12:45:00+05:30,1263.800048828125,1264.699951171875,1261.4000244140625,1264.5,159360,0.0,0.0
2026-06-05 13:00:00+05:30,1264.300048828125,1265.0,1262.199951171875,1262.199951171875,137180,0.0,0.0
2026-06-05 13:15:00+05:30,1262.199951171875,1265.0999755859375,1261.5,1262.4000244140625,144691,0.0,0.0
2026-06-05 13:30:00+05:30,1262.5,1266.0,1261.0,1262.5999755859375,296708,0.0,0.0
2026-06-05 13:45:00+05:30,1262.5999755859375,1266.199951171875,1261.4000244140625,1266.199951171875,147889,0.0,0.0
2026-06-05 14:00:00+05:30,1266.300048828125,1269.800048828125,1265.199951171875,1265.9000244140625,179617,0.0,0.0
2026-06-05 14:15:00+05:30,1265.9000244140625,1268.5,1264.300048828125,1267.9000244140625,112758,0.0,0.0
2026-06-05 14:30:00+05:30,1268.0,1271.5999755859375,1264.4000244140625,1270.699951171875,555495,0.0,0.0
2026-06-05 14:45:00+05:30,1270.9000244140625,1272.5,1267.800048828125,1270.699951171875,304257,0.0,0.0
2026-06-05 15:00:00+05:30,1271.0,1273.5,1266.300048828125,1271.5999755859375,453361,0.0,0.0
2026-06-05 15:15:00+05:30,1271.5999755859375,1275.800048828125,1271.300048828125,1272.300048828125,554133,0.0,0.0
2026-06-08 09:15:00+05:30,1271.5,1279.0999755859375,1263.800048828125,1276.5,213076,0.0,0.0
2026-06-08 09:30:00+05:30,1276.5,1279.0,1272.5,1274.5,174474,0.0,0.0
2026-06-08 09:45:00+05:30,1275.0,1276.0999755859375,1270.699951171875,1275.5,130395,0.0,0.0
2026-06-08 10:00:00+05:30,1275.9000244140625,1276.699951171875,1273.0999755859375,1274.800048828125,235906,0.0,0.0
2026-06-08 10:15:00+05:30,1274.800048828125,1276.4000244140625,1274.4000244140625,1275.5999755859375,88929,0.0,0.0
2026-06-08 10:30:00+05:30,1275.800048828125,1277.699951171875,1275.0,1275.0999755859375,138852,0.0,0.0
2026-06-08 10:45:00+05:30,1275.199951171875,1275.199951171875,1271.699951171875,1273.0999755859375,313788,0.0,0.0
2026-06-08 11:00:00+05:30,1273.5999755859375,1273.5999755859375,1267.800048828125,1268.300048828125,232453,0.0,0.0
2026-06-08 11:15:00+05:30,1268.300048828125,1269.5999755859375,1262.9000244140625,1265.800048828125,204641,0.0,0.0
2026-06-08 11:30:00+05:30,1266.300048828125,1268.699951171875,1265.300048828125,1267.9000244140625,91686,0.0,0.0
2026-06-08 11:45:00+05:30,1268.0999755859375,1271.4000244140625,1267.0999755859375,1270.0999755859375,90841,0.0,0.0
2026-06-08 12:00:00+05:30,1270.300048828125,1271.300048828125,1269.5999755859375,1270.800048828125,176547,0.0,0.0
2026-06-08 12:15:00+05:30,1270.800048828125,1272.300048828125,1270.0,1272.0,78566,0.0,0.0
2026-06-08 12:30:00+05:30,1272.0,1278.5,1271.300048828125,1276.699951171875,108145,0.0,0.0
2026-06-08 12:45:00+05:30,1276.800048828125,1278.9000244140625,1275.800048828125,1277.5,100441,0.0,0.0
2026-06-08 13:00:00+05:30,1277.5999755859375,1278.0,1274.800048828125,1275.5999755859375,106272,0.0,0.0
2026-06-08 13:15:00+05:30,1275.5999755859375,1276.5,1274.0,1276.300048828125,186159,0.0,0.0
2026-06-08 13:30:00+05:30,1276.5,1277.199951171875,1271.0,1271.5,124669,0.0,0.0
2026-06-08 13:45:00+05:30,1271.5999755859375,1272.300048828125,1269.199951171875,1270.300048828125,234133,0.0,0.0
2026-06-08 14:00:00+05:30,1270.199951171875,1271.4000244140625,1268.699951171875,1270.0999755859375,387962,0.0,0.0
2026-06-08 14:15:00+05:30,1270.199951171875,1271.0,1268.0,1269.199951171875,129221,0.0,0.0
2026-06-08 14:30:00+05:30,1269.0999755859375,1270.4000244140625,1265.9000244140625,1269.9000244140625,296286,0.0,0.0
2026-06-08 14:45:00+05:30,1270.0,1272.800048828125,1268.4000244140625,1270.9000244140625,322437,0.0,0.0
2026-06-08 15:00:00+05:30,1271.0999755859375,1271.4000244140625,1266.9000244140625,1269.5999755859375,345970,0.0,0.0
2026-06-08 15:15:00+05:30,1269.300048828125,1269.4000244140625,1264.5,1267.0999755859375,282598,0.0,0.0
2026-06-09 09:15:00+05:30,1273.5,1287.0999755859375,1271.5,1286.199951171875,168414,0.0,0.0
2026-06-09 09:30:00+05:30,1286.199951171875,1292.9000244140625,1285.4000244140625,1286.0999755859375,302752,0.0,0.0
2026-06-09 09:45:00+05:30,1285.800048828125,1286.9000244140625,1278.300048828125,1278.5,215354,0.0,0.0
2026-06-09 10:00:00+05:30,1278.5,1279.0,1276.199951171875,1276.800048828125,162242,0.0,0.0
2026-06-09 10:15:00+05:30,1276.699951171875,1278.0999755859375,1275.0,1276.5999755859375,149659,0.0,0.0
2026-06-09 10:30:00+05:30,1276.9000244140625,1281.0999755859375,1275.9000244140625,1280.699951171875,132215,0.0,0.0
2026-06-09 10:45:00+05:30,1280.699951171875,1283.699951171875,1280.0,1281.0,225796,0.0,0.0
2026-06-09 11:00:00+05:30,1280.699951171875,1281.5,1276.5,1276.5999755859375,401785,0.0,0.0
2026-06-09 11:15:00+05:30,1276.4000244140625,1279.0,1275.5999755859375,1277.0999755859375,150935,0.0,0.0
2026-06-09 11:30:00+05:30,1277.0999755859375,1278.0,1276.0999755859375,1277.699951171875,99995,0.0,0.0
2026-06-09 11:45:00+05:30,1277.699951171875,1280.0,1277.4000244140625,1278.300048828125,176277,0.0,0.0
2026-06-09 12:00:00+05:30,1278.5999755859375,1283.0,1278.199951171875,1281.0,249627,0.0,0.0
2026-06-09 12:15:00+05:30,1281.5999755859375,1284.9000244140625,1281.0,1284.0999755859375,203168,0.0,0.0
2026-06-09 12:30:00+05:30,1284.199951171875,1285.0,1281.800048828125,1282.5,226825,0.0,0.0
2026-06-09 12:45:00+05:30,1282.4000244140625,1282.9000244140625,1278.300048828125,1278.699951171875,254977,0.0,0.0
2026-06-09 13:00:00+05:30,1278.699951171875,1283.9000244140625,1278.5999755859375,1282.699951171875,256852,0.0,0.0
2026-06-09 13:15:00+05:30,1283.0999755859375,1288.4000244140625,1282.9000244140625,1288.199951171875,249702,0.0,0.0
2026-06-09 13:30:00+05:30,1288.0999755859375,1288.5,1285.4000244140625,1288.4000244140625,307547,0.0,0.0
2026-06-09 13:45:00+05:30,1288.300048828125,1288.5,1285.0,1286.800048828125,247899,0.0,0.0
2026-06-09 14:00:00+05:30,1286.9000244140625,1289.5999755859375,1285.9000244140625,1288.5999755859375,221526,0.0,0.0
2026-06-09 14:15:00+05:30,1288.5,1290.0,1287.5999755859375,1290.0,328504,0.0,0.0
2026-06-09 14:30:00+05:30,1290.0,1296.5999755859375,1289.0,1296.0,491902,0.0,0.0
2026-06-09 14:45:00+05:30,1295.9000244140625,1298.4000244140625,1295.5,1296.199951171875,594217,0.0,0.0
2026-06-09 15:00:00+05:30,1295.300048828125,1295.9000244140625,1290.800048828125,1293.0,811401,0.0,0.0
2026-06-09 15:15:00+05:30,1293.199951171875,1295.0,1290.4000244140625,1292.4000244140625,633707,0.0,0.0
2026-06-10 09:15:00+05:30,1286.0,1301.5,1286.0,1297.0,205558,0.0,0.0
2026-06-10 09:30:00+05:30,1297.0999755859375,1301.699951171875,1295.0,1299.9000244140625,377219,0.0,0.0
2026-06-10 09:45:00+05:30,1299.9000244140625,1301.0,1298.0,1298.4000244140625,309175,0.0,0.0
2026-06-10 10:00:00+05:30,1298.4000244140625,1305.800048828125,1298.199951171875,1301.0,670371,0.0,0.0
2026-06-10 10:15:00+05:30,1300.800048828125,1303.699951171875,1299.0999755859375,1303.0999755859375,188254,0.0,0.0
2026-06-10 10:30:00+05:30,1303.0999755859375,1306.5999755859375,1302.4000244140625,1305.0,193725,0.0,0.0
2026-06-10 10:45:00+05:30,1305.0,1311.5999755859375,1304.4000244140625,1311.199951171875,350675,0.0,0.0
2026-06-10 11:00:00+05:30,1311.199951171875,1311.199951171875,1307.9000244140625,1310.699951171875,263146,0.0,0.0
2026-06-10 11:15:00+05:30,1310.699951171875,1313.9000244140625,1308.5,1313.699951171875,357709,0.0,0.0
2026-06-10 11:30:00+05:30,1313.699951171875,1318.5,1312.4000244140625,1318.5,833037,0.0,0.0
2026-06-10 11:45:00+05:30,1318.4000244140625,1322.0,1317.800048828125,1320.5999755859375,538186,0.0,0.0
2026-06-10 12:00:00+05:30,1320.5,1322.0,1319.4000244140625,1321.300048828125,438469,0.0,0.0
2026-06-10 12:15:00+05:30,1321.300048828125,1321.9000244140625,1319.5999755859375,1320.0,589388,0.0,0.0
2026-06-10 12:30:00+05:30,1320.0999755859375,1321.9000244140625,1319.0999755859375,1320.5,401024,0.0,0.0
2026-06-10 12:45:00+05:30,1320.4000244140625,1324.0999755859375,1317.9000244140625,1323.5999755859375,500107,0.0,0.0
2026-06-10 13:00:00+05:30,1323.5999755859375,1326.5,1323.0,1324.0,481678,0.0,0.0
2026-06-10 13:15:00+05:30,1324.4000244140625,1324.5999755859375,1319.4000244140625,1319.800048828125,252861,0.0,0.0
2026-06-10 13:30:00+05:30,1320.0,1320.0,1314.0,1314.9000244140625,613513,0.0,0.0
2026-06-10 13:45:00+05:30,1314.9000244140625,1319.0999755859375,1314.800048828125,1318.5999755859375,291571,0.0,0.0
2026-06-10 14:00:00+05:30,1318.5,1319.9000244140625,1317.699951171875,1317.9000244140625,378567,0.0,0.0
2026-06-10 14:15:00+05:30,1317.9000244140625,1324.9000244140625,1317.0999755859375,1324.0999755859375,590726,0.0,0.0
2026-06-10 14:30:00+05:30,1324.0999755859375,1325.0,1317.4000244140625,1317.4000244140625,782148,0.0,0.0
2026-06-10 14:45:00+05:30,1317.5,1319.5999755859375,1315.0999755859375,1316.0999755859375,592148,0.0,0.0
2026-06-10 15:00:00+05:30,1316.0999755859375,1316.199951171875,1313.699951171875,1313.800048828125,685892,0.0,0.0
2026-06-10 15:15:00+05:30,1313.800048828125,1316.199951171875,1312.0999755859375,1314.0,892567,0.0,0.0
2026-06-11 09:15:00+05:30,1312.0999755859375,1318.0,1309.300048828125,1315.800048828125,122338,0.0,0.0
2026-06-11 09:30:00+05:30,1316.199951171875,1318.9000244140625,1313.0999755859375,1315.199951171875,169313,0.0,0.0
2026-06-11 09:45:00+05:30,1315.699951171875,1325.0,1315.0999755859375,1320.800048828125,420869,0.0,0.0
2026-06-11 10:00:00+05:30,1321.300048828125,1322.9000244140625,1318.0,1320.5999755859375,439920,0.0,0.0
2026-06-11 10:15:00+05:30,1320.5,1325.199951171875,1320.5,1324.800048828125,159593,0.0,0.0
2026-06-11 10:30:00+05:30,1324.800048828125,1325.5,1321.0,1324.800048828125,174691,0.0,0.0
2026-06-11 10:45:00+05:30,1324.800048828125,1327.5,1323.199951171875,1324.5,250547,0.0,0.0
2026-06-11 11:00:00+05:30,1324.5,1327.5,1324.0,1326.199951171875,279881,0.0,0.0
2026-06-11 11:15:00+05:30,1326.5,1328.699951171875,1325.699951171875,1328.699951171875,167348,0.0,0.0
2026-06-11 11:30:00+05:30,1328.4000244140625,1333.9000244140625,1328.0,1333.300048828125,249861,0.0,0.0
2026-06-11 11:45:00+05:30,1333.5999755859375,1334.9000244140625,1332.5,1333.5999755859375,182770,0.0,0.0
2026-06-11 12:00:00+05:30,1333.5999755859375,1336.300048828125,1333.5,1335.4000244140625,226768,0.0,0.0
2026-06-11 12:15:00+05:30,1335.5999755859375,1336.5,1332.0,1335.800048828125,355048,0.0,0.0
2026-06-11 12:30:00+05:30,1335.9000244140625,1338.800048828125,1335.800048828125,1338.699951171875,381672,0.0,0.0
2026-06-11 12:45:00+05:30,1338.800048828125,1339.5,1334.0,1336.800048828125,313412,0.0,0.0
2026-06-11 13:00:00+05:30,1336.800048828125,1337.800048828125,1330.0,1330.699951171875,373549,0.0,0.0
2026-06-11 13:15:00+05:30,1330.699951171875,1330.699951171875,1324.699951171875,1327.0,364936,0.0,0.0
2026-06-11 13:30:00+05:30,1327.0999755859375,1328.699951171875,1320.0,1320.699951171875,352089,0.0,0.0
2026-06-11 13:45:00+05:30,1320.9000244140625,1323.9000244140625,1320.199951171875,1322.4000244140625,173198,0.0,0.0
2026-06-11 14:00:00+05:30,1322.800048828125,1323.5999755859375,1319.4000244140625,1323.0,201447,0.0,0.0
2026-06-11 14:15:00+05:30,1322.800048828125,1324.5999755859375,1321.5999755859375,1323.0999755859375,210486,0.0,0.0
2026-06-11 14:30:00+05:30,1323.0999755859375,1325.5,1318.5999755859375,1319.300048828125,524978,0.0,0.0
2026-06-11 14:45:00+05:30,1319.0,1320.0,1316.5999755859375,1318.300048828125,446250,0.0,0.0
2026-06-11 15:00:00+05:30,1319.0,1320.0,1314.5999755859375,1318.4000244140625,892681,0.0,0.0
2026-06-11 15:15:00+05:30,1318.5999755859375,1319.300048828125,1315.0,1317.300048828125,596246,0.0,0.0
2026-06-12 09:15:00+05:30,1330.9000244140625,1333.4000244140625,1327.5,1332.199951171875,240452,0.0,0.0
2026-06-12 09:30:00+05:30,1333.800048828125,1333.800048828125,1329.9000244140625,1330.5,218639,0.0,0.0
2026-06-12 09:45:00+05:30,1330.4000244140625,1331.4000244140625,1325.800048828125,1325.800048828125,152894,0.0,0.0
2026-06-12 10:00:00+05:30,1326.0,1326.800048828125,1323.300048828125,1325.0999755859375,192582,0.0,0.0
2026-06-12 10:15:00+05:30,1324.699951171875,1325.0999755859375,1321.300048828125,1322.5999755859375,126016,0.0,0.0
2026-06-12 10:30:00+05:30,1323.0999755859375,1323.800048828125,1319.199951171875,1320.0,118116,0.0,0.0
2026-06-12 10:45:00+05:30,1320.0,1324.5999755859375,1318.5999755859375,1324.5,95535,0.0,0.0
2026-06-12 11:00:00+05:30,1324.5,1326.0,1322.800048828125,1325.800048828125,140012,0.0,0.0
2026-06-12 11:15:00+05:30,1325.800048828125,1332.699951171875,1325.5999755859375,1332.5,419622,0.0,0.0
2026-06-12 11:30:00+05:30,1332.699951171875,1333.0,1330.9000244140625,1331.5,253812,0.0,0.0
2026-06-12 11:45:00+05:30,1331.5,1332.699951171875,1330.0,1332.300048828125,183825,0.0,0.0
2026-06-12 12:00:00+05:30,1332.199951171875,1332.4000244140625,1330.0,1330.800048828125,180798,0.0,0.0
2026-06-12 12:15:00+05:30,1330.800048828125,1337.9000244140625,1330.5,1337.9000244140625,447851,0.0,0.0
2026-06-12 12:30:00+05:30,1338.0,1338.0,1334.9000244140625,1335.0,413419,0.0,0.0
2026-06-12 12:45:00+05:30,1335.4000244140625,1336.9000244140625,1333.699951171875,1335.199951171875,292918,0.0,0.0
2026-06-12 13:00:00+05:30,1335.199951171875,1336.199951171875,1334.0,1336.0,147161,0.0,0.0
2026-06-12 13:15:00+05:30,1336.0999755859375,1342.699951171875,1336.0,1342.0,427077,0.0,0.0
2026-06-12 13:30:00+05:30,1342.0999755859375,1346.5,1341.0999755859375,1346.0999755859375,715487,0.0,0.0
2026-06-12 13:45:00+05:30,1346.0999755859375,1346.4000244140625,1342.0,1343.0999755859375,117896,0.0,0.0
2026-06-12 14:00:00+05:30,1343.0999755859375,1345.4000244140625,1341.800048828125,1345.4000244140625,142928,0.0,0.0
2026-06-12 14:15:00+05:30,1345.4000244140625,1349.9000244140625,1345.0,1349.5999755859375,326158,0.0,0.0
2026-06-12 14:30:00+05:30,1349.5999755859375,1351.4000244140625,1348.0,1350.0,648199,0.0,0.0
2026-06-12 14:45:00+05:30,1351.4000244140625,1357.4000244140625,1351.0,1356.0,674404,0.0,0.0
2026-06-12 15:00:00+05:30,1355.800048828125,1358.300048828125,1353.5999755859375,1358.300048828125,995511,0.0,0.0
2026-06-12 15:15:00+05:30,1358.199951171875,1358.199951171875,1352.199951171875,1356.300048828125,563209,0.0,0.0
2026-06-15 09:15:00+05:30,1375.0,1375.0999755859375,1365.300048828125,1366.699951171875,770024,0.0,0.0
2026-06-15 09:30:00+05:30,1367.0,1368.300048828125,1361.800048828125,1363.199951171875,270144,0.0,0.0
2026-06-15 09:45:00+05:30,1363.800048828125,1366.199951171875,1361.4000244140625,1366.0,373330,0.0,0.0
2026-06-15 10:00:00+05:30,1366.5999755859375,1367.199951171875,1363.5999755859375,1365.0999755859375,237533,0.0,0.0
2026-06-15 10:15:00+05:30,1365.0,1366.9000244140625,1363.800048828125,1365.5,117408,0.0,0.0
2026-06-15 10:30:00+05:30,1365.9000244140625,1368.300048828125,1365.4000244140625,1367.5999755859375,146618,0.0,0.0
2026-06-15 10:45:00+05:30,1367.699951171875,1369.5999755859375,1366.0999755859375,1366.5999755859375,140450,0.0,0.0
2026-06-15 11:00:00+05:30,1366.699951171875,1369.4000244140625,1363.800048828125,1369.0,227814,0.0,0.0
2026-06-15 11:15:00+05:30,1369.0,1370.4000244140625,1368.5999755859375,1369.800048828125,331963,0.0,0.0
2026-06-15 11:30:00+05:30,1369.9000244140625,1370.5999755859375,1369.199951171875,1369.199951171875,112737,0.0,0.0
2026-06-15 11:45:00+05:30,1369.199951171875,1370.4000244140625,1368.5,1369.4000244140625,118738,0.0,0.0
2026-06-15 12:00:00+05:30,1369.0,1369.5,1363.9000244140625,1364.300048828125,164490,0.0,0.0
2026-06-15 12:15:00+05:30,1364.199951171875,1368.5999755859375,1363.4000244140625,1367.0,260686,0.0,0.0
2026-06-15 12:30:00+05:30,1367.0,1369.4000244140625,1366.300048828125,1369.4000244140625,114921,0.0,0.0
2026-06-15 12:45:00+05:30,1369.300048828125,1369.699951171875,1367.300048828125,1368.4000244140625,120293,0.0,0.0
2026-06-15 13:00:00+05:30,1368.5,1370.0,1367.0999755859375,1369.699951171875,98619,0.0,0.0
2026-06-15 13:15:00+05:30,1369.699951171875,1370.300048828125,1367.300048828125,1368.0,100599,0.0,0.0
2026-06-15 13:30:00+05:30,1368.199951171875,1368.199951171875,1365.800048828125,1366.0,94100,0.0,0.0
2026-06-15 13:45:00+05:30,1366.0,1367.5,1363.199951171875,1365.0999755859375,133523,0.0,0.0
2026-06-15 14:00:00+05:30,1365.199951171875,1365.699951171875,1360.800048828125,1362.300048828125,203723,0.0,0.0
2026-06-15 14:15:00+05:30,1362.300048828125,1364.800048828125,1361.5,1364.199951171875,251108,0.0,0.0
2026-06-15 14:30:00+05:30,1364.199951171875,1369.5,1364.0999755859375,1369.0999755859375,475239,0.0,0.0
2026-06-15 14:45:00+05:30,1369.0,1371.4000244140625,1367.0,1368.5,491840,0.0,0.0
2026-06-15 15:00:00+05:30,1368.5,1370.0,1367.0999755859375,1369.9000244140625,772764,0.0,0.0
2026-06-15 15:15:00+05:30,1369.9000244140625,1370.800048828125,1363.199951171875,1368.300048828125,472232,0.0,0.0
2026-06-16 09:15:00+05:30,1367.800048828125,1371.5,1355.5,1358.0,229952,0.0,0.0
2026-06-16 09:30:00+05:30,1358.199951171875,1359.5,1352.4000244140625,1352.9000244140625,214572,0.0,0.0
2026-06-16 09:45:00+05:30,1352.800048828125,1357.5,1352.0,1356.9000244140625,270453,0.0,0.0
2026-06-16 10:00:00+05:30,1357.0,1357.300048828125,1349.199951171875,1356.699951171875,839621,0.0,0.0
2026-06-16 10:15:00+05:30,1356.4000244140625,1358.5999755859375,1356.0999755859375,1358.0,112761,0.0,0.0
2026-06-16 10:30:00+05:30,1358.0,1364.0,1357.5,1361.9000244140625,166283,0.0,0.0
2026-06-16 10:45:00+05:30,1362.199951171875,1366.4000244140625,1359.5999755859375,1360.0999755859375,318002,0.0,0.0
2026-06-16 11:00:00+05:30,1360.699951171875,1360.9000244140625,1358.0,1359.199951171875,122337,0.0,0.0
2026-06-16 11:15:00+05:30,1359.199951171875,1360.699951171875,1357.4000244140625,1359.4000244140625,147862,0.0,0.0
2026-06-16 11:30:00+05:30,1359.4000244140625,1360.699951171875,1356.199951171875,1360.5999755859375,157519,0.0,0.0
2026-06-16 11:45:00+05:30,1360.699951171875,1363.4000244140625,1358.4000244140625,1363.4000244140625,301865,0.0,0.0
2026-06-16 12:00:00+05:30,1363.5999755859375,1365.0999755859375,1362.5999755859375,1363.5999755859375,185093,0.0,0.0
2026-06-16 12:15:00+05:30,1363.5999755859375,1366.699951171875,1362.800048828125,1366.0,258031,0.0,0.0
2026-06-16 12:30:00+05:30,1366.0,1366.5999755859375,1363.800048828125,1365.4000244140625,219462,0.0,0.0
2026-06-16 12:45:00+05:30,1365.0,1367.0,1364.0,1366.5,178852,0.0,0.0
2026-06-16 13:00:00+05:30,1366.5,1367.0,1365.0,1365.699951171875,124919,0.0,0.0
2026-06-16 13:15:00+05:30,1365.699951171875,1367.0,1363.800048828125,1367.0,414097,0.0,0.0
2026-06-16 13:30:00+05:30,1367.0,1367.800048828125,1365.800048828125,1366.0999755859375,249626,0.0,0.0
2026-06-16 13:45:00+05:30,1366.199951171875,1367.9000244140625,1365.4000244140625,1367.0,214679,0.0,0.0
2026-06-16 14:00:00+05:30,1367.0,1368.5999755859375,1365.4000244140625,1368.0,403495,0.0,0.0
2026-06-16 14:15:00+05:30,1366.800048828125,1368.800048828125,1365.4000244140625,1365.800048828125,431956,0.0,0.0
2026-06-16 14:30:00+05:30,1365.9000244140625,1367.0,1364.0,1364.0,507899,0.0,0.0
2026-06-16 14:45:00+05:30,1364.4000244140625,1367.699951171875,1363.300048828125,1365.4000244140625,350404,0.0,0.0
2026-06-16 15:00:00+05:30,1365.4000244140625,1366.300048828125,1364.699951171875,1365.199951171875,522246,0.0,0.0
2026-06-16 15:15:00+05:30,1365.199951171875,1367.300048828125,1363.199951171875,1363.4000244140625,556480,0.0,0.0
2026-06-17 09:15:00+05:30,1364.0,1364.0,1355.5,1356.800048828125,144867,0.0,0.0
2026-06-17 09:30:00+05:30,1356.199951171875,1359.800048828125,1356.0,1359.0999755859375,110801,0.0,0.0
2026-06-17 09:45:00+05:30,1359.0999755859375,1359.4000244140625,1357.0,1357.9000244140625,116100,0.0,0.0
2026-06-17 10:00:00+05:30,1357.5,1359.5,1357.0,1357.800048828125,55212,0.0,0.0
2026-06-17 10:15:00+05:30,1357.800048828125,1361.0,1357.800048828125,1358.4000244140625,76303,0.0,0.0
2026-06-17 10:30:00+05:30,1358.199951171875,1359.5999755859375,1357.199951171875,1358.5999755859375,101834,0.0,0.0
2026-06-17 10:45:00+05:30,1358.5999755859375,1359.0999755859375,1355.300048828125,1355.800048828125,81890,0.0,0.0
2026-06-17 11:00:00+05:30,1355.800048828125,1355.9000244140625,1354.0,1354.5,125900,0.0,0.0
2026-06-17 11:15:00+05:30,1354.5,1354.5,1351.300048828125,1354.0,130180,0.0,0.0
2026-06-17 11:30:00+05:30,1354.0,1355.0,1351.0,1353.5999755859375,157269,0.0,0.0
2026-06-17 11:45:00+05:30,1353.9000244140625,1355.0,1352.5999755859375,1353.5,218002,0.0,0.0
2026-06-17 12:00:00+05:30,1353.5999755859375,1355.0,1353.0,1353.5999755859375,53600,0.0,0.0
2026-06-17 12:15:00+05:30,1353.5999755859375,1354.199951171875,1351.5,1351.9000244140625,112055,0.0,0.0
2026-06-17 12:30:00+05:30,1352.5,1358.0999755859375,1351.5,1357.5,204356,0.0,0.0
2026-06-17 12:45:00+05:30,1357.0,1357.0,1355.199951171875,1355.9000244140625,175845,0.0,0.0
2026-06-17 13:00:00+05:30,1355.9000244140625,1358.0,1355.800048828125,1356.5,260993,0.0,0.0
2026-06-17 13:15:00+05:30,1356.199951171875,1356.9000244140625,1355.5,1356.4000244140625,38261,0.0,0.0
2026-06-17 13:30:00+05:30,1356.4000244140625,1358.9000244140625,1356.0999755859375,1356.9000244140625,81513,0.0,0.0
2026-06-17 13:45:00+05:30,1357.0,1357.4000244140625,1356.800048828125,1357.0,161813,0.0,0.0
2026-06-17 14:00:00+05:30,1357.0,1359.5999755859375,1356.9000244140625,1358.0,134295,0.0,0.0
2026-06-17 14:15:00+05:30,1358.0,1358.0999755859375,1356.0,1356.800048828125,336889,0.0,0.0
2026-06-17 14:30:00+05:30,1356.5999755859375,1357.300048828125,1356.5,1356.9000244140625,271948,0.0,0.0
2026-06-17 14:45:00+05:30,1357.300048828125,1357.300048828125,1349.800048828125,1350.0,360812,0.0,0.0
2026-06-17 15:00:00+05:30,1350.0,1351.0,1349.699951171875,1350.0,601581,0.0,0.0
2026-06-17 15:15:00+05:30,1350.0,1354.300048828125,1349.300048828125,1351.5,459349,0.0,0.0
2026-06-18 09:15:00+05:30,1349.300048828125,1356.0,1349.300048828125,1353.0999755859375,63897,0.0,0.0
2026-06-18 09:30:00+05:30,1353.199951171875,1354.5999755859375,1349.0,1349.0,94047,0.0,0.0
2026-06-18 09:45:00+05:30,1349.300048828125,1349.4000244140625,1345.9000244140625,1346.0999755859375,240566,0.0,0.0
2026-06-18 10:00:00+05:30,1346.4000244140625,1351.0,1345.0999755859375,1349.0,88904,0.0,0.0
2026-06-18 10:15:00+05:30,1349.0,1350.5,1347.800048828125,1350.199951171875,50279,0.0,0.0
2026-06-18 10:30:00+05:30,1350.0,1352.4000244140625,1349.4000244140625,1349.4000244140625,77768,0.0,0.0
2026-06-18 10:45:00+05:30,1349.5999755859375,1353.0999755859375,1349.4000244140625,1353.0999755859375,70051,0.0,0.0
2026-06-18 11:00:00+05:30,1353.300048828125,1353.300048828125,1348.5,1349.5,67753,0.0,0.0
2026-06-18 11:15:00+05:30,1349.4000244140625,1358.0999755859375,1349.4000244140625,1355.4000244140625,180239,0.0,0.0
2026-06-18 11:30:00+05:30,1355.800048828125,1359.699951171875,1354.5,1357.199951171875,94077,0.0,0.0
2026-06-18 11:45:00+05:30,1357.800048828125,1358.300048828125,1355.5,1356.9000244140625,108653,0.0,0.0
2026-06-18 12:00:00+05:30,1357.0,1358.5999755859375,1355.5,1357.0999755859375,115178,0.0,0.0
2026-06-18 12:15:00+05:30,1357.199951171875,1359.199951171875,1356.800048828125,1358.800048828125,71616,0.0,0.0
2026-06-18 12:30:00+05:30,1358.800048828125,1362.800048828125,1358.800048828125,1360.5,216523,0.0,0.0
2026-06-18 12:45:00+05:30,1360.800048828125,1363.199951171875,1359.699951171875,1362.0,87282,0.0,0.0
2026-06-18 13:00:00+05:30,1362.0,1365.699951171875,1360.5,1365.5,953797,0.0,0.0
2026-06-18 13:15:00+05:30,1365.800048828125,1365.800048828125,1357.800048828125,1360.0999755859375,327027,0.0,0.0
2026-06-18 13:30:00+05:30,1360.0,1361.0,1358.699951171875,1360.4000244140625,116363,0.0,0.0
2026-06-18 13:45:00+05:30,1360.4000244140625,1362.0,1359.5,1360.0999755859375,170408,0.0,0.0
2026-06-18 14:00:00+05:30,1360.0999755859375,1360.5,1359.0,1360.0,98934,0.0,0.0
2026-06-18 14:15:00+05:30,1360.0,1361.0,1359.0,1359.300048828125,102925,0.0,0.0
2026-06-18 14:30:00+05:30,1359.300048828125,1359.300048828125,1356.5999755859375,1358.0,131207,0.0,0.0
2026-06-18 14:45:00+05:30,1358.0999755859375,1360.300048828125,1356.699951171875,1360.300048828125,175290,0.0,0.0
2026-06-18 15:00:00+05:30,1360.199951171875,1361.800048828125,1357.800048828125,1360.5999755859375,734775,0.0,0.0
2026-06-18 15:15:00+05:30,1361.0,1361.0,1358.699951171875,1359.800048828125,585290,0.0,0.0
2026-06-19 09:15:00+05:30,1359.0,1362.800048828125,1355.699951171875,1355.9000244140625,73122,0.0,0.0
2026-06-19 09:30:00+05:30,1355.9000244140625,1356.9000244140625,1354.0,1356.4000244140625,176166,0.0,0.0
2026-06-19 09:45:00+05:30,1356.0,1357.800048828125,1355.5,1355.699951171875,91098,0.0,0.0
2026-06-19 10:00:00+05:30,1355.699951171875,1355.9000244140625,1353.199951171875,1354.0999755859375,138491,0.0,0.0
2026-06-19 10:15:00+05:30,1353.9000244140625,1355.4000244140625,1352.699951171875,1353.5,152314,0.0,0.0
2026-06-19 10:30:00+05:30,1353.300048828125,1353.9000244140625,1352.4000244140625,1353.300048828125,62745,0.0,0.0
2026-06-19 10:45:00+05:30,1353.0999755859375,1353.199951171875,1351.5,1352.800048828125,61376,0.0,0.0
2026-06-19 11:00:00+05:30,1352.5,1354.0,1351.0999755859375,1353.300048828125,53779,0.0,0.0
2026-06-19 11:15:00+05:30,1353.9000244140625,1354.199951171875,1351.199951171875,1353.0999755859375,49826,0.0,0.0
2026-06-19 11:30:00+05:30,1352.800048828125,1353.300048828125,1351.0,1351.699951171875,98973,0.0,0.0
2026-06-19 11:45:00+05:30,1351.699951171875,1352.5,1351.199951171875,1351.800048828125,38186,0.0,0.0
2026-06-19 12:00:00+05:30,1351.800048828125,1352.300048828125,1350.5,1350.9000244140625,27557,0.0,0.0
2026-06-19 12:15:00+05:30,1351.0,1354.5,1350.800048828125,1353.5,74266,0.0,0.0
2026-06-19 12:30:00+05:30,1353.5999755859375,1355.9000244140625,1351.0,1352.800048828125,135700,0.0,0.0
2026-06-19 12:45:00+05:30,1352.800048828125,1353.5,1351.0,1351.5999755859375,29356,0.0,0.0
2026-06-19 13:00:00+05:30,1351.800048828125,1355.0999755859375,1351.5,1355.0,57249,0.0,0.0
2026-06-19 13:15:00+05:30,1355.0,1355.0999755859375,1353.300048828125,1353.9000244140625,45548,0.0,0.0
2026-06-19 13:30:00+05:30,1354.0,1356.0,1353.699951171875,1354.800048828125,180925,0.0,0.0
2026-06-19 13:45:00+05:30,1354.9000244140625,1355.300048828125,1352.9000244140625,1354.0,63432,0.0,0.0
2026-06-19 14:00:00+05:30,1354.5,1354.5999755859375,1353.0999755859375,1354.199951171875,341520,0.0,0.0
2026-06-19 14:15:00+05:30,1354.0,1357.9000244140625,1353.800048828125,1357.5,115239,0.0,0.0
2026-06-19 14:30:00+05:30,1357.4000244140625,1359.0,1356.699951171875,1357.0,85119,0.0,0.0
2026-06-19 14:45:00+05:30,1357.0,1358.199951171875,1354.0999755859375,1354.5,295720,0.0,0.0
2026-06-19 15:00:00+05:30,1354.4000244140625,1360.0,1353.5999755859375,1358.5,842717,0.0,0.0
2026-06-19 15:15:00+05:30,1358.5999755859375,1361.0,1355.5999755859375,1357.9000244140625,1142708,0.0,0.0
2026-06-22 09:15:00+05:30,1358.4000244140625,1361.0999755859375,1358.199951171875,1361.0,52393,0.0,0.0
2026-06-22 09:30:00+05:30,1361.0,1361.0,1358.699951171875,1359.699951171875,85901,0.0,0.0
2026-06-22 09:45:00+05:30,1359.5,1361.0,1359.5,1360.9000244140625,77050,0.0,0.0
2026-06-22 10:00:00+05:30,1361.0,1361.0,1359.199951171875,1360.0,27994,0.0,0.0
2026-06-22 10:15:00+05:30,1360.4000244140625,1361.0,1359.5,1360.9000244140625,37652,0.0,0.0
2026-06-22 10:30:00+05:30,1360.9000244140625,1365.0,1360.9000244140625,1364.0,340270,0.0,0.0
2026-06-22 10:45:00+05:30,1363.4000244140625,1366.0,1363.4000244140625,1365.0,69805,0.0,0.0
2026-06-22 11:00:00+05:30,1365.0999755859375,1365.4000244140625,1361.699951171875,1362.4000244140625,63190,0.0,0.0
2026-06-22 11:15:00+05:30,1362.5999755859375,1364.9000244140625,1361.5,1363.199951171875,97241,0.0,0.0
2026-06-22 11:30:00+05:30,1363.800048828125,1364.199951171875,1361.5,1361.9000244140625,33890,0.0,0.0
2026-06-22 11:45:00+05:30,1362.0,1362.0,1359.0,1360.699951171875,55152,0.0,0.0
2026-06-22 12:00:00+05:30,1360.800048828125,1364.0,1360.0999755859375,1361.699951171875,125989,0.0,0.0
2026-06-22 12:15:00+05:30,1362.0,1362.5999755859375,1361.5999755859375,1362.0999755859375,108637,0.0,0.0
2026-06-22 12:30:00+05:30,1362.0999755859375,1362.5,1361.0,1362.0,92814,0.0,0.0
2026-06-22 12:45:00+05:30,1362.0,1362.0,1360.199951171875,1361.4000244140625,72689,0.0,0.0
2026-06-22 13:00:00+05:30,1361.4000244140625,1361.4000244140625,1358.800048828125,1360.0,66266,0.0,0.0
2026-06-22 13:15:00+05:30,1360.199951171875,1361.0,1359.300048828125,1359.4000244140625,55676,0.0,0.0
2026-06-22 13:30:00+05:30,1359.5999755859375,1360.199951171875,1357.800048828125,1359.699951171875,107935,0.0,0.0
2026-06-22 13:45:00+05:30,1359.699951171875,1360.0,1358.5999755859375,1359.699951171875,84439,0.0,0.0
2026-06-22 14:00:00+05:30,1359.0999755859375,1360.0,1357.5,1357.5999755859375,82465,0.0,0.0
2026-06-22 14:15:00+05:30,1358.199951171875,1362.300048828125,1357.300048828125,1361.0,585838,0.0,0.0
2026-06-22 14:30:00+05:30,1361.0,1361.800048828125,1360.199951171875,1360.9000244140625,149934,0.0,0.0
2026-06-22 14:45:00+05:30,1360.9000244140625,1362.5,1360.5,1361.800048828125,114525,0.0,0.0
2026-06-22 15:00:00+05:30,1361.800048828125,1362.0999755859375,1356.5999755859375,1358.5999755859375,263876,0.0,0.0
2026-06-22 15:15:00+05:30,1358.5,1359.800048828125,1356.5999755859375,1358.5999755859375,185159,0.0,0.0
2026-06-23 09:15:00+05:30,1360.199951171875,1362.800048828125,1357.199951171875,1362.5,71459,0.0,0.0
2026-06-23 09:30:00+05:30,1362.300048828125,1367.0999755859375,1361.800048828125,1366.0,245929,0.0,0.0
2026-06-23 09:45:00+05:30,1366.0,1366.0,1362.800048828125,1363.5,115570,0.0,0.0
2026-06-23 10:00:00+05:30,1363.5,1365.0,1362.300048828125,1364.300048828125,134777,0.0,0.0
2026-06-23 10:15:00+05:30,1364.9000244140625,1365.0,1362.800048828125,1364.800048828125,96110,0.0,0.0
2026-06-23 10:30:00+05:30,1364.800048828125,1367.0,1363.300048828125,1366.0,175769,0.0,0.0
2026-06-23 10:45:00+05:30,1365.800048828125,1368.9000244140625,1365.5,1366.9000244140625,117484,0.0,0.0
2026-06-23 11:00:00+05:30,1367.0,1371.5,1365.5,1370.9000244140625,162112,0.0,0.0
2026-06-23 11:15:00+05:30,1371.0999755859375,1371.5999755859375,1369.5,1369.800048828125,96842,0.0,0.0
2026-06-23 11:30:00+05:30,1369.9000244140625,1370.0,1365.800048828125,1367.0,86485,0.0,0.0
2026-06-23 11:45:00+05:30,1366.800048828125,1366.800048828125,1361.9000244140625,1362.4000244140625,114624,0.0,0.0
2026-06-23 12:00:00+05:30,1361.5999755859375,1362.699951171875,1359.800048828125,1361.199951171875,115801,0.0,0.0
2026-06-23 12:15:00+05:30,1361.0999755859375,1361.9000244140625,1356.5,1360.4000244140625,142644,0.0,0.0
2026-06-23 12:30:00+05:30,1360.4000244140625,1361.800048828125,1359.5,1361.0,82100,0.0,0.0
2026-06-23 12:45:00+05:30,1361.0,1361.0,1357.9000244140625,1359.5999755859375,74743,0.0,0.0
2026-06-23 13:00:00+05:30,1359.5999755859375,1361.0,1358.4000244140625,1359.800048828125,91621,0.0,0.0
2026-06-23 13:15:00+05:30,1359.699951171875,1360.5999755859375,1357.9000244140625,1360.5,69174,0.0,0.0
2026-06-23 13:30:00+05:30,1360.199951171875,1362.199951171875,1356.0999755859375,1361.800048828125,528470,0.0,0.0
2026-06-23 13:45:00+05:30,1361.9000244140625,1363.5,1360.0,1361.199951171875,161962,0.0,0.0
2026-06-23 14:00:00+05:30,1361.699951171875,1366.300048828125,1361.0,1366.0,153784,0.0,0.0
2026-06-23 14:15:00+05:30,1365.5999755859375,1370.4000244140625,1365.5999755859375,1369.4000244140625,589225,0.0,0.0
2026-06-23 14:30:00+05:30,1369.4000244140625,1370.699951171875,1367.9000244140625,1370.0999755859375,352578,0.0,0.0
2026-06-23 14:45:00+05:30,1370.0,1371.4000244140625,1368.199951171875,1369.5,469037,0.0,0.0
2026-06-23 15:00:00+05:30,1370.0,1370.0,1362.0999755859375,1363.0999755859375,857904,0.0,0.0
2026-06-23 15:15:00+05:30,1363.0999755859375,1363.5,1357.199951171875,1363.5,520432,0.0,0.0
2026-06-24 09:15:00+05:30,1361.0,1368.0,1357.4000244140625,1367.800048828125,83765,0.0,0.0
2026-06-24 09:30:00+05:30,1368.0,1371.199951171875,1367.0,1370.4000244140625,269471,0.0,0.0
2026-06-24 09:45:00+05:30,1370.0,1370.5999755859375,1361.5999755859375,1363.300048828125,193253,0.0,0.0
2026-06-24 10:00:00+05:30,1363.300048828125,1370.5999755859375,1363.0,1370.0999755859375,138762,0.0,0.0
2026-06-24 10:15:00+05:30,1370.0999755859375,1372.0,1369.0,1370.199951171875,127539,0.0,0.0
2026-06-24 10:30:00+05:30,1370.699951171875,1372.9000244140625,1370.699951171875,1372.300048828125,165919,0.0,0.0
2026-06-24 10:45:00+05:30,1372.199951171875,1374.800048828125,1371.0,1373.4000244140625,269526,0.0,0.0
2026-06-24 11:00:00+05:30,1373.5,1382.4000244140625,1373.5,1381.699951171875,1124651,0.0,0.0
2026-06-24 11:15:00+05:30,1381.699951171875,1381.699951171875,1376.9000244140625,1380.5,384158,0.0,0.0
2026-06-24 11:30:00+05:30,1380.699951171875,1381.800048828125,1377.9000244140625,1379.800048828125,167565,0.0,0.0
2026-06-24 11:45:00+05:30,1379.800048828125,1381.0,1378.800048828125,1380.699951171875,172441,0.0,0.0
2026-06-24 12:00:00+05:30,1380.800048828125,1382.0,1377.0,1377.800048828125,213454,0.0,0.0
2026-06-24 12:15:00+05:30,1377.4000244140625,1379.5,1377.300048828125,1378.0999755859375,169995,0.0,0.0
2026-06-24 12:30:00+05:30,1378.199951171875,1381.699951171875,1374.800048828125,1381.699951171875,234870,0.0,0.0
2026-06-24 12:45:00+05:30,1381.800048828125,1381.9000244140625,1380.800048828125,1381.5,144420,0.0,0.0
2026-06-24 13:00:00+05:30,1381.5,1381.5,1378.699951171875,1379.800048828125,174176,0.0,0.0
2026-06-24 13:15:00+05:30,1379.800048828125,1381.800048828125,1379.300048828125,1381.0,148998,0.0,0.0
2026-06-24 13:30:00+05:30,1381.0,1385.0,1381.0,1382.199951171875,265205,0.0,0.0
2026-06-24 13:45:00+05:30,1382.4000244140625,1384.0999755859375,1379.0999755859375,1380.0,182219,0.0,0.0
2026-06-24 14:00:00+05:30,1380.0999755859375,1380.0999755859375,1377.5999755859375,1378.0999755859375,237452,0.0,0.0
2026-06-24 14:15:00+05:30,1378.199951171875,1379.5999755859375,1377.199951171875,1377.4000244140625,202027,0.0,0.0
2026-06-24 14:30:00+05:30,1377.199951171875,1379.699951171875,1376.5999755859375,1378.5,321228,0.0,0.0
2026-06-24 14:45:00+05:30,1378.800048828125,1382.5,1378.4000244140625,1381.9000244140625,821007,0.0,0.0
2026-06-24 15:00:00+05:30,1381.800048828125,1385.9000244140625,1380.9000244140625,1385.0999755859375,1259501,0.0,0.0
2026-06-24 15:15:00+05:30,1385.0,1385.0,1382.4000244140625,1384.5,641005,0.0,0.0
2026-06-25 09:15:00+05:30,1386.0999755859375,1390.800048828125,1383.0,1388.5999755859375,274149,0.0,0.0
2026-06-25 09:30:00+05:30,1388.9000244140625,1390.0,1387.4000244140625,1387.5,119346,0.0,0.0
2026-06-25 09:45:00+05:30,1387.4000244140625,1395.4000244140625,1386.5,1392.199951171875,864051,0.0,0.0
2026-06-25 10:00:00+05:30,1392.199951171875,1396.0,1391.800048828125,1395.9000244140625,333885,0.0,0.0
2026-06-25 10:15:00+05:30,1395.5,1400.0999755859375,1391.300048828125,1391.699951171875,763052,0.0,0.0
2026-06-25 10:30:00+05:30,1391.699951171875,1393.5999755859375,1388.0,1388.199951171875,203391,0.0,0.0
2026-06-25 10:45:00+05:30,1388.699951171875,1389.9000244140625,1386.0,1386.5,244262,0.0,0.0
2026-06-25 11:00:00+05:30,1386.5999755859375,1389.5999755859375,1384.9000244140625,1387.9000244140625,210377,0.0,0.0
2026-06-25 11:15:00+05:30,1388.0,1388.5999755859375,1386.5,1388.0,74655,0.0,0.0
2026-06-25 11:30:00+05:30,1388.0,1388.300048828125,1386.9000244140625,1388.0999755859375,65697,0.0,0.0
2026-06-25 11:45:00+05:30,1388.0999755859375,1393.199951171875,1387.0999755859375,1393.0999755859375,188828,0.0,0.0
2026-06-25 12:00:00+05:30,1393.699951171875,1395.0,1393.0,1394.800048828125,175378,0.0,0.0
2026-06-25 12:15:00+05:30,1394.800048828125,1395.9000244140625,1387.699951171875,1388.5,323828,0.0,0.0
2026-06-25 12:30:00+05:30,1388.5,1389.9000244140625,1387.0,1387.199951171875,116908,0.0,0.0
2026-06-25 12:45:00+05:30,1387.699951171875,1388.300048828125,1387.0,1387.699951171875,193428,0.0,0.0
2026-06-25 13:00:00+05:30,1387.199951171875,1388.0999755859375,1381.4000244140625,1382.0999755859375,190474,0.0,0.0
2026-06-25 13:15:00+05:30,1382.199951171875,1382.5999755859375,1380.0,1380.5999755859375,169271,0.0,0.0
2026-06-25 13:30:00+05:30,1380.5,1382.199951171875,1380.0999755859375,1380.9000244140625,149400,0.0,0.0
2026-06-25 13:45:00+05:30,1381.5,1382.5,1379.300048828125,1380.199951171875,163668,0.0,0.0
2026-06-25 14:00:00+05:30,1380.0999755859375,1380.4000244140625,1375.699951171875,1376.699951171875,175326,0.0,0.0
2026-06-25 14:15:00+05:30,1376.5,1379.199951171875,1375.0,1375.699951171875,220448,0.0,0.0
2026-06-25 14:30:00+05:30,1376.199951171875,1378.300048828125,1374.199951171875,1374.4000244140625,421032,0.0,0.0
2026-06-25 14:45:00+05:30,1374.5,1378.5999755859375,1374.0,1376.5,319874,0.0,0.0
2026-06-25 15:00:00+05:30,1376.5,1379.699951171875,1372.699951171875,1379.300048828125,1072318,0.0,0.0
2026-06-25 15:15:00+05:30,1379.300048828125,1379.9000244140625,1376.0,1377.199951171875,777670,0.0,0.0
2026-06-29 09:15:00+05:30,1380.699951171875,1387.4000244140625,1372.800048828125,1384.0,188455,0.0,0.0
2026-06-29 09:30:00+05:30,1384.0,1385.0999755859375,1381.300048828125,1381.800048828125,195228,0.0,0.0
2026-06-29 09:45:00+05:30,1382.0,1383.300048828125,1380.699951171875,1383.199951171875,171775,0.0,0.0
2026-06-29 10:00:00+05:30,1383.4000244140625,1386.9000244140625,1381.699951171875,1382.5999755859375,131972,0.0,0.0
2026-06-29 10:15:00+05:30,1382.0,1392.5,1380.800048828125,1391.0999755859375,939499,0.0,0.0
2026-06-29 10:30:00+05:30,1391.0999755859375,1391.300048828125,1388.4000244140625,1390.5,221934,0.0,0.0
2026-06-29 10:45:00+05:30,1390.0,1390.5999755859375,1381.800048828125,1386.0999755859375,1703596,0.0,0.0
2026-06-29 11:00:00+05:30,1386.0,1390.5999755859375,1385.0,1387.5,197819,0.0,0.0
2026-06-29 11:15:00+05:30,1387.5999755859375,1387.699951171875,1383.4000244140625,1384.199951171875,140030,0.0,0.0
2026-06-29 11:30:00+05:30,1384.300048828125,1384.699951171875,1378.0,1379.199951171875,803606,0.0,0.0
2026-06-29 11:45:00+05:30,1379.199951171875,1379.699951171875,1373.9000244140625,1375.9000244140625,230489,0.0,0.0
2026-06-29 12:00:00+05:30,1375.9000244140625,1379.699951171875,1375.9000244140625,1376.800048828125,268788,0.0,0.0
2026-06-29 12:15:00+05:30,1377.199951171875,1377.199951171875,1372.199951171875,1372.699951171875,153646,0.0,0.0
2026-06-29 12:30:00+05:30,1372.699951171875,1373.800048828125,1370.5,1373.4000244140625,150550,0.0,0.0
2026-06-29 12:45:00+05:30,1373.300048828125,1377.199951171875,1371.9000244140625,1376.800048828125,191620,0.0,0.0
2026-06-29 13:00:00+05:30,1376.800048828125,1379.9000244140625,1376.0,1379.0999755859375,205824,0.0,0.0
2026-06-29 13:15:00+05:30,1379.0,1379.300048828125,1376.800048828125,1378.5,180139,0.0,0.0
2026-06-29 13:30:00+05:30,1378.300048828125,1379.9000244140625,1372.0999755859375,1372.199951171875,232814,0.0,0.0
2026-06-29 13:45:00+05:30,1372.5,1376.0,1370.0999755859375,1372.0999755859375,620872,0.0,0.0
2026-06-29 14:00:00+05:30,1372.699951171875,1375.5,1370.199951171875,1370.4000244140625,262051,0.0,0.0
2026-06-29 14:15:00+05:30,1370.5999755859375,1370.800048828125,1367.0999755859375,1369.5999755859375,140932,0.0,0.0
2026-06-29 14:30:00+05:30,1369.0999755859375,1370.0,1364.199951171875,1365.0,314143,0.0,0.0
2026-06-29 14:45:00+05:30,1365.5,1367.0,1358.5999755859375,1360.0,331298,0.0,0.0
2026-06-29 15:00:00+05:30,1360.0,1360.5999755859375,1352.4000244140625,1353.800048828125,2114644,0.0,0.0
2026-06-29 15:15:00+05:30,1353.9000244140625,1372.0,1353.5999755859375,1356.800048828125,2151705,0.0,0.0
2026-06-30 09:15:00+05:30,1362.0,1373.699951171875,1355.199951171875,1368.199951171875,410350,0.0,0.0
2026-06-30 09:30:00+05:30,1367.5999755859375,1375.0,1366.199951171875,1367.9000244140625,338198,0.0,0.0
2026-06-30 09:45:00+05:30,1367.4000244140625,1368.800048828125,1361.300048828125,1363.0,295966,0.0,0.0
2026-06-30 10:00:00+05:30,1362.199951171875,1368.300048828125,1362.199951171875,1366.0,270209,0.0,0.0
2026-06-30 10:15:00+05:30,1366.4000244140625,1366.4000244140625,1356.300048828125,1358.4000244140625,485029,0.0,0.0
2026-06-30 10:30:00+05:30,1358.199951171875,1360.4000244140625,1355.0,1357.5,179579,0.0,0.0
2026-06-30 10:45:00+05:30,1357.300048828125,1360.0999755859375,1355.199951171875,1355.300048828125,153583,0.0,0.0
2026-06-30 11:00:00+05:30,1355.0,1360.5,1354.0,1360.0,122483,0.0,0.0
2026-06-30 11:15:00+05:30,1359.9000244140625,1364.699951171875,1358.199951171875,1360.699951171875,211548,0.0,0.0
2026-06-30 11:30:00+05:30,1360.4000244140625,1361.0,1354.699951171875,1355.5,171909,0.0,0.0
2026-06-30 11:45:00+05:30,1355.5,1357.4000244140625,1355.300048828125,1355.5,56082,0.0,0.0
2026-06-30 12:00:00+05:30,1356.0999755859375,1357.5,1353.4000244140625,1355.300048828125,78083,0.0,0.0
2026-06-30 12:15:00+05:30,1355.300048828125,1356.699951171875,1354.5,1355.800048828125,68515,0.0,0.0
2026-06-30 12:30:00+05:30,1356.199951171875,1359.0,1353.800048828125,1358.4000244140625,99496,0.0,0.0
2026-06-30 12:45:00+05:30,1358.4000244140625,1360.300048828125,1358.0,1358.9000244140625,117107,0.0,0.0
2026-06-30 13:00:00+05:30,1359.4000244140625,1360.5999755859375,1358.5,1359.300048828125,129460,0.0,0.0
2026-06-30 13:15:00+05:30,1359.5999755859375,1360.800048828125,1356.4000244140625,1359.5999755859375,201401,0.0,0.0
2026-06-30 13:30:00+05:30,1359.699951171875,1360.199951171875,1357.4000244140625,1357.5999755859375,184102,0.0,0.0
2026-06-30 13:45:00+05:30,1357.5999755859375,1357.9000244140625,1353.0999755859375,1353.800048828125,116803,0.0,0.0
2026-06-30 14:00:00+05:30,1353.5999755859375,1354.800048828125,1350.0,1351.9000244140625,320199,0.0,0.0
2026-06-30 14:15:00+05:30,1351.800048828125,1354.9000244140625,1349.0,1352.699951171875,341689,0.0,0.0
2026-06-30 14:30:00+05:30,1352.5,1353.199951171875,1348.300048828125,1348.699951171875,236935,0.0,0.0
2026-06-30 14:45:00+05:30,1348.699951171875,1351.199951171875,1347.5,1348.199951171875,208631,0.0,0.0
2026-06-30 15:00:00+05:30,1348.0999755859375,1348.699951171875,1343.800048828125,1345.5,1480913,0.0,0.0
2026-06-30 15:15:00+05:30,1345.5,1352.9000244140625,1344.9000244140625,1345.699951171875,1118351,0.0,0.0
2026-07-01 09:15:00+05:30,1354.699951171875,1354.699951171875,1346.4000244140625,1350.0,43945,0.0,0.0
2026-07-01 09:30:00+05:30,1350.0999755859375,1353.0,1348.0,1352.9000244140625,68005,0.0,0.0
2026-07-01 09:45:00+05:30,1353.0,1359.9000244140625,1351.5999755859375,1359.699951171875,64274,0.0,0.0
2026-07-01 10:00:00+05:30,1359.0999755859375,1364.4000244140625,1355.199951171875,1364.0,134931,0.0,0.0
2026-07-01 10:15:00+05:30,1363.9000244140625,1366.9000244140625,1363.0999755859375,1365.0,102179,0.0,0.0
2026-07-01 10:30:00+05:30,1365.0,1365.699951171875,1360.800048828125,1361.9000244140625,54677,0.0,0.0
2026-07-01 10:45:00+05:30,1361.800048828125,1363.199951171875,1360.800048828125,1362.4000244140625,39223,0.0,0.0
2026-07-01 11:00:00+05:30,1362.4000244140625,1367.800048828125,1362.199951171875,1367.800048828125,81025,0.0,0.0
2026-07-01 11:15:00+05:30,1368.5,1372.5,1367.5999755859375,1370.800048828125,133764,0.0,0.0
2026-07-01 11:30:00+05:30,1370.800048828125,1371.199951171875,1368.0,1371.0,54513,0.0,0.0
2026-07-01 11:45:00+05:30,1371.0999755859375,1373.0,1370.5,1372.800048828125,99271,0.0,0.0
2026-07-01 12:00:00+05:30,1372.800048828125,1375.5999755859375,1372.699951171875,1374.5999755859375,93055,0.0,0.0
2026-07-01 12:15:00+05:30,1374.699951171875,1376.9000244140625,1372.800048828125,1375.0,128799,0.0,0.0
2026-07-01 12:30:00+05:30,1375.0,1377.699951171875,1374.9000244140625,1375.800048828125,120599,0.0,0.0
2026-07-01 12:45:00+05:30,1375.5,1377.4000244140625,1374.699951171875,1376.9000244140625,93707,0.0,0.0
2026-07-01 13:00:00+05:30,1376.300048828125,1377.4000244140625,1373.699951171875,1376.5,113886,0.0,0.0
2026-07-01 13:15:00+05:30,1376.9000244140625,1377.0999755859375,1375.0,1375.4000244140625,76227,0.0,0.0
2026-07-01 13:30:00+05:30,1375.4000244140625,1377.0,1372.5,1374.9000244140625,144256,0.0,0.0
2026-07-01 13:45:00+05:30,1374.9000244140625,1376.300048828125,1373.5,1374.199951171875,77407,0.0,0.0
2026-07-01 14:00:00+05:30,1374.0999755859375,1375.0999755859375,1372.0999755859375,1374.800048828125,122357,0.0,0.0
2026-07-01 14:15:00+05:30,1374.5999755859375,1374.9000244140625,1372.300048828125,1372.4000244140625,84946,0.0,0.0
2026-07-01 14:30:00+05:30,1372.5,1373.5,1368.0,1370.199951171875,163463,0.0,0.0
2026-07-01 14:45:00+05:30,1370.300048828125,1372.699951171875,1369.0,1372.5,237280,0.0,0.0
2026-07-01 15:00:00+05:30,1372.300048828125,1373.0,1367.699951171875,1368.5999755859375,408748,0.0,0.0
2026-07-01 15:15:00+05:30,1369.0,1369.5999755859375,1363.0,1368.699951171875,335652,0.0,0.0
2026-07-02 09:15:00+05:30,1372.800048828125,1372.800048828125,1364.0999755859375,1370.199951171875,72658,0.0,0.0
2026-07-02 09:30:00+05:30,1370.0999755859375,1375.300048828125,1370.0999755859375,1374.5999755859375,190143,0.0,0.0
2026-07-02 09:45:00+05:30,1374.5,1374.5999755859375,1366.5,1368.5999755859375,121476,0.0,0.0
2026-07-02 10:00:00+05:30,1368.5999755859375,1369.4000244140625,1365.5999755859375,1365.5999755859375,61516,0.0,0.0
2026-07-02 10:15:00+05:30,1366.0,1368.4000244140625,1365.5,1367.800048828125,50733,0.0,0.0
2026-07-02 10:30:00+05:30,1367.5999755859375,1367.699951171875,1365.5,1366.4000244140625,126649,0.0,0.0
2026-07-02 10:45:00+05:30,1366.5999755859375,1367.699951171875,1362.4000244140625,1363.4000244140625,195079,0.0,0.0
2026-07-02 11:00:00+05:30,1363.0,1364.699951171875,1361.9000244140625,1364.699951171875,80298,0.0,0.0
2026-07-02 11:15:00+05:30,1364.5999755859375,1364.800048828125,1361.0,1362.5999755859375,71499,0.0,0.0
2026-07-02 11:30:00+05:30,1362.5999755859375,1363.0,1358.199951171875,1360.9000244140625,125866,0.0,0.0
2026-07-02 11:45:00+05:30,1360.9000244140625,1364.5999755859375,1360.0,1362.5,300228,0.0,0.0
2026-07-02 12:00:00+05:30,1362.5,1367.800048828125,1361.9000244140625,1367.0999755859375,655594,0.0,0.0
2026-07-02 12:15:00+05:30,1367.4000244140625,1370.800048828125,1366.0,1370.0,61995,0.0,0.0
2026-07-02 12:30:00+05:30,1369.9000244140625,1369.9000244140625,1366.199951171875,1366.5,71378,0.0,0.0
2026-07-02 12:45:00+05:30,1366.5,1367.4000244140625,1362.0999755859375,1363.199951171875,75215,0.0,0.0
2026-07-02 13:00:00+05:30,1363.0,1365.0,1361.699951171875,1363.699951171875,68790,0.0,0.0
2026-07-02 13:15:00+05:30,1363.4000244140625,1364.5999755859375,1361.5,1362.300048828125,141863,0.0,0.0
2026-07-02 13:30:00+05:30,1361.699951171875,1363.4000244140625,1360.9000244140625,1361.800048828125,80433,0.0,0.0
2026-07-02 13:45:00+05:30,1361.800048828125,1364.0999755859375,1360.4000244140625,1361.199951171875,87729,0.0,0.0
2026-07-02 14:00:00+05:30,1360.800048828125,1362.699951171875,1360.5999755859375,1361.199951171875,53472,0.0,0.0
2026-07-02 14:15:00+05:30,1361.300048828125,1363.199951171875,1360.300048828125,1361.5,73962,0.0,0.0
2026-07-02 14:30:00+05:30,1361.300048828125,1366.800048828125,1360.800048828125,1365.699951171875,118184,0.0,0.0
2026-07-02 14:45:00+05:30,1365.5999755859375,1367.699951171875,1364.800048828125,1367.199951171875,199640,0.0,0.0
2026-07-02 15:00:00+05:30,1367.5,1367.5,1361.5999755859375,1362.300048828125,459248,0.0,0.0
2026-07-02 15:15:00+05:30,1362.199951171875,1362.5999755859375,1358.800048828125,1362.5999755859375,373543,0.0,0.0
2026-07-03 09:15:00+05:30,1372.699951171875,1372.699951171875,1361.0,1365.300048828125,167858,0.0,0.0
2026-07-03 09:30:00+05:30,1366.0,1368.4000244140625,1364.5,1365.300048828125,319286,0.0,0.0
2026-07-03 09:45:00+05:30,1365.4000244140625,1369.5999755859375,1364.800048828125,1368.0999755859375,210051,0.0,0.0
2026-07-03 10:00:00+05:30,1368.199951171875,1368.699951171875,1358.699951171875,1359.4000244140625,78695,0.0,0.0
2026-07-03 10:15:00+05:30,1359.800048828125,1361.4000244140625,1358.5,1359.800048828125,64382,0.0,0.0
2026-07-03 10:30:00+05:30,1359.800048828125,1360.4000244140625,1357.4000244140625,1359.4000244140625,61472,0.0,0.0
2026-07-03 10:45:00+05:30,1359.699951171875,1360.0,1357.0999755859375,1357.699951171875,70805,0.0,0.0
2026-07-03 11:00:00+05:30,1357.699951171875,1359.199951171875,1352.800048828125,1353.699951171875,326928,0.0,0.0
2026-07-03 11:15:00+05:30,1353.9000244140625,1356.199951171875,1352.9000244140625,1355.9000244140625,74588,0.0,0.0
2026-07-03 11:30:00+05:30,1355.9000244140625,1356.800048828125,1353.9000244140625,1356.699951171875,48443,0.0,0.0
2026-07-03 11:45:00+05:30,1356.5999755859375,1357.5999755859375,1354.9000244140625,1356.0999755859375,52657,0.0,0.0
2026-07-03 12:00:00+05:30,1356.5999755859375,1357.800048828125,1355.0999755859375,1357.4000244140625,72804,0.0,0.0
2026-07-03 12:15:00+05:30,1357.4000244140625,1358.699951171875,1356.0,1356.9000244140625,57870,0.0,0.0
2026-07-03 12:30:00+05:30,1356.9000244140625,1357.5999755859375,1355.699951171875,1357.0999755859375,56139,0.0,0.0
2026-07-03 12:45:00+05:30,1357.5999755859375,1357.5999755859375,1353.5999755859375,1355.699951171875,76754,0.0,0.0
2026-07-03 13:00:00+05:30,1355.699951171875,1355.9000244140625,1351.5,1353.0,99768,0.0,0.0
2026-07-03 13:15:00+05:30,1353.0,1354.0,1352.0,1352.699951171875,61842,0.0,0.0
2026-07-03 13:30:00+05:30,1352.9000244140625,1352.9000244140625,1350.0,1351.800048828125,125445,0.0,0.0
2026-07-03 13:45:00+05:30,1351.9000244140625,1353.0,1350.9000244140625,1351.5999755859375,82816,0.0,0.0
2026-07-03 14:00:00+05:30,1351.5,1352.5999755859375,1345.0,1345.300048828125,127648,0.0,0.0
2026-07-03 14:15:00+05:30,1345.300048828125,1345.5999755859375,1338.5,1339.199951171875,133477,0.0,0.0
2026-07-03 14:30:00+05:30,1339.4000244140625,1342.800048828125,1338.9000244140625,1342.4000244140625,146737,0.0,0.0
2026-07-03 14:45:00+05:30,1342.699951171875,1343.0,1340.0,1340.5999755859375,177869,0.0,0.0
2026-07-03 15:00:00+05:30,1341.0,1343.199951171875,1340.0,1341.300048828125,297270,0.0,0.0
2026-07-03 15:15:00+05:30,1341.4000244140625,1344.0,1341.0999755859375,1342.5999755859375,343660,0.0,0.0
2026-07-06 09:15:00+05:30,1355.800048828125,1370.9000244140625,1355.800048828125,1362.199951171875,253827,0.0,0.0
2026-07-06 09:30:00+05:30,1362.300048828125,1367.0,1361.0999755859375,1364.699951171875,178739,0.0,0.0
2026-07-06 09:45:00+05:30,1364.5,1367.0999755859375,1364.0999755859375,1365.699951171875,326739,0.0,0.0
2026-07-06 10:00:00+05:30,1365.5999755859375,1366.300048828125,1362.9000244140625,1363.800048828125,76859,0.0,0.0
2026-07-06 10:15:00+05:30,1363.9000244140625,1363.9000244140625,1356.5,1356.5,186935,0.0,0.0
2026-07-06 10:30:00+05:30,1356.699951171875,1357.0,1348.199951171875,1348.9000244140625,406973,0.0,0.0
2026-07-06 10:45:00+05:30,1349.0999755859375,1353.0,1348.699951171875,1352.800048828125,202795,0.0,0.0
2026-07-06 11:00:00+05:30,1352.5,1353.800048828125,1349.9000244140625,1352.9000244140625,121986,0.0,0.0
2026-07-06 11:15:00+05:30,1352.9000244140625,1355.0,1350.5,1351.5999755859375,110335,0.0,0.0
2026-07-06 11:30:00+05:30,1351.800048828125,1351.800048828125,1342.0999755859375,1343.199951171875,268449,0.0,0.0
2026-07-06 11:45:00+05:30,1343.199951171875,1349.5,1342.199951171875,1349.300048828125,135078,0.0,0.0
2026-07-06 12:00:00+05:30,1349.300048828125,1351.199951171875,1346.699951171875,1349.9000244140625,138268,0.0,0.0
2026-07-06 12:15:00+05:30,1349.9000244140625,1351.0,1348.300048828125,1349.699951171875,135745,0.0,0.0
2026-07-06 12:30:00+05:30,1349.5,1351.800048828125,1348.4000244140625,1349.5,120321,0.0,0.0
2026-07-06 12:45:00+05:30,1349.5,1349.699951171875,1345.5999755859375,1348.0,172372,0.0,0.0
2026-07-06 13:00:00+05:30,1348.0,1352.0999755859375,1342.4000244140625,1350.4000244140625,184226,0.0,0.0
2026-07-06 13:15:00+05:30,1350.5999755859375,1351.0,1344.9000244140625,1346.5999755859375,121731,0.0,0.0
2026-07-06 13:30:00+05:30,1346.699951171875,1347.199951171875,1345.5,1345.5,62783,0.0,0.0
2026-07-06 13:45:00+05:30,1345.5999755859375,1346.5,1340.5999755859375,1341.199951171875,161993,0.0,0.0
2026-07-06 14:00:00+05:30,1341.4000244140625,1341.699951171875,1339.0,1339.0,141003,0.0,0.0
2026-07-06 14:15:00+05:30,1339.0,1340.9000244140625,1336.5999755859375,1337.300048828125,227460,0.0,0.0
2026-07-06 14:30:00+05:30,1337.5,1338.4000244140625,1335.5999755859375,1336.5,119730,0.0,0.0
2026-07-06 14:45:00+05:30,1336.5999755859375,1338.9000244140625,1336.0,1337.5999755859375,119736,0.0,0.0
2026-07-06 15:00:00+05:30,1337.5999755859375,1342.0999755859375,1337.5999755859375,1341.0999755859375,293728,0.0,0.0
2026-07-06 15:15:00+05:30,1341.0,1341.4000244140625,1337.199951171875,1338.0,367215,0.0,0.0
2026-07-07 09:15:00+05:30,1345.4000244140625,1346.4000244140625,1338.9000244140625,1345.800048828125,111636,0.0,0.0
2026-07-07 09:30:00+05:30,1345.699951171875,1356.9000244140625,1344.4000244140625,1348.9000244140625,1828258,0.0,0.0
2026-07-07 09:45:00+05:30,1349.0999755859375,1350.800048828125,1346.0,1347.0999755859375,147014,0.0,0.0
2026-07-07 10:00:00+05:30,1347.5,1347.9000244140625,1344.699951171875,1345.5,189532,0.0,0.0
2026-07-07 10:15:00+05:30,1345.5999755859375,1348.4000244140625,1345.5,1347.5,160822,0.0,0.0
2026-07-07 10:30:00+05:30,1347.5,1352.699951171875,1347.199951171875,1347.699951171875,224087,0.0,0.0
2026-07-07 10:45:00+05:30,1347.699951171875,1350.699951171875,1346.0,1347.0,165160,0.0,0.0
2026-07-07 11:00:00+05:30,1346.800048828125,1348.199951171875,1344.9000244140625,1347.800048828125,236733,0.0,0.0
2026-07-07 11:15:00+05:30,1347.800048828125,1350.300048828125,1346.5,1347.4000244140625,134221,0.0,0.0
2026-07-07 11:30:00+05:30,1347.4000244140625,1350.5,1345.5,1346.300048828125,255409,0.0,0.0
2026-07-07 11:45:00+05:30,1346.0999755859375,1349.4000244140625,1345.5999755859375,1348.300048828125,191615,0.0,0.0
2026-07-07 12:00:00+05:30,1348.5,1348.800048828125,1344.800048828125,1345.5999755859375,204728,0.0,0.0
2026-07-07 12:15:00+05:30,1346.0999755859375,1346.0999755859375,1343.5999755859375,1344.9000244140625,134013,0.0,0.0
2026-07-07 12:30:00+05:30,1344.800048828125,1345.0,1342.4000244140625,1344.300048828125,160720,0.0,0.0
2026-07-07 12:45:00+05:30,1344.300048828125,1345.0,1342.800048828125,1344.800048828125,162179,0.0,0.0
2026-07-07 13:00:00+05:30,1344.5,1345.699951171875,1344.0999755859375,1344.9000244140625,84614,0.0,0.0
2026-07-07 13:15:00+05:30,1344.9000244140625,1345.0,1342.800048828125,1343.199951171875,73858,0.0,0.0
2026-07-07 13:30:00+05:30,1343.300048828125,1344.0999755859375,1340.300048828125,1341.800048828125,119272,0.0,0.0
2026-07-07 13:45:00+05:30,1341.699951171875,1343.0999755859375,1341.199951171875,1341.699951171875,113202,0.0,0.0
2026-07-07 14:00:00+05:30,1341.5999755859375,1343.5999755859375,1341.199951171875,1342.5,128505,0.0,0.0
2026-07-07 14:15:00+05:30,1342.4000244140625,1344.5999755859375,1342.4000244140625,1343.5999755859375,112390,0.0,0.0
2026-07-07 14:30:00+05:30,1343.699951171875,1345.4000244140625,1343.5,1345.0,153107,0.0,0.0
2026-07-07 14:45:00+05:30,1345.0999755859375,1346.5,1343.9000244140625,1344.5999755859375,177339,0.0,0.0
2026-07-07 15:00:00+05:30,1345.0,1345.0,1339.0,1339.5999755859375,434879,0.0,0.0
2026-07-07 15:15:00+05:30,1339.699951171875,1341.0999755859375,1336.199951171875,1341.0,320951,0.0,0.0
2026-07-08 09:15:00+05:30,1334.699951171875,1339.199951171875,1330.5999755859375,1333.199951171875,125038,0.0,0.0
2026-07-08 09:30:00+05:30,1332.800048828125,1332.800048828125,1328.699951171875,1331.0,146709,0.0,0.0
2026-07-08 09:45:00+05:30,1331.300048828125,1335.699951171875,1330.5,1330.699951171875,219600,0.0,0.0
2026-07-08 10:00:00+05:30,1330.699951171875,1333.5999755859375,1330.0999755859375,1331.800048828125,123571,0.0,0.0
2026-07-08 10:15:00+05:30,1331.5,1333.699951171875,1330.5999755859375,1332.199951171875,94238,0.0,0.0
2026-07-08 10:30:00+05:30,1332.0,1334.9000244140625,1331.5,1333.0999755859375,134482,0.0,0.0
2026-07-08 10:45:00+05:30,1333.0,1333.800048828125,1331.300048828125,1332.0999755859375,95899,0.0,0.0
2026-07-08 11:00:00+05:30,1331.699951171875,1332.699951171875,1330.0999755859375,1330.800048828125,114131,0.0,0.0
2026-07-08 11:15:00+05:30,1330.800048828125,1330.800048828125,1328.699951171875,1329.800048828125,200968,0.0,0.0
2026-07-08 11:30:00+05:30,1329.300048828125,1330.300048828125,1319.300048828125,1320.4000244140625,362573,0.0,0.0
2026-07-08 11:45:00+05:30,1320.800048828125,1322.5999755859375,1314.5,1318.699951171875,552382,0.0,0.0
2026-07-08 12:00:00+05:30,1318.5999755859375,1325.199951171875,1317.800048828125,1319.5,348918,0.0,0.0
2026-07-08 12:15:00+05:30,1319.0,1320.5999755859375,1316.5,1317.0,123959,0.0,0.0
2026-07-08 12:30:00+05:30,1317.0999755859375,1325.300048828125,1316.0999755859375,1323.300048828125,365862,0.0,0.0
2026-07-08 12:45:00+05:30,1323.4000244140625,1329.0999755859375,1323.300048828125,1327.0,288405,0.0,0.0
2026-07-08 13:00:00+05:30,1327.0,1339.0,1326.9000244140625,1333.4000244140625,600411,0.0,0.0
2026-07-08 13:15:00+05:30,1333.199951171875,1334.800048828125,1331.4000244140625,1332.199951171875,157723,0.0,0.0
2026-07-08 13:30:00+05:30,1332.300048828125,1333.300048828125,1330.5999755859375,1332.5,109471,0.0,0.0
2026-07-08 13:45:00+05:30,1332.199951171875,1333.800048828125,1322.0999755859375,1322.9000244140625,211396,0.0,0.0
2026-07-08 14:00:00+05:30,1323.0999755859375,1324.0999755859375,1310.0,1311.4000244140625,427464,0.0,0.0
2026-07-08 14:15:00+05:30,1311.5,1314.5999755859375,1306.9000244140625,1306.9000244140625,200210,0.0,0.0
2026-07-08 14:30:00+05:30,1307.0999755859375,1311.0,1305.199951171875,1306.9000244140625,287025,0.0,0.0
2026-07-08 14:45:00+05:30,1306.800048828125,1308.4000244140625,1304.0,1307.0,360272,0.0,0.0
2026-07-08 15:00:00+05:30,1308.9000244140625,1311.300048828125,1305.300048828125,1309.300048828125,535967,0.0,0.0
2026-07-08 15:15:00+05:30,1309.300048828125,1314.0,1309.300048828125,1310.9000244140625,390047,0.0,0.0
2026-07-09 09:15:00+05:30,1313.199951171875,1321.4000244140625,1310.699951171875,1318.0,67470,0.0,0.0
2026-07-09 09:30:00+05:30,1318.0999755859375,1319.5999755859375,1312.0,1313.0999755859375,92635,0.0,0.0
2026-07-09 09:45:00+05:30,1313.300048828125,1316.5,1313.0,1314.800048828125,55516,0.0,0.0
2026-07-09 10:00:00+05:30,1314.5999755859375,1318.300048828125,1314.5999755859375,1315.699951171875,62106,0.0,0.0
2026-07-09 10:15:00+05:30,1315.4000244140625,1315.5999755859375,1310.699951171875,1311.5999755859375,58130,0.0,0.0
2026-07-09 10:30:00+05:30,1311.5999755859375,1315.5999755859375,1305.4000244140625,1309.699951171875,376524,0.0,0.0
2026-07-09 10:45:00+05:30,1309.699951171875,1309.699951171875,1303.800048828125,1303.9000244140625,127875,0.0,0.0
2026-07-09 11:00:00+05:30,1303.9000244140625,1306.0999755859375,1301.699951171875,1305.300048828125,111457,0.0,0.0
2026-07-09 11:15:00+05:30,1305.300048828125,1320.0,1303.699951171875,1318.0999755859375,607205,0.0,0.0
2026-07-09 11:30:00+05:30,1317.9000244140625,1318.0,1313.0999755859375,1315.199951171875,151774,0.0,0.0
2026-07-09 11:45:00+05:30,1315.4000244140625,1315.4000244140625,1310.699951171875,1310.9000244140625,95049,0.0,0.0
2026-07-09 12:00:00+05:30,1311.300048828125,1313.4000244140625,1308.0999755859375,1309.699951171875,85459,0.0,0.0
2026-07-09 12:15:00+05:30,1309.699951171875,1310.4000244140625,1306.0,1307.800048828125,144947,0.0,0.0
2026-07-09 12:30:00+05:30,1307.9000244140625,1307.9000244140625,1301.5999755859375,1302.5999755859375,337069,0.0,0.0
2026-07-09 12:45:00+05:30,1303.0,1305.5999755859375,1300.4000244140625,1304.300048828125,426867,0.0,0.0
2026-07-09 13:00:00+05:30,1304.300048828125,1305.4000244140625,1303.4000244140625,1304.699951171875,156675,0.0,0.0
2026-07-09 13:15:00+05:30,1305.0,1305.0,1301.0,1303.5999755859375,119180,0.0,0.0
2026-07-09 13:30:00+05:30,1303.4000244140625,1306.300048828125,1303.4000244140625,1304.5999755859375,212556,0.0,0.0
2026-07-09 13:45:00+05:30,1304.5999755859375,1305.4000244140625,1303.0999755859375,1304.0999755859375,101537,0.0,0.0
2026-07-09 14:00:00+05:30,1304.0999755859375,1304.199951171875,1302.0,1303.5,165847,0.0,0.0
2026-07-09 14:15:00+05:30,1303.5999755859375,1304.5999755859375,1302.0,1303.699951171875,124917,0.0,0.0
2026-07-09 14:30:00+05:30,1303.5999755859375,1304.5999755859375,1298.800048828125,1299.0,485625,0.0,0.0
2026-07-09 14:45:00+05:30,1299.199951171875,1300.0999755859375,1298.199951171875,1299.4000244140625,154822,0.0,0.0
2026-07-09 15:00:00+05:30,1298.0999755859375,1298.4000244140625,1292.199951171875,1295.0999755859375,516398,0.0,0.0
2026-07-09 15:15:00+05:30,1295.0999755859375,1302.9000244140625,1295.0999755859375,1297.5999755859375,580308,0.0,0.0
2026-07-10 09:15:00+05:30,1304.9000244140625,1314.5,1304.9000244140625,1313.800048828125,67182,1.0,0.0
2026-07-10 09:30:00+05:30,1314.0,1322.4000244140625,1313.9000244140625,1318.5,190296,0.0,0.0
2026-07-10 09:45:00+05:30,1319.5,1320.300048828125,1318.5,1320.199951171875,84087,0.0,0.0
2026-07-10 10:00:00+05:30,1320.0999755859375,1321.5,1317.0999755859375,1317.699951171875,84416,0.0,0.0
2026-07-10 10:15:00+05:30,1317.699951171875,1318.9000244140625,1316.800048828125,1318.5,52668,0.0,0.0
2026-07-10 10:30:00+05:30,1318.9000244140625,1319.0,1317.699951171875,1317.9000244140625,57400,0.0,0.0
2026-07-10 10:45:00+05:30,1317.699951171875,1323.9000244140625,1317.5999755859375,1319.0,132362,0.0,0.0
2026-07-10 11:00:00+05:30,1318.800048828125,1321.5,1317.4000244140625,1319.4000244140625,268899,0.0,0.0
2026-07-10 11:15:00+05:30,1319.4000244140625,1320.0,1315.300048828125,1315.800048828125,122742,0.0,0.0
2026-07-10 11:30:00+05:30,1316.0,1317.4000244140625,1315.199951171875,1316.0,75498,0.0,0.0
2026-07-10 11:45:00+05:30,1315.800048828125,1317.0,1315.199951171875,1315.800048828125,56936,0.0,0.0
2026-07-10 12:00:00+05:30,1316.0,1318.199951171875,1315.5999755859375,1315.699951171875,71159,0.0,0.0
2026-07-10 12:15:00+05:30,1315.9000244140625,1317.699951171875,1314.300048828125,1316.5,96255,0.0,0.0
2026-07-10 12:30:00+05:30,1316.5999755859375,1318.0,1315.4000244140625,1317.0999755859375,79908,0.0,0.0
2026-07-10 12:45:00+05:30,1317.300048828125,1323.300048828125,1316.5,1321.5,361161,0.0,0.0
2026-07-10 13:00:00+05:30,1321.699951171875,1322.0999755859375,1318.5,1319.800048828125,78885,0.0,0.0
2026-07-10 13:15:00+05:30,1319.9000244140625,1321.199951171875,1317.5999755859375,1320.199951171875,68833,0.0,0.0
2026-07-10 13:30:00+05:30,1320.5,1321.0999755859375,1319.300048828125,1320.800048828125,64533,0.0,0.0
2026-07-10 13:45:00+05:30,1321.199951171875,1322.300048828125,1318.300048828125,1319.5,132174,0.0,0.0
2026-07-10 14:00:00+05:30,1319.5999755859375,1320.0,1317.5,1319.699951171875,48009,0.0,0.0
2026-07-10 14:15:00+05:30,1319.699951171875,1320.0,1318.699951171875,1319.9000244140625,52468,0.0,0.0
2026-07-10 14:30:00+05:30,1320.0,1320.199951171875,1318.199951171875,1318.5999755859375,74348,0.0,0.0
2026-07-10 14:45:00+05:30,1318.699951171875,1326.5,1318.5,1324.9000244140625,311620,0.0,0.0
2026-07-10 15:00:00+05:30,1325.0,1325.5,1322.300048828125,1324.199951171875,356006,0.0,0.0
2026-07-10 15:15:00+05:30,1323.9000244140625,1325.300048828125,1322.5999755859375,1323.699951171875,435507,0.0,0.0
