Datetime,Open,High,Low,Close,Volume,Dividends,Stock Splits
2026-04-20 09:15:00+05:30,1864.0,1864.0,1848.800048828125,1848.800048828125,434700,0.0,0.0
2026-04-20 09:30:00+05:30,1848.5,1854.0,1846.0,1850.5,608793,0.0,0.0
2026-04-20 09:45:00+05:30,1850.300048828125,1851.4000244140625,1846.5999755859375,1847.0,384559,0.0,0.0
2026-04-20 10:00:00+05:30,1847.0,1848.800048828125,1846.4000244140625,1846.9000244140625,109536,0.0,0.0
2026-04-20 15:00:00+05:30,1846.9000244140625,1849.5999755859375,1845.0,1845.5999755859375,6264407,0.0,0.0
2026-04-20 15:15:00+05:30,1845.4000244140625,1849.300048828125,1839.5,1846.0999755859375,1078762,0.0,0.0
2026-04-21 09:15:00+05:30,1834.4000244140625,1854.5999755859375,1834.4000244140625,1850.5,158982,0.0,0.0
2026-04-21 09:30:00+05:30,1850.5,1857.4000244140625,1850.5,1856.4000244140625,205767,0.0,0.0
2026-04-21 09:45:00+05:30,1856.5999755859375,1860.5,1856.5999755859375,1858.9000244140625,256852,0.0,0.0
2026-04-21 10:00:00+05:30,1858.9000244140625,1861.0,1858.9000244140625,1859.0,167940,0.0,0.0
2026-04-21 10:15:00+05:30,1858.800048828125,1859.0,1855.5,1857.0999755859375,136250,0.0,0.0
2026-04-21 10:30:00+05:30,1857.0999755859375,1862.5,1856.5,1862.5,273302,0.0,0.0
2026-04-21 10:45:00+05:30,1862.5,1866.0,1861.0999755859375,1864.5999755859375,249249,0.0,0.0
2026-04-21 11:00:00+05:30,1864.0999755859375,1868.699951171875,1862.699951171875,1864.9000244140625,610982,0.0,0.0
2026-04-21 11:15:00+05:30,1864.699951171875,1867.199951171875,1863.0999755859375,1866.300048828125,726765,0.0,0.0
2026-04-21 11:30:00+05:30,1866.300048828125,1866.800048828125,1860.9000244140625,1863.199951171875,293569,0.0,0.0
2026-04-21 11:45:00+05:30,1863.0999755859375,1865.5999755859375,1863.0,1864.300048828125,231848,0.0,0.0
2026-04-21 12:00:00+05:30,1864.300048828125,1865.300048828125,1846.0999755859375,1863.5999755859375,308965,0.0,0.0
2026-04-21 12:15:00+05:30,1863.4000244140625,1864.699951171875,1859.199951171875,1862.5,426635,0.0,0.0
2026-04-21 12:30:00+05:30,1862.9000244140625,1865.0,1861.5999755859375,1863.9000244140625,446897,0.0,0.0
2026-04-21 12:45:00+05:30,1863.699951171875,1864.0,1860.5999755859375,1862.300048828125,416681,0.0,0.0
2026-04-21 13:00:00+05:30,1862.199951171875,1865.4000244140625,1861.5999755859375,1862.5999755859375,347166,0.0,0.0
2026-04-21 13:15:00+05:30,1862.9000244140625,1862.9000244140625,1860.5999755859375,1862.0999755859375,364243,0.0,0.0
2026-04-21 13:30:00+05:30,1862.0,1863.0,1859.4000244140625,1860.300048828125,341614,0.0,0.0
2026-04-21 13:45:00+05:30,1860.300048828125,1862.300048828125,1859.0,1860.300048828125,239420,0.0,0.0
2026-04-21 14:00:00+05:30,1860.5999755859375,1861.199951171875,1857.199951171875,1859.699951171875,469250,0.0,0.0
2026-04-21 14:15:00+05:30,1859.5999755859375,1862.199951171875,1858.0999755859375,1861.300048828125,387897,0.0,0.0
2026-04-21 14:30:00+05:30,1861.199951171875,1861.5999755859375,1855.0,1855.4000244140625,235857,0.0,0.0
2026-04-21 14:45:00+05:30,1855.4000244140625,1855.4000244140625,1851.800048828125,1854.300048828125,413550,0.0,0.0
2026-04-21 15:00:00+05:30,1854.300048828125,1860.0,1852.0,1854.9000244140625,1721733,0.0,0.0
2026-04-21 15:15:00+05:30,1854.4000244140625,1859.0,1852.9000244140625,1855.0,674131,0.0,0.0
2026-04-22 09:15:00+05:30,1853.9000244140625,1857.9000244140625,1849.199951171875,1850.5,154100,0.0,0.0
2026-04-22 09:30:00+05:30,1850.4000244140625,1850.5,1846.0,1846.5,138706,0.0,0.0
2026-04-22 09:45:00+05:30,1846.4000244140625,1846.5999755859375,1840.5999755859375,1841.300048828125,163704,0.0,0.0
2026-04-22 10:00:00+05:30,1840.699951171875,1840.800048828125,1837.5,1837.5999755859375,165584,0.0,0.0
2026-04-22 10:15:00+05:30,1837.0999755859375,1838.199951171875,1835.0999755859375,1836.9000244140625,256922,0.0,0.0
2026-04-22 10:30:00+05:30,1836.5999755859375,1841.9000244140625,1836.5999755859375,1841.300048828125,141766,0.0,0.0
2026-04-22 10:45:00+05:30,1841.300048828125,1844.4000244140625,1841.0999755859375,1843.0999755859375,196360,0.0,0.0
2026-04-22 11:00:00+05:30,1843.0999755859375,1844.199951171875,1840.5999755859375,1841.300048828125,129554,0.0,0.0
2026-04-22 11:15:00+05:30,1841.4000244140625,1842.9000244140625,1840.5,1842.300048828125,158891,0.0,0.0
2026-04-22 11:30:00+05:30,1842.4000244140625,1843.800048828125,1842.0,1842.0999755859375,116036,0.0,0.0
2026-04-22 11:45:00+05:30,1842.0,1842.0999755859375,1839.699951171875,1840.4000244140625,328226,0.0,0.0
2026-04-22 12:00:00+05:30,1840.5,1841.199951171875,1837.9000244140625,1838.300048828125,223959,0.0,0.0
2026-04-22 12:15:00+05:30,1838.4000244140625,1840.5999755859375,1837.9000244140625,1839.9000244140625,241557,0.0,0.0
2026-04-22 12:30:00+05:30,1839.9000244140625,1841.5,1839.0,1841.199951171875,137418,0.0,0.0
2026-04-22 12:45:00+05:30,1841.300048828125,1841.5999755859375,1840.0,1841.5999755859375,73061,0.0,0.0
2026-04-22 13:00:00+05:30,1841.4000244140625,1841.4000244140625,1840.300048828125,1841.0999755859375,77216,0.0,0.0
2026-04-22 13:15:00+05:30,1841.0999755859375,1841.0999755859375,1837.0,1839.300048828125,192101,0.0,0.0
2026-04-22 13:30:00+05:30,1839.199951171875,1839.5,1836.0,1836.5,135590,0.0,0.0
2026-04-22 13:45:00+05:30,1836.5,1836.699951171875,1832.800048828125,1835.0999755859375,201741,0.0,0.0
2026-04-22 14:00:00+05:30,1834.9000244140625,1835.0999755859375,1831.300048828125,1833.699951171875,275172,0.0,0.0
2026-04-22 14:15:00+05:30,1833.699951171875,1834.4000244140625,1832.5,1833.5999755859375,145147,0.0,0.0
2026-04-22 14:30:00+05:30,1833.5999755859375,1835.699951171875,1833.300048828125,1833.800048828125,180898,0.0,0.0
2026-04-22 14:45:00+05:30,1833.699951171875,1836.0,1833.5999755859375,1834.0,208079,0.0,0.0
2026-04-22 15:00:00+05:30,1834.0,1834.0,1826.5,1826.9000244140625,677691,0.0,0.0
2026-04-22 15:15:00+05:30,1826.9000244140625,1831.0,1826.9000244140625,1829.0,744882,0.0,0.0
2026-04-23 09:15:00+05:30,1827.5,1827.5,1812.5,1825.5,177212,0.0,0.0
2026-04-23 09:30:00+05:30,1826.0,1831.0,1823.800048828125,1830.9000244140625,216496,0.0,0.0
2026-04-23 09:45:00+05:30,1830.800048828125,1835.0,1830.0,1833.0,185411,0.0,0.0
2026-04-23 10:00:00+05:30,1833.5,1834.699951171875,1830.800048828125,1834.699951171875,155527,0.0,0.0
2026-04-23 10:15:00+05:30,1834.699951171875,1838.0,1830.9000244140625,1837.5,515329,0.0,0.0
2026-04-23 10:30:00+05:30,1837.5,1837.699951171875,1834.800048828125,1836.4000244140625,232331,0.0,0.0
2026-04-23 10:45:00+05:30,1836.4000244140625,1836.4000244140625,1833.199951171875,1835.699951171875,237687,0.0,0.0
2026-04-23 11:00:00+05:30,1835.800048828125,1837.5,1833.199951171875,1834.800048828125,214351,0.0,0.0
2026-04-23 11:15:00+05:30,1834.800048828125,1837.0,1833.199951171875,1835.9000244140625,208493,0.0,0.0
2026-04-23 11:30:00+05:30,1835.4000244140625,1837.0,1833.5999755859375,1836.4000244140625,217086,0.0,0.0
2026-04-23 11:45:00+05:30,1836.5,1837.9000244140625,1834.0,1834.0,213364,0.0,0.0
2026-04-23 12:00:00+05:30,1834.5,1836.0,1833.699951171875,1835.800048828125,103016,0.0,0.0
2026-04-23 12:15:00+05:30,1835.699951171875,1836.800048828125,1831.4000244140625,1832.0999755859375,120391,0.0,0.0
2026-04-23 12:30:00+05:30,1832.199951171875,1833.0,1830.0,1832.0,176858,0.0,0.0
2026-04-23 12:45:00+05:30,1832.4000244140625,1836.800048828125,1830.5999755859375,1835.0,152492,0.0,0.0
2026-04-23 13:00:00+05:30,1835.5999755859375,1836.5,1835.199951171875,1835.9000244140625,128456,0.0,0.0
2026-04-23 13:15:00+05:30,1835.699951171875,1837.9000244140625,1835.0,1836.0,414112,0.0,0.0
2026-04-23 13:30:00+05:30,1836.0,1836.5,1828.800048828125,1830.0,177840,0.0,0.0
2026-04-23 13:45:00+05:30,1829.699951171875,1837.4000244140625,1829.0,1837.0,189960,0.0,0.0
2026-04-23 14:00:00+05:30,1837.199951171875,1837.5,1835.0,1837.4000244140625,204890,0.0,0.0
2026-04-23 14:15:00+05:30,1837.5,1841.0999755859375,1836.199951171875,1837.9000244140625,310976,0.0,0.0
2026-04-23 14:30:00+05:30,1838.0,1839.800048828125,1837.5,1839.199951171875,311398,0.0,0.0
2026-04-23 14:45:00+05:30,1839.199951171875,1842.9000244140625,1838.300048828125,1842.9000244140625,389774,0.0,0.0
2026-04-23 15:00:00+05:30,1842.800048828125,1844.800048828125,1838.199951171875,1840.5,1122912,0.0,0.0
2026-04-23 15:15:00+05:30,1840.4000244140625,1842.9000244140625,1838.0999755859375,1841.5,587959,0.0,0.0
2026-04-24 09:15:00+05:30,1845.0,1849.4000244140625,1824.0,1825.0,249445,0.0,0.0
2026-04-24 09:30:00+05:30,1824.5999755859375,1824.5999755859375,1818.0999755859375,1818.800048828125,228614,0.0,0.0
2026-04-24 09:45:00+05:30,1818.800048828125,1818.800048828125,1812.9000244140625,1815.0,278437,0.0,0.0
2026-04-24 10:00:00+05:30,1814.800048828125,1817.0,1814.0999755859375,1817.0,205385,0.0,0.0
2026-04-24 10:15:00+05:30,1816.9000244140625,1816.9000244140625,1812.5999755859375,1815.300048828125,121766,0.0,0.0
2026-04-24 10:30:00+05:30,1814.9000244140625,1817.0,1813.699951171875,1814.0999755859375,97548,0.0,0.0
2026-04-24 10:45:00+05:30,1814.0999755859375,1816.5,1812.199951171875,1814.199951171875,133592,0.0,0.0
2026-04-24 11:00:00+05:30,1814.699951171875,1820.4000244140625,1813.5,1820.0,213754,0.0,0.0
2026-04-24 11:15:00+05:30,1820.0999755859375,1821.4000244140625,1819.0,1820.9000244140625,95614,0.0,0.0
2026-04-24 11:30:00+05:30,1820.5999755859375,1825.199951171875,1820.5999755859375,1823.5,230187,0.0,0.0
2026-04-24 11:45:00+05:30,1823.199951171875,1823.300048828125,1817.5,1817.5,208166,0.0,0.0
2026-04-24 12:00:00+05:30,1817.699951171875,1820.9000244140625,1817.5999755859375,1818.5,169343,0.0,0.0
2026-04-24 12:15:00+05:30,1818.9000244140625,1819.0999755859375,1814.300048828125,1816.800048828125,107404,0.0,0.0
2026-04-24 12:30:00+05:30,1816.300048828125,1819.300048828125,1815.0,1815.5999755859375,137244,0.0,0.0
2026-04-24 12:45:00+05:30,1815.9000244140625,1818.9000244140625,1815.0,1817.199951171875,108257,0.0,0.0
2026-04-24 13:00:00+05:30,1816.9000244140625,1817.4000244140625,1815.0,1815.199951171875,200895,0.0,0.0
2026-04-24 13:15:00+05:30,1815.199951171875,1816.5999755859375,1815.0,1815.5999755859375,160992,0.0,0.0
2026-04-24 13:30:00+05:30,1815.5999755859375,1816.5999755859375,1807.9000244140625,1808.699951171875,471055,0.0,0.0
2026-04-24 13:45:00+05:30,1808.699951171875,1810.0,1808.0999755859375,1809.9000244140625,143989,0.0,0.0
2026-04-24 14:00:00+05:30,1809.699951171875,1811.199951171875,1808.5,1809.4000244140625,405212,0.0,0.0
2026-04-24 14:15:00+05:30,1809.4000244140625,1812.4000244140625,1807.4000244140625,1812.0,367506,0.0,0.0
2026-04-24 14:30:00+05:30,1811.9000244140625,1818.800048828125,1811.9000244140625,1818.300048828125,246154,0.0,0.0
2026-04-24 14:45:00+05:30,1818.300048828125,1821.5,1817.199951171875,1819.0999755859375,198043,0.0,0.0
2026-04-24 15:00:00+05:30,1818.300048828125,1819.0999755859375,1812.5999755859375,1813.4000244140625,488282,0.0,0.0
2026-04-24 15:15:00+05:30,1813.300048828125,1819.0,1813.0,1817.0,635126,0.0,0.0
2026-04-27 09:15:00+05:30,1818.699951171875,1828.4000244140625,1818.699951171875,1822.5,160875,0.0,0.0
2026-04-27 09:30:00+05:30,1822.4000244140625,1823.699951171875,1818.199951171875,1819.5999755859375,142000,0.0,0.0
2026-04-27 09:45:00+05:30,1819.5999755859375,1823.0999755859375,1818.199951171875,1819.5,119200,0.0,0.0
2026-04-27 10:00:00+05:30,1819.4000244140625,1822.4000244140625,1817.5,1817.5,105877,0.0,0.0
2026-04-27 10:15:00+05:30,1817.199951171875,1821.5,1817.199951171875,1820.0,136114,0.0,0.0
2026-04-27 10:30:00+05:30,1819.9000244140625,1820.0,1814.4000244140625,1815.699951171875,222083,0.0,0.0
2026-04-27 10:45:00+05:30,1815.5999755859375,1821.300048828125,1814.300048828125,1821.300048828125,119379,0.0,0.0
2026-04-27 11:00:00+05:30,1821.0,1824.199951171875,1818.800048828125,1824.0,134762,0.0,0.0
2026-04-27 11:15:00+05:30,1824.0,1826.0,1822.0,1822.4000244140625,75144,0.0,0.0
2026-04-27 11:30:00+05:30,1822.300048828125,1823.300048828125,1818.0,1822.5,148749,0.0,0.0
2026-04-27 11:45:00+05:30,1822.4000244140625,1823.9000244140625,1820.199951171875,1823.0999755859375,81908,0.0,0.0
2026-04-27 12:00:00+05:30,1823.699951171875,1825.0999755859375,1821.800048828125,1824.800048828125,97159,0.0,0.0
2026-04-27 12:15:00+05:30,1824.9000244140625,1825.9000244140625,1822.4000244140625,1825.4000244140625,79881,0.0,0.0
2026-04-27 12:30:00+05:30,1825.5999755859375,1827.699951171875,1823.4000244140625,1824.300048828125,94214,0.0,0.0
2026-04-27 12:45:00+05:30,1824.4000244140625,1825.5999755859375,1822.0,1822.9000244140625,94651,0.0,0.0
2026-04-27 13:00:00+05:30,1822.9000244140625,1823.5999755859375,1820.5999755859375,1823.199951171875,92422,0.0,0.0
2026-04-27 13:15:00+05:30,1823.199951171875,1824.9000244140625,1823.0999755859375,1823.800048828125,140822,0.0,0.0
2026-04-27 13:30:00+05:30,1823.5999755859375,1824.699951171875,1822.4000244140625,1824.4000244140625,117616,0.0,0.0
2026-04-27 13:45:00+05:30,1824.5999755859375,1824.9000244140625,1822.300048828125,1824.0999755859375,148195,0.0,0.0
2026-04-27 14:00:00+05:30,1824.0,1824.300048828125,1822.4000244140625,1823.9000244140625,72993,0.0,0.0
2026-04-27 14:15:00+05:30,1823.699951171875,1824.0999755859375,1822.0,1823.199951171875,116697,0.0,0.0
2026-04-27 14:30:00+05:30,1823.0999755859375,1824.199951171875,1818.300048828125,1823.800048828125,219672,0.0,0.0
2026-04-27 14:45:00+05:30,1823.800048828125,1826.0,1822.5,1825.5,242058,0.0,0.0
2026-04-27 15:00:00+05:30,1825.4000244140625,1825.4000244140625,1820.0999755859375,1820.699951171875,611924,0.0,0.0
2026-04-27 15:15:00+05:30,1820.9000244140625,1822.0999755859375,1814.5999755859375,1817.9000244140625,578417,0.0,0.0
2026-04-28 09:15:00+05:30,1820.199951171875,1827.199951171875,1814.0999755859375,1818.699951171875,109982,0.0,0.0
2026-04-28 09:30:00+05:30,1818.699951171875,1820.5,1812.800048828125,1820.300048828125,170675,0.0,0.0
2026-04-28 09:45:00+05:30,1821.0999755859375,1831.699951171875,1820.800048828125,1831.4000244140625,165571,0.0,0.0
2026-04-28 10:00:00+05:30,1831.199951171875,1831.9000244140625,1830.0,1831.5,131857,0.0,0.0
2026-04-28 10:15:00+05:30,1832.0,1834.4000244140625,1831.5999755859375,1834.199951171875,85928,0.0,0.0
2026-04-28 10:30:00+05:30,1834.300048828125,1834.300048828125,1831.0,1832.0,102494,0.0,0.0
2026-04-28 10:45:00+05:30,1831.800048828125,1842.0,1831.800048828125,1841.4000244140625,215839,0.0,0.0
2026-04-28 11:00:00+05:30,1841.199951171875,1846.5,1841.0999755859375,1843.5999755859375,323131,0.0,0.0
2026-04-28 11:15:00+05:30,1843.5,1844.199951171875,1837.4000244140625,1837.5,264529,0.0,0.0
2026-04-28 11:30:00+05:30,1837.699951171875,1838.4000244140625,1837.0,1837.300048828125,215478,0.0,0.0
2026-04-28 11:45:00+05:30,1837.4000244140625,1840.5,1835.0,1835.5,303206,0.0,0.0
2026-04-28 12:00:00+05:30,1835.5,1835.800048828125,1833.0,1834.4000244140625,303111,0.0,0.0
2026-04-28 12:15:00+05:30,1834.4000244140625,1834.4000244140625,1830.0999755859375,1830.9000244140625,271668,0.0,0.0
2026-04-28 12:30:00+05:30,1830.800048828125,1833.800048828125,1830.0999755859375,1833.800048828125,244513,0.0,0.0
2026-04-28 12:45:00+05:30,1833.800048828125,1836.5,1832.5,1832.9000244140625,186238,0.0,0.0
2026-04-28 13:00:00+05:30,1832.699951171875,1835.9000244140625,1832.199951171875,1834.0,188313,0.0,0.0
2026-04-28 13:15:00+05:30,1834.0999755859375,1836.0,1833.4000244140625,1834.9000244140625,195104,0.0,0.0
2026-04-28 13:30:00+05:30,1835.0999755859375,1838.699951171875,1829.9000244140625,1838.0,622166,0.0,0.0
2026-04-28 13:45:00+05:30,1838.0,1838.0999755859375,1832.5,1834.800048828125,345545,0.0,0.0
2026-04-28 14:00:00+05:30,1834.800048828125,1837.199951171875,1833.300048828125,1833.5,272788,0.0,0.0
2026-04-28 14:15:00+05:30,1833.5,1836.5,1832.699951171875,1834.4000244140625,382474,0.0,0.0
2026-04-28 14:30:00+05:30,1834.4000244140625,1836.5,1833.699951171875,1836.5,266914,0.0,0.0
2026-04-28 14:45:00+05:30,1836.300048828125,1840.0,1834.800048828125,1839.199951171875,377811,0.0,0.0
2026-04-28 15:00:00+05:30,1839.0999755859375,1849.4000244140625,1836.5999755859375,1839.5,3304452,0.0,0.0
2026-04-28 15:15:00+05:30,1839.300048828125,1851.5,1837.5,1850.0,1231899,0.0,0.0
2026-04-29 09:15:00+05:30,1847.9000244140625,1874.9000244140625,1847.9000244140625,1865.4000244140625,220571,0.0,0.0
2026-04-29 09:30:00+05:30,1865.300048828125,1873.5999755859375,1860.4000244140625,1873.5,169391,0.0,0.0
2026-04-29 09:45:00+05:30,1873.5,1875.0,1871.5,1872.5,141072,0.0,0.0
2026-04-29 10:00:00+05:30,1873.5,1880.9000244140625,1873.5,1880.800048828125,176553,0.0,0.0
2026-04-29 10:15:00+05:30,1880.800048828125,1897.9000244140625,1880.5,1897.199951171875,333149,0.0,0.0
2026-04-29 10:30:00+05:30,1897.199951171875,1900.199951171875,1890.800048828125,1892.0999755859375,595308,0.0,0.0
2026-04-29 10:45:00+05:30,1891.699951171875,1895.0,1890.800048828125,1891.9000244140625,176946,0.0,0.0
2026-04-29 11:00:00+05:30,1891.9000244140625,1893.0,1887.300048828125,1892.0,150297,0.0,0.0
2026-04-29 11:15:00+05:30,1891.800048828125,1892.0,1881.800048828125,1882.9000244140625,136411,0.0,0.0
2026-04-29 11:30:00+05:30,1882.800048828125,1888.800048828125,1881.5999755859375,1887.9000244140625,161437,0.0,0.0
2026-04-29 11:45:00+05:30,1887.9000244140625,1892.0,1887.5999755859375,1888.5,233357,0.0,0.0
2026-04-29 12:00:00+05:30,1888.699951171875,1888.800048828125,1882.5,1884.5999755859375,153305,0.0,0.0
2026-04-29 12:15:00+05:30,1884.5999755859375,1889.9000244140625,1884.5999755859375,1887.5999755859375,261663,0.0,0.0
2026-04-29 12:30:00+05:30,1887.5999755859375,1890.199951171875,1884.5,1885.699951171875,181687,0.0,0.0
2026-04-29 12:45:00+05:30,1885.9000244140625,1887.5,1883.699951171875,1884.800048828125,149925,0.0,0.0
2026-04-29 13:00:00+05:30,1884.800048828125,1888.800048828125,1884.199951171875,1888.5999755859375,174669,0.0,0.0
2026-04-29 13:15:00+05:30,1888.800048828125,1891.699951171875,1887.699951171875,1888.9000244140625,809119,0.0,0.0
2026-04-29 13:30:00+05:30,1889.0,1893.699951171875,1887.0,1893.5999755859375,649049,0.0,0.0
2026-04-29 13:45:00+05:30,1893.699951171875,1894.5,1892.0,1894.0,322323,0.0,0.0
2026-04-29 14:00:00+05:30,1894.300048828125,1894.5,1886.0999755859375,1888.5999755859375,301097,0.0,0.0
2026-04-29 14:15:00+05:30,1888.5999755859375,1889.4000244140625,1884.699951171875,1885.800048828125,327146,0.0,0.0
2026-04-29 14:30:00+05:30,1885.800048828125,1890.0,1885.5999755859375,1889.9000244140625,264158,0.0,0.0
2026-04-29 14:45:00+05:30,1889.9000244140625,1890.199951171875,1885.300048828125,1885.699951171875,228364,0.0,0.0
2026-04-29 15:00:00+05:30,1885.5999755859375,1891.5,1885.199951171875,1886.5999755859375,611875,0.0,0.0
2026-04-29 15:15:00+05:30,1886.5999755859375,1889.699951171875,1884.9000244140625,1885.800048828125,433467,0.0,0.0
2026-04-30 09:15:00+05:30,1869.4000244140625,1871.0999755859375,1861.699951171875,1866.800048828125,305547,0.0,0.0
2026-04-30 09:30:00+05:30,1866.800048828125,1877.699951171875,1865.5,1876.0999755859375,294054,0.0,0.0
2026-04-30 09:45:00+05:30,1875.5,1877.0,1869.5,1870.0,230284,0.0,0.0
2026-04-30 10:00:00+05:30,1870.0,1871.800048828125,1866.5,1869.800048828125,311658,0.0,0.0
2026-04-30 10:15:00+05:30,1870.5999755859375,1880.800048828125,1870.5999755859375,1876.199951171875,344524,0.0,0.0
2026-04-30 10:30:00+05:30,1876.0999755859375,1876.0999755859375,1866.0999755859375,1866.300048828125,154361,0.0,0.0
2026-04-30 10:45:00+05:30,1866.199951171875,1869.300048828125,1864.5,1867.9000244140625,197555,0.0,0.0
2026-04-30 11:00:00+05:30,1867.9000244140625,1876.0,1867.9000244140625,1871.5999755859375,252223,0.0,0.0
2026-04-30 11:15:00+05:30,1871.5999755859375,1878.0999755859375,1871.0,1878.0999755859375,179316,0.0,0.0
2026-04-30 11:30:00+05:30,1877.9000244140625,1879.4000244140625,1876.5999755859375,1877.4000244140625,709983,0.0,0.0
2026-04-30 11:45:00+05:30,1877.300048828125,1880.5,1877.0,1879.5999755859375,290033,0.0,0.0
2026-04-30 12:00:00+05:30,1879.5999755859375,1880.5,1872.0,1879.199951171875,561883,0.0,0.0
2026-04-30 12:15:00+05:30,1879.0999755859375,1880.5999755859375,1875.0,1880.4000244140625,396624,0.0,0.0
2026-04-30 12:30:00+05:30,1880.4000244140625,1880.800048828125,1874.5999755859375,1875.0,379486,0.0,0.0
2026-04-30 12:45:00+05:30,1875.0,1877.4000244140625,1874.199951171875,1876.9000244140625,226176,0.0,0.0
2026-04-30 13:00:00+05:30,1876.9000244140625,1880.5999755859375,1872.5,1879.0999755859375,317155,0.0,0.0
2026-04-30 13:15:00+05:30,1879.0999755859375,1890.300048828125,1879.0999755859375,1889.199951171875,680483,0.0,0.0
2026-04-30 13:30:00+05:30,1889.0,1895.699951171875,1888.4000244140625,1894.699951171875,865724,0.0,0.0
2026-04-30 13:45:00+05:30,1894.699951171875,1905.9000244140625,1893.300048828125,1904.800048828125,710374,0.0,0.0
2026-04-30 14:00:00+05:30,1904.5,1905.800048828125,1900.4000244140625,1903.699951171875,496902,0.0,0.0
2026-04-30 14:15:00+05:30,1903.699951171875,1904.5999755859375,1895.9000244140625,1898.199951171875,625673,0.0,0.0
2026-04-30 14:30:00+05:30,1898.0999755859375,1903.4000244140625,1896.199951171875,1901.0,444223,0.0,0.0
2026-04-30 14:45:00+05:30,1901.0,1903.0,1893.699951171875,1896.800048828125,488383,0.0,0.0
2026-04-30 15:00:00+05:30,1896.800048828125,1896.800048828125,1883.699951171875,1886.9000244140625,1241973,0.0,0.0
2026-04-30 15:15:00+05:30,1886.9000244140625,1894.0,1884.0999755859375,1886.800048828125,950920,0.0,0.0
2026-05-04 09:15:00+05:30,1878.5999755859375,1890.5999755859375,1878.5999755859375,1886.4000244140625,323498,0.0,0.0
2026-05-04 09:30:00+05:30,1886.5,1891.199951171875,1878.300048828125,1889.9000244140625,329564,0.0,0.0
2026-05-04 09:45:00+05:30,1890.0,1895.300048828125,1880.300048828125,1881.4000244140625,263525,0.0,0.0
2026-05-04 10:00:00+05:30,1881.4000244140625,1882.699951171875,1866.0,1866.0,306733,0.0,0.0
2026-05-04 10:15:00+05:30,1866.300048828125,1866.300048828125,1848.0,1855.0,702630,0.0,0.0
2026-05-04 10:30:00+05:30,1855.0,1863.5999755859375,1853.5,1863.4000244140625,268999,0.0,0.0
2026-05-04 10:45:00+05:30,1863.4000244140625,1863.699951171875,1855.0,1855.199951171875,225510,0.0,0.0
2026-05-04 11:00:00+05:30,1855.199951171875,1858.9000244140625,1851.800048828125,1857.0,271661,0.0,0.0
2026-05-04 11:15:00+05:30,1856.9000244140625,1862.699951171875,1856.800048828125,1860.5,302757,0.0,0.0
2026-05-04 11:30:00+05:30,1860.0999755859375,1860.5999755859375,1854.5,1854.9000244140625,260898,0.0,0.0
2026-05-04 11:45:00+05:30,1854.9000244140625,1856.5999755859375,1848.0999755859375,1848.800048828125,400610,0.0,0.0
2026-05-04 12:00:00+05:30,1848.5999755859375,1849.199951171875,1842.0999755859375,1842.699951171875,440741,0.0,0.0
2026-05-04 12:15:00+05:30,1842.699951171875,1844.5999755859375,1840.800048828125,1842.5,277331,0.0,0.0
2026-05-04 12:30:00+05:30,1841.800048828125,1843.0,1837.0,1837.800048828125,324487,0.0,0.0
2026-05-04 12:45:00+05:30,1837.800048828125,1840.0999755859375,1836.0999755859375,1837.800048828125,223626,0.0,0.0
2026-05-04 13:00:00+05:30,1837.800048828125,1841.0,1836.199951171875,1840.0999755859375,256737,0.0,0.0
2026-05-04 13:15:00+05:30,1840.199951171875,1840.5,1833.0999755859375,1833.5999755859375,254293,0.0,0.0
2026-05-04 13:30:00+05:30,1833.300048828125,1837.199951171875,1831.9000244140625,1835.9000244140625,169706,0.0,0.0
2026-05-04 13:45:00+05:30,1835.5999755859375,1840.300048828125,1835.0,1836.0,400743,0.0,0.0
2026-05-04 14:00:00+05:30,1836.300048828125,1836.800048828125,1828.5999755859375,1830.0999755859375,933879,0.0,0.0
2026-05-04 14:15:00+05:30,1830.0999755859375,1835.9000244140625,1829.0,1830.9000244140625,317761,0.0,0.0
2026-05-04 14:30:00+05:30,1830.9000244140625,1831.699951171875,1826.0,1827.0999755859375,412514,0.0,0.0
2026-05-04 14:45:00+05:30,1826.199951171875,1830.300048828125,1824.0,1824.4000244140625,522427,0.0,0.0
2026-05-04 15:00:00+05:30,1824.5,1829.699951171875,1822.300048828125,1827.4000244140625,770889,0.0,0.0
2026-05-04 15:15:00+05:30,1827.5999755859375,1829.0,1825.0999755859375,1828.0,702211,0.0,0.0
2026-05-05 09:15:00+05:30,1828.5999755859375,1839.199951171875,1819.9000244140625,1838.300048828125,252641,0.0,0.0
2026-05-05 09:30:00+05:30,1839.800048828125,1846.0,1834.4000244140625,1837.5,428636,0.0,0.0
2026-05-05 09:45:00+05:30,1837.0,1843.5,1832.300048828125,1832.800048828125,250517,0.0,0.0
2026-05-05 10:00:00+05:30,1832.9000244140625,1834.199951171875,1825.0,1826.199951171875,287735,0.0,0.0
2026-05-05 10:15:00+05:30,1826.199951171875,1828.300048828125,1819.0999755859375,1821.699951171875,156565,0.0,0.0
2026-05-05 10:30:00+05:30,1821.4000244140625,1824.199951171875,1820.0,1822.4000244140625,139566,0.0,0.0
2026-05-05 10:45:00+05:30,1822.4000244140625,1825.199951171875,1822.0,1824.0,83895,0.0,0.0
2026-05-05 11:00:00+05:30,1823.699951171875,1826.0,1820.5999755859375,1824.800048828125,274946,0.0,0.0
2026-05-05 11:15:00+05:30,1824.699951171875,1828.800048828125,1822.300048828125,1828.0,208664,0.0,0.0
2026-05-05 11:30:00+05:30,1828.0,1831.699951171875,1822.5,1823.0,210873,0.0,0.0
2026-05-05 11:45:00+05:30,1822.699951171875,1823.5999755859375,1802.5999755859375,1805.0,493116,0.0,0.0
2026-05-05 12:00:00+05:30,1804.699951171875,1814.5,1804.699951171875,1813.0,234064,0.0,0.0
2026-05-05 12:15:00+05:30,1812.800048828125,1814.5,1807.0,1807.300048828125,271719,0.0,0.0
2026-05-05 12:30:00+05:30,1807.5999755859375,1814.0,1806.199951171875,1812.699951171875,466603,0.0,0.0
2026-05-05 12:45:00+05:30,1813.300048828125,1820.699951171875,1811.9000244140625,1820.0999755859375,279736,0.0,0.0
2026-05-05 13:00:00+05:30,1820.699951171875,1823.0999755859375,1817.699951171875,1821.0,405325,0.0,0.0
2026-05-05 13:15:00+05:30,1821.0,1821.9000244140625,1814.5,1815.9000244140625,600439,0.0,0.0
2026-05-05 13:30:00+05:30,1816.699951171875,1822.0999755859375,1813.4000244140625,1820.4000244140625,440099,0.0,0.0
2026-05-05 13:45:00+05:30,1820.4000244140625,1821.699951171875,1806.699951171875,1809.199951171875,903850,0.0,0.0
2026-05-05 14:00:00+05:30,1809.300048828125,1812.5999755859375,1807.5,1809.5999755859375,588476,0.0,0.0
2026-05-05 14:15:00+05:30,1809.5,1814.9000244140625,1808.5999755859375,1812.0,427700,0.0,0.0
2026-05-05 14:30:00+05:30,1812.0,1812.4000244140625,1803.5,1808.199951171875,532578,0.0,0.0
2026-05-05 14:45:00+05:30,1808.300048828125,1809.199951171875,1803.699951171875,1804.800048828125,533548,0.0,0.0
2026-05-05 15:00:00+05:30,1805.300048828125,1807.199951171875,1801.0,1804.9000244140625,1475479,0.0,0.0
2026-05-05 15:15:00+05:30,1805.0,1816.0,1804.4000244140625,1816.0,1009367,0.0,0.0
2026-05-06 09:15:00+05:30,1817.0,1828.0,1817.0,1824.0999755859375,99526,0.0,0.0
2026-05-06 09:30:00+05:30,1823.9000244140625,1824.5999755859375,1816.0999755859375,1816.800048828125,179734,0.0,0.0
2026-05-06 09:45:00+05:30,1816.5,1827.4000244140625,1814.0,1821.699951171875,301218,0.0,0.0
2026-05-06 10:00:00+05:30,1821.699951171875,1832.0,1820.699951171875,1831.5999755859375,148850,0.0,0.0
2026-05-06 10:15:00+05:30,1831.9000244140625,1835.5,1827.0,1830.9000244140625,779529,0.0,0.0
2026-05-06 10:30:00+05:30,1830.5999755859375,1834.0999755859375,1828.800048828125,1832.0999755859375,91731,0.0,0.0
2026-05-06 10:45:00+05:30,1832.0,1832.0,1827.5,1829.0,126059,0.0,0.0
2026-05-06 11:00:00+05:30,1829.300048828125,1834.4000244140625,1828.199951171875,1834.0,92072,0.0,0.0
2026-05-06 11:15:00+05:30,1834.0,1836.4000244140625,1833.0999755859375,1835.699951171875,127143,0.0,0.0
2026-05-06 11:30:00+05:30,1835.699951171875,1836.800048828125,1831.199951171875,1834.800048828125,154278,0.0,0.0
2026-05-06 11:45:00+05:30,1834.9000244140625,1836.0,1833.199951171875,1833.300048828125,88442,0.0,0.0
2026-05-06 12:00:00+05:30,1833.300048828125,1835.9000244140625,1832.0,1834.5,121254,0.0,0.0
2026-05-06 12:15:00+05:30,1834.199951171875,1834.300048828125,1829.800048828125,1832.199951171875,174141,0.0,0.0
2026-05-06 12:30:00+05:30,1832.199951171875,1832.5,1828.300048828125,1830.800048828125,144128,0.0,0.0
2026-05-06 12:45:00+05:30,1830.5999755859375,1833.0,1827.5999755859375,1832.800048828125,146619,0.0,0.0
2026-05-06 13:00:00+05:30,1832.699951171875,1835.0,1831.199951171875,1834.699951171875,82428,0.0,0.0
2026-05-06 13:15:00+05:30,1834.699951171875,1837.199951171875,1832.699951171875,1832.800048828125,176611,0.0,0.0
2026-05-06 13:30:00+05:30,1833.300048828125,1834.199951171875,1832.0999755859375,1832.4000244140625,129561,0.0,0.0
2026-05-06 13:45:00+05:30,1832.4000244140625,1833.800048828125,1829.800048828125,1831.5999755859375,146458,0.0,0.0
2026-05-06 14:00:00+05:30,1831.5999755859375,1833.699951171875,1829.800048828125,1833.4000244140625,113133,0.0,0.0
2026-05-06 14:15:00+05:30,1833.699951171875,1841.0,1832.800048828125,1837.300048828125,207375,0.0,0.0
2026-05-06 14:30:00+05:30,1838.0999755859375,1839.800048828125,1832.4000244140625,1836.300048828125,203345,0.0,0.0
2026-05-06 14:45:00+05:30,1836.5,1838.800048828125,1834.300048828125,1837.300048828125,225727,0.0,0.0
2026-05-06 15:00:00+05:30,1837.699951171875,1840.0,1832.0,1832.0999755859375,691205,0.0,0.0
2026-05-06 15:15:00+05:30,1832.0999755859375,1834.0,1829.800048828125,1833.800048828125,441240,0.0,0.0
2026-05-07 09:15:00+05:30,1837.0,1843.9000244140625,1830.4000244140625,1830.9000244140625,210486,0.0,0.0
2026-05-07 09:30:00+05:30,1830.199951171875,1833.0,1827.4000244140625,1832.5,273046,0.0,0.0
2026-05-07 09:45:00+05:30,1832.5,1832.5,1823.699951171875,1824.300048828125,238398,0.0,0.0
2026-05-07 10:00:00+05:30,1824.5999755859375,1826.699951171875,1822.199951171875,1825.0,195108,0.0,0.0
2026-05-07 10:15:00+05:30,1825.0999755859375,1830.800048828125,1825.0999755859375,1830.800048828125,175800,0.0,0.0
2026-05-07 10:30:00+05:30,1830.800048828125,1832.9000244140625,1830.300048828125,1831.699951171875,154098,0.0,0.0
2026-05-07 10:45:00+05:30,1831.5999755859375,1831.5999755859375,1826.800048828125,1830.300048828125,280766,0.0,0.0
2026-05-07 11:00:00+05:30,1830.5999755859375,1831.699951171875,1827.9000244140625,1828.9000244140625,240935,0.0,0.0
2026-05-07 11:15:00+05:30,1828.9000244140625,1830.699951171875,1827.0999755859375,1830.0999755859375,261060,0.0,0.0
2026-05-07 11:30:00+05:30,1830.300048828125,1833.300048828125,1822.699951171875,1822.699951171875,303071,0.0,0.0
2026-05-07 11:45:00+05:30,1822.800048828125,1825.0,1822.199951171875,1825.0,156762,0.0,0.0
2026-05-07 12:00:00+05:30,1824.9000244140625,1833.699951171875,1824.9000244140625,1830.4000244140625,196903,0.0,0.0
2026-05-07 12:15:00+05:30,1829.699951171875,1832.4000244140625,1829.699951171875,1830.0,223732,0.0,0.0
2026-05-07 12:30:00+05:30,1830.0,1838.5999755859375,1828.0999755859375,1836.0,320944,0.0,0.0
2026-05-07 12:45:00+05:30,1836.0,1836.5,1828.300048828125,1829.800048828125,315839,0.0,0.0
2026-05-07 13:00:00+05:30,1829.800048828125,1833.4000244140625,1828.800048828125,1832.4000244140625,235426,0.0,0.0
2026-05-07 13:15:00+05:30,1832.5,1832.5,1827.300048828125,1829.800048828125,175434,0.0,0.0
2026-05-07 13:30:00+05:30,1830.0,1830.800048828125,1827.0,1828.5,187401,0.0,0.0
2026-05-07 13:45:00+05:30,1828.5,1832.0999755859375,1826.5999755859375,1831.0999755859375,216119,0.0,0.0
2026-05-07 14:00:00+05:30,1831.0999755859375,1832.300048828125,1827.300048828125,1831.300048828125,303088,0.0,0.0
2026-05-07 14:15:00+05:30,1831.300048828125,1831.5,1827.300048828125,1830.9000244140625,303782,0.0,0.0
2026-05-07 14:30:00+05:30,1830.9000244140625,1831.5,1827.0999755859375,1828.5999755859375,277140,0.0,0.0
2026-05-07 14:45:00+05:30,1828.5999755859375,1830.5,1827.0,1829.300048828125,243156,0.0,0.0
2026-05-07 15:00:00+05:30,1829.300048828125,1830.300048828125,1822.0,1824.4000244140625,1176352,0.0,0.0
2026-05-07 15:15:00+05:30,1824.4000244140625,1830.5,1822.699951171875,1826.5999755859375,793071,0.0,0.0
2026-05-08 09:15:00+05:30,1815.4000244140625,1830.800048828125,1815.4000244140625,1821.0999755859375,169571,0.0,0.0
2026-05-08 09:30:00+05:30,1820.800048828125,1823.9000244140625,1818.9000244140625,1822.0,157733,0.0,0.0
2026-05-08 09:45:00+05:30,1821.5999755859375,1821.5999755859375,1815.4000244140625,1820.800048828125,157265,0.0,0.0
2026-05-08 10:00:00+05:30,1821.0,1823.5999755859375,1818.0,1820.0,90403,0.0,0.0
2026-05-08 10:15:00+05:30,1819.699951171875,1824.0,1818.0,1822.699951171875,116269,0.0,0.0
2026-05-08 10:30:00+05:30,1822.800048828125,1824.800048828125,1822.300048828125,1824.800048828125,97315,0.0,0.0
2026-05-08 10:45:00+05:30,1824.800048828125,1829.0,1824.0,1825.800048828125,136730,0.0,0.0
2026-05-08 11:00:00+05:30,1826.300048828125,1830.300048828125,1825.800048828125,1827.300048828125,190081,0.0,0.0
2026-05-08 11:15:00+05:30,1827.5999755859375,1827.5999755859375,1822.199951171875,1823.0999755859375,131906,0.0,0.0
2026-05-08 11:30:00+05:30,1823.4000244140625,1825.5,1822.699951171875,1823.5,176133,0.0,0.0
2026-05-08 11:45:00+05:30,1823.4000244140625,1827.199951171875,1823.0,1826.4000244140625,158800,0.0,0.0
2026-05-08 12:00:00+05:30,1826.5,1835.0,1826.4000244140625,1834.699951171875,170718,0.0,0.0
2026-05-08 12:15:00+05:30,1834.699951171875,1839.800048828125,1834.0,1836.300048828125,171501,0.0,0.0
2026-05-08 12:30:00+05:30,1836.4000244140625,1838.0,1835.4000244140625,1835.4000244140625,158300,0.0,0.0
2026-05-08 12:45:00+05:30,1835.699951171875,1836.0,1834.0,1835.0999755859375,105648,0.0,0.0
2026-05-08 13:00:00+05:30,1835.0999755859375,1839.4000244140625,1835.0999755859375,1838.4000244140625,122753,0.0,0.0
2026-05-08 13:15:00+05:30,1838.4000244140625,1839.5999755859375,1837.300048828125,1839.300048828125,146302,0.0,0.0
2026-05-08 13:30:00+05:30,1839.300048828125,1840.800048828125,1834.5999755859375,1834.800048828125,146094,0.0,0.0
2026-05-08 13:45:00+05:30,1834.699951171875,1835.4000244140625,1832.0999755859375,1832.5999755859375,182670,0.0,0.0
2026-05-08 14:00:00+05:30,1832.699951171875,1836.4000244140625,1832.199951171875,1834.0,156255,0.0,0.0
2026-05-08 14:15:00+05:30,1834.300048828125,1836.199951171875,1832.800048828125,1836.199951171875,183926,0.0,0.0
2026-05-08 14:30:00+05:30,1836.0999755859375,1839.5,1835.699951171875,1838.0999755859375,194095,0.0,0.0
2026-05-08 14:45:00+05:30,1837.9000244140625,1839.300048828125,1836.800048828125,1837.699951171875,167745,0.0,0.0
2026-05-08 15:00:00+05:30,1837.5,1837.5,1833.5999755859375,1834.4000244140625,415162,0.0,0.0
2026-05-08 15:15:00+05:30,1834.4000244140625,1836.5,1830.0,1834.699951171875,562570,0.0,0.0
2026-05-11 09:15:00+05:30,1815.0,1817.5999755859375,1796.300048828125,1799.199951171875,463216,0.0,0.0
2026-05-11 09:30:00+05:30,1799.4000244140625,1799.5,1784.800048828125,1785.699951171875,463435,0.0,0.0
2026-05-11 09:45:00+05:30,1787.0,1787.0,1780.0999755859375,1781.199951171875,323836,0.0,0.0
2026-05-11 10:00:00+05:30,1781.199951171875,1785.4000244140625,1778.0,1783.5,337305,0.0,0.0
2026-05-11 10:15:00+05:30,1783.5,1785.0,1776.800048828125,1780.0,864611,0.0,0.0
2026-05-11 10:30:00+05:30,1779.9000244140625,1780.0,1773.0999755859375,1773.800048828125,477561,0.0,0.0
2026-05-11 10:45:00+05:30,1773.800048828125,1774.800048828125,1761.0,1761.5999755859375,1045395,0.0,0.0
2026-05-11 11:00:00+05:30,1761.800048828125,1766.199951171875,1757.199951171875,1763.9000244140625,1142397,0.0,0.0
2026-05-11 11:15:00+05:30,1763.800048828125,1766.9000244140625,1760.0999755859375,1764.9000244140625,1437321,0.0,0.0
2026-05-11 11:30:00+05:30,1764.800048828125,1773.0,1764.0,1767.699951171875,806398,0.0,0.0
2026-05-11 11:45:00+05:30,1767.699951171875,1770.800048828125,1764.0,1764.4000244140625,394293,0.0,0.0
2026-05-11 12:00:00+05:30,1764.699951171875,1765.5999755859375,1762.0999755859375,1762.5,277948,0.0,0.0
2026-05-11 12:15:00+05:30,1762.5,1764.0,1761.699951171875,1762.300048828125,328704,0.0,0.0
2026-05-11 12:30:00+05:30,1762.199951171875,1765.800048828125,1761.199951171875,1764.699951171875,303625,0.0,0.0
2026-05-11 12:45:00+05:30,1764.5,1766.199951171875,1762.0,1765.0,299677,0.0,0.0
2026-05-11 13:00:00+05:30,1765.0999755859375,1770.800048828125,1763.300048828125,1769.0999755859375,625382,0.0,0.0
2026-05-11 13:15:00+05:30,1768.9000244140625,1776.0999755859375,1767.0,1775.5,693624,0.0,0.0
2026-05-11 13:30:00+05:30,1775.300048828125,1776.0,1773.0,1773.0,381778,0.0,0.0
2026-05-11 13:45:00+05:30,1773.0,1775.5999755859375,1772.0,1773.800048828125,380685,0.0,0.0
2026-05-11 14:00:00+05:30,1773.9000244140625,1774.5999755859375,1767.9000244140625,1768.0999755859375,385815,0.0,0.0
2026-05-11 14:15:00+05:30,1768.0,1770.300048828125,1765.0999755859375,1766.9000244140625,402348,0.0,0.0
2026-05-11 14:30:00+05:30,1766.9000244140625,1767.699951171875,1762.300048828125,1764.4000244140625,454472,0.0,0.0
2026-05-11 14:45:00+05:30,1764.300048828125,1766.800048828125,1760.800048828125,1760.800048828125,648080,0.0,0.0
2026-05-11 15:00:00+05:30,1760.9000244140625,1760.9000244140625,1756.0999755859375,1756.4000244140625,1166806,0.0,0.0
2026-05-11 15:15:00+05:30,1756.199951171875,1766.0,1756.0999755859375,1764.9000244140625,1178397,0.0,0.0
2026-05-12 09:15:00+05:30,1758.0999755859375,1774.9000244140625,1753.5,1770.699951171875,964949,0.0,0.0
2026-05-12 09:30:00+05:30,1770.5999755859375,1771.5,1762.0,1762.0,493007,0.0,0.0
2026-05-12 09:45:00+05:30,1762.300048828125,1768.5,1761.800048828125,1766.800048828125,329516,0.0,0.0
2026-05-12 10:00:00+05:30,1767.0999755859375,1770.0999755859375,1765.9000244140625,1770.0,222590,0.0,0.0
2026-05-12 10:15:00+05:30,1769.9000244140625,1772.5,1768.800048828125,1770.5999755859375,317993,0.0,0.0
2026-05-12 10:30:00+05:30,1770.5999755859375,1773.199951171875,1765.0999755859375,1766.5,749810,0.0,0.0
2026-05-12 10:45:00+05:30,1766.300048828125,1771.0,1763.800048828125,1770.800048828125,255021,0.0,0.0
2026-05-12 11:00:00+05:30,1770.9000244140625,1774.4000244140625,1769.5,1772.699951171875,283682,0.0,0.0
2026-05-12 11:15:00+05:30,1772.699951171875,1776.300048828125,1768.300048828125,1774.199951171875,529852,0.0,0.0
2026-05-12 11:30:00+05:30,1773.800048828125,1775.4000244140625,1769.5,1770.0,585805,0.0,0.0
2026-05-12 11:45:00+05:30,1770.0,1772.0,1769.5,1770.0,150583,0.0,0.0
2026-05-12 12:00:00+05:30,1770.0,1771.300048828125,1766.5,1769.9000244140625,137690,0.0,0.0
2026-05-12 12:15:00+05:30,1769.800048828125,1770.5,1767.300048828125,1767.5,187108,0.0,0.0
2026-05-12 12:30:00+05:30,1767.9000244140625,1767.9000244140625,1763.800048828125,1766.199951171875,217264,0.0,0.0
2026-05-12 12:45:00+05:30,1765.9000244140625,1766.5,1764.0999755859375,1764.5999755859375,217118,0.0,0.0
2026-05-12 13:00:00+05:30,1764.5999755859375,1766.4000244140625,1761.800048828125,1763.199951171875,294276,0.0,0.0
2026-05-12 13:15:00+05:30,1763.199951171875,1765.9000244140625,1758.9000244140625,1759.0,658214,0.0,0.0
2026-05-12 13:30:00+05:30,1759.4000244140625,1762.9000244140625,1758.5,1761.300048828125,292319,0.0,0.0
2026-05-12 13:45:00+05:30,1761.300048828125,1766.0,1760.0,1765.5999755859375,305135,0.0,0.0
2026-05-12 14:00:00+05:30,1765.699951171875,1765.699951171875,1760.5999755859375,1761.9000244140625,346684,0.0,0.0
2026-05-12 14:15:00+05:30,1761.9000244140625,1764.5999755859375,1760.5,1762.4000244140625,245540,0.0,0.0
2026-05-12 14:30:00+05:30,1762.4000244140625,1762.5999755859375,1758.699951171875,1761.9000244140625,326690,0.0,0.0
2026-05-12 14:45:00+05:30,1761.5999755859375,1762.5999755859375,1753.699951171875,1759.4000244140625,513067,0.0,0.0
2026-05-12 15:00:00+05:30,1759.300048828125,1759.9000244140625,1753.0,1755.4000244140625,1708826,0.0,0.0
2026-05-12 15:15:00+05:30,1755.4000244140625,1763.0,1754.5,1762.300048828125,937504,0.0,0.0
2026-05-13 09:15:00+05:30,1755.9000244140625,1763.5999755859375,1752.300048828125,1754.4000244140625,332666,0.0,0.0
2026-05-13 09:30:00+05:30,1755.699951171875,1759.199951171875,1745.0999755859375,1759.0,508072,0.0,0.0
2026-05-13 09:45:00+05:30,1758.5999755859375,1780.699951171875,1756.699951171875,1780.0,552574,0.0,0.0
2026-05-13 10:00:00+05:30,1780.0999755859375,1785.9000244140625,1774.5999755859375,1785.5,358847,0.0,0.0
2026-05-13 10:15:00+05:30,1785.4000244140625,1792.199951171875,1782.5999755859375,1783.5999755859375,949201,0.0,0.0
2026-05-13 10:30:00+05:30,1783.5999755859375,1786.699951171875,1778.0999755859375,1785.0999755859375,316376,0.0,0.0
2026-05-13 10:45:00+05:30,1785.0,1786.699951171875,1777.9000244140625,1778.0999755859375,311279,0.0,0.0
2026-05-13 11:00:00+05:30,1778.0999755859375,1783.300048828125,1776.800048828125,1783.300048828125,326100,0.0,0.0
2026-05-13 11:15:00+05:30,1783.5,1785.5,1780.300048828125,1781.199951171875,317959,0.0,0.0
2026-05-13 11:30:00+05:30,1781.199951171875,1785.0,1778.0,1783.0,198794,0.0,0.0
2026-05-13 11:45:00+05:30,1783.0,1783.4000244140625,1779.800048828125,1780.0,303366,0.0,0.0
2026-05-13 12:00:00+05:30,1780.0,1780.9000244140625,1778.5,1779.699951171875,191829,0.0,0.0
2026-05-13 12:15:00+05:30,1779.5999755859375,1780.0,1776.9000244140625,1778.800048828125,148144,0.0,0.0
2026-05-13 12:30:00+05:30,1778.9000244140625,1784.199951171875,1778.5,1780.300048828125,301862,0.0,0.0
2026-05-13 12:45:00+05:30,1780.0999755859375,1787.300048828125,1779.199951171875,1787.300048828125,486602,0.0,0.0
2026-05-13 13:00:00+05:30,1787.5,1787.5999755859375,1783.300048828125,1783.5,204751,0.0,0.0
2026-05-13 13:15:00+05:30,1784.0999755859375,1784.699951171875,1781.300048828125,1783.0999755859375,158964,0.0,0.0
2026-05-13 13:30:00+05:30,1782.9000244140625,1788.0999755859375,1782.800048828125,1786.0,203724,0.0,0.0
2026-05-13 13:45:00+05:30,1785.9000244140625,1788.0,1782.5,1783.5,211388,0.0,0.0
2026-05-13 14:00:00+05:30,1783.5,1788.5,1782.0,1787.699951171875,238790,0.0,0.0
2026-05-13 14:15:00+05:30,1787.800048828125,1791.800048828125,1786.800048828125,1791.5999755859375,271406,0.0,0.0
2026-05-13 14:30:00+05:30,1791.699951171875,1794.199951171875,1789.9000244140625,1790.800048828125,375961,0.0,0.0
2026-05-13 14:45:00+05:30,1791.5,1798.0,1790.5,1795.0999755859375,415033,0.0,0.0
2026-05-13 15:00:00+05:30,1794.4000244140625,1794.4000244140625,1786.0,1790.9000244140625,896656,0.0,0.0
2026-05-13 15:15:00+05:30,1790.800048828125,1793.0,1781.199951171875,1789.199951171875,871781,0.0,0.0
2026-05-14 09:15:00+05:30,1814.9000244140625,1817.699951171875,1798.300048828125,1805.0,1024110,0.0,0.0
2026-05-14 09:30:00+05:30,1805.0999755859375,1814.0,1804.0999755859375,1810.199951171875,947744,0.0,0.0
2026-05-14 09:45:00+05:30,1810.199951171875,1832.199951171875,1810.199951171875,1826.0,1098033,0.0,0.0
2026-05-14 10:00:00+05:30,1826.0,1830.0999755859375,1822.5,1823.5999755859375,479708,0.0,0.0
2026-05-14 10:15:00+05:30,1823.699951171875,1831.0,1822.5,1830.800048828125,450419,0.0,0.0
2026-05-14 10:30:00+05:30,1830.9000244140625,1834.5999755859375,1830.699951171875,1833.300048828125,425510,0.0,0.0
2026-05-14 10:45:00+05:30,1833.300048828125,1833.800048828125,1828.699951171875,1833.0999755859375,460439,0.0,0.0
2026-05-14 11:00:00+05:30,1833.199951171875,1834.199951171875,1828.0,1829.0999755859375,453992,0.0,0.0
2026-05-14 11:15:00+05:30,1829.0,1849.9000244140625,1829.0,1849.800048828125,1974099,0.0,0.0
2026-05-14 11:30:00+05:30,1849.9000244140625,1858.0,1847.4000244140625,1848.300048828125,681406,0.0,0.0
2026-05-14 11:45:00+05:30,1848.4000244140625,1848.9000244140625,1840.4000244140625,1840.9000244140625,642536,0.0,0.0
2026-05-14 12:00:00+05:30,1840.5999755859375,1849.0999755859375,1840.300048828125,1849.0999755859375,447498,0.0,0.0
2026-05-14 12:15:00+05:30,1849.0999755859375,1851.300048828125,1845.5999755859375,1845.9000244140625,497992,0.0,0.0
2026-05-14 12:30:00+05:30,1846.300048828125,1852.0,1845.4000244140625,1852.0,390070,0.0,0.0
2026-05-14 12:45:00+05:30,1851.9000244140625,1862.5,1850.4000244140625,1862.0999755859375,515361,0.0,0.0
2026-05-14 13:00:00+05:30,1862.800048828125,1876.699951171875,1862.0999755859375,1873.800048828125,933392,0.0,0.0
2026-05-14 13:15:00+05:30,1873.800048828125,1883.5999755859375,1871.5,1872.5,901090,0.0,0.0
2026-05-14 13:30:00+05:30,1872.5999755859375,1882.9000244140625,1872.5,1877.199951171875,907193,0.0,0.0
2026-05-14 13:45:00+05:30,1877.300048828125,1879.699951171875,1874.9000244140625,1877.0999755859375,534531,0.0,0.0
2026-05-14 14:00:00+05:30,1877.0,1878.800048828125,1872.800048828125,1875.0,452279,0.0,0.0
2026-05-14 14:15:00+05:30,1875.300048828125,1878.0,1873.300048828125,1877.699951171875,575240,0.0,0.0
2026-05-14 14:30:00+05:30,1877.5,1886.0,1876.5999755859375,1883.5,1050268,0.0,0.0
2026-05-14 14:45:00+05:30,1883.4000244140625,1886.0,1880.0999755859375,1882.0,745959,0.0,0.0
2026-05-14 15:00:00+05:30,1882.0,1885.5999755859375,1880.0999755859375,1883.4000244140625,1263570,0.0,0.0
2026-05-14 15:15:00+05:30,1883.4000244140625,1885.9000244140625,1881.9000244140625,1883.0,1764447,0.0,0.0
2026-05-15 09:15:00+05:30,1883.0999755859375,1902.4000244140625,1883.0999755859375,1893.0,662365,0.0,0.0
2026-05-15 09:30:00+05:30,1893.0,1908.4000244140625,1892.5,1901.0,935299,0.0,0.0
2026-05-15 09:45:00+05:30,1901.199951171875,1922.800048828125,1900.4000244140625,1920.0,771904,0.0,0.0
2026-05-15 10:00:00+05:30,1919.5999755859375,1920.800048828125,1914.199951171875,1916.300048828125,543226,0.0,0.0
2026-05-15 10:15:00+05:30,1916.300048828125,1920.9000244140625,1916.0,1920.199951171875,363954,0.0,0.0
2026-05-15 10:30:00+05:30,1920.199951171875,1921.9000244140625,1916.5,1920.0,309986,0.0,0.0
2026-05-15 10:45:00+05:30,1919.9000244140625,1921.4000244140625,1918.0999755859375,1918.0999755859375,233201,0.0,0.0
2026-05-15 11:00:00+05:30,1916.5,1918.5999755859375,1911.4000244140625,1914.9000244140625,668880,0.0,0.0
2026-05-15 11:15:00+05:30,1915.0,1915.699951171875,1907.300048828125,1908.9000244140625,820471,0.0,0.0
2026-05-15 11:30:00+05:30,1908.800048828125,1911.199951171875,1903.5999755859375,1905.4000244140625,884185,0.0,0.0
2026-05-15 11:45:00+05:30,1905.0999755859375,1910.800048828125,1905.0,1909.5,140025,0.0,0.0
2026-05-15 12:00:00+05:30,1909.4000244140625,1910.300048828125,1903.5999755859375,1904.5999755859375,588546,0.0,0.0
2026-05-15 12:15:00+05:30,1904.5999755859375,1905.699951171875,1900.5,1903.800048828125,656424,0.0,0.0
2026-05-15 12:30:00+05:30,1903.800048828125,1904.9000244140625,1901.0,1903.9000244140625,250546,0.0,0.0
2026-05-15 12:45:00+05:30,1904.0,1906.699951171875,1903.0,1904.9000244140625,532188,0.0,0.0
2026-05-15 13:00:00+05:30,1904.9000244140625,1908.4000244140625,1903.199951171875,1907.0999755859375,212493,0.0,0.0
2026-05-15 13:15:00+05:30,1907.0,1907.0,1903.5999755859375,1906.4000244140625,499322,0.0,0.0
2026-05-15 13:30:00+05:30,1906.4000244140625,1907.800048828125,1903.699951171875,1907.5,257145,0.0,0.0
2026-05-15 13:45:00+05:30,1907.4000244140625,1908.5,1905.300048828125,1906.300048828125,259624,0.0,0.0
2026-05-15 14:00:00+05:30,1906.199951171875,1908.5999755859375,1906.0,1908.0,459916,0.0,0.0
2026-05-15 14:15:00+05:30,1908.0,1909.0999755859375,1906.300048828125,1907.0,457742,0.0,0.0
2026-05-15 14:30:00+05:30,1907.0999755859375,1908.0,1906.5,1906.800048828125,316731,0.0,0.0
2026-05-15 14:45:00+05:30,1906.9000244140625,1907.800048828125,1900.9000244140625,1904.5,998666,0.0,0.0
2026-05-15 15:00:00+05:30,1904.300048828125,1908.9000244140625,1904.199951171875,1904.300048828125,1233228,0.0,0.0
2026-05-15 15:15:00+05:30,1904.5,1905.4000244140625,1899.0,1904.0,1165709,0.0,0.0
2026-05-18 09:15:00+05:30,1901.699951171875,1911.5,1891.0,1910.0,324701,0.0,0.0
2026-05-18 09:30:00+05:30,1910.0,1914.800048828125,1904.5999755859375,1913.0,753207,0.0,0.0
2026-05-18 09:45:00+05:30,1913.0999755859375,1916.0999755859375,1908.5,1913.199951171875,433829,0.0,0.0
2026-05-18 10:00:00+05:30,1913.0999755859375,1917.4000244140625,1912.199951171875,1914.9000244140625,428023,0.0,0.0
2026-05-18 10:15:00+05:30,1915.0,1916.800048828125,1914.5,1915.5,360661,0.0,0.0
2026-05-18 10:30:00+05:30,1914.800048828125,1927.5999755859375,1913.0,1925.5,667615,0.0,0.0
2026-05-18 10:45:00+05:30,1925.5,1933.9000244140625,1923.5,1932.5999755859375,426031,0.0,0.0
2026-05-18 11:00:00+05:30,1932.5999755859375,1938.199951171875,1931.300048828125,1938.0,654028,0.0,0.0
2026-05-18 11:15:00+05:30,1937.9000244140625,1949.199951171875,1937.5,1942.9000244140625,1046733,0.0,0.0
2026-05-18 11:30:00+05:30,1942.300048828125,1953.800048828125,1940.199951171875,1952.199951171875,716730,0.0,0.0
2026-05-18 11:45:00+05:30,1952.0999755859375,1952.199951171875,1942.300048828125,1944.300048828125,492935,0.0,0.0
2026-05-18 12:00:00+05:30,1944.300048828125,1946.699951171875,1943.0,1944.9000244140625,463961,0.0,0.0
2026-05-18 12:15:00+05:30,1945.0,1949.4000244140625,1941.5999755859375,1943.9000244140625,396756,0.0,0.0
2026-05-18 12:30:00+05:30,1944.300048828125,1948.699951171875,1942.5999755859375,1945.199951171875,358350,0.0,0.0
2026-05-18 12:45:00+05:30,1945.300048828125,1950.5,1945.0,1950.199951171875,432145,0.0,0.0
2026-05-18 13:00:00+05:30,1950.4000244140625,1950.4000244140625,1947.0,1949.0,341355,0.0,0.0
2026-05-18 13:15:00+05:30,1949.0999755859375,1949.300048828125,1942.800048828125,1943.5,398878,0.0,0.0
2026-05-18 13:30:00+05:30,1943.699951171875,1943.9000244140625,1939.4000244140625,1942.800048828125,421073,0.0,0.0
2026-05-18 13:45:00+05:30,1943.0,1945.0,1939.5999755859375,1939.5999755859375,348520,0.0,0.0
2026-05-18 14:00:00+05:30,1939.699951171875,1942.9000244140625,1935.5999755859375,1937.5,466396,0.0,0.0
2026-05-18 14:15:00+05:30,1937.5,1940.0999755859375,1935.800048828125,1938.300048828125,356887,0.0,0.0
2026-05-18 14:30:00+05:30,1938.800048828125,1939.199951171875,1936.0999755859375,1937.699951171875,349196,0.0,0.0
2026-05-18 14:45:00+05:30,1937.800048828125,1940.0999755859375,1936.800048828125,1938.300048828125,472171,0.0,0.0
2026-05-18 15:00:00+05:30,1938.4000244140625,1940.0,1936.0,1937.300048828125,882141,0.0,0.0
2026-05-18 15:15:00+05:30,1937.199951171875,1939.0,1935.4000244140625,1937.0,1080770,0.0,0.0
2026-05-19 09:15:00+05:30,1930.800048828125,1941.800048828125,1928.699951171875,1941.0,276439,0.0,0.0
2026-05-19 09:30:00+05:30,1941.0,1941.0,1928.0999755859375,1930.4000244140625,223449,0.0,0.0
2026-05-19 09:45:00+05:30,1930.4000244140625,1930.5,1920.4000244140625,1921.5,448650,0.0,0.0
2026-05-19 10:00:00+05:30,1921.0999755859375,1925.0999755859375,1918.4000244140625,1924.199951171875,393606,0.0,0.0
2026-05-19 10:15:00+05:30,1924.300048828125,1931.4000244140625,1922.0,1928.5,201014,0.0,0.0
2026-05-19 10:30:00+05:30,1928.5999755859375,1930.800048828125,1922.4000244140625,1925.0,274032,0.0,0.0
2026-05-19 10:45:00+05:30,1925.0,1925.699951171875,1919.0,1923.5999755859375,356569,0.0,0.0
2026-05-19 11:00:00+05:30,1923.5999755859375,1924.0,1920.5,1921.199951171875,176492,0.0,0.0
2026-05-19 11:15:00+05:30,1921.199951171875,1921.300048828125,1915.699951171875,1918.5,264895,0.0,0.0
2026-05-19 11:30:00+05:30,1918.300048828125,1919.699951171875,1915.0,1917.5999755859375,453704,0.0,0.0
2026-05-19 11:45:00+05:30,1917.699951171875,1919.800048828125,1915.699951171875,1918.800048828125,149999,0.0,0.0
2026-05-19 12:00:00+05:30,1918.800048828125,1919.5999755859375,1916.199951171875,1917.199951171875,199349,0.0,0.0
2026-05-19 12:15:00+05:30,1917.300048828125,1919.699951171875,1916.0,1918.300048828125,133062,0.0,0.0
2026-05-19 12:30:00+05:30,1918.4000244140625,1918.4000244140625,1916.199951171875,1917.9000244140625,123112,0.0,0.0
2026-05-19 12:45:00+05:30,1917.699951171875,1918.5999755859375,1914.300048828125,1914.5999755859375,254704,0.0,0.0
2026-05-19 13:00:00+05:30,1914.5999755859375,1917.5,1913.9000244140625,1916.5999755859375,222986,0.0,0.0
2026-05-19 13:15:00+05:30,1916.5999755859375,1918.0,1914.0,1915.199951171875,175542,0.0,0.0
2026-05-19 13:30:00+05:30,1915.4000244140625,1916.699951171875,1910.5,1912.9000244140625,418056,0.0,0.0
2026-05-19 13:45:00+05:30,1912.9000244140625,1913.800048828125,1911.0,1913.300048828125,239913,0.0,0.0
2026-05-19 14:00:00+05:30,1913.300048828125,1915.699951171875,1910.9000244140625,1915.0,248305,0.0,0.0
2026-05-19 14:15:00+05:30,1914.9000244140625,1917.9000244140625,1913.5999755859375,1917.300048828125,258011,0.0,0.0
2026-05-19 14:30:00+05:30,1917.800048828125,1918.300048828125,1915.0,1916.0,250352,0.0,0.0
2026-05-19 14:45:00+05:30,1915.9000244140625,1918.0,1914.699951171875,1915.800048828125,279021,0.0,0.0
2026-05-19 15:00:00+05:30,1916.300048828125,1917.699951171875,1912.5,1912.5,1310048,0.0,0.0
2026-05-19 15:15:00+05:30,1912.5,1914.699951171875,1908.0,1910.0,1102988,0.0,0.0
2026-05-20 09:15:00+05:30,1909.5,1912.699951171875,1900.199951171875,1904.9000244140625,192052,0.0,0.0
2026-05-20 09:30:00+05:30,1904.699951171875,1906.800048828125,1897.9000244140625,1905.0,192844,0.0,0.0
2026-05-20 09:45:00+05:30,1904.699951171875,1908.300048828125,1900.9000244140625,1907.300048828125,501419,0.0,0.0
2026-05-20 10:00:00+05:30,1907.300048828125,1907.5,1904.300048828125,1905.0999755859375,88269,0.0,0.0
2026-05-20 10:15:00+05:30,1905.300048828125,1905.800048828125,1903.5,1905.0,114502,0.0,0.0
2026-05-20 10:30:00+05:30,1904.9000244140625,1905.699951171875,1901.0,1901.9000244140625,224357,0.0,0.0
2026-05-20 10:45:00+05:30,1901.9000244140625,1902.9000244140625,1901.0,1902.0,270608,0.0,0.0
2026-05-20 11:00:00+05:30,1902.0,1904.4000244140625,1901.9000244140625,1902.5999755859375,104743,0.0,0.0
2026-05-20 11:15:00+05:30,1902.5999755859375,1905.199951171875,1901.0,1903.5999755859375,137750,0.0,0.0
2026-05-20 11:30:00+05:30,1903.5999755859375,1904.699951171875,1902.5999755859375,1902.699951171875,75818,0.0,0.0
2026-05-20 11:45:00+05:30,1902.699951171875,1904.9000244140625,1902.5999755859375,1903.699951171875,122340,0.0,0.0
2026-05-20 12:00:00+05:30,1903.699951171875,1903.9000244140625,1902.5,1902.699951171875,98170,0.0,0.0
2026-05-20 12:15:00+05:30,1902.699951171875,1906.0,1902.0,1904.5,129904,0.0,0.0
2026-05-20 12:30:00+05:30,1904.5,1905.4000244140625,1903.800048828125,1904.5999755859375,142009,0.0,0.0
2026-05-20 12:45:00+05:30,1904.699951171875,1910.0,1904.5999755859375,1905.5,187222,0.0,0.0
2026-05-20 13:00:00+05:30,1905.5,1907.699951171875,1904.800048828125,1905.0,226356,0.0,0.0
2026-05-20 13:15:00+05:30,1905.0,1907.4000244140625,1904.4000244140625,1904.9000244140625,126070,0.0,0.0
2026-05-20 13:30:00+05:30,1904.9000244140625,1905.9000244140625,1904.699951171875,1905.0,93294,0.0,0.0
2026-05-20 13:45:00+05:30,1905.0,1906.0,1904.699951171875,1905.5,103095,0.0,0.0
2026-05-20 14:00:00+05:30,1905.800048828125,1906.0999755859375,1903.5999755859375,1903.9000244140625,93185,0.0,0.0
2026-05-20 14:15:00+05:30,1903.9000244140625,1907.0,1903.5,1905.699951171875,115221,0.0,0.0
2026-05-20 14:30:00+05:30,1905.5,1907.0,1905.0,1906.5,99671,0.0,0.0
2026-05-20 14:45:00+05:30,1906.5,1906.5999755859375,1904.800048828125,1904.9000244140625,112540,0.0,0.0
2026-05-20 15:00:00+05:30,1905.0,1906.800048828125,1902.5999755859375,1904.199951171875,758270,0.0,0.0
2026-05-20 15:15:00+05:30,1904.300048828125,1909.5999755859375,1902.0,1904.9000244140625,654250,0.0,0.0
2026-05-21 09:15:00+05:30,1912.5999755859375,1914.5999755859375,1906.5,1910.300048828125,186757,0.0,0.0
2026-05-21 09:30:00+05:30,1910.199951171875,1911.300048828125,1906.300048828125,1911.300048828125,129756,0.0,0.0
2026-05-21 09:45:00+05:30,1911.4000244140625,1914.5999755859375,1908.199951171875,1908.800048828125,175359,0.0,0.0
2026-05-21 10:00:00+05:30,1908.800048828125,1911.4000244140625,1905.0,1905.0,165136,0.0,0.0
2026-05-21 10:15:00+05:30,1905.5,1910.0,1905.0,1908.300048828125,140686,0.0,0.0
2026-05-21 10:30:00+05:30,1909.0,1911.5,1908.300048828125,1911.0999755859375,124597,0.0,0.0
2026-05-21 10:45:00+05:30,1911.0999755859375,1912.199951171875,1908.5999755859375,1908.9000244140625,226947,0.0,0.0
2026-05-21 11:00:00+05:30,1908.9000244140625,1910.699951171875,1907.0,1909.5999755859375,245890,0.0,0.0
2026-05-21 11:15:00+05:30,1909.300048828125,1911.5999755859375,1906.300048828125,1910.0,266205,0.0,0.0
2026-05-21 11:30:00+05:30,1910.0,1911.5,1906.0,1908.0999755859375,211243,0.0,0.0
2026-05-21 11:45:00+05:30,1908.199951171875,1910.0,1904.5999755859375,1905.0999755859375,162225,0.0,0.0
2026-05-21 12:00:00+05:30,1905.300048828125,1906.5,1900.300048828125,1901.5999755859375,222518,0.0,0.0
2026-05-21 12:15:00+05:30,1901.300048828125,1904.199951171875,1899.5999755859375,1900.0,232678,0.0,0.0
2026-05-21 12:30:00+05:30,1899.699951171875,1901.4000244140625,1898.0999755859375,1899.9000244140625,188096,0.0,0.0
2026-05-21 12:45:00+05:30,1900.0,1900.0,1895.199951171875,1896.0,77368,0.0,0.0
2026-05-21 13:00:00+05:30,1896.300048828125,1899.4000244140625,1894.0,1898.0,81354,0.0,0.0
2026-05-21 13:15:00+05:30,1897.9000244140625,1898.5999755859375,1894.699951171875,1895.0999755859375,245541,0.0,0.0
2026-05-21 13:30:00+05:30,1895.0999755859375,1895.5999755859375,1889.5,1892.199951171875,201486,0.0,0.0
2026-05-21 13:45:00+05:30,1892.199951171875,1894.0,1885.0,1888.699951171875,189017,0.0,0.0
2026-05-21 14:00:00+05:30,1888.199951171875,1888.300048828125,1882.0999755859375,1883.4000244140625,247448,0.0,0.0
2026-05-21 14:15:00+05:30,1882.9000244140625,1885.699951171875,1881.0999755859375,1884.5999755859375,161721,0.0,0.0
2026-05-21 14:30:00+05:30,1883.9000244140625,1889.300048828125,1881.199951171875,1888.199951171875,547388,0.0,0.0
2026-05-21 14:45:00+05:30,1888.0,1892.5999755859375,1886.800048828125,1888.0999755859375,310771,0.0,0.0
2026-05-21 15:00:00+05:30,1888.800048828125,1891.300048828125,1881.800048828125,1883.199951171875,983818,0.0,0.0
2026-05-21 15:15:00+05:30,1883.4000244140625,1885.5999755859375,1882.0,1885.300048828125,494055,0.0,0.0
2026-05-22 09:15:00+05:30,1886.199951171875,1896.4000244140625,1883.199951171875,1892.699951171875,156893,0.0,0.0
2026-05-22 09:30:00+05:30,1893.5999755859375,1894.699951171875,1890.0999755859375,1893.4000244140625,126218,0.0,0.0
2026-05-22 09:45:00+05:30,1893.300048828125,1893.300048828125,1887.5999755859375,1889.9000244140625,182931,0.0,0.0
2026-05-22 10:00:00+05:30,1890.0999755859375,1890.199951171875,1884.699951171875,1886.0,212133,0.0,0.0
2026-05-22 10:15:00+05:30,1886.0999755859375,1886.0999755859375,1875.0999755859375,1875.300048828125,219850,0.0,0.0
2026-05-22 10:30:00+05:30,1875.0,1879.0,1873.5,1875.5999755859375,132633,0.0,0.0
2026-05-22 10:45:00+05:30,1876.0,1877.4000244140625,1873.800048828125,1875.199951171875,210674,0.0,0.0
2026-05-22 11:00:00+05:30,1875.199951171875,1877.0,1874.5,1874.800048828125,338187,0.0,0.0
2026-05-22 11:15:00+05:30,1876.5,1879.9000244140625,1874.300048828125,1877.5999755859375,288030,0.0,0.0
2026-05-22 11:30:00+05:30,1877.699951171875,1880.0,1877.0,1878.199951171875,286993,0.0,0.0
2026-05-22 11:45:00+05:30,1879.0,1880.800048828125,1877.699951171875,1880.0999755859375,232654,0.0,0.0
2026-05-22 12:00:00+05:30,1880.199951171875,1880.5,1877.0,1878.9000244140625,130118,0.0,0.0
2026-05-22 12:15:00+05:30,1879.0,1880.5,1878.0999755859375,1878.9000244140625,135750,0.0,0.0
2026-05-22 12:30:00+05:30,1879.0999755859375,1879.0999755859375,1877.5999755859375,1878.800048828125,86234,0.0,0.0
2026-05-22 12:45:00+05:30,1878.9000244140625,1880.5,1878.300048828125,1879.0999755859375,150009,0.0,0.0
2026-05-22 13:00:00+05:30,1879.199951171875,1879.199951171875,1877.5999755859375,1878.5999755859375,81637,0.0,0.0
2026-05-22 13:15:00+05:30,1878.5,1880.0,1878.5,1878.9000244140625,134764,0.0,0.0
2026-05-22 13:30:00+05:30,1879.0,1879.800048828125,1878.0,1878.5,96199,0.0,0.0
2026-05-22 13:45:00+05:30,1878.5,1879.5999755859375,1875.699951171875,1875.9000244140625,261673,0.0,0.0
2026-05-22 14:00:00+05:30,1875.5999755859375,1877.0,1872.199951171875,1877.0,141337,0.0,0.0
2026-05-22 14:15:00+05:30,1877.0,1877.0999755859375,1874.4000244140625,1874.5,106899,0.0,0.0
2026-05-22 14:30:00+05:30,1874.5,1875.0999755859375,1872.4000244140625,1872.5,120476,0.0,0.0
2026-05-22 14:45:00+05:30,1872.5,1875.5,1872.5,1873.9000244140625,136914,0.0,0.0
2026-05-22 15:00:00+05:30,1873.9000244140625,1874.5,1869.300048828125,1871.199951171875,504695,0.0,0.0
2026-05-22 15:15:00+05:30,1871.199951171875,1873.0,1871.199951171875,1872.699951171875,452982,0.0,0.0
2026-05-25 09:15:00+05:30,1887.199951171875,1887.199951171875,1875.199951171875,1876.300048828125,801161,0.0,0.0
2026-05-25 09:30:00+05:30,1876.300048828125,1876.5999755859375,1870.5,1875.0999755859375,175587,0.0,0.0
2026-05-25 09:45:00+05:30,1875.0,1878.0,1870.199951171875,1877.300048828125,183629,0.0,0.0
2026-05-25 10:00:00+05:30,1877.5,1880.0,1876.300048828125,1879.300048828125,127519,0.0,0.0
2026-05-25 10:15:00+05:30,1879.800048828125,1880.800048828125,1877.0,1877.0999755859375,177285,0.0,0.0
2026-05-25 10:30:00+05:30,1877.0999755859375,1877.9000244140625,1877.0999755859375,1877.9000244140625,88492,0.0,0.0
2026-05-25 10:45:00+05:30,1877.800048828125,1878.300048828125,1875.0,1875.0,88561,0.0,0.0
2026-05-25 11:00:00+05:30,1875.0,1877.9000244140625,1873.800048828125,1877.9000244140625,97716,0.0,0.0
2026-05-25 11:15:00+05:30,1878.0,1879.4000244140625,1875.5,1879.4000244140625,156584,0.0,0.0
2026-05-25 11:30:00+05:30,1879.4000244140625,1879.5,1874.0999755859375,1878.300048828125,201094,0.0,0.0
2026-05-25 11:45:00+05:30,1878.300048828125,1881.800048828125,1877.9000244140625,1880.199951171875,338209,0.0,0.0
2026-05-25 12:00:00+05:30,1880.199951171875,1881.699951171875,1878.800048828125,1879.0,87346,0.0,0.0
2026-05-25 12:15:00+05:30,1879.0,1879.5999755859375,1876.5,1876.9000244140625,53313,0.0,0.0
2026-05-25 12:30:00+05:30,1876.5999755859375,1877.300048828125,1875.0,1875.5,75722,0.0,0.0
2026-05-25 12:45:00+05:30,1875.5,1875.5999755859375,1872.699951171875,1874.5,70145,0.0,0.0
2026-05-25 13:00:00+05:30,1874.5999755859375,1877.5,1873.199951171875,1874.4000244140625,134379,0.0,0.0
2026-05-25 13:15:00+05:30,1874.4000244140625,1875.199951171875,1868.300048828125,1869.800048828125,249815,0.0,0.0
2026-05-25 13:30:00+05:30,1869.9000244140625,1870.699951171875,1867.199951171875,1867.5,226159,0.0,0.0
2026-05-25 13:45:00+05:30,1867.5,1868.199951171875,1865.800048828125,1866.5,188157,0.0,0.0
2026-05-25 14:00:00+05:30,1866.800048828125,1868.0,1863.199951171875,1863.199951171875,171639,0.0,0.0
2026-05-25 14:15:00+05:30,1863.4000244140625,1866.5999755859375,1863.0999755859375,1865.5,195880,0.0,0.0
2026-05-25 14:30:00+05:30,1865.4000244140625,1871.800048828125,1864.699951171875,1871.5,316381,0.0,0.0
2026-05-25 14:45:00+05:30,1871.199951171875,1877.0999755859375,1871.0999755859375,1877.0999755859375,297910,0.0,0.0
2026-05-25 15:00:00+05:30,1877.0999755859375,1877.0999755859375,1873.300048828125,1874.0999755859375,562722,0.0,0.0
2026-05-25 15:15:00+05:30,1874.0999755859375,1879.0,1872.4000244140625,1874.800048828125,450841,0.0,0.0
2026-05-26 09:15:00+05:30,1873.300048828125,1873.300048828125,1857.0,1858.5999755859375,205393,0.0,0.0
2026-05-26 09:30:00+05:30,1858.5999755859375,1868.9000244140625,1858.0,1868.0,175210,0.0,0.0
2026-05-26 09:45:00+05:30,1868.0,1868.5,1860.5,1864.5999755859375,205065,0.0,0.0
2026-05-26 10:00:00+05:30,1864.800048828125,1866.0999755859375,1862.300048828125,1865.0999755859375,143905,0.0,0.0
2026-05-26 10:15:00+05:30,1865.5999755859375,1869.5,1863.4000244140625,1867.300048828125,158807,0.0,0.0
2026-05-26 10:30:00+05:30,1867.5,1867.5999755859375,1862.5999755859375,1863.199951171875,87937,0.0,0.0
2026-05-26 10:45:00+05:30,1863.199951171875,1866.9000244140625,1863.199951171875,1865.0,164684,0.0,0.0
2026-05-26 11:00:00+05:30,1865.0,1865.699951171875,1862.5999755859375,1863.800048828125,187502,0.0,0.0
2026-05-26 11:15:00+05:30,1863.5999755859375,1865.0,1862.0,1863.5,99987,0.0,0.0
2026-05-26 11:30:00+05:30,1863.5999755859375,1868.0,1862.800048828125,1867.699951171875,125622,0.0,0.0
2026-05-26 11:45:00+05:30,1867.699951171875,1868.199951171875,1861.0,1861.300048828125,175968,0.0,0.0
2026-05-26 12:00:00+05:30,1861.4000244140625,1863.0999755859375,1860.5,1862.699951171875,116954,0.0,0.0
2026-05-26 12:15:00+05:30,1862.9000244140625,1864.300048828125,1862.300048828125,1863.199951171875,82176,0.0,0.0
2026-05-26 12:30:00+05:30,1863.199951171875,1865.0,1861.699951171875,1862.9000244140625,118176,0.0,0.0
2026-05-26 12:45:00+05:30,1863.0,1863.300048828125,1858.5999755859375,1860.300048828125,146535,0.0,0.0
2026-05-26 13:00:00+05:30,1860.300048828125,1861.199951171875,1857.699951171875,1859.0999755859375,164503,0.0,0.0
2026-05-26 13:15:00+05:30,1859.199951171875,1860.300048828125,1857.4000244140625,1859.5,215885,0.0,0.0
2026-05-26 13:30:00+05:30,1859.800048828125,1861.5999755859375,1859.0,1859.4000244140625,147977,0.0,0.0
2026-05-26 13:45:00+05:30,1859.300048828125,1862.0,1857.0,1857.0999755859375,127925,0.0,0.0
2026-05-26 14:00:00+05:30,1857.0999755859375,1857.0999755859375,1852.5999755859375,1855.5,152685,0.0,0.0
2026-05-26 14:15:00+05:30,1855.5999755859375,1855.5999755859375,1849.300048828125,1851.300048828125,197675,0.0,0.0
2026-05-26 14:30:00+05:30,1851.300048828125,1853.5,1850.0,1851.4000244140625,353691,0.0,0.0
2026-05-26 14:45:00+05:30,1851.199951171875,1852.0999755859375,1848.0,1849.199951171875,209487,0.0,0.0
2026-05-26 15:00:00+05:30,1849.9000244140625,1850.0,1845.4000244140625,1846.4000244140625,1103963,0.0,0.0
2026-05-26 15:15:00+05:30,1846.300048828125,1847.9000244140625,1844.800048828125,1847.0,691070,0.0,0.0
2026-05-27 09:15:00+05:30,1846.0,1854.4000244140625,1841.0999755859375,1842.699951171875,137342,0.0,0.0
2026-05-27 09:30:00+05:30,1843.199951171875,1851.0,1840.699951171875,1850.699951171875,199563,0.0,0.0
2026-05-27 09:45:00+05:30,1850.699951171875,1850.9000244140625,1845.0,1848.0999755859375,99609,0.0,0.0
2026-05-27 10:00:00+05:30,1847.9000244140625,1859.0,1847.5,1857.4000244140625,239684,0.0,0.0
2026-05-27 10:15:00+05:30,1857.9000244140625,1860.300048828125,1854.5,1857.300048828125,240627,0.0,0.0
2026-05-27 10:30:00+05:30,1857.5999755859375,1858.9000244140625,1855.0,1857.9000244140625,206201,0.0,0.0
2026-05-27 10:45:00+05:30,1857.699951171875,1859.5999755859375,1855.5,1858.0,240347,0.0,0.0
2026-05-27 11:00:00+05:30,1858.5,1863.800048828125,1857.800048828125,1863.5,394784,0.0,0.0
2026-05-27 11:15:00+05:30,1864.0,1866.5,1861.699951171875,1865.300048828125,260502,0.0,0.0
2026-05-27 11:30:00+05:30,1865.0,1865.9000244140625,1860.5,1864.0999755859375,163588,0.0,0.0
2026-05-27 11:45:00+05:30,1864.199951171875,1864.9000244140625,1859.699951171875,1862.0,85282,0.0,0.0
2026-05-27 12:00:00+05:30,1862.0,1862.800048828125,1858.300048828125,1860.9000244140625,69140,0.0,0.0
2026-05-27 12:15:00+05:30,1860.9000244140625,1865.0,1860.5999755859375,1864.0999755859375,173293,0.0,0.0
2026-05-27 12:30:00+05:30,1864.4000244140625,1869.4000244140625,1863.9000244140625,1867.199951171875,97864,0.0,0.0
2026-05-27 12:45:00+05:30,1867.0999755859375,1867.199951171875,1864.0,1864.0,39196,0.0,0.0
2026-05-27 13:00:00+05:30,1864.0999755859375,1866.699951171875,1861.0999755859375,1861.699951171875,708843,0.0,0.0
2026-05-27 13:15:00+05:30,1861.699951171875,1864.5999755859375,1858.699951171875,1863.0999755859375,166281,0.0,0.0
2026-05-27 13:30:00+05:30,1863.199951171875,1863.9000244140625,1857.199951171875,1858.0,277546,0.0,0.0
2026-05-27 13:45:00+05:30,1858.0,1864.800048828125,1856.199951171875,1862.800048828125,178991,0.0,0.0
2026-05-27 14:00:00+05:30,1862.699951171875,1864.199951171875,1860.0,1860.0,124021,0.0,0.0
2026-05-27 14:15:00+05:30,1860.0999755859375,1862.0,1851.5,1853.0,679303,0.0,0.0
2026-05-27 14:30:00+05:30,1852.800048828125,1853.5,1841.300048828125,1844.0,1269772,0.0,0.0
2026-05-27 14:45:00+05:30,1845.0999755859375,1852.9000244140625,1843.4000244140625,1852.4000244140625,765887,0.0,0.0
2026-05-27 15:00:00+05:30,1851.5999755859375,1853.4000244140625,1848.199951171875,1852.800048828125,652812,0.0,0.0
2026-05-27 15:15:00+05:30,1853.0999755859375,1857.300048828125,1847.9000244140625,1847.9000244140625,945153,0.0,0.0
2026-05-29 09:15:00+05:30,1856.0,1856.0,1821.0,1822.9000244140625,7802503,0.0,0.0
2026-05-29 09:30:00+05:30,1823.0,1829.300048828125,1819.0999755859375,1824.0999755859375,1102804,0.0,0.0
2026-05-29 09:45:00+05:30,1823.9000244140625,1831.5,1823.5,1829.5,526520,0.0,0.0
2026-05-29 10:00:00+05:30,1830.0999755859375,1832.300048828125,1826.9000244140625,1830.199951171875,426049,0.0,0.0
2026-05-29 10:15:00+05:30,1830.0,1836.0,1829.199951171875,1831.699951171875,761881,0.0,0.0
2026-05-29 10:30:00+05:30,1831.699951171875,1835.699951171875,1831.300048828125,1833.9000244140625,446353,0.0,0.0
2026-05-29 10:45:00+05:30,1833.9000244140625,1834.0,1831.0999755859375,1831.699951171875,187673,0.0,0.0
2026-05-29 11:00:00+05:30,1831.800048828125,1834.9000244140625,1831.0999755859375,1831.800048828125,235428,0.0,0.0
2026-05-29 11:15:00+05:30,1831.800048828125,1832.9000244140625,1831.5999755859375,1832.699951171875,229376,0.0,0.0
2026-05-29 11:30:00+05:30,1832.800048828125,1833.300048828125,1830.9000244140625,1831.9000244140625,273635,0.0,0.0
2026-05-29 11:45:00+05:30,1832.0,1834.5,1831.9000244140625,1833.0,209960,0.0,0.0
2026-05-29 12:00:00+05:30,1833.0999755859375,1833.0999755859375,1826.199951171875,1827.0,220189,0.0,0.0
2026-05-29 12:15:00+05:30,1826.9000244140625,1832.5,1825.0,1831.9000244140625,310835,0.0,0.0
2026-05-29 12:30:00+05:30,1831.9000244140625,1834.5,1831.699951171875,1832.699951171875,367670,0.0,0.0
2026-05-29 12:45:00+05:30,1833.0999755859375,1837.5,1831.5999755859375,1837.4000244140625,260182,0.0,0.0
2026-05-29 13:00:00+05:30,1837.5,1837.800048828125,1830.4000244140625,1830.4000244140625,319472,0.0,0.0
2026-05-29 13:15:00+05:30,1830.699951171875,1836.199951171875,1829.699951171875,1835.5,350495,0.0,0.0
2026-05-29 13:30:00+05:30,1835.5999755859375,1836.5,1833.5999755859375,1834.300048828125,196375,0.0,0.0
2026-05-29 13:45:00+05:30,1834.0999755859375,1834.199951171875,1830.0999755859375,1831.800048828125,202780,0.0,0.0
2026-05-29 14:00:00+05:30,1831.800048828125,1832.9000244140625,1830.5999755859375,1830.9000244140625,193548,0.0,0.0
2026-05-29 14:15:00+05:30,1830.9000244140625,1831.699951171875,1828.300048828125,1830.0,203475,0.0,0.0
2026-05-29 14:30:00+05:30,1830.0,1832.199951171875,1829.5,1831.4000244140625,209136,0.0,0.0
2026-05-29 14:45:00+05:30,1831.300048828125,1831.9000244140625,1827.0,1830.0,453669,0.0,0.0
2026-05-29 15:00:00+05:30,1830.300048828125,1832.4000244140625,1818.699951171875,1829.4000244140625,17182267,0.0,0.0
2026-05-29 15:15:00+05:30,1829.5,1841.300048828125,1825.4000244140625,1829.0,11559034,0.0,0.0
2026-06-01 09:15:00+05:30,1832.9000244140625,1842.0,1827.5999755859375,1829.699951171875,139218,0.0,0.0
2026-06-01 09:30:00+05:30,1830.5,1832.5,1825.800048828125,1829.0,159418,0.0,0.0
2026-06-01 09:45:00+05:30,1828.9000244140625,1830.0,1825.0,1829.300048828125,98319,0.0,0.0
2026-06-01 10:00:00+05:30,1829.4000244140625,1830.5999755859375,1825.300048828125,1825.4000244140625,85786,0.0,0.0
2026-06-01 10:15:00+05:30,1825.300048828125,1825.300048828125,1820.199951171875,1821.5999755859375,120418,0.0,0.0
2026-06-01 10:30:00+05:30,1821.300048828125,1822.800048828125,1820.0,1820.0999755859375,102145,0.0,0.0
2026-06-01 10:45:00+05:30,1820.0,1822.800048828125,1819.0,1819.0,88079,0.0,0.0
2026-06-01 11:00:00+05:30,1819.0,1825.199951171875,1818.699951171875,1819.800048828125,97488,0.0,0.0
2026-06-01 11:15:00+05:30,1819.800048828125,1820.0999755859375,1816.0,1817.0,157574,0.0,0.0
2026-06-01 11:30:00+05:30,1817.0,1819.4000244140625,1814.0999755859375,1816.5,165119,0.0,0.0
2026-06-01 11:45:00+05:30,1816.5999755859375,1817.0,1809.0,1809.199951171875,200237,0.0,0.0
2026-06-01 12:00:00+05:30,1809.0999755859375,1817.9000244140625,1808.0,1817.800048828125,192414,0.0,0.0
2026-06-01 12:15:00+05:30,1817.9000244140625,1822.0,1813.300048828125,1814.5,149550,0.0,0.0
2026-06-01 12:30:00+05:30,1814.0,1816.0,1812.0999755859375,1814.699951171875,138458,0.0,0.0
2026-06-01 12:45:00+05:30,1814.5,1815.0,1811.5999755859375,1814.699951171875,114746,0.0,0.0
2026-06-01 13:00:00+05:30,1814.5,1814.699951171875,1810.0999755859375,1811.0,108885,0.0,0.0
2026-06-01 13:15:00+05:30,1811.0,1811.699951171875,1809.4000244140625,1811.699951171875,82593,0.0,0.0
2026-06-01 13:30:00+05:30,1810.800048828125,1813.5,1809.199951171875,1811.0,122256,0.0,0.0
2026-06-01 13:45:00+05:30,1810.9000244140625,1815.0,1809.0999755859375,1812.699951171875,129685,0.0,0.0
2026-06-01 14:00:00+05:30,1812.699951171875,1815.199951171875,1809.199951171875,1811.9000244140625,155668,0.0,0.0
2026-06-01 14:15:00+05:30,1811.5,1813.199951171875,1807.199951171875,1809.0,280523,0.0,0.0
2026-06-01 14:30:00+05:30,1809.0,1810.5,1808.0,1809.5999755859375,111720,0.0,0.0
2026-06-01 14:45:00+05:30,1809.5,1810.5999755859375,1803.9000244140625,1806.4000244140625,309013,0.0,0.0
2026-06-01 15:00:00+05:30,1806.5,1813.0999755859375,1806.5,1811.699951171875,1387114,0.0,0.0
2026-06-01 15:15:00+05:30,1811.699951171875,1814.5999755859375,1806.300048828125,1810.5999755859375,1237071,0.0,0.0
2026-06-02 09:15:00+05:30,1790.199951171875,1799.9000244140625,1786.800048828125,1798.5,547127,0.0,0.0
2026-06-02 09:30:00+05:30,1798.5,1799.699951171875,1792.5,1794.300048828125,189732,0.0,0.0
2026-06-02 09:45:00+05:30,1794.300048828125,1794.5999755859375,1787.0999755859375,1789.4000244140625,253054,0.0,0.0
2026-06-02 10:00:00+05:30,1789.5999755859375,1791.0999755859375,1782.0,1782.300048828125,289280,0.0,0.0
2026-06-02 10:15:00+05:30,1782.0,1787.9000244140625,1780.0999755859375,1786.0,338282,0.0,0.0
2026-06-02 10:30:00+05:30,1786.0,1787.0999755859375,1782.199951171875,1782.199951171875,336228,0.0,0.0
2026-06-02 10:45:00+05:30,1782.300048828125,1784.9000244140625,1777.699951171875,1780.199951171875,281456,0.0,0.0
2026-06-02 11:00:00+05:30,1780.0,1782.4000244140625,1777.5,1779.9000244140625,193571,0.0,0.0
2026-06-02 11:15:00+05:30,1780.199951171875,1792.699951171875,1779.4000244140625,1790.5,220548,0.0,0.0
2026-06-02 11:30:00+05:30,1790.800048828125,1792.300048828125,1781.0,1781.5,351926,0.0,0.0
2026-06-02 11:45:00+05:30,1781.4000244140625,1785.0,1780.0,1782.5,660637,0.0,0.0
2026-06-02 12:00:00+05:30,1782.5,1784.699951171875,1780.0999755859375,1780.300048828125,579277,0.0,0.0
2026-06-02 12:15:00+05:30,1780.300048828125,1787.0,1780.0999755859375,1785.199951171875,423357,0.0,0.0
2026-06-02 12:30:00+05:30,1785.199951171875,1790.5999755859375,1782.0,1789.800048828125,529194,0.0,0.0
2026-06-02 12:45:00+05:30,1789.800048828125,1801.199951171875,1789.5999755859375,1798.300048828125,490416,0.0,0.0
2026-06-02 13:00:00+05:30,1798.0999755859375,1804.699951171875,1797.0,1800.300048828125,278145,0.0,0.0
2026-06-02 13:15:00+05:30,1800.5999755859375,1810.5999755859375,1799.5,1810.5999755859375,264027,0.0,0.0
2026-06-02 13:30:00+05:30,1810.9000244140625,1817.199951171875,1810.9000244140625,1813.199951171875,223306,0.0,0.0
2026-06-02 13:45:00+05:30,1813.0999755859375,1819.5999755859375,1813.0999755859375,1817.4000244140625,286838,0.0,0.0
2026-06-02 14:00:00+05:30,1818.0999755859375,1823.699951171875,1816.4000244140625,1823.0,338004,0.0,0.0
2026-06-02 14:15:00+05:30,1823.0,1823.800048828125,1818.199951171875,1820.0,570866,0.0,0.0
2026-06-02 14:30:00+05:30,1820.0,1825.0,1810.0999755859375,1811.300048828125,670623,0.0,0.0
2026-06-02 14:45:00+05:30,1811.800048828125,1815.0,1808.800048828125,1809.699951171875,232566,0.0,0.0
2026-06-02 15:00:00+05:30,1809.699951171875,1818.5,1808.300048828125,1811.199951171875,915544,0.0,0.0
2026-06-02 15:15:00+05:30,1811.0999755859375,1818.300048828125,1811.0,1816.699951171875,568517,0.0,0.0
2026-06-03 09:15:00+05:30,1825.0,1834.9000244140625,1812.0,1812.699951171875,174088,0.0,0.0
2026-06-03 09:30:00+05:30,1812.5999755859375,1818.0,1810.0999755859375,1816.0,318311,0.0,0.0
2026-06-03 09:45:00+05:30,1815.4000244140625,1819.800048828125,1809.0999755859375,1813.800048828125,272079,0.0,0.0
2026-06-03 10:00:00+05:30,1813.0,1815.800048828125,1807.800048828125,1809.699951171875,169242,0.0,0.0
2026-06-03 10:15:00+05:30,1809.699951171875,1817.300048828125,1804.9000244140625,1807.5999755859375,323565,0.0,0.0
2026-06-03 10:30:00+05:30,1808.5,1812.5999755859375,1806.5,1811.800048828125,137920,0.0,0.0
2026-06-03 10:45:00+05:30,1811.800048828125,1812.800048828125,1810.300048828125,1810.5999755859375,133402,0.0,0.0
2026-06-03 11:00:00+05:30,1810.5999755859375,1812.199951171875,1808.0,1811.699951171875,170422,0.0,0.0
2026-06-03 11:15:00+05:30,1811.800048828125,1817.5999755859375,1811.699951171875,1814.5999755859375,227668,0.0,0.0
2026-06-03 11:30:00+05:30,1814.5,1822.699951171875,1814.199951171875,1821.4000244140625,308380,0.0,0.0
2026-06-03 11:45:00+05:30,1821.199951171875,1823.5999755859375,1817.4000244140625,1819.4000244140625,171914,0.0,0.0
2026-06-03 12:00:00+05:30,1819.5,1821.0999755859375,1814.5999755859375,1820.5999755859375,295298,0.0,0.0
2026-06-03 12:15:00+05:30,1820.5999755859375,1821.5999755859375,1816.0999755859375,1819.4000244140625,339479,0.0,0.0
2026-06-03 12:30:00+05:30,1818.9000244140625,1825.300048828125,1818.199951171875,1822.300048828125,159096,0.0,0.0
2026-06-03 12:45:00+05:30,1822.5,1823.5,1815.199951171875,1817.5999755859375,194914,0.0,0.0
2026-06-03 13:00:00+05:30,1817.5999755859375,1821.699951171875,1816.0999755859375,1821.300048828125,209354,0.0,0.0
2026-06-03 13:15:00+05:30,1822.199951171875,1824.800048828125,1819.5999755859375,1822.699951171875,138702,0.0,0.0
2026-06-03 13:30:00+05:30,1822.800048828125,1824.9000244140625,1820.0999755859375,1820.4000244140625,101445,0.0,0.0
2026-06-03 13:45:00+05:30,1820.800048828125,1828.4000244140625,1820.699951171875,1822.199951171875,149480,0.0,0.0
2026-06-03 14:00:00+05:30,1822.5,1824.5,1821.5,1823.199951171875,92710,0.0,0.0
2026-06-03 14:15:00+05:30,1823.199951171875,1826.699951171875,1822.5,1823.800048828125,134073,0.0,0.0
2026-06-03 14:30:00+05:30,1823.699951171875,1827.4000244140625,1823.5999755859375,1825.5,109186,0.0,0.0
2026-06-03 14:45:00+05:30,1825.5,1827.5,1824.4000244140625,1825.4000244140625,166265,0.0,0.0
2026-06-03 15:00:00+05:30,1825.699951171875,1830.0,1822.0999755859375,1823.800048828125,448305,0.0,0.0
2026-06-03 15:15:00+05:30,1823.300048828125,1824.300048828125,1820.0,1824.0999755859375,383811,0.0,0.0
2026-06-04 09:15:00+05:30,1815.0999755859375,1821.0,1814.5999755859375,1818.300048828125,120408,0.0,0.0
2026-06-04 09:30:00+05:30,1818.300048828125,1827.0,1817.5,1826.0,207606,0.0,0.0
2026-06-04 09:45:00+05:30,1826.0,1828.4000244140625,1822.300048828125,1825.5999755859375,142002,0.0,0.0
2026-06-04 10:00:00+05:30,1825.5999755859375,1828.800048828125,1824.0999755859375,1825.300048828125,143645,0.0,0.0
2026-06-04 10:15:00+05:30,1825.300048828125,1829.800048828125,1824.0,1828.300048828125,85251,0.0,0.0
2026-06-04 10:30:00+05:30,1828.4000244140625,1828.4000244140625,1822.699951171875,1824.5999755859375,86453,0.0,0.0
2026-06-04 10:45:00+05:30,1824.5999755859375,1825.300048828125,1820.5999755859375,1821.4000244140625,82842,0.0,0.0
2026-06-04 11:00:00+05:30,1821.4000244140625,1821.4000244140625,1816.4000244140625,1818.9000244140625,75604,0.0,0.0
2026-06-04 11:15:00+05:30,1818.9000244140625,1823.4000244140625,1815.4000244140625,1822.0,148577,0.0,0.0
2026-06-04 11:30:00+05:30,1822.199951171875,1826.0999755859375,1817.9000244140625,1823.300048828125,181151,0.0,0.0
2026-06-04 11:45:00+05:30,1823.0999755859375,1824.0,1812.5999755859375,1813.800048828125,207272,0.0,0.0
2026-06-04 12:00:00+05:30,1813.5999755859375,1818.5,1812.800048828125,1817.800048828125,444631,0.0,0.0
2026-06-04 12:15:00+05:30,1817.9000244140625,1818.5,1811.199951171875,1815.5999755859375,227270,0.0,0.0
2026-06-04 12:30:00+05:30,1815.5,1815.5999755859375,1810.9000244140625,1812.199951171875,135279,0.0,0.0
2026-06-04 12:45:00+05:30,1812.300048828125,1812.300048828125,1807.699951171875,1809.5999755859375,106638,0.0,0.0
2026-06-04 13:00:00+05:30,1809.800048828125,1810.0,1803.300048828125,1803.300048828125,245213,0.0,0.0
2026-06-04 13:15:00+05:30,1803.199951171875,1807.300048828125,1799.199951171875,1803.300048828125,921667,0.0,0.0
2026-06-04 13:30:00+05:30,1803.0999755859375,1803.0999755859375,1798.5999755859375,1799.0999755859375,295861,0.0,0.0
2026-06-04 13:45:00+05:30,1801.0,1803.0,1798.4000244140625,1803.0,170379,0.0,0.0
2026-06-04 14:00:00+05:30,1803.0,1806.9000244140625,1802.5,1806.199951171875,194263,0.0,0.0
2026-06-04 14:15:00+05:30,1806.300048828125,1809.0,1805.699951171875,1808.5999755859375,164803,0.0,0.0
2026-06-04 14:30:00+05:30,1808.5999755859375,1812.0,1807.199951171875,1808.9000244140625,311772,0.0,0.0
2026-06-04 14:45:00+05:30,1808.9000244140625,1813.5,1808.199951171875,1812.0,162050,0.0,0.0
2026-06-04 15:00:00+05:30,1812.300048828125,1821.4000244140625,1812.199951171875,1820.0,978347,0.0,0.0
2026-06-04 15:15:00+05:30,1820.0,1821.699951171875,1816.0999755859375,1818.9000244140625,650740,0.0,0.0
2026-06-05 09:15:00+05:30,1827.4000244140625,1827.4000244140625,1816.5,1820.9000244140625,96499,0.0,0.0
2026-06-05 09:30:00+05:30,1821.300048828125,1821.300048828125,1814.0,1816.5999755859375,93357,0.0,0.0
2026-06-05 09:45:00+05:30,1816.0,1816.5999755859375,1812.5,1813.0,69579,0.0,0.0
2026-06-05 10:00:00+05:30,1813.300048828125,1814.9000244140625,1811.0,1814.0999755859375,67349,0.0,0.0
2026-06-05 10:15:00+05:30,1814.0,1814.199951171875,1809.300048828125,1812.800048828125,113395,0.0,0.0
2026-06-05 10:30:00+05:30,1812.9000244140625,1814.0,1804.300048828125,1806.5999755859375,111505,0.0,0.0
2026-06-05 10:45:00+05:30,1806.5999755859375,1809.5,1805.0,1805.800048828125,89150,0.0,0.0
2026-06-05 11:00:00+05:30,1806.0,1812.5999755859375,1805.800048828125,1808.5999755859375,108719,0.0,0.0
2026-06-05 11:15:00+05:30,1808.5999755859375,1810.5,1800.199951171875,1803.9000244140625,236028,0.0,0.0
2026-06-05 11:30:00+05:30,1804.4000244140625,1808.4000244140625,1804.0999755859375,1806.4000244140625,90354,0.0,0.0
2026-06-05 11:45:00+05:30,1806.800048828125,1809.800048828125,1806.300048828125,1807.199951171875,111021,0.0,0.0
2026-06-05 12:00:00+05:30,1807.5999755859375,1809.0,1805.4000244140625,1809.0,49194,0.0,0.0
2026-06-05 12:15:00+05:30,1808.5,1809.0,1805.199951171875,1806.4000244140625,87043,0.0,0.0
2026-06-05 12:30:00+05:30,1806.9000244140625,1806.9000244140625,1798.0999755859375,1799.199951171875,242839,0.0,0.0
2026-06-05 12:45:00+05:30,1799.4000244140625,1801.0999755859375,1798.800048828125,1799.9000244140625,67332,0.0,0.0
2026-06-05 13:00:00+05:30,1799.9000244140625,1801.5999755859375,1796.300048828125,1797.4000244140625,82283,0.0,0.0
2026-06-05 13:15:00+05:30,1796.9000244140625,1799.699951171875,1793.199951171875,1796.0,114432,0.0,0.0
2026-06-05 13:30:00+05:30,1796.0999755859375,1797.4000244140625,1792.4000244140625,1794.300048828125,99671,0.0,0.0
2026-06-05 13:45:00+05:30,1794.9000244140625,1796.800048828125,1794.0999755859375,1796.0999755859375,125060,0.0,0.0
2026-06-05 14:00:00+05:30,1798.0,1798.300048828125,1794.800048828125,1795.0,113380,0.0,0.0
2026-06-05 14:15:00+05:30,1795.5999755859375,1795.5999755859375,1790.800048828125,1794.0,242417,0.0,0.0
2026-06-05 14:30:00+05:30,1794.0,1803.800048828125,1792.5999755859375,1802.199951171875,247061,0.0,0.0
2026-06-05 14:45:00+05:30,1802.4000244140625,1803.0,1797.300048828125,1798.4000244140625,155466,0.0,0.0
2026-06-05 15:00:00+05:30,1799.0999755859375,1799.199951171875,1795.0,1798.199951171875,439303,0.0,0.0
2026-06-05 15:15:00+05:30,1798.199951171875,1801.300048828125,1794.9000244140625,1796.0,547445,0.0,0.0
2026-06-08 09:15:00+05:30,1775.800048828125,1797.9000244140625,1775.0,1793.0,198094,0.0,0.0
2026-06-08 09:30:00+05:30,1792.800048828125,1798.0,1792.0999755859375,1795.0,122860,0.0,0.0
2026-06-08 09:45:00+05:30,1795.199951171875,1797.800048828125,1793.199951171875,1796.699951171875,136864,0.0,0.0
2026-06-08 10:00:00+05:30,1796.5999755859375,1804.699951171875,1795.5,1802.0,801391,0.0,0.0
2026-06-08 10:15:00+05:30,1801.800048828125,1807.0999755859375,1800.199951171875,1803.9000244140625,200662,0.0,0.0
2026-06-08 10:30:00+05:30,1803.9000244140625,1807.300048828125,1803.9000244140625,1804.300048828125,96712,0.0,0.0
2026-06-08 10:45:00+05:30,1803.699951171875,1807.9000244140625,1803.0999755859375,1807.9000244140625,141881,0.0,0.0
2026-06-08 11:00:00+05:30,1808.0,1809.0,1805.9000244140625,1807.5999755859375,167444,0.0,0.0
2026-06-08 11:15:00+05:30,1808.0999755859375,1810.5999755859375,1804.5999755859375,1808.0999755859375,211835,0.0,0.0
2026-06-08 11:30:00+05:30,1808.0999755859375,1810.0999755859375,1805.199951171875,1805.5,179312,0.0,0.0
2026-06-08 11:45:00+05:30,1805.5,1810.300048828125,1804.5999755859375,1808.9000244140625,193309,0.0,0.0
2026-06-08 12:00:00+05:30,1809.0,1811.199951171875,1807.199951171875,1809.5,289091,0.0,0.0
2026-06-08 12:15:00+05:30,1808.9000244140625,1812.5,1808.4000244140625,1811.5999755859375,99329,0.0,0.0
2026-06-08 12:30:00+05:30,1811.699951171875,1812.4000244140625,1810.0,1811.4000244140625,89496,0.0,0.0
2026-06-08 12:45:00+05:30,1811.300048828125,1813.9000244140625,1810.4000244140625,1813.9000244140625,112093,0.0,0.0
2026-06-08 13:00:00+05:30,1813.800048828125,1814.300048828125,1812.0,1812.5999755859375,110913,0.0,0.0
2026-06-08 13:15:00+05:30,1812.5999755859375,1813.5,1810.199951171875,1811.9000244140625,121737,0.0,0.0
2026-06-08 13:30:00+05:30,1811.800048828125,1813.5999755859375,1810.0999755859375,1810.300048828125,147244,0.0,0.0
2026-06-08 13:45:00+05:30,1810.4000244140625,1812.0,1808.0999755859375,1810.0999755859375,171642,0.0,0.0
2026-06-08 14:00:00+05:30,1810.0999755859375,1811.699951171875,1809.0999755859375,1811.699951171875,138704,0.0,0.0
2026-06-08 14:15:00+05:30,1811.5999755859375,1812.699951171875,1810.199951171875,1811.199951171875,264024,0.0,0.0
2026-06-08 14:30:00+05:30,1811.300048828125,1812.800048828125,1810.9000244140625,1811.699951171875,120334,0.0,0.0
2026-06-08 14:45:00+05:30,1811.800048828125,1813.300048828125,1810.0,1813.0,254423,0.0,0.0
2026-06-08 15:00:00+05:30,1812.5999755859375,1812.5999755859375,1810.199951171875,1811.4000244140625,532537,0.0,0.0
2026-06-08 15:15:00+05:30,1811.0,1820.0999755859375,1810.199951171875,1813.300048828125,1010448,0.0,0.0
2026-06-09 09:15:00+05:30,1830.300048828125,1837.0,1809.0999755859375,1817.0999755859375,307770,0.0,0.0
2026-06-09 09:30:00+05:30,1817.0999755859375,1819.4000244140625,1813.800048828125,1815.300048828125,320616,0.0,0.0
2026-06-09 09:45:00+05:30,1815.300048828125,1817.9000244140625,1814.300048828125,1817.0999755859375,294345,0.0,0.0
2026-06-09 10:00:00+05:30,1817.199951171875,1817.199951171875,1807.0,1808.300048828125,252195,0.0,0.0
2026-06-09 10:15:00+05:30,1808.699951171875,1810.800048828125,1807.0999755859375,1809.5,357724,0.0,0.0
2026-06-09 10:30:00+05:30,1809.5999755859375,1810.300048828125,1799.0999755859375,1799.9000244140625,208434,0.0,0.0
2026-06-09 10:45:00+05:30,1800.0,1801.0999755859375,1792.0,1800.5,207052,0.0,0.0
2026-06-09 11:00:00+05:30,1800.800048828125,1801.5,1795.9000244140625,1798.199951171875,224250,0.0,0.0
2026-06-09 11:15:00+05:30,1798.300048828125,1801.199951171875,1790.0,1796.0999755859375,526784,0.0,0.0
2026-06-09 11:30:00+05:30,1796.199951171875,1801.5,1796.0,1798.0,578379,0.0,0.0
2026-06-09 11:45:00+05:30,1798.0999755859375,1803.0,1797.5,1802.300048828125,246698,0.0,0.0
2026-06-09 12:00:00+05:30,1802.0999755859375,1802.9000244140625,1798.800048828125,1800.199951171875,231584,0.0,0.0
2026-06-09 12:15:00+05:30,1800.800048828125,1801.9000244140625,1799.0,1800.300048828125,207610,0.0,0.0
2026-06-09 12:30:00+05:30,1800.4000244140625,1803.4000244140625,1800.0,1801.300048828125,248753,0.0,0.0
2026-06-09 12:45:00+05:30,1801.300048828125,1803.0,1800.0,1801.0999755859375,241716,0.0,0.0
2026-06-09 13:00:00+05:30,1801.4000244140625,1804.0,1800.4000244140625,1801.5,260070,0.0,0.0
2026-06-09 13:15:00+05:30,1801.4000244140625,1804.4000244140625,1800.4000244140625,1801.199951171875,362119,0.0,0.0
2026-06-09 13:30:00+05:30,1801.199951171875,1804.800048828125,1800.300048828125,1803.300048828125,345729,0.0,0.0
2026-06-09 13:45:00+05:30,1803.300048828125,1803.800048828125,1801.800048828125,1802.699951171875,249543,0.0,0.0
2026-06-09 14:00:00+05:30,1802.699951171875,1804.199951171875,1802.300048828125,1803.5999755859375,169574,0.0,0.0
2026-06-09 14:15:00+05:30,1803.699951171875,1803.699951171875,1799.5,1801.4000244140625,315429,0.0,0.0
2026-06-09 14:30:00+05:30,1801.4000244140625,1804.5999755859375,1800.0,1804.5,340888,0.0,0.0
2026-06-09 14:45:00+05:30,1804.300048828125,1805.9000244140625,1802.4000244140625,1805.5999755859375,607796,0.0,0.0
2026-06-09 15:00:00+05:30,1805.5999755859375,1805.5999755859375,1796.0999755859375,1796.300048828125,1281866,0.0,0.0
2026-06-09 15:15:00+05:30,1796.300048828125,1798.5,1794.5999755859375,1798.0,1043013,0.0,0.0
2026-06-10 09:15:00+05:30,1799.0,1807.699951171875,1790.300048828125,1798.5,209298,0.0,0.0
2026-06-10 09:30:00+05:30,1799.5,1799.9000244140625,1790.0999755859375,1790.199951171875,361643,0.0,0.0
2026-06-10 09:45:00+05:30,1790.199951171875,1794.0999755859375,1789.4000244140625,1790.9000244140625,288862,0.0,0.0
2026-06-10 10:00:00+05:30,1790.699951171875,1794.699951171875,1789.5,1790.800048828125,240652,0.0,0.0
2026-06-10 10:15:00+05:30,1790.0999755859375,1791.800048828125,1788.300048828125,1790.800048828125,275359,0.0,0.0
2026-06-10 10:30:00+05:30,1791.0,1792.5,1789.800048828125,1791.800048828125,120755,0.0,0.0
2026-06-10 10:45:00+05:30,1791.699951171875,1796.0999755859375,1790.199951171875,1796.0999755859375,313624,0.0,0.0
2026-06-10 11:00:00+05:30,1795.9000244140625,1799.0999755859375,1794.0,1797.9000244140625,325522,0.0,0.0
2026-06-10 11:15:00+05:30,1797.9000244140625,1803.4000244140625,1794.5,1795.5999755859375,229974,0.0,0.0
2026-06-10 11:30:00+05:30,1795.9000244140625,1795.9000244140625,1792.0,1793.5999755859375,249120,0.0,0.0
2026-06-10 11:45:00+05:30,1793.0999755859375,1794.800048828125,1791.4000244140625,1792.0,150174,0.0,0.0
2026-06-10 12:00:00+05:30,1792.0,1792.9000244140625,1789.0999755859375,1790.9000244140625,174322,0.0,0.0
2026-06-10 12:15:00+05:30,1790.9000244140625,1792.0999755859375,1788.699951171875,1788.699951171875,124411,0.0,0.0
2026-06-10 12:30:00+05:30,1788.800048828125,1790.800048828125,1788.699951171875,1790.4000244140625,1266349,0.0,0.0
2026-06-10 12:45:00+05:30,1790.4000244140625,1791.5,1789.800048828125,1790.5,252416,0.0,0.0
2026-06-10 13:00:00+05:30,1790.5999755859375,1792.699951171875,1790.0,1790.5999755859375,118016,0.0,0.0
2026-06-10 13:15:00+05:30,1790.5999755859375,1790.800048828125,1788.5999755859375,1790.0,232090,0.0,0.0
2026-06-10 13:30:00+05:30,1790.0999755859375,1794.300048828125,1789.699951171875,1791.199951171875,354127,0.0,0.0
2026-06-10 13:45:00+05:30,1790.800048828125,1791.699951171875,1789.4000244140625,1789.800048828125,191857,0.0,0.0
2026-06-10 14:00:00+05:30,1789.699951171875,1791.4000244140625,1789.4000244140625,1789.9000244140625,157948,0.0,0.0
2026-06-10 14:15:00+05:30,1789.5999755859375,1792.9000244140625,1788.5,1791.300048828125,259525,0.0,0.0
2026-06-10 14:30:00+05:30,1791.4000244140625,1791.4000244140625,1781.0,1781.199951171875,243714,0.0,0.0
2026-06-10 14:45:00+05:30,1781.0999755859375,1781.9000244140625,1777.300048828125,1777.9000244140625,154446,0.0,0.0
2026-06-10 15:00:00+05:30,1778.699951171875,1779.4000244140625,1772.0,1774.4000244140625,705549,0.0,0.0
2026-06-10 15:15:00+05:30,1774.300048828125,1777.199951171875,1773.0,1776.0,627829,0.0,0.0
2026-06-11 09:15:00+05:30,1768.800048828125,1787.9000244140625,1768.800048828125,1783.300048828125,108436,0.0,0.0
2026-06-11 09:30:00+05:30,1783.300048828125,1786.9000244140625,1780.800048828125,1786.9000244140625,96245,0.0,0.0
2026-06-11 09:45:00+05:30,1786.9000244140625,1787.0,1783.300048828125,1783.4000244140625,101170,0.0,0.0
2026-06-11 10:00:00+05:30,1783.0999755859375,1790.0,1782.699951171875,1788.9000244140625,117403,0.0,0.0
2026-06-11 10:15:00+05:30,1788.800048828125,1791.5,1786.0,1788.9000244140625,98158,0.0,0.0
2026-06-11 10:30:00+05:30,1789.0,1791.800048828125,1788.0,1790.5,81925,0.0,0.0
2026-06-11 10:45:00+05:30,1791.199951171875,1791.300048828125,1785.699951171875,1789.0,94903,0.0,0.0
2026-06-11 11:00:00+05:30,1789.300048828125,1790.300048828125,1786.5,1787.9000244140625,119082,0.0,0.0
2026-06-11 11:15:00+05:30,1787.199951171875,1794.0,1786.5,1793.5,291461,0.0,0.0
2026-06-11 11:30:00+05:30,1794.0,1794.5999755859375,1786.199951171875,1792.0,315825,0.0,0.0
2026-06-11 11:45:00+05:30,1792.5,1793.5,1790.0999755859375,1793.0,67016,0.0,0.0
2026-06-11 12:00:00+05:30,1793.300048828125,1793.5,1787.5,1788.0,90807,0.0,0.0
2026-06-11 12:15:00+05:30,1788.0999755859375,1790.800048828125,1787.5999755859375,1789.199951171875,157816,0.0,0.0
2026-06-11 12:30:00+05:30,1789.5,1792.699951171875,1789.5,1792.0999755859375,97389,0.0,0.0
2026-06-11 12:45:00+05:30,1792.300048828125,1794.9000244140625,1791.4000244140625,1794.0999755859375,106557,0.0,0.0
2026-06-11 13:00:00+05:30,1794.0999755859375,1796.0,1792.0999755859375,1793.0,116123,0.0,0.0
2026-06-11 13:15:00+05:30,1793.0999755859375,1795.0,1789.0,1789.699951171875,170262,0.0,0.0
2026-06-11 13:30:00+05:30,1789.5,1791.5,1787.800048828125,1788.199951171875,75700,0.0,0.0
2026-06-11 13:45:00+05:30,1788.199951171875,1789.9000244140625,1786.5,1787.0,101584,0.0,0.0
2026-06-11 14:00:00+05:30,1787.5,1787.5,1781.800048828125,1783.5999755859375,164646,0.0,0.0
2026-06-11 14:15:00+05:30,1783.5999755859375,1785.0999755859375,1781.300048828125,1783.9000244140625,149071,0.0,0.0
2026-06-11 14:30:00+05:30,1784.199951171875,1787.800048828125,1779.300048828125,1786.4000244140625,394963,0.0,0.0
2026-06-11 14:45:00+05:30,1786.300048828125,1787.800048828125,1782.5,1784.0999755859375,221460,0.0,0.0
2026-06-11 15:00:00+05:30,1784.199951171875,1784.699951171875,1779.800048828125,1782.5999755859375,951942,0.0,0.0
2026-06-11 15:15:00+05:30,1782.5999755859375,1789.300048828125,1782.4000244140625,1786.9000244140625,437032,0.0,0.0
2026-06-12 09:15:00+05:30,1793.0,1806.0,1793.0,1801.5,245242,0.0,0.0
2026-06-12 09:30:00+05:30,1801.5999755859375,1803.0,1797.800048828125,1802.5999755859375,228087,0.0,0.0
2026-06-12 09:45:00+05:30,1802.5,1804.5,1802.0999755859375,1803.199951171875,172892,0.0,0.0
2026-06-12 10:00:00+05:30,1803.4000244140625,1809.800048828125,1802.5999755859375,1807.0,240407,0.0,0.0
2026-06-12 10:15:00+05:30,1807.4000244140625,1809.4000244140625,1805.0,1806.0,177919,0.0,0.0
2026-06-12 10:30:00+05:30,1805.699951171875,1806.0999755859375,1804.199951171875,1805.800048828125,122864,0.0,0.0
2026-06-12 10:45:00+05:30,1805.800048828125,1807.699951171875,1805.300048828125,1807.0,138236,0.0,0.0
2026-06-12 11:00:00+05:30,1806.9000244140625,1810.0,1806.9000244140625,1809.9000244140625,193265,0.0,0.0
2026-06-12 11:15:00+05:30,1809.9000244140625,1813.0,1808.300048828125,1812.4000244140625,239858,0.0,0.0
2026-06-12 11:30:00+05:30,1812.5,1815.0,1812.0999755859375,1813.800048828125,315100,0.0,0.0
2026-06-12 11:45:00+05:30,1813.4000244140625,1816.300048828125,1812.9000244140625,1815.4000244140625,243519,0.0,0.0
2026-06-12 12:00:00+05:30,1815.300048828125,1815.9000244140625,1814.4000244140625,1814.9000244140625,163199,0.0,0.0
2026-06-12 12:15:00+05:30,1814.9000244140625,1815.199951171875,1813.0999755859375,1814.800048828125,188833,0.0,0.0
2026-06-12 12:30:00+05:30,1814.800048828125,1814.800048828125,1809.9000244140625,1811.9000244140625,204121,0.0,0.0
2026-06-12 12:45:00+05:30,1812.0,1812.699951171875,1810.5,1811.0999755859375,115357,0.0,0.0
2026-06-12 13:00:00+05:30,1811.199951171875,1814.199951171875,1810.800048828125,1814.199951171875,105709,0.0,0.0
2026-06-12 13:15:00+05:30,1814.0,1816.0,1812.5,1814.300048828125,179850,0.0,0.0
2026-06-12 13:30:00+05:30,1814.5999755859375,1817.699951171875,1814.5999755859375,1817.0999755859375,137183,0.0,0.0
2026-06-12 13:45:00+05:30,1817.0,1817.699951171875,1815.0,1816.0,131060,0.0,0.0
2026-06-12 14:00:00+05:30,1816.0,1816.0,1814.4000244140625,1814.9000244140625,114229,0.0,0.0
2026-06-12 14:15:00+05:30,1815.0,1817.300048828125,1814.699951171875,1816.9000244140625,142553,0.0,0.0
2026-06-12 14:30:00+05:30,1816.9000244140625,1819.0,1815.0999755859375,1817.4000244140625,226082,0.0,0.0
2026-06-12 14:45:00+05:30,1817.5999755859375,1820.0,1817.0999755859375,1820.0,195027,0.0,0.0
2026-06-12 15:00:00+05:30,1819.0,1824.4000244140625,1817.800048828125,1822.800048828125,774336,0.0,0.0
2026-06-12 15:15:00+05:30,1822.5999755859375,1825.0,1821.300048828125,1822.5,576672,0.0,0.0
2026-06-15 09:15:00+05:30,1834.5,1839.300048828125,1816.5,1827.5999755859375,391239,0.0,0.0
2026-06-15 09:30:00+05:30,1827.0999755859375,1828.4000244140625,1821.9000244140625,1822.0,232199,0.0,0.0
2026-06-15 09:45:00+05:30,1822.699951171875,1827.9000244140625,1822.0999755859375,1827.199951171875,137382,0.0,0.0
2026-06-15 10:00:00+05:30,1827.300048828125,1829.5999755859375,1826.0,1829.5999755859375,158959,0.0,0.0
2026-06-15 10:15:00+05:30,1829.4000244140625,1829.4000244140625,1826.4000244140625,1827.4000244140625,195093,0.0,0.0
2026-06-15 10:30:00+05:30,1828.0,1829.800048828125,1826.699951171875,1829.800048828125,78319,0.0,0.0
2026-06-15 10:45:00+05:30,1830.199951171875,1836.300048828125,1830.199951171875,1832.699951171875,189496,0.0,0.0
2026-06-15 11:00:00+05:30,1832.800048828125,1833.0,1828.5999755859375,1829.300048828125,111858,0.0,0.0
2026-06-15 11:15:00+05:30,1829.4000244140625,1832.9000244140625,1829.4000244140625,1831.300048828125,77016,0.0,0.0
2026-06-15 11:30:00+05:30,1831.0999755859375,1831.699951171875,1829.199951171875,1830.300048828125,113536,0.0,0.0
2026-06-15 11:45:00+05:30,1830.4000244140625,1833.5,1829.9000244140625,1833.4000244140625,124189,0.0,0.0
2026-06-15 12:00:00+05:30,1833.199951171875,1839.199951171875,1832.4000244140625,1838.0,126524,0.0,0.0
2026-06-15 12:15:00+05:30,1837.9000244140625,1838.0,1834.5999755859375,1834.699951171875,119602,0.0,0.0
2026-06-15 12:30:00+05:30,1834.800048828125,1835.9000244140625,1834.199951171875,1835.800048828125,70979,0.0,0.0
2026-06-15 12:45:00+05:30,1835.800048828125,1835.800048828125,1835.300048828125,1835.5999755859375,71626,0.0,0.0
2026-06-15 13:00:00+05:30,1835.699951171875,1838.199951171875,1835.0999755859375,1836.0,100905,0.0,0.0
2026-06-15 13:15:00+05:30,1836.0,1837.5999755859375,1835.0,1837.300048828125,122306,0.0,0.0
2026-06-15 13:30:00+05:30,1837.0999755859375,1839.199951171875,1835.9000244140625,1837.0999755859375,140374,0.0,0.0
2026-06-15 13:45:00+05:30,1837.0,1839.800048828125,1836.0,1838.5999755859375,103698,0.0,0.0
2026-06-15 14:00:00+05:30,1838.5,1844.699951171875,1836.0,1843.5999755859375,285381,0.0,0.0
2026-06-15 14:15:00+05:30,1844.0,1857.0,1843.800048828125,1853.699951171875,303928,0.0,0.0
2026-06-15 14:30:00+05:30,1853.5999755859375,1854.9000244140625,1849.699951171875,1850.699951171875,283722,0.0,0.0
2026-06-15 14:45:00+05:30,1850.800048828125,1851.5,1845.300048828125,1845.699951171875,250262,0.0,0.0
2026-06-15 15:00:00+05:30,1846.199951171875,1847.199951171875,1838.300048828125,1839.4000244140625,685563,0.0,0.0
2026-06-15 15:15:00+05:30,1839.4000244140625,1844.5,1839.4000244140625,1841.199951171875,525545,0.0,0.0
2026-06-16 09:15:00+05:30,1843.5999755859375,1854.0,1842.199951171875,1852.0,264285,0.0,0.0
2026-06-16 09:30:00+05:30,1852.800048828125,1854.5999755859375,1850.0,1853.699951171875,257032,0.0,0.0
2026-06-16 09:45:00+05:30,1853.5999755859375,1854.5999755859375,1847.699951171875,1848.0,221306,0.0,0.0
2026-06-16 10:00:00+05:30,1849.0,1851.699951171875,1844.5999755859375,1846.199951171875,152984,0.0,0.0
2026-06-16 10:15:00+05:30,1846.5999755859375,1847.9000244140625,1843.800048828125,1845.699951171875,85046,0.0,0.0
2026-06-16 10:30:00+05:30,1845.5,1848.5,1845.300048828125,1847.0,73698,0.0,0.0
2026-06-16 10:45:00+05:30,1847.0,1848.0,1843.4000244140625,1847.800048828125,156817,0.0,0.0
2026-06-16 11:00:00+05:30,1847.800048828125,1848.300048828125,1844.800048828125,1846.0999755859375,120081,0.0,0.0
2026-06-16 11:15:00+05:30,1846.699951171875,1848.5,1845.0,1845.5,91357,0.0,0.0
2026-06-16 11:30:00+05:30,1845.0,1846.0999755859375,1841.5999755859375,1842.9000244140625,219476,0.0,0.0
2026-06-16 11:45:00+05:30,1842.699951171875,1843.9000244140625,1840.0999755859375,1841.5999755859375,207876,0.0,0.0
2026-06-16 12:00:00+05:30,1841.5,1841.5,1838.4000244140625,1839.0999755859375,85624,0.0,0.0
2026-06-16 12:15:00+05:30,1839.0999755859375,1841.9000244140625,1837.300048828125,1841.699951171875,138851,0.0,0.0
2026-06-16 12:30:00+05:30,1841.699951171875,1845.4000244140625,1840.5,1843.5999755859375,251132,0.0,0.0
2026-06-16 12:45:00+05:30,1843.5999755859375,1846.699951171875,1843.0999755859375,1846.5,187015,0.0,0.0
2026-06-16 13:00:00+05:30,1846.199951171875,1848.0,1845.0,1845.300048828125,142266,0.0,0.0
2026-06-16 13:15:00+05:30,1845.300048828125,1848.300048828125,1845.0,1848.300048828125,134843,0.0,0.0
2026-06-16 13:30:00+05:30,1848.300048828125,1849.199951171875,1848.0,1848.800048828125,144651,0.0,0.0
2026-06-16 13:45:00+05:30,1848.800048828125,1850.4000244140625,1848.5999755859375,1849.199951171875,118842,0.0,0.0
2026-06-16 14:00:00+05:30,1849.199951171875,1850.699951171875,1848.0999755859375,1849.5999755859375,138970,0.0,0.0
2026-06-16 14:15:00+05:30,1849.5999755859375,1851.0,1847.800048828125,1850.9000244140625,205570,0.0,0.0
2026-06-16 14:30:00+05:30,1851.0,1852.0,1850.0,1850.300048828125,274528,0.0,0.0
2026-06-16 14:45:00+05:30,1850.0,1851.699951171875,1847.9000244140625,1851.0,333001,0.0,0.0
2026-06-16 15:00:00+05:30,1851.0,1851.4000244140625,1848.0,1850.699951171875,676497,0.0,0.0
2026-06-16 15:15:00+05:30,1850.5,1859.0,1850.199951171875,1854.0,989722,0.0,0.0
2026-06-17 09:15:00+05:30,1852.9000244140625,1853.0999755859375,1841.5,1843.800048828125,205218,0.0,0.0
2026-06-17 09:30:00+05:30,1843.800048828125,1856.0999755859375,1843.800048828125,1855.5999755859375,263693,0.0,0.0
2026-06-17 09:45:00+05:30,1855.5999755859375,1865.0,1854.800048828125,1863.0,198703,0.0,0.0
2026-06-17 10:00:00+05:30,1863.0,1863.4000244140625,1860.0,1861.800048828125,191860,0.0,0.0
2026-06-17 10:15:00+05:30,1861.800048828125,1863.5,1860.5999755859375,1861.9000244140625,145633,0.0,0.0
2026-06-17 10:30:00+05:30,1861.800048828125,1863.0,1858.0999755859375,1859.5999755859375,163138,0.0,0.0
2026-06-17 10:45:00+05:30,1859.5999755859375,1863.0,1858.0,1860.199951171875,343359,0.0,0.0
2026-06-17 11:00:00+05:30,1860.199951171875,1860.800048828125,1855.0,1855.5999755859375,146156,0.0,0.0
2026-06-17 11:15:00+05:30,1855.5999755859375,1858.0,1855.5999755859375,1857.9000244140625,191333,0.0,0.0
2026-06-17 11:30:00+05:30,1858.0,1860.0,1855.0,1858.9000244140625,185045,0.0,0.0
2026-06-17 11:45:00+05:30,1858.0,1862.9000244140625,1857.5,1860.4000244140625,193631,0.0,0.0
2026-06-17 12:00:00+05:30,1860.5,1860.5,1855.0,1855.0,239912,0.0,0.0
2026-06-17 12:15:00+05:30,1855.0,1859.5999755859375,1851.800048828125,1858.0999755859375,222616,0.0,0.0
2026-06-17 12:30:00+05:30,1858.0999755859375,1858.5,1855.4000244140625,1857.300048828125,171483,0.0,0.0
2026-06-17 12:45:00+05:30,1857.300048828125,1858.5,1853.699951171875,1855.0,210147,0.0,0.0
2026-06-17 13:00:00+05:30,1854.699951171875,1856.4000244140625,1854.5,1855.0999755859375,145975,0.0,0.0
2026-06-17 13:15:00+05:30,1855.0,1860.800048828125,1854.5999755859375,1859.5999755859375,174245,0.0,0.0
2026-06-17 13:30:00+05:30,1859.5999755859375,1862.0999755859375,1858.300048828125,1860.4000244140625,145897,0.0,0.0
2026-06-17 13:45:00+05:30,1860.4000244140625,1865.9000244140625,1860.0,1865.199951171875,250906,0.0,0.0
2026-06-17 14:00:00+05:30,1865.199951171875,1866.699951171875,1861.300048828125,1865.5,310893,0.0,0.0
2026-06-17 14:15:00+05:30,1865.300048828125,1867.9000244140625,1865.0,1866.5999755859375,216496,0.0,0.0
2026-06-17 14:30:00+05:30,1866.800048828125,1870.199951171875,1866.5999755859375,1869.0999755859375,424546,0.0,0.0
2026-06-17 14:45:00+05:30,1869.0999755859375,1872.699951171875,1867.0,1872.5,479502,0.0,0.0
2026-06-17 15:00:00+05:30,1872.5999755859375,1877.699951171875,1871.300048828125,1876.0999755859375,1187101,0.0,0.0
2026-06-17 15:15:00+05:30,1876.0999755859375,1877.300048828125,1872.699951171875,1875.699951171875,811427,0.0,0.0
2026-06-18 09:15:00+05:30,1877.0,1877.699951171875,1866.0,1872.4000244140625,99054,0.0,0.0
2026-06-18 09:30:00+05:30,1872.9000244140625,1875.0999755859375,1871.9000244140625,1873.0,97811,0.0,0.0
2026-06-18 09:45:00+05:30,1873.0,1876.4000244140625,1871.4000244140625,1872.199951171875,108561,0.0,0.0
2026-06-18 10:00:00+05:30,1872.199951171875,1872.5999755859375,1867.5999755859375,1870.0999755859375,81094,0.0,0.0
2026-06-18 10:15:00+05:30,1870.0999755859375,1871.0999755859375,1869.5,1870.0,71237,0.0,0.0
2026-06-18 10:30:00+05:30,1870.0,1871.300048828125,1867.800048828125,1869.0,79257,0.0,0.0
2026-06-18 10:45:00+05:30,1869.0,1870.9000244140625,1866.300048828125,1869.5,150678,0.0,0.0
2026-06-18 11:00:00+05:30,1869.5,1869.5,1863.0,1864.800048828125,98712,0.0,0.0
2026-06-18 11:15:00+05:30,1864.800048828125,1865.0,1862.5,1863.0,65597,0.0,0.0
2026-06-18 11:30:00+05:30,1863.0,1868.4000244140625,1861.800048828125,1867.800048828125,89536,0.0,0.0
2026-06-18 11:45:00+05:30,1868.199951171875,1870.5,1866.9000244140625,1869.4000244140625,178594,0.0,0.0
2026-06-18 12:00:00+05:30,1869.300048828125,1870.4000244140625,1867.5999755859375,1869.199951171875,161738,0.0,0.0
2026-06-18 12:15:00+05:30,1869.199951171875,1870.699951171875,1866.5,1869.9000244140625,102110,0.0,0.0
2026-06-18 12:30:00+05:30,1870.0,1873.5999755859375,1869.0999755859375,1873.0,122324,0.0,0.0
2026-06-18 12:45:00+05:30,1873.0,1875.9000244140625,1870.800048828125,1875.800048828125,124390,0.0,0.0
2026-06-18 13:00:00+05:30,1875.800048828125,1876.0,1870.5,1870.5999755859375,68248,0.0,0.0
2026-06-18 13:15:00+05:30,1871.0,1872.5,1868.0,1868.9000244140625,187022,0.0,0.0
2026-06-18 13:30:00+05:30,1868.699951171875,1870.199951171875,1865.199951171875,1869.199951171875,182174,0.0,0.0
2026-06-18 13:45:00+05:30,1869.199951171875,1869.5,1866.0999755859375,1866.9000244140625,121030,0.0,0.0
2026-06-18 14:00:00+05:30,1866.9000244140625,1868.9000244140625,1866.5,1868.0999755859375,110828,0.0,0.0
2026-06-18 14:15:00+05:30,1868.199951171875,1869.5999755859375,1867.0,1867.5999755859375,130293,0.0,0.0
2026-06-18 14:30:00+05:30,1867.5999755859375,1871.0999755859375,1865.699951171875,1870.0999755859375,167798,0.0,0.0
2026-06-18 14:45:00+05:30,1870.0999755859375,1871.0,1868.300048828125,1869.699951171875,148017,0.0,0.0
2026-06-18 15:00:00+05:30,1869.0999755859375,1877.800048828125,1869.0999755859375,1875.300048828125,810437,0.0,0.0
2026-06-18 15:15:00+05:30,1875.4000244140625,1876.800048828125,1871.199951171875,1874.800048828125,511378,0.0,0.0
2026-06-19 09:15:00+05:30,1873.5,1889.0,1871.0999755859375,1888.300048828125,173870,0.0,0.0
2026-06-19 09:30:00+05:30,1888.300048828125,1889.0,1882.5,1882.5,158947,0.0,0.0
2026-06-19 09:45:00+05:30,1882.800048828125,1890.199951171875,1882.699951171875,1890.199951171875,132221,0.0,0.0
2026-06-19 10:00:00+05:30,1890.300048828125,1899.5,1888.0999755859375,1897.800048828125,307529,0.0,0.0
2026-06-19 10:15:00+05:30,1897.699951171875,1900.9000244140625,1895.0,1897.5,172349,0.0,0.0
2026-06-19 10:30:00+05:30,1897.0999755859375,1898.0,1890.5999755859375,1894.9000244140625,123662,0.0,0.0
2026-06-19 10:45:00+05:30,1894.800048828125,1894.800048828125,1890.0,1891.5,177709,0.0,0.0
2026-06-19 11:00:00+05:30,1890.9000244140625,1891.699951171875,1889.0,1890.9000244140625,84084,0.0,0.0
2026-06-19 11:15:00+05:30,1890.9000244140625,1894.5,1889.5,1891.5,123101,0.0,0.0
2026-06-19 11:30:00+05:30,1891.5,1893.5,1890.0,1893.0,141815,0.0,0.0
2026-06-19 11:45:00+05:30,1893.300048828125,1893.9000244140625,1890.0999755859375,1892.0,80682,0.0,0.0
2026-06-19 12:00:00+05:30,1892.0,1893.0,1885.800048828125,1888.0999755859375,203453,0.0,0.0
2026-06-19 12:15:00+05:30,1888.4000244140625,1891.699951171875,1885.9000244140625,1889.0999755859375,246473,0.0,0.0
2026-06-19 12:30:00+05:30,1889.0999755859375,1892.4000244140625,1888.199951171875,1889.699951171875,170929,0.0,0.0
2026-06-19 12:45:00+05:30,1890.5,1890.5,1886.5,1887.0,69420,0.0,0.0
2026-06-19 13:00:00+05:30,1886.9000244140625,1890.4000244140625,1884.5999755859375,1889.5999755859375,151158,0.0,0.0
2026-06-19 13:15:00+05:30,1889.5999755859375,1890.5,1886.800048828125,1888.800048828125,169052,0.0,0.0
2026-06-19 13:30:00+05:30,1888.800048828125,1890.5,1886.9000244140625,1890.0,93854,0.0,0.0
2026-06-19 13:45:00+05:30,1890.0,1893.0999755859375,1889.4000244140625,1892.699951171875,112650,0.0,0.0
2026-06-19 14:00:00+05:30,1892.699951171875,1896.0,1892.0,1894.5,223865,0.0,0.0
2026-06-19 14:15:00+05:30,1893.9000244140625,1914.4000244140625,1893.9000244140625,1905.9000244140625,632490,0.0,0.0
2026-06-19 14:30:00+05:30,1905.9000244140625,1908.5999755859375,1898.0,1899.300048828125,367148,0.0,0.0
2026-06-19 14:45:00+05:30,1899.699951171875,1901.5,1893.0,1895.5,421821,0.0,0.0
2026-06-19 15:00:00+05:30,1895.5,1915.300048828125,1895.199951171875,1910.300048828125,6548441,0.0,0.0
2026-06-19 15:15:00+05:30,1910.199951171875,1914.5999755859375,1903.0,1906.9000244140625,4634468,0.0,0.0
2026-06-22 09:15:00+05:30,1918.0,1918.0,1902.699951171875,1908.0,132059,0.0,0.0
2026-06-22 09:30:00+05:30,1908.0,1912.4000244140625,1905.300048828125,1911.9000244140625,168099,0.0,0.0
2026-06-22 09:45:00+05:30,1911.5,1916.4000244140625,1909.5999755859375,1915.5,141023,0.0,0.0
2026-06-22 10:00:00+05:30,1916.0,1918.5999755859375,1912.800048828125,1916.0999755859375,123754,0.0,0.0
2026-06-22 10:15:00+05:30,1916.300048828125,1922.4000244140625,1915.699951171875,1917.0,133017,0.0,0.0
2026-06-22 10:30:00+05:30,1916.9000244140625,1920.699951171875,1916.0,1919.699951171875,88385,0.0,0.0
2026-06-22 10:45:00+05:30,1918.5999755859375,1924.5,1918.5999755859375,1920.9000244140625,125279,0.0,0.0
2026-06-22 11:00:00+05:30,1920.5,1920.9000244140625,1918.0,1918.5,101397,0.0,0.0
2026-06-22 11:15:00+05:30,1918.5,1919.4000244140625,1912.300048828125,1918.0,97996,0.0,0.0
2026-06-22 11:30:00+05:30,1918.0,1920.0999755859375,1917.4000244140625,1918.300048828125,78483,0.0,0.0
2026-06-22 11:45:00+05:30,1918.300048828125,1919.5999755859375,1912.5,1917.199951171875,191336,0.0,0.0
2026-06-22 12:00:00+05:30,1917.199951171875,1919.300048828125,1915.9000244140625,1918.5,76070,0.0,0.0
2026-06-22 12:15:00+05:30,1918.0,1920.0,1915.9000244140625,1917.5,72755,0.0,0.0
2026-06-22 12:30:00+05:30,1917.5,1922.300048828125,1917.5,1920.0999755859375,109225,0.0,0.0
2026-06-22 12:45:00+05:30,1920.199951171875,1920.699951171875,1916.0,1917.300048828125,107301,0.0,0.0
2026-06-22 13:00:00+05:30,1917.300048828125,1917.699951171875,1915.800048828125,1917.300048828125,72754,0.0,0.0
2026-06-22 13:15:00+05:30,1917.300048828125,1919.5999755859375,1916.699951171875,1919.0999755859375,77786,0.0,0.0
2026-06-22 13:30:00+05:30,1918.199951171875,1921.0,1917.800048828125,1921.0,97959,0.0,0.0
2026-06-22 13:45:00+05:30,1921.0,1921.4000244140625,1919.0999755859375,1919.9000244140625,122557,0.0,0.0
2026-06-22 14:00:00+05:30,1919.9000244140625,1921.0999755859375,1919.0999755859375,1920.0,138810,0.0,0.0
2026-06-22 14:15:00+05:30,1920.5999755859375,1922.0,1920.0,1921.199951171875,175011,0.0,0.0
2026-06-22 14:30:00+05:30,1921.300048828125,1922.199951171875,1920.0,1920.9000244140625,157120,0.0,0.0
2026-06-22 14:45:00+05:30,1921.0,1921.0,1916.5,1917.5,178721,0.0,0.0
2026-06-22 15:00:00+05:30,1918.0999755859375,1918.800048828125,1915.5,1917.199951171875,446289,0.0,0.0
2026-06-22 15:15:00+05:30,1917.0,1917.9000244140625,1915.0,1916.5999755859375,368802,0.0,0.0
2026-06-23 09:15:00+05:30,1906.9000244140625,1920.5,1906.9000244140625,1919.0999755859375,134089,0.0,0.0
2026-06-23 09:30:00+05:30,1918.9000244140625,1921.800048828125,1916.0999755859375,1921.800048828125,116230,0.0,0.0
2026-06-23 09:45:00+05:30,1922.5,1924.300048828125,1918.699951171875,1920.300048828125,104006,0.0,0.0
2026-06-23 10:00:00+05:30,1920.4000244140625,1920.9000244140625,1918.0999755859375,1920.5,92275,0.0,0.0
2026-06-23 10:15:00+05:30,1920.300048828125,1922.5,1916.300048828125,1917.800048828125,154844,0.0,0.0
2026-06-23 10:30:00+05:30,1917.9000244140625,1921.0999755859375,1916.5999755859375,1918.699951171875,96073,0.0,0.0
2026-06-23 10:45:00+05:30,1918.800048828125,1920.800048828125,1917.800048828125,1920.699951171875,104173,0.0,0.0
2026-06-23 11:00:00+05:30,1920.5999755859375,1924.9000244140625,1919.699951171875,1924.5,170310,0.0,0.0
2026-06-23 11:15:00+05:30,1924.699951171875,1927.5,1923.199951171875,1923.4000244140625,148835,0.0,0.0
2026-06-23 11:30:00+05:30,1923.5,1924.5999755859375,1920.0,1923.5999755859375,150557,0.0,0.0
2026-06-23 11:45:00+05:30,1923.0,1924.199951171875,1912.0999755859375,1912.5,272150,0.0,0.0
2026-06-23 12:00:00+05:30,1912.5,1917.199951171875,1908.699951171875,1908.699951171875,249852,0.0,0.0
2026-06-23 12:15:00+05:30,1908.9000244140625,1912.199951171875,1907.699951171875,1909.300048828125,140077,0.0,0.0
2026-06-23 12:30:00+05:30,1909.300048828125,1913.800048828125,1908.199951171875,1913.0,124443,0.0,0.0
2026-06-23 12:45:00+05:30,1913.300048828125,1913.9000244140625,1907.5999755859375,1908.0,113502,0.0,0.0
2026-06-23 13:00:00+05:30,1907.300048828125,1909.800048828125,1906.5999755859375,1909.199951171875,132329,0.0,0.0
2026-06-23 13:15:00+05:30,1908.800048828125,1910.9000244140625,1908.300048828125,1910.0,91915,0.0,0.0
2026-06-23 13:30:00+05:30,1909.800048828125,1910.0999755859375,1905.0,1907.0999755859375,126215,0.0,0.0
2026-06-23 13:45:00+05:30,1907.300048828125,1907.800048828125,1905.4000244140625,1907.300048828125,117126,0.0,0.0
2026-06-23 14:00:00+05:30,1907.5999755859375,1910.0,1906.0,1909.300048828125,94195,0.0,0.0
2026-06-23 14:15:00+05:30,1909.4000244140625,1911.5999755859375,1908.5999755859375,1910.5999755859375,123325,0.0,0.0
2026-06-23 14:30:00+05:30,1910.5999755859375,1911.5999755859375,1906.699951171875,1907.199951171875,268320,0.0,0.0
2026-06-23 14:45:00+05:30,1907.5,1908.5999755859375,1904.199951171875,1904.800048828125,343157,0.0,0.0
2026-06-23 15:00:00+05:30,1905.0,1905.4000244140625,1898.5,1902.199951171875,872778,0.0,0.0
2026-06-23 15:15:00+05:30,1902.199951171875,1904.0999755859375,1896.699951171875,1901.5999755859375,629848,0.0,0.0
2026-06-24 09:15:00+05:30,1892.0999755859375,1892.699951171875,1876.800048828125,1883.5999755859375,296068,0.0,0.0
2026-06-24 09:30:00+05:30,1883.5999755859375,1885.9000244140625,1880.5999755859375,1881.5,344910,0.0,0.0
2026-06-24 09:45:00+05:30,1881.5,1882.5,1878.699951171875,1881.5,259075,0.0,0.0
2026-06-24 10:00:00+05:30,1881.800048828125,1885.0,1881.199951171875,1881.300048828125,150125,0.0,0.0
2026-06-24 10:15:00+05:30,1881.199951171875,1884.5999755859375,1880.0,1881.0,127098,0.0,0.0
2026-06-24 10:30:00+05:30,1881.5999755859375,1884.0,1881.0,1882.4000244140625,85188,0.0,0.0
2026-06-24 10:45:00+05:30,1882.5,1884.4000244140625,1881.0999755859375,1883.800048828125,198731,0.0,0.0
2026-06-24 11:00:00+05:30,1883.800048828125,1892.300048828125,1883.0999755859375,1892.300048828125,452344,0.0,0.0
2026-06-24 11:15:00+05:30,1892.199951171875,1892.4000244140625,1883.0999755859375,1885.9000244140625,169043,0.0,0.0
2026-06-24 11:30:00+05:30,1885.9000244140625,1887.699951171875,1882.9000244140625,1887.699951171875,103424,0.0,0.0
2026-06-24 11:45:00+05:30,1887.699951171875,1889.0,1885.800048828125,1885.800048828125,96050,0.0,0.0
2026-06-24 12:00:00+05:30,1885.9000244140625,1887.300048828125,1882.800048828125,1884.800048828125,385045,0.0,0.0
2026-06-24 12:15:00+05:30,1885.0,1886.9000244140625,1884.699951171875,1886.9000244140625,112622,0.0,0.0
2026-06-24 12:30:00+05:30,1886.9000244140625,1887.5,1885.0,1885.5999755859375,125807,0.0,0.0
2026-06-24 12:45:00+05:30,1885.5999755859375,1891.4000244140625,1885.4000244140625,1887.699951171875,87516,0.0,0.0
2026-06-24 13:00:00+05:30,1887.699951171875,1890.300048828125,1885.699951171875,1890.0,95009,0.0,0.0
2026-06-24 13:15:00+05:30,1889.9000244140625,1893.5,1889.199951171875,1890.0,103171,0.0,0.0
2026-06-24 13:30:00+05:30,1889.5,1893.0999755859375,1889.4000244140625,1892.199951171875,108152,0.0,0.0
2026-06-24 13:45:00+05:30,1892.199951171875,1893.0,1890.800048828125,1892.0,94004,0.0,0.0
2026-06-24 14:00:00+05:30,1891.9000244140625,1891.9000244140625,1887.9000244140625,1890.5999755859375,217778,0.0,0.0
2026-06-24 14:15:00+05:30,1890.5999755859375,1891.5,1881.300048828125,1882.0999755859375,1231350,0.0,0.0
2026-06-24 14:30:00+05:30,1882.0999755859375,1883.5999755859375,1879.800048828125,1881.300048828125,308651,0.0,0.0
2026-06-24 14:45:00+05:30,1881.0999755859375,1882.800048828125,1878.4000244140625,1881.699951171875,296244,0.0,0.0
2026-06-24 15:00:00+05:30,1881.4000244140625,1882.199951171875,1874.300048828125,1874.699951171875,1394632,0.0,0.0
2026-06-24 15:15:00+05:30,1874.800048828125,1878.9000244140625,1873.699951171875,1874.4000244140625,735499,0.0,0.0
2026-06-25 09:15:00+05:30,1887.5999755859375,1888.0999755859375,1872.800048828125,1872.9000244140625,113172,0.0,0.0
2026-06-25 09:30:00+05:30,1872.800048828125,1875.5999755859375,1870.199951171875,1870.300048828125,170777,0.0,0.0
2026-06-25 09:45:00+05:30,1870.0999755859375,1874.9000244140625,1864.9000244140625,1866.0999755859375,844102,0.0,0.0
2026-06-25 10:00:00+05:30,1865.800048828125,1873.0,1865.300048828125,1872.0,141830,0.0,0.0
2026-06-25 10:15:00+05:30,1872.5,1875.5,1868.5999755859375,1871.0,237388,0.0,0.0
2026-06-25 10:30:00+05:30,1871.0,1873.199951171875,1868.800048828125,1870.5999755859375,143224,0.0,0.0
2026-06-25 10:45:00+05:30,1870.5999755859375,1872.300048828125,1868.800048828125,1871.5,145055,0.0,0.0
2026-06-25 11:00:00+05:30,1871.4000244140625,1871.4000244140625,1866.199951171875,1867.0,242971,0.0,0.0
2026-06-25 11:15:00+05:30,1867.0,1869.0,1863.0,1863.300048828125,191191,0.0,0.0
2026-06-25 11:30:00+05:30,1863.300048828125,1864.0999755859375,1861.199951171875,1862.199951171875,186899,0.0,0.0
2026-06-25 11:45:00+05:30,1862.300048828125,1869.5,1861.699951171875,1867.5,224387,0.0,0.0
2026-06-25 12:00:00+05:30,1867.300048828125,1867.5,1863.5,1864.199951171875,173484,0.0,0.0
2026-06-25 12:15:00+05:30,1864.199951171875,1864.199951171875,1861.5,1862.0,169149,0.0,0.0
2026-06-25 12:30:00+05:30,1862.199951171875,1864.199951171875,1860.5999755859375,1863.0,204000,0.0,0.0
2026-06-25 12:45:00+05:30,1863.0,1865.4000244140625,1863.0,1865.4000244140625,141546,0.0,0.0
2026-06-25 13:00:00+05:30,1865.4000244140625,1865.4000244140625,1862.4000244140625,1863.4000244140625,172378,0.0,0.0
2026-06-25 13:15:00+05:30,1863.5999755859375,1864.9000244140625,1863.0,1863.9000244140625,168944,0.0,0.0
2026-06-25 13:30:00+05:30,1863.0,1870.199951171875,1862.5999755859375,1865.0999755859375,398499,0.0,0.0
2026-06-25 13:45:00+05:30,1865.0999755859375,1867.800048828125,1864.5999755859375,1867.199951171875,180529,0.0,0.0
2026-06-25 14:00:00+05:30,1867.199951171875,1867.199951171875,1863.5999755859375,1864.9000244140625,270934,0.0,0.0
2026-06-25 14:15:00+05:30,1864.800048828125,1864.9000244140625,1859.699951171875,1860.300048828125,364440,0.0,0.0
2026-06-25 14:30:00+05:30,1860.300048828125,1860.5,1855.5999755859375,1856.699951171875,409454,0.0,0.0
2026-06-25 14:45:00+05:30,1856.800048828125,1858.800048828125,1854.199951171875,1855.0,405666,0.0,0.0
2026-06-25 15:00:00+05:30,1854.5999755859375,1854.5999755859375,1848.199951171875,1849.9000244140625,1496540,0.0,0.0
2026-06-25 15:15:00+05:30,1849.9000244140625,1853.300048828125,1848.699951171875,1849.9000244140625,1098284,0.0,0.0
2026-06-29 09:15:00+05:30,1840.300048828125,1848.9000244140625,1838.9000244140625,1840.5,203706,0.0,0.0
2026-06-29 09:30:00+05:30,1840.5,1848.199951171875,1838.699951171875,1847.5999755859375,139643,0.0,0.0
2026-06-29 09:45:00+05:30,1847.5999755859375,1849.800048828125,1843.5999755859375,1844.0999755859375,105373,0.0,0.0
2026-06-29 10:00:00+05:30,1845.0999755859375,1845.699951171875,1840.0,1840.0,113252,0.0,0.0
2026-06-29 10:15:00+05:30,1840.0999755859375,1844.9000244140625,1840.0,1843.5999755859375,131813,0.0,0.0
2026-06-29 10:30:00+05:30,1843.9000244140625,1844.0999755859375,1839.800048828125,1839.9000244140625,126254,0.0,0.0
2026-06-29 10:45:00+05:30,1840.0999755859375,1840.199951171875,1833.4000244140625,1834.0,120907,0.0,0.0
2026-06-29 11:00:00+05:30,1833.9000244140625,1838.5999755859375,1833.5999755859375,1836.9000244140625,132051,0.0,0.0
2026-06-29 11:15:00+05:30,1836.699951171875,1840.0,1836.699951171875,1837.9000244140625,129569,0.0,0.0
2026-06-29 11:30:00+05:30,1837.9000244140625,1838.9000244140625,1835.800048828125,1837.199951171875,249311,0.0,0.0
2026-06-29 11:45:00+05:30,1837.0,1838.9000244140625,1836.699951171875,1838.0999755859375,142795,0.0,0.0
2026-06-29 12:00:00+05:30,1838.0999755859375,1840.199951171875,1836.0999755859375,1838.300048828125,221021,0.0,0.0
2026-06-29 12:15:00+05:30,1838.199951171875,1838.9000244140625,1837.300048828125,1838.0999755859375,110019,0.0,0.0
2026-06-29 12:30:00+05:30,1838.300048828125,1844.0999755859375,1836.4000244140625,1842.800048828125,214692,0.0,0.0
2026-06-29 12:45:00+05:30,1842.800048828125,1844.300048828125,1839.5,1842.800048828125,163174,0.0,0.0
2026-06-29 13:00:00+05:30,1843.0,1843.199951171875,1836.0999755859375,1838.0999755859375,280655,0.0,0.0
2026-06-29 13:15:00+05:30,1837.199951171875,1839.5999755859375,1835.800048828125,1837.5999755859375,222614,0.0,0.0
2026-06-29 13:30:00+05:30,1837.5999755859375,1839.800048828125,1834.0,1834.0,212071,0.0,0.0
2026-06-29 13:45:00+05:30,1834.199951171875,1838.5,1834.0,1838.0999755859375,224009,0.0,0.0
2026-06-29 14:00:00+05:30,1838.199951171875,1841.0999755859375,1837.699951171875,1841.0,174374,0.0,0.0
2026-06-29 14:15:00+05:30,1841.300048828125,1843.699951171875,1840.0,1840.5999755859375,187870,0.0,0.0
2026-06-29 14:30:00+05:30,1840.699951171875,1843.199951171875,1839.199951171875,1843.0999755859375,197108,0.0,0.0
2026-06-29 14:45:00+05:30,1842.800048828125,1844.5999755859375,1841.300048828125,1844.5999755859375,231715,0.0,0.0
2026-06-29 15:00:00+05:30,1841.9000244140625,1847.199951171875,1839.0,1841.300048828125,3239838,0.0,0.0
2026-06-29 15:15:00+05:30,1840.9000244140625,1848.0,1834.5999755859375,1841.0999755859375,2956981,0.0,0.0
2026-06-30 09:15:00+05:30,1850.800048828125,1853.699951171875,1844.300048828125,1849.4000244140625,109738,0.0,0.0
2026-06-30 09:30:00+05:30,1850.0,1859.800048828125,1849.699951171875,1858.800048828125,258248,0.0,0.0
2026-06-30 09:45:00+05:30,1858.800048828125,1861.199951171875,1855.0,1859.5999755859375,133356,0.0,0.0
2026-06-30 10:00:00+05:30,1859.699951171875,1863.9000244140625,1859.5,1861.699951171875,96262,0.0,0.0
2026-06-30 10:15:00+05:30,1861.5,1864.5,1860.699951171875,1863.699951171875,120706,0.0,0.0
2026-06-30 10:30:00+05:30,1863.4000244140625,1868.9000244140625,1862.699951171875,1866.199951171875,207156,0.0,0.0
2026-06-30 10:45:00+05:30,1866.800048828125,1871.699951171875,1866.0999755859375,1866.800048828125,171488,0.0,0.0
2026-06-30 11:00:00+05:30,1864.800048828125,1871.0,1863.300048828125,1870.0,108850,0.0,0.0
2026-06-30 11:15:00+05:30,1870.199951171875,1876.5999755859375,1869.5,1876.0,229965,0.0,0.0
2026-06-30 11:30:00+05:30,1876.0,1876.5,1867.199951171875,1868.5999755859375,279523,0.0,0.0
2026-06-30 11:45:00+05:30,1868.4000244140625,1869.0999755859375,1863.800048828125,1866.4000244140625,100188,0.0,0.0
2026-06-30 12:00:00+05:30,1866.0,1869.300048828125,1863.5,1867.4000244140625,157127,0.0,0.0
2026-06-30 12:15:00+05:30,1867.300048828125,1869.0,1862.4000244140625,1869.0,102290,0.0,0.0
2026-06-30 12:30:00+05:30,1869.0,1874.5,1867.800048828125,1873.800048828125,103712,0.0,0.0
2026-06-30 12:45:00+05:30,1873.9000244140625,1874.300048828125,1869.199951171875,1873.0,250442,0.0,0.0
2026-06-30 13:00:00+05:30,1872.800048828125,1874.199951171875,1871.9000244140625,1873.0,76487,0.0,0.0
2026-06-30 13:15:00+05:30,1872.800048828125,1873.4000244140625,1867.5999755859375,1869.9000244140625,181004,0.0,0.0
2026-06-30 13:30:00+05:30,1870.0,1870.0,1865.5,1868.5,130166,0.0,0.0
2026-06-30 13:45:00+05:30,1868.5,1870.0,1866.5999755859375,1868.5,174673,0.0,0.0
2026-06-30 14:00:00+05:30,1868.0999755859375,1869.199951171875,1863.199951171875,1863.9000244140625,157641,0.0,0.0
2026-06-30 14:15:00+05:30,1863.800048828125,1870.0999755859375,1861.0,1868.300048828125,338624,0.0,0.0
2026-06-30 14:30:00+05:30,1867.800048828125,1868.199951171875,1863.5999755859375,1865.0,154292,0.0,0.0
2026-06-30 14:45:00+05:30,1865.0,1865.5,1858.800048828125,1860.0999755859375,215681,0.0,0.0
2026-06-30 15:00:00+05:30,1859.800048828125,1859.800048828125,1850.0,1850.4000244140625,1644059,0.0,0.0
2026-06-30 15:15:00+05:30,1850.300048828125,1857.5999755859375,1850.300048828125,1855.0,1202810,0.0,0.0
2026-07-01 09:15:00+05:30,1850.4000244140625,1856.9000244140625,1849.5,1856.0,85890,0.0,0.0
2026-07-01 09:30:00+05:30,1856.199951171875,1862.4000244140625,1853.0,1861.699951171875,87262,0.0,0.0
2026-07-01 09:45:00+05:30,1862.0,1863.0,1858.5999755859375,1862.4000244140625,63052,0.0,0.0
2026-07-01 10:00:00+05:30,1862.4000244140625,1864.0999755859375,1859.0999755859375,1863.800048828125,78249,0.0,0.0
2026-07-01 10:15:00+05:30,1863.300048828125,1865.0,1860.199951171875,1861.5,68470,0.0,0.0
2026-07-01 10:30:00+05:30,1861.4000244140625,1862.300048828125,1858.0,1858.5,87568,0.0,0.0
2026-07-01 10:45:00+05:30,1858.5,1860.0,1858.5,1859.199951171875,43676,0.0,0.0
2026-07-01 11:00:00+05:30,1859.0999755859375,1866.0999755859375,1859.0,1865.800048828125,111358,0.0,0.0
2026-07-01 11:15:00+05:30,1865.9000244140625,1874.300048828125,1865.0,1873.199951171875,230302,0.0,0.0
2026-07-01 11:30:00+05:30,1873.300048828125,1875.800048828125,1871.9000244140625,1875.800048828125,148786,0.0,0.0
2026-07-01 11:45:00+05:30,1876.0,1878.5999755859375,1871.5999755859375,1875.0999755859375,127314,0.0,0.0
2026-07-01 12:00:00+05:30,1875.9000244140625,1878.5999755859375,1871.9000244140625,1877.300048828125,345754,0.0,0.0
2026-07-01 12:15:00+05:30,1877.4000244140625,1886.9000244140625,1876.9000244140625,1883.199951171875,434552,0.0,0.0
2026-07-01 12:30:00+05:30,1883.199951171875,1883.199951171875,1877.4000244140625,1879.0999755859375,99559,0.0,0.0
2026-07-01 12:45:00+05:30,1878.199951171875,1882.0,1877.5,1881.300048828125,77287,0.0,0.0
2026-07-01 13:00:00+05:30,1881.300048828125,1882.0,1878.0,1881.5,79722,0.0,0.0
2026-07-01 13:15:00+05:30,1881.5,1882.0,1873.199951171875,1875.0,145383,0.0,0.0
2026-07-01 13:30:00+05:30,1874.699951171875,1877.300048828125,1871.9000244140625,1874.0,261563,0.0,0.0
2026-07-01 13:45:00+05:30,1874.0999755859375,1876.4000244140625,1873.0999755859375,1876.4000244140625,185368,0.0,0.0
2026-07-01 14:00:00+05:30,1876.5999755859375,1879.9000244140625,1875.5999755859375,1875.5999755859375,54868,0.0,0.0
2026-07-01 14:15:00+05:30,1875.4000244140625,1876.800048828125,1874.300048828125,1876.0,68321,0.0,0.0
2026-07-01 14:30:00+05:30,1875.4000244140625,1876.4000244140625,1873.800048828125,1874.699951171875,65890,0.0,0.0
2026-07-01 14:45:00+05:30,1874.699951171875,1875.5,1873.699951171875,1875.4000244140625,96405,0.0,0.0
2026-07-01 15:00:00+05:30,1875.699951171875,1875.699951171875,1867.699951171875,1867.699951171875,469066,0.0,0.0
2026-07-01 15:15:00+05:30,1868.4000244140625,1873.0,1867.4000244140625,1869.300048828125,541034,0.0,0.0
2026-07-02 09:15:00+05:30,1866.0,1867.800048828125,1856.0,1861.300048828125,213702,0.0,0.0
2026-07-02 09:30:00+05:30,1861.5999755859375,1861.5999755859375,1854.5,1854.9000244140625,212879,0.0,0.0
2026-07-02 09:45:00+05:30,1855.5,1859.0999755859375,1855.0,1856.800048828125,130816,0.0,0.0
2026-07-02 10:00:00+05:30,1856.5,1856.5999755859375,1851.0,1851.0,141603,0.0,0.0
2026-07-02 10:15:00+05:30,1850.800048828125,1854.5999755859375,1850.5,1854.0,84829,0.0,0.0
2026-07-02 10:30:00+05:30,1854.0,1855.5999755859375,1852.9000244140625,1853.9000244140625,60671,0.0,0.0
2026-07-02 10:45:00+05:30,1853.5999755859375,1855.5,1851.300048828125,1852.4000244140625,205544,0.0,0.0
2026-07-02 11:00:00+05:30,1852.4000244140625,1859.0999755859375,1851.699951171875,1858.800048828125,181827,0.0,0.0
2026-07-02 11:15:00+05:30,1858.699951171875,1859.4000244140625,1855.199951171875,1855.9000244140625,160983,0.0,0.0
2026-07-02 11:30:00+05:30,1855.9000244140625,1858.5999755859375,1854.4000244140625,1858.0,115291,0.0,0.0
2026-07-02 11:45:00+05:30,1857.300048828125,1859.300048828125,1856.199951171875,1859.199951171875,119846,0.0,0.0
2026-07-02 12:00:00+05:30,1857.800048828125,1861.0,1856.800048828125,1857.9000244140625,191730,0.0,0.0
2026-07-02 12:15:00+05:30,1857.800048828125,1858.0999755859375,1854.5,1855.0,180926,0.0,0.0
2026-07-02 12:30:00+05:30,1855.0,1857.699951171875,1853.0,1855.800048828125,170221,0.0,0.0
2026-07-02 12:45:00+05:30,1855.9000244140625,1856.699951171875,1853.5999755859375,1855.800048828125,152200,0.0,0.0
2026-07-02 13:00:00+05:30,1855.800048828125,1866.0,1854.4000244140625,1865.699951171875,198717,0.0,0.0
2026-07-02 13:15:00+05:30,1865.699951171875,1867.5,1864.199951171875,1866.5,170336,0.0,0.0
2026-07-02 13:30:00+05:30,1866.5,1867.0,1863.300048828125,1864.199951171875,128007,0.0,0.0
2026-07-02 13:45:00+05:30,1864.199951171875,1865.0999755859375,1861.0,1861.800048828125,136231,0.0,0.0
2026-07-02 14:00:00+05:30,1861.5999755859375,1866.5,1860.9000244140625,1865.300048828125,140910,0.0,0.0
2026-07-02 14:15:00+05:30,1865.300048828125,1873.9000244140625,1864.199951171875,1873.4000244140625,202781,0.0,0.0
2026-07-02 14:30:00+05:30,1873.4000244140625,1881.4000244140625,1873.0999755859375,1878.5,181115,0.0,0.0
2026-07-02 14:45:00+05:30,1878.5,1883.800048828125,1876.5,1878.199951171875,206580,0.0,0.0
2026-07-02 15:00:00+05:30,1878.300048828125,1880.0,1874.4000244140625,1875.0,578307,0.0,0.0
2026-07-02 15:15:00+05:30,1875.0,1875.4000244140625,1870.5999755859375,1871.199951171875,446828,0.0,0.0
2026-07-03 09:15:00+05:30,1889.800048828125,1899.800048828125,1886.4000244140625,1897.800048828125,242591,0.0,0.0
2026-07-03 09:30:00+05:30,1897.800048828125,1897.800048828125,1891.9000244140625,1894.5,109806,0.0,0.0
2026-07-03 09:45:00+05:30,1894.0,1899.0,1893.199951171875,1895.800048828125,92929,0.0,0.0
2026-07-03 10:00:00+05:30,1895.800048828125,1896.699951171875,1890.699951171875,1892.0,124690,0.0,0.0
2026-07-03 10:15:00+05:30,1892.4000244140625,1895.5,1889.699951171875,1890.0,177551,0.0,0.0
2026-07-03 10:30:00+05:30,1889.9000244140625,1896.0,1889.300048828125,1895.199951171875,115979,0.0,0.0
2026-07-03 10:45:00+05:30,1895.0,1898.5,1894.9000244140625,1896.5,50218,0.0,0.0
2026-07-03 11:00:00+05:30,1896.5999755859375,1897.5,1894.800048828125,1896.300048828125,50690,0.0,0.0
2026-07-03 11:15:00+05:30,1896.199951171875,1897.5,1895.0999755859375,1896.0,48426,0.0,0.0
2026-07-03 11:30:00+05:30,1896.300048828125,1905.0,1896.300048828125,1902.5,228325,0.0,0.0
2026-07-03 11:45:00+05:30,1902.4000244140625,1903.4000244140625,1900.0,1902.5999755859375,157725,0.0,0.0
2026-07-03 12:00:00+05:30,1902.800048828125,1908.0999755859375,1902.0999755859375,1907.300048828125,215348,0.0,0.0
2026-07-03 12:15:00+05:30,1907.300048828125,1907.300048828125,1901.199951171875,1904.9000244140625,111591,0.0,0.0
2026-07-03 12:30:00+05:30,1904.5999755859375,1906.9000244140625,1904.0,1906.800048828125,69873,0.0,0.0
2026-07-03 12:45:00+05:30,1906.800048828125,1907.699951171875,1901.5,1901.699951171875,66849,0.0,0.0
2026-07-03 13:00:00+05:30,1901.5999755859375,1905.0,1900.5,1903.5999755859375,216363,0.0,0.0
2026-07-03 13:15:00+05:30,1904.199951171875,1905.5999755859375,1901.0999755859375,1904.800048828125,233099,0.0,0.0
2026-07-03 13:30:00+05:30,1904.9000244140625,1907.5999755859375,1903.300048828125,1906.4000244140625,229887,0.0,0.0
2026-07-03 13:45:00+05:30,1906.4000244140625,1907.9000244140625,1904.199951171875,1905.0,122378,0.0,0.0
2026-07-03 14:00:00+05:30,1905.699951171875,1912.0,1904.5,1912.0,373815,0.0,0.0
2026-07-03 14:15:00+05:30,1910.5,1913.0,1908.699951171875,1910.800048828125,391905,0.0,0.0
2026-07-03 14:30:00+05:30,1910.300048828125,1912.5,1908.199951171875,1908.800048828125,126131,0.0,0.0
2026-07-03 14:45:00+05:30,1908.800048828125,1910.5999755859375,1908.5,1909.5,170065,0.0,0.0
2026-07-03 15:00:00+05:30,1910.699951171875,1912.4000244140625,1909.800048828125,1911.300048828125,491184,0.0,0.0
2026-07-03 15:15:00+05:30,1911.4000244140625,1911.4000244140625,1907.699951171875,1909.5999755859375,470348,0.0,0.0
2026-07-06 09:15:00+05:30,1919.300048828125,1925.300048828125,1915.5999755859375,1921.699951171875,106706,0.0,0.0
2026-07-06 09:30:00+05:30,1921.800048828125,1925.0999755859375,1921.0999755859375,1925.0,106747,0.0,0.0
2026-07-06 09:45:00+05:30,1925.0,1925.4000244140625,1918.0,1922.0999755859375,76890,0.0,0.0
2026-07-06 10:00:00+05:30,1921.9000244140625,1922.300048828125,1916.0,1917.9000244140625,71048,0.0,0.0
2026-07-06 10:15:00+05:30,1917.9000244140625,1923.5,1916.9000244140625,1923.199951171875,63545,0.0,0.0
2026-07-06 10:30:00+05:30,1923.300048828125,1924.0,1922.0999755859375,1923.4000244140625,36849,0.0,0.0
2026-07-06 10:45:00+05:30,1923.5,1924.5999755859375,1920.9000244140625,1922.300048828125,66977,0.0,0.0
2026-07-06 11:00:00+05:30,1922.300048828125,1923.5,1922.0,1923.5,39749,0.0,0.0
2026-07-06 11:15:00+05:30,1923.5,1923.9000244140625,1921.5,1923.199951171875,28017,0.0,0.0
2026-07-06 11:30:00+05:30,1923.800048828125,1924.0,1921.4000244140625,1924.0,47895,0.0,0.0
2026-07-06 11:45:00+05:30,1924.0,1924.9000244140625,1922.300048828125,1924.9000244140625,49600,0.0,0.0
2026-07-06 12:00:00+05:30,1924.9000244140625,1926.300048828125,1924.0,1925.199951171875,49681,0.0,0.0
2026-07-06 12:15:00+05:30,1925.9000244140625,1928.0999755859375,1925.300048828125,1927.4000244140625,69976,0.0,0.0
2026-07-06 12:30:00+05:30,1927.5,1929.5999755859375,1926.9000244140625,1929.4000244140625,75967,0.0,0.0
2026-07-06 12:45:00+05:30,1929.4000244140625,1930.5999755859375,1927.0999755859375,1929.199951171875,135564,0.0,0.0
2026-07-06 13:00:00+05:30,1929.300048828125,1931.199951171875,1927.800048828125,1931.199951171875,72574,0.0,0.0
2026-07-06 13:15:00+05:30,1931.0,1932.699951171875,1930.5,1931.0,131600,0.0,0.0
2026-07-06 13:30:00+05:30,1931.0,1932.0,1930.0,1930.5999755859375,79697,0.0,0.0
2026-07-06 13:45:00+05:30,1930.9000244140625,1931.199951171875,1922.5,1924.300048828125,177409,0.0,0.0
2026-07-06 14:00:00+05:30,1924.5999755859375,1924.5999755859375,1920.4000244140625,1922.5,109677,0.0,0.0
2026-07-06 14:15:00+05:30,1922.300048828125,1925.199951171875,1921.5999755859375,1923.0999755859375,83433,0.0,0.0
2026-07-06 14:30:00+05:30,1923.0999755859375,1928.0,1922.300048828125,1925.5,71862,0.0,0.0
2026-07-06 14:45:00+05:30,1926.0999755859375,1927.0,1923.5,1925.699951171875,76856,0.0,0.0
2026-07-06 15:00:00+05:30,1925.699951171875,1927.0,1922.9000244140625,1926.199951171875,362561,0.0,0.0
2026-07-06 15:15:00+05:30,1926.4000244140625,1927.800048828125,1925.0,1925.699951171875,342806,0.0,0.0
2026-07-07 09:15:00+05:30,1923.9000244140625,1928.4000244140625,1918.0999755859375,1920.0,161932,0.0,0.0
2026-07-07 09:30:00+05:30,1920.199951171875,1923.199951171875,1918.5,1921.5999755859375,169996,0.0,0.0
2026-07-07 09:45:00+05:30,1922.4000244140625,1931.5,1922.4000244140625,1930.0,204371,0.0,0.0
2026-07-07 10:00:00+05:30,1930.0,1933.0999755859375,1929.199951171875,1931.800048828125,129863,0.0,0.0
2026-07-07 10:15:00+05:30,1931.800048828125,1942.800048828125,1931.699951171875,1937.800048828125,295124,0.0,0.0
2026-07-07 10:30:00+05:30,1938.0,1942.800048828125,1937.699951171875,1940.800048828125,218637,0.0,0.0
2026-07-07 10:45:00+05:30,1940.800048828125,1946.4000244140625,1940.199951171875,1943.0,172255,0.0,0.0
2026-07-07 11:00:00+05:30,1943.0999755859375,1946.800048828125,1940.699951171875,1943.0999755859375,202924,0.0,0.0
2026-07-07 11:15:00+05:30,1943.300048828125,1944.0999755859375,1941.5,1943.4000244140625,94698,0.0,0.0
2026-07-07 11:30:00+05:30,1943.300048828125,1946.5999755859375,1941.9000244140625,1945.699951171875,124282,0.0,0.0
2026-07-07 11:45:00+05:30,1945.699951171875,1955.699951171875,1941.5,1954.5,368106,0.0,0.0
2026-07-07 12:00:00+05:30,1954.5999755859375,1956.300048828125,1949.199951171875,1950.300048828125,235346,0.0,0.0
2026-07-07 12:15:00+05:30,1950.199951171875,1953.300048828125,1949.0999755859375,1951.0999755859375,234131,0.0,0.0
2026-07-07 12:30:00+05:30,1951.0999755859375,1951.199951171875,1936.199951171875,1938.5,289017,0.0,0.0
2026-07-07 12:45:00+05:30,1938.800048828125,1938.800048828125,1933.800048828125,1935.5999755859375,243430,0.0,0.0
2026-07-07 13:00:00+05:30,1935.4000244140625,1936.5,1929.800048828125,1930.0,110372,0.0,0.0
2026-07-07 13:15:00+05:30,1930.0,1930.9000244140625,1929.0999755859375,1930.0,100938,0.0,0.0
2026-07-07 13:30:00+05:30,1930.0,1930.0999755859375,1925.5,1927.300048828125,148570,0.0,0.0
2026-07-07 13:45:00+05:30,1927.300048828125,1935.9000244140625,1926.5999755859375,1934.5,280401,0.0,0.0
2026-07-07 14:00:00+05:30,1934.0999755859375,1937.0,1932.199951171875,1933.5,129957,0.0,0.0
2026-07-07 14:15:00+05:30,1933.0,1933.800048828125,1929.0,1929.199951171875,141622,0.0,0.0
2026-07-07 14:30:00+05:30,1929.199951171875,1931.199951171875,1928.4000244140625,1929.699951171875,162630,0.0,0.0
2026-07-07 14:45:00+05:30,1929.5999755859375,1930.4000244140625,1928.0,1928.5,167523,0.0,0.0
2026-07-07 15:00:00+05:30,1929.699951171875,1929.699951171875,1925.0,1926.0,627821,0.0,0.0
2026-07-07 15:15:00+05:30,1926.0,1926.0999755859375,1919.9000244140625,1925.800048828125,452298,0.0,0.0
2026-07-08 09:15:00+05:30,1914.300048828125,1921.5999755859375,1904.300048828125,1916.699951171875,154424,0.0,0.0
2026-07-08 09:30:00+05:30,1916.5999755859375,1918.0999755859375,1912.5999755859375,1914.4000244140625,181668,0.0,0.0
2026-07-08 09:45:00+05:30,1914.0,1918.5999755859375,1913.699951171875,1916.800048828125,145075,0.0,0.0
2026-07-08 10:00:00+05:30,1916.300048828125,1924.0999755859375,1916.0,1919.5,227017,0.0,0.0
2026-07-08 10:15:00+05:30,1919.5,1919.5,1914.4000244140625,1915.5999755859375,262448,0.0,0.0
2026-07-08 10:30:00+05:30,1915.699951171875,1917.5,1915.0999755859375,1916.0,97747,0.0,0.0
2026-07-08 10:45:00+05:30,1916.199951171875,1918.0,1914.699951171875,1917.5,86544,0.0,0.0
2026-07-08 11:00:00+05:30,1917.5,1922.699951171875,1917.300048828125,1920.0,174652,0.0,0.0
2026-07-08 11:15:00+05:30,1919.800048828125,1920.800048828125,1916.0999755859375,1919.199951171875,126749,0.0,0.0
2026-07-08 11:30:00+05:30,1919.199951171875,1922.4000244140625,1917.699951171875,1920.199951171875,120308,0.0,0.0
2026-07-08 11:45:00+05:30,1920.199951171875,1920.199951171875,1915.0999755859375,1916.9000244140625,191142,0.0,0.0
2026-07-08 12:00:00+05:30,1916.9000244140625,1917.0,1901.0,1901.300048828125,177893,0.0,0.0
2026-07-08 12:15:00+05:30,1901.300048828125,1902.0,1897.199951171875,1898.4000244140625,204747,0.0,0.0
2026-07-08 12:30:00+05:30,1898.5,1899.0,1895.300048828125,1896.300048828125,158408,0.0,0.0
2026-07-08 12:45:00+05:30,1896.300048828125,1898.0,1892.0999755859375,1895.300048828125,152415,0.0,0.0
2026-07-08 13:00:00+05:30,1895.300048828125,1895.300048828125,1889.0999755859375,1889.300048828125,234264,0.0,0.0
2026-07-08 13:15:00+05:30,1889.0999755859375,1893.800048828125,1889.0999755859375,1891.199951171875,167102,0.0,0.0
2026-07-08 13:30:00+05:30,1891.199951171875,1895.199951171875,1890.4000244140625,1895.0,128404,0.0,0.0
2026-07-08 13:45:00+05:30,1895.5999755859375,1895.5999755859375,1881.5,1881.5999755859375,260282,0.0,0.0
2026-07-08 14:00:00+05:30,1882.0999755859375,1883.9000244140625,1877.300048828125,1879.699951171875,388959,0.0,0.0
2026-07-08 14:15:00+05:30,1880.4000244140625,1885.0,1878.5,1883.300048828125,301759,0.0,0.0
2026-07-08 14:30:00+05:30,1883.0999755859375,1886.699951171875,1881.0999755859375,1882.199951171875,292554,0.0,0.0
2026-07-08 14:45:00+05:30,1882.5,1882.9000244140625,1875.0999755859375,1882.199951171875,341007,0.0,0.0
2026-07-08 15:00:00+05:30,1883.699951171875,1890.199951171875,1883.699951171875,1890.0,691049,0.0,0.0
2026-07-08 15:15:00+05:30,1890.0999755859375,1891.5999755859375,1881.199951171875,1885.5,497947,0.0,0.0
2026-07-09 09:15:00+05:30,1903.0,1925.199951171875,1900.800048828125,1925.199951171875,279174,0.0,0.0
2026-07-09 09:30:00+05:30,1925.0,1935.0,1920.0,1934.800048828125,299356,0.0,0.0
2026-07-09 09:45:00+05:30,1934.5999755859375,1943.800048828125,1931.4000244140625,1941.800048828125,340002,0.0,0.0
2026-07-09 10:00:00+05:30,1941.0,1958.699951171875,1933.800048828125,1953.800048828125,1076174,0.0,0.0
2026-07-09 10:15:00+05:30,1953.9000244140625,1957.5999755859375,1950.0999755859375,1956.0,539015,0.0,0.0
2026-07-09 10:30:00+05:30,1956.0,1962.0999755859375,1950.199951171875,1961.800048828125,552205,0.0,0.0
2026-07-09 10:45:00+05:30,1961.5999755859375,1965.300048828125,1952.9000244140625,1953.199951171875,617753,0.0,0.0
2026-07-09 11:00:00+05:30,1953.5,1954.300048828125,1948.0,1952.699951171875,312874,0.0,0.0
2026-07-09 11:15:00+05:30,1952.699951171875,1954.9000244140625,1950.199951171875,1953.199951171875,331739,0.0,0.0
2026-07-09 11:30:00+05:30,1953.199951171875,1955.5,1950.5999755859375,1952.5,293496,0.0,0.0
2026-07-09 11:45:00+05:30,1952.4000244140625,1956.4000244140625,1952.0,1953.0999755859375,295838,0.0,0.0
2026-07-09 12:00:00+05:30,1953.199951171875,1955.9000244140625,1942.0,1943.0,588718,0.0,0.0
2026-07-09 12:15:00+05:30,1943.300048828125,1943.5,1937.0,1939.5,215529,0.0,0.0
2026-07-09 12:30:00+05:30,1939.5,1939.699951171875,1931.699951171875,1933.0,196296,0.0,0.0
2026-07-09 12:45:00+05:30,1933.199951171875,1935.199951171875,1929.5,1933.300048828125,390505,0.0,0.0
2026-07-09 13:00:00+05:30,1933.4000244140625,1933.5999755859375,1923.4000244140625,1927.0,232965,0.0,0.0
2026-07-09 13:15:00+05:30,1927.0999755859375,1932.9000244140625,1924.300048828125,1925.5,337487,0.0,0.0
2026-07-09 13:30:00+05:30,1925.5999755859375,1933.0,1924.300048828125,1930.699951171875,340302,0.0,0.0
2026-07-09 13:45:00+05:30,1930.699951171875,1938.5,1930.4000244140625,1933.0,535416,0.0,0.0
2026-07-09 14:00:00+05:30,1933.0,1937.5999755859375,1931.5,1932.5999755859375,313270,0.0,0.0
2026-07-09 14:15:00+05:30,1931.9000244140625,1933.300048828125,1929.199951171875,1931.699951171875,348852,0.0,0.0
2026-07-09 14:30:00+05:30,1931.699951171875,1934.0999755859375,1923.199951171875,1924.5999755859375,626439,0.0,0.0
2026-07-09 14:45:00+05:30,1924.4000244140625,1936.699951171875,1923.800048828125,1936.5999755859375,326212,0.0,0.0
2026-07-09 15:00:00+05:30,1935.800048828125,1935.9000244140625,1928.300048828125,1931.0,805548,0.0,0.0
2026-07-09 15:15:00+05:30,1931.0999755859375,1936.800048828125,1930.0,1931.0999755859375,548952,0.0,0.0
2026-07-10 09:15:00+05:30,1928.0,1928.9000244140625,1906.300048828125,1908.5,335592,0.0,0.0
2026-07-10 09:30:00+05:30,1908.800048828125,1912.800048828125,1906.5,1907.9000244140625,225094,0.0,0.0
2026-07-10 09:45:00+05:30,1908.4000244140625,1913.699951171875,1907.5,1913.699951171875,228014,0.0,0.0
2026-07-10 10:00:00+05:30,1913.699951171875,1920.0,1913.0,1916.9000244140625,610985,0.0,0.0
2026-07-10 10:15:00+05:30,1916.800048828125,1918.0,1911.5999755859375,1914.0,133285,0.0,0.0
2026-07-10 10:30:00+05:30,1914.0,1916.699951171875,1913.5999755859375,1916.5,83356,0.0,0.0
2026-07-10 10:45:00+05:30,1916.5,1916.699951171875,1914.0999755859375,1916.699951171875,65451,0.0,0.0
2026-07-10 11:00:00+05:30,1917.0,1917.0,1911.699951171875,1914.0,78683,0.0,0.0
2026-07-10 11:15:00+05:30,1914.0,1916.699951171875,1912.5,1914.300048828125,93562,0.0,0.0
2026-07-10 11:30:00+05:30,1914.5,1915.5,1913.5999755859375,1914.300048828125,68822,0.0,0.0
2026-07-10 11:45:00+05:30,1914.300048828125,1917.0,1913.5999755859375,1915.800048828125,137100,0.0,0.0
2026-07-10 12:00:00+05:30,1916.0,1917.0,1911.699951171875,1912.0,156463,0.0,0.0
2026-07-10 12:15:00+05:30,1912.0,1913.4000244140625,1910.0,1911.800048828125,115491,0.0,0.0
2026-07-10 12:30:00+05:30,1911.5999755859375,1911.800048828125,1907.300048828125,1910.699951171875,190424,0.0,0.0
2026-07-10 12:45:00+05:30,1910.699951171875,1912.800048828125,1910.0999755859375,1911.800048828125,80551,0.0,0.0
2026-07-10 13:00:00+05:30,1911.4000244140625,1914.5,1910.5,1914.0999755859375,131837,0.0,0.0
2026-07-10 13:15:00+05:30,1914.0999755859375,1914.800048828125,1911.9000244140625,1913.4000244140625,168255,0.0,0.0
2026-07-10 13:30:00+05:30,1913.4000244140625,1914.5,1911.5999755859375,1913.300048828125,92546,0.0,0.0
2026-07-10 13:45:00+05:30,1912.9000244140625,1913.9000244140625,1912.199951171875,1913.0,117314,0.0,0.0
2026-07-10 14:00:00+05:30,1913.199951171875,1916.4000244140625,1912.300048828125,1915.699951171875,137075,0.0,0.0
2026-07-10 14:15:00+05:30,1915.800048828125,1920.0,1915.5999755859375,1919.9000244140625,540412,0.0,0.0
2026-07-10 14:30:00+05:30,1919.699951171875,1922.699951171875,1918.699951171875,1920.0,351537,0.0,0.0
2026-07-10 14:45:00+05:30,1920.0,1923.199951171875,1918.800048828125,1923.0999755859375,292448,0.0,0.0
2026-07-10 15:00:00+05:30,1922.800048828125,1923.0999755859375,1918.9000244140625,1920.0,611356,0.0,0.0
2026-07-10 15:15:00+05:30,1920.0,1925.0,1918.9000244140625,1924.9000244140625,553442,0.0,0.0
