Datetime,Open,High,Low,Close,Volume,Dividends,Stock Splits
2026-04-20 09:15:00+05:30,797.0999755859375,799.5,790.0,793.7000122070312,2767547,0.0,0.0
2026-04-20 09:30:00+05:30,793.5999755859375,793.75,790.0,791.6500244140625,3519953,0.0,0.0
2026-04-20 09:45:00+05:30,791.7000122070312,795.2999877929688,791.4500122070312,794.75,2012119,0.0,0.0
2026-04-20 10:00:00+05:30,795.0499877929688,795.75,793.5499877929688,795.5999755859375,1148701,0.0,0.0
2026-04-20 15:00:00+05:30,799.9000244140625,799.9000244140625,794.0,795.2000122070312,33676834,0.0,0.0
2026-04-20 15:15:00+05:30,795.25,795.4000244140625,794.5,795.2000122070312,2958033,0.0,0.0
2026-04-21 09:15:00+05:30,795.9000244140625,802.4500122070312,795.5,801.8499755859375,1407811,0.0,0.0
2026-04-21 09:30:00+05:30,801.3499755859375,803.5,801.0,802.0,1228870,0.0,0.0
2026-04-21 09:45:00+05:30,802.1500244140625,803.2000122070312,801.9000244140625,802.5,1233512,0.0,0.0
2026-04-21 10:00:00+05:30,802.4500122070312,803.0,802.0,802.2999877929688,673680,0.0,0.0
2026-04-21 10:15:00+05:30,802.3499755859375,803.0,802.3499755859375,802.5,472934,0.0,0.0
2026-04-21 10:30:00+05:30,802.5,804.5999755859375,802.5,804.5499877929688,1139347,0.0,0.0
2026-04-21 10:45:00+05:30,804.5,805.7999877929688,803.2000122070312,805.2999877929688,953476,0.0,0.0
2026-04-21 11:00:00+05:30,805.3499755859375,806.7999877929688,805.0,806.75,931043,0.0,0.0
2026-04-21 11:15:00+05:30,806.75,807.4000244140625,806.1500244140625,807.2999877929688,840743,0.0,0.0
2026-04-21 11:30:00+05:30,807.2999877929688,807.3499755859375,806.0,806.3499755859375,767839,0.0,0.0
2026-04-21 11:45:00+05:30,806.3499755859375,807.9000244140625,806.3499755859375,807.6500244140625,770694,0.0,0.0
2026-04-21 12:00:00+05:30,807.6500244140625,811.4500122070312,795.4500122070312,810.5499877929688,1630861,0.0,0.0
2026-04-21 12:15:00+05:30,810.5499877929688,810.6500244140625,806.2000122070312,806.3499755859375,1697589,0.0,0.0
2026-04-21 12:30:00+05:30,806.4000244140625,809.8499755859375,806.3499755859375,809.3499755859375,1873637,0.0,0.0
2026-04-21 12:45:00+05:30,809.4000244140625,809.75,808.2000122070312,808.75,1078350,0.0,0.0
2026-04-21 13:00:00+05:30,808.9000244140625,810.4500122070312,808.3499755859375,810.2000122070312,1481561,0.0,0.0
2026-04-21 13:15:00+05:30,810.2000122070312,812.0,810.0999755859375,811.7000122070312,2389091,0.0,0.0
2026-04-21 13:30:00+05:30,811.8499755859375,813.8499755859375,811.3499755859375,811.5499877929688,2485920,0.0,0.0
2026-04-21 13:45:00+05:30,811.5999755859375,813.5,811.3499755859375,812.7999877929688,1533517,0.0,0.0
2026-04-21 14:00:00+05:30,812.8499755859375,812.8499755859375,810.7999877929688,811.3499755859375,2180850,0.0,0.0
2026-04-21 14:15:00+05:30,811.3499755859375,813.25,810.5,811.7000122070312,2724494,0.0,0.0
2026-04-21 14:30:00+05:30,811.75,811.8499755859375,809.2999877929688,809.7000122070312,1615532,0.0,0.0
2026-04-21 14:45:00+05:30,809.6500244140625,811.4000244140625,809.0999755859375,811.0,1467345,0.0,0.0
2026-04-21 15:00:00+05:30,810.9500122070312,814.5,808.4500122070312,811.75,10777664,0.0,0.0
2026-04-21 15:15:00+05:30,811.7999877929688,813.6500244140625,810.6500244140625,811.9500122070312,2942470,0.0,0.0
2026-04-22 09:15:00+05:30,810.0,813.0499877929688,808.5,809.2000122070312,1060316,0.0,0.0
2026-04-22 09:30:00+05:30,809.2999877929688,809.2999877929688,806.75,806.7999877929688,1241683,0.0,0.0
2026-04-22 09:45:00+05:30,807.0,807.4500122070312,804.3499755859375,804.7999877929688,1256630,0.0,0.0
2026-04-22 10:00:00+05:30,804.7000122070312,805.3499755859375,803.1500244140625,803.5999755859375,1080303,0.0,0.0
2026-04-22 10:15:00+05:30,803.5999755859375,804.7000122070312,801.5999755859375,801.8499755859375,986480,0.0,0.0
2026-04-22 10:30:00+05:30,801.8499755859375,805.9500122070312,801.7999877929688,805.7999877929688,1808988,0.0,0.0
2026-04-22 10:45:00+05:30,805.8499755859375,807.3499755859375,805.2999877929688,806.5999755859375,942109,0.0,0.0
2026-04-22 11:00:00+05:30,806.5999755859375,806.5999755859375,803.2000122070312,804.0999755859375,631860,0.0,0.0
2026-04-22 11:15:00+05:30,804.0999755859375,805.0,803.7999877929688,803.7999877929688,480104,0.0,0.0
2026-04-22 11:30:00+05:30,803.9000244140625,805.0,803.6500244140625,804.1500244140625,780175,0.0,0.0
2026-04-22 11:45:00+05:30,803.8499755859375,804.5499877929688,803.3499755859375,804.5499877929688,483273,0.0,0.0
2026-04-22 12:00:00+05:30,804.5499877929688,804.9000244140625,803.5999755859375,804.2999877929688,538095,0.0,0.0
2026-04-22 12:15:00+05:30,804.2999877929688,804.3499755859375,802.6500244140625,803.4000244140625,718116,0.0,0.0
2026-04-22 12:30:00+05:30,803.4000244140625,804.2999877929688,802.6500244140625,803.6500244140625,451920,0.0,0.0
2026-04-22 12:45:00+05:30,803.8499755859375,804.25,802.9500122070312,804.0499877929688,407042,0.0,0.0
2026-04-22 13:00:00+05:30,804.0499877929688,804.5,803.5,803.75,468522,0.0,0.0
2026-04-22 13:15:00+05:30,803.7999877929688,803.9500122070312,801.4500122070312,802.6500244140625,748789,0.0,0.0
2026-04-22 13:30:00+05:30,802.6500244140625,803.4000244140625,801.8499755859375,802.5,485139,0.0,0.0
2026-04-22 13:45:00+05:30,802.5,802.7999877929688,801.5999755859375,802.0,770983,0.0,0.0
2026-04-22 14:00:00+05:30,802.2000122070312,803.5,801.0499877929688,801.5,779819,0.0,0.0
2026-04-22 14:15:00+05:30,801.5499877929688,801.7999877929688,800.75,801.5,629779,0.0,0.0
2026-04-22 14:30:00+05:30,801.5,802.9000244140625,801.25,802.0,745600,0.0,0.0
2026-04-22 14:45:00+05:30,802.0499877929688,802.4000244140625,801.5,801.75,711670,0.0,0.0
2026-04-22 15:00:00+05:30,801.75,802.0,800.0,800.0499877929688,1875627,0.0,0.0
2026-04-22 15:15:00+05:30,800.0,800.2000122070312,798.1500244140625,799.4000244140625,1981191,0.0,0.0
2026-04-23 09:15:00+05:30,793.0,794.5,790.0499877929688,794.5,1617850,0.0,0.0
2026-04-23 09:30:00+05:30,794.4500122070312,794.7000122070312,792.7999877929688,794.0,1266705,0.0,0.0
2026-04-23 09:45:00+05:30,793.9000244140625,796.5499877929688,793.4000244140625,796.1500244140625,1573496,0.0,0.0
2026-04-23 10:00:00+05:30,796.1500244140625,796.5999755859375,794.5999755859375,794.7999877929688,857285,0.0,0.0
2026-04-23 10:15:00+05:30,794.75,795.6500244140625,794.0,794.2000122070312,838283,0.0,0.0
2026-04-23 10:30:00+05:30,794.2000122070312,794.5,792.0,792.5,1076822,0.0,0.0
2026-04-23 10:45:00+05:30,792.75,792.75,790.5,791.6500244140625,1125360,0.0,0.0
2026-04-23 11:00:00+05:30,791.5499877929688,792.0999755859375,790.75,790.9500122070312,1070965,0.0,0.0
2026-04-23 11:15:00+05:30,791.0,792.0,789.5999755859375,789.9000244140625,1541074,0.0,0.0
2026-04-23 11:30:00+05:30,789.8499755859375,790.0,786.5,786.8499755859375,1374426,0.0,0.0
2026-04-23 11:45:00+05:30,786.9500122070312,788.5,786.5999755859375,788.25,994758,0.0,0.0
2026-04-23 12:00:00+05:30,788.2999877929688,788.2999877929688,786.2000122070312,786.5,1278451,0.0,0.0
2026-04-23 12:15:00+05:30,786.4500122070312,786.5499877929688,783.5999755859375,783.7999877929688,2052399,0.0,0.0
2026-04-23 12:30:00+05:30,783.7999877929688,785.5999755859375,782.7999877929688,785.5499877929688,1474490,0.0,0.0
2026-04-23 12:45:00+05:30,785.5499877929688,786.7999877929688,785.1500244140625,786.5999755859375,992173,0.0,0.0
2026-04-23 13:00:00+05:30,786.5,786.6500244140625,785.0,785.4000244140625,824899,0.0,0.0
2026-04-23 13:15:00+05:30,785.4000244140625,787.2000122070312,785.1500244140625,786.7999877929688,1443849,0.0,0.0
2026-04-23 13:30:00+05:30,786.7999877929688,786.9500122070312,783.5,783.75,1058999,0.0,0.0
2026-04-23 13:45:00+05:30,783.8499755859375,785.8499755859375,783.5499877929688,784.8499755859375,726004,0.0,0.0
2026-04-23 14:00:00+05:30,784.9000244140625,784.9500122070312,783.8499755859375,784.3499755859375,663305,0.0,0.0
2026-04-23 14:15:00+05:30,784.25,786.4500122070312,784.0999755859375,785.2999877929688,1205966,0.0,0.0
2026-04-23 14:30:00+05:30,785.4000244140625,786.8499755859375,785.0,785.0999755859375,1109787,0.0,0.0
2026-04-23 14:45:00+05:30,785.0,785.9500122070312,784.25,784.9500122070312,1264998,0.0,0.0
2026-04-23 15:00:00+05:30,784.9500122070312,786.7000122070312,783.9500122070312,784.0,4277390,0.0,0.0
2026-04-23 15:15:00+05:30,784.0,784.6500244140625,782.7999877929688,783.9000244140625,3079690,0.0,0.0
2026-04-24 09:15:00+05:30,779.0,784.0,779.0,780.1500244140625,711896,0.0,0.0
2026-04-24 09:30:00+05:30,780.2999877929688,780.2999877929688,777.0,777.5499877929688,1222246,0.0,0.0
2026-04-24 09:45:00+05:30,777.5999755859375,779.8499755859375,777.5999755859375,777.7000122070312,1106586,0.0,0.0
2026-04-24 10:00:00+05:30,777.6500244140625,781.2000122070312,777.5999755859375,780.7999877929688,2069113,0.0,0.0
2026-04-24 10:15:00+05:30,780.7999877929688,781.2000122070312,779.5499877929688,780.9500122070312,655199,0.0,0.0
2026-04-24 10:30:00+05:30,781.0,783.25,780.8499755859375,782.5499877929688,1245390,0.0,0.0
2026-04-24 10:45:00+05:30,782.7000122070312,786.4000244140625,782.5499877929688,785.5,1745218,0.0,0.0
2026-04-24 11:00:00+05:30,785.5999755859375,787.0,784.0,784.5,1162463,0.0,0.0
2026-04-24 11:15:00+05:30,784.5,785.7000122070312,784.0,784.9000244140625,672539,0.0,0.0
2026-04-24 11:30:00+05:30,784.9000244140625,785.5999755859375,784.1500244140625,784.75,303205,0.0,0.0
2026-04-24 11:45:00+05:30,784.7999877929688,786.2999877929688,784.2000122070312,786.2999877929688,545186,0.0,0.0
2026-04-24 12:00:00+05:30,786.0999755859375,787.5499877929688,785.9000244140625,786.7999877929688,1020686,0.0,0.0
2026-04-24 12:15:00+05:30,786.7999877929688,787.5,785.0499877929688,785.25,449956,0.0,0.0
2026-04-24 12:30:00+05:30,785.2999877929688,787.1500244140625,785.1500244140625,785.2000122070312,745023,0.0,0.0
2026-04-24 12:45:00+05:30,785.2999877929688,786.4500122070312,785.2000122070312,785.75,420863,0.0,0.0
2026-04-24 13:00:00+05:30,785.7000122070312,786.0,784.1500244140625,784.5499877929688,1198632,0.0,0.0
2026-04-24 13:15:00+05:30,784.5499877929688,784.7000122070312,783.5499877929688,784.5,705514,0.0,0.0
2026-04-24 13:30:00+05:30,784.5,784.9500122070312,782.7000122070312,782.7000122070312,427235,0.0,0.0
2026-04-24 13:45:00+05:30,782.7000122070312,784.0,782.5999755859375,784.0,690112,0.0,0.0
2026-04-24 14:00:00+05:30,784.0,784.1500244140625,781.2000122070312,781.9000244140625,1223191,0.0,0.0
2026-04-24 14:15:00+05:30,781.9000244140625,783.7999877929688,781.5499877929688,783.5499877929688,1118008,0.0,0.0
2026-04-24 14:30:00+05:30,783.5,785.5,783.0499877929688,784.6500244140625,778049,0.0,0.0
2026-04-24 14:45:00+05:30,784.6500244140625,785.5499877929688,784.0,785.4500122070312,1020134,0.0,0.0
2026-04-24 15:00:00+05:30,785.0999755859375,785.2999877929688,783.0999755859375,784.7000122070312,2061241,0.0,0.0
2026-04-24 15:15:00+05:30,784.7000122070312,786.2000122070312,784.6500244140625,785.1500244140625,1521410,0.0,0.0
2026-04-27 09:15:00+05:30,788.5,792.7999877929688,787.3499755859375,789.4000244140625,699270,0.0,0.0
2026-04-27 09:30:00+05:30,789.4000244140625,789.5,786.7999877929688,788.0,759981,0.0,0.0
2026-04-27 09:45:00+05:30,787.9500122070312,789.9000244140625,787.75,789.7000122070312,710834,0.0,0.0
2026-04-27 10:00:00+05:30,789.7000122070312,792.4000244140625,789.2999877929688,790.6500244140625,1045268,0.0,0.0
2026-04-27 10:15:00+05:30,790.6500244140625,792.2000122070312,788.75,789.0,420676,0.0,0.0
2026-04-27 10:30:00+05:30,789.0,789.7000122070312,787.0499877929688,789.4500122070312,559480,0.0,0.0
2026-04-27 10:45:00+05:30,789.25,790.9500122070312,788.0499877929688,790.4500122070312,353597,0.0,0.0
2026-04-27 11:00:00+05:30,790.4500122070312,790.5,788.25,788.7999877929688,340381,0.0,0.0
2026-04-27 11:15:00+05:30,788.6500244140625,789.1500244140625,785.25,785.5,460574,0.0,0.0
2026-04-27 11:30:00+05:30,785.7000122070312,787.5499877929688,785.3499755859375,785.9500122070312,1019003,0.0,0.0
2026-04-27 11:45:00+05:30,785.9500122070312,788.0,785.5,787.9500122070312,552754,0.0,0.0
2026-04-27 12:00:00+05:30,787.9500122070312,788.5999755859375,786.2000122070312,787.0,636239,0.0,0.0
2026-04-27 12:15:00+05:30,787.0,787.8499755859375,786.5999755859375,787.5,378770,0.0,0.0
2026-04-27 12:30:00+05:30,787.2000122070312,788.0499877929688,786.6500244140625,786.7999877929688,467599,0.0,0.0
2026-04-27 12:45:00+05:30,786.7999877929688,787.3499755859375,786.0499877929688,787.25,507811,0.0,0.0
2026-04-27 13:00:00+05:30,787.2000122070312,789.5999755859375,787.2000122070312,789.5,417055,0.0,0.0
2026-04-27 13:15:00+05:30,789.5499877929688,790.75,789.2000122070312,790.0,588924,0.0,0.0
2026-04-27 13:30:00+05:30,790.0,791.4500122070312,789.5,790.6500244140625,522106,0.0,0.0
2026-04-27 13:45:00+05:30,790.6500244140625,792.0,790.5,791.4000244140625,643969,0.0,0.0
2026-04-27 14:00:00+05:30,791.4500122070312,791.7000122070312,790.2000122070312,791.4000244140625,372233,0.0,0.0
2026-04-27 14:15:00+05:30,791.3499755859375,792.6500244140625,791.25,791.3499755859375,554310,0.0,0.0
2026-04-27 14:30:00+05:30,791.2999877929688,791.2999877929688,789.4000244140625,790.6500244140625,850898,0.0,0.0
2026-04-27 14:45:00+05:30,790.6500244140625,790.6500244140625,789.2000122070312,790.0499877929688,718415,0.0,0.0
2026-04-27 15:00:00+05:30,790.0499877929688,790.2000122070312,789.25,790.0,1382452,0.0,0.0
2026-04-27 15:15:00+05:30,790.0,790.25,789.3499755859375,790.0,1430479,0.0,0.0
2026-04-28 09:15:00+05:30,785.8499755859375,790.0,784.8499755859375,790.0,772151,0.0,0.0
2026-04-28 09:30:00+05:30,789.9500122070312,791.7999877929688,788.5499877929688,791.4000244140625,1002653,0.0,0.0
2026-04-28 09:45:00+05:30,791.4000244140625,792.75,790.7000122070312,792.2999877929688,1280506,0.0,0.0
2026-04-28 10:00:00+05:30,792.3499755859375,794.4500122070312,792.2999877929688,793.2999877929688,1129824,0.0,0.0
2026-04-28 10:15:00+05:30,793.2999877929688,793.9000244140625,792.5,792.5499877929688,763367,0.0,0.0
2026-04-28 10:30:00+05:30,792.5499877929688,792.75,790.7999877929688,790.9000244140625,1125141,0.0,0.0
2026-04-28 10:45:00+05:30,790.9500122070312,792.0,790.2999877929688,790.6500244140625,912176,0.0,0.0
2026-04-28 11:00:00+05:30,790.6500244140625,790.8499755859375,789.25,790.0,843436,0.0,0.0
2026-04-28 11:15:00+05:30,789.9500122070312,790.0,787.0499877929688,787.25,1169664,0.0,0.0
2026-04-28 11:30:00+05:30,787.2999877929688,788.7999877929688,787.0499877929688,788.2000122070312,1062071,0.0,0.0
2026-04-28 11:45:00+05:30,788.2999877929688,788.6500244140625,787.25,787.2999877929688,948255,0.0,0.0
2026-04-28 12:00:00+05:30,787.3499755859375,787.4500122070312,785.5,786.9500122070312,946988,0.0,0.0
2026-04-28 12:15:00+05:30,787.0,788.25,785.2999877929688,785.4500122070312,836862,0.0,0.0
2026-04-28 12:30:00+05:30,785.4000244140625,786.7999877929688,785.25,786.7999877929688,915290,0.0,0.0
2026-04-28 12:45:00+05:30,786.7999877929688,787.1500244140625,785.3499755859375,785.5,803676,0.0,0.0
2026-04-28 13:00:00+05:30,785.5499877929688,787.3499755859375,785.4500122070312,786.5999755859375,708723,0.0,0.0
2026-04-28 13:15:00+05:30,786.5999755859375,787.25,786.5,786.7000122070312,649136,0.0,0.0
2026-04-28 13:30:00+05:30,786.7000122070312,787.1500244140625,784.5,786.5499877929688,2461353,0.0,0.0
2026-04-28 13:45:00+05:30,786.5499877929688,786.5499877929688,784.5499877929688,785.2000122070312,1597070,0.0,0.0
2026-04-28 14:00:00+05:30,785.2000122070312,785.3499755859375,783.5,783.75,1365372,0.0,0.0
2026-04-28 14:15:00+05:30,783.8499755859375,785.7000122070312,783.5999755859375,785.0999755859375,1439313,0.0,0.0
2026-04-28 14:30:00+05:30,784.9000244140625,786.3499755859375,784.9000244140625,786.2000122070312,1202534,0.0,0.0
2026-04-28 14:45:00+05:30,786.0999755859375,786.3499755859375,785.0,785.25,1058186,0.0,0.0
2026-04-28 15:00:00+05:30,785.25,786.2999877929688,781.5,781.7000122070312,5675887,0.0,0.0
2026-04-28 15:15:00+05:30,781.75,782.9000244140625,778.3499755859375,782.3499755859375,3366423,0.0,0.0
2026-04-29 09:15:00+05:30,785.4500122070312,785.4500122070312,781.25,783.0,594775,0.0,0.0
2026-04-29 09:30:00+05:30,783.0,784.0,780.25,783.9000244140625,999881,0.0,0.0
2026-04-29 09:45:00+05:30,783.9000244140625,785.75,783.9000244140625,785.2000122070312,806424,0.0,0.0
2026-04-29 10:00:00+05:30,785.0999755859375,787.5,784.9500122070312,786.5499877929688,833958,0.0,0.0
2026-04-29 10:15:00+05:30,786.5499877929688,787.0,784.75,786.0499877929688,806344,0.0,0.0
2026-04-29 10:30:00+05:30,786.1500244140625,786.5499877929688,784.9000244140625,785.2999877929688,1059899,0.0,0.0
2026-04-29 10:45:00+05:30,785.1500244140625,787.0,785.0,786.7999877929688,656332,0.0,0.0
2026-04-29 11:00:00+05:30,786.7000122070312,788.25,786.0,787.4000244140625,930515,0.0,0.0
2026-04-29 11:15:00+05:30,787.4500122070312,789.25,786.5999755859375,786.9000244140625,1254085,0.0,0.0
2026-04-29 11:30:00+05:30,786.9000244140625,787.9500122070312,785.2000122070312,785.2000122070312,497058,0.0,0.0
2026-04-29 11:45:00+05:30,785.25,785.6500244140625,784.5,785.0,592994,0.0,0.0
2026-04-29 12:00:00+05:30,785.0499877929688,786.5,784.5999755859375,784.9500122070312,975166,0.0,0.0
2026-04-29 12:15:00+05:30,784.9500122070312,786.2000122070312,784.6500244140625,786.0499877929688,513761,0.0,0.0
2026-04-29 12:30:00+05:30,786.0499877929688,787.1500244140625,785.7999877929688,786.5499877929688,460038,0.0,0.0
2026-04-29 12:45:00+05:30,786.4500122070312,786.5999755859375,785.0499877929688,785.5,448904,0.0,0.0
2026-04-29 13:00:00+05:30,785.5,786.8499755859375,785.4000244140625,786.2999877929688,948308,0.0,0.0
2026-04-29 13:15:00+05:30,786.4000244140625,786.7999877929688,785.0,785.0499877929688,611793,0.0,0.0
2026-04-29 13:30:00+05:30,785.0499877929688,786.2999877929688,785.0499877929688,786.0499877929688,998439,0.0,0.0
2026-04-29 13:45:00+05:30,786.0499877929688,787.6500244140625,786.0,786.9500122070312,1357504,0.0,0.0
2026-04-29 14:00:00+05:30,786.9500122070312,787.0,783.2000122070312,783.9500122070312,1081071,0.0,0.0
2026-04-29 14:15:00+05:30,783.9000244140625,784.3499755859375,782.0,782.0,898903,0.0,0.0
2026-04-29 14:30:00+05:30,782.0499877929688,783.3499755859375,781.5,783.2999877929688,941613,0.0,0.0
2026-04-29 14:45:00+05:30,783.4000244140625,783.5499877929688,780.5499877929688,780.5499877929688,931297,0.0,0.0
2026-04-29 15:00:00+05:30,780.5999755859375,781.2000122070312,778.0999755859375,778.0999755859375,2824169,0.0,0.0
2026-04-29 15:15:00+05:30,778.0499877929688,778.75,777.5,778.4000244140625,2284424,0.0,0.0
2026-04-30 09:15:00+05:30,770.0499877929688,772.25,763.0999755859375,763.5,1856613,0.0,0.0
2026-04-30 09:30:00+05:30,763.4500122070312,767.5999755859375,763.4500122070312,767.2999877929688,1560339,0.0,0.0
2026-04-30 09:45:00+05:30,767.2999877929688,769.5,766.25,767.0,1959745,0.0,0.0
2026-04-30 10:00:00+05:30,766.9500122070312,767.5499877929688,764.8499755859375,764.9000244140625,2350805,0.0,0.0
2026-04-30 10:15:00+05:30,764.9500122070312,765.4500122070312,762.6500244140625,763.5499877929688,1435292,0.0,0.0
2026-04-30 10:30:00+05:30,763.4500122070312,767.75,762.5499877929688,767.4500122070312,1859832,0.0,0.0
2026-04-30 10:45:00+05:30,767.4000244140625,767.5,765.2000122070312,765.9000244140625,939294,0.0,0.0
2026-04-30 11:00:00+05:30,765.9000244140625,767.5999755859375,765.6500244140625,765.6500244140625,1455623,0.0,0.0
2026-04-30 11:15:00+05:30,765.9000244140625,766.5499877929688,765.0,765.2000122070312,846003,0.0,0.0
2026-04-30 11:30:00+05:30,765.2000122070312,767.3499755859375,765.0499877929688,767.1500244140625,817456,0.0,0.0
2026-04-30 11:45:00+05:30,766.9000244140625,768.9500122070312,766.8499755859375,767.0,1286124,0.0,0.0
2026-04-30 12:00:00+05:30,767.1500244140625,770.9500122070312,766.2000122070312,770.4000244140625,2292081,0.0,0.0
2026-04-30 12:15:00+05:30,770.75,772.1500244140625,769.4000244140625,770.9000244140625,1476962,0.0,0.0
2026-04-30 12:30:00+05:30,770.9500122070312,771.4500122070312,770.0,770.5,1016865,0.0,0.0
2026-04-30 12:45:00+05:30,770.4000244140625,773.5499877929688,770.2000122070312,772.7999877929688,961151,0.0,0.0
2026-04-30 13:00:00+05:30,772.6500244140625,774.5,772.0,774.0499877929688,1210729,0.0,0.0
2026-04-30 13:15:00+05:30,773.9000244140625,776.4500122070312,773.5,775.2000122070312,1914468,0.0,0.0
2026-04-30 13:30:00+05:30,775.0499877929688,777.5,774.0,777.4500122070312,1629080,0.0,0.0
2026-04-30 13:45:00+05:30,777.4000244140625,778.75,775.0,776.7000122070312,1846459,0.0,0.0
2026-04-30 14:00:00+05:30,776.7000122070312,777.2000122070312,775.2000122070312,776.4000244140625,933751,0.0,0.0
2026-04-30 14:15:00+05:30,776.4500122070312,776.6500244140625,774.2000122070312,774.9000244140625,1484996,0.0,0.0
2026-04-30 14:30:00+05:30,774.7000122070312,777.5,774.5,776.3499755859375,1330770,0.0,0.0
2026-04-30 14:45:00+05:30,776.25,776.7000122070312,772.9000244140625,774.0499877929688,1593339,0.0,0.0
2026-04-30 15:00:00+05:30,774.2000122070312,774.8499755859375,769.5499877929688,771.5499877929688,7343124,0.0,0.0
2026-04-30 15:15:00+05:30,771.5499877929688,774.7999877929688,770.3499755859375,774.5,3691987,0.0,0.0
2026-05-04 09:15:00+05:30,779.0999755859375,784.0499877929688,778.2000122070312,782.7000122070312,756581,0.0,0.0
2026-05-04 09:30:00+05:30,782.9000244140625,786.2000122070312,781.5499877929688,785.8499755859375,1903801,0.0,0.0
2026-05-04 09:45:00+05:30,785.8499755859375,786.0,782.75,783.5999755859375,748056,0.0,0.0
2026-05-04 10:00:00+05:30,783.75,784.4500122070312,779.4500122070312,779.5,894894,0.0,0.0
2026-05-04 10:15:00+05:30,779.5,782.0,778.5,781.9000244140625,800331,0.0,0.0
2026-05-04 10:30:00+05:30,782.0,784.2999877929688,780.0499877929688,783.25,1054702,0.0,0.0
2026-05-04 10:45:00+05:30,783.0499877929688,784.4000244140625,781.7999877929688,781.9500122070312,600480,0.0,0.0
2026-05-04 11:00:00+05:30,781.9000244140625,785.25,781.6500244140625,785.2000122070312,936786,0.0,0.0
2026-05-04 11:15:00+05:30,785.25,785.5,782.7000122070312,784.5,1170083,0.0,0.0
2026-05-04 11:30:00+05:30,784.4000244140625,785.0999755859375,783.7999877929688,784.0,652465,0.0,0.0
2026-05-04 11:45:00+05:30,784.0,784.8499755859375,781.75,783.2999877929688,503285,0.0,0.0
2026-05-04 12:00:00+05:30,783.4500122070312,784.2999877929688,778.8499755859375,778.9000244140625,1321094,0.0,0.0
2026-05-04 12:15:00+05:30,779.0,780.5,778.0999755859375,779.9000244140625,1123497,0.0,0.0
2026-05-04 12:30:00+05:30,779.9000244140625,780.0,778.0499877929688,778.2999877929688,1033868,0.0,0.0
2026-05-04 12:45:00+05:30,778.2000122070312,779.0,776.5499877929688,776.8499755859375,1128660,0.0,0.0
2026-05-04 13:00:00+05:30,776.8499755859375,777.2000122070312,776.0499877929688,776.1500244140625,734077,0.0,0.0
2026-05-04 13:15:00+05:30,776.0499877929688,776.4500122070312,773.5,773.75,830209,0.0,0.0
2026-05-04 13:30:00+05:30,773.5999755859375,776.2999877929688,772.5999755859375,775.6500244140625,820744,0.0,0.0
2026-05-04 13:45:00+05:30,775.6500244140625,776.9000244140625,773.5499877929688,774.75,721278,0.0,0.0
2026-05-04 14:00:00+05:30,774.9000244140625,776.75,774.0,776.4500122070312,611480,0.0,0.0
2026-05-04 14:15:00+05:30,776.7000122070312,777.7999877929688,776.25,777.25,641257,0.0,0.0
2026-05-04 14:30:00+05:30,777.0999755859375,777.4500122070312,774.4000244140625,774.5999755859375,1288419,0.0,0.0
2026-05-04 14:45:00+05:30,774.6500244140625,775.4000244140625,773.75,774.0,941825,0.0,0.0
2026-05-04 15:00:00+05:30,774.0999755859375,779.1500244140625,773.1500244140625,779.0999755859375,2028326,0.0,0.0
2026-05-04 15:15:00+05:30,779.1500244140625,782.2999877929688,779.0,779.5,3514154,0.0,0.0
2026-05-05 09:15:00+05:30,774.5,774.5,769.4500122070312,771.7999877929688,1166740,0.0,0.0
2026-05-05 09:30:00+05:30,771.75,773.2000122070312,770.5499877929688,770.7999877929688,1025667,0.0,0.0
2026-05-05 09:45:00+05:30,770.7999877929688,773.2999877929688,770.5,772.8499755859375,1096760,0.0,0.0
2026-05-05 10:00:00+05:30,772.7999877929688,773.0,771.0999755859375,771.9500122070312,1101011,0.0,0.0
2026-05-05 10:15:00+05:30,771.9500122070312,771.9500122070312,770.1500244140625,770.4000244140625,915345,0.0,0.0
2026-05-05 10:30:00+05:30,770.4500122070312,771.1500244140625,769.5,770.2999877929688,1167973,0.0,0.0
2026-05-05 10:45:00+05:30,770.4000244140625,771.2000122070312,766.5,766.8499755859375,1173892,0.0,0.0
2026-05-05 11:00:00+05:30,766.9500122070312,768.75,766.2000122070312,766.8499755859375,846951,0.0,0.0
2026-05-05 11:15:00+05:30,766.6500244140625,767.9500122070312,765.5999755859375,766.4000244140625,720416,0.0,0.0
2026-05-05 11:30:00+05:30,766.4000244140625,767.4500122070312,764.6500244140625,765.9500122070312,1153880,0.0,0.0
2026-05-05 11:45:00+05:30,765.9500122070312,765.9500122070312,764.5499877929688,765.5,784867,0.0,0.0
2026-05-05 12:00:00+05:30,765.5499877929688,766.4500122070312,764.2000122070312,765.8499755859375,1383399,0.0,0.0
2026-05-05 12:15:00+05:30,765.75,767.0,765.2999877929688,765.9000244140625,703875,0.0,0.0
2026-05-05 12:30:00+05:30,766.0,767.0,764.6500244140625,764.7999877929688,1211520,0.0,0.0
2026-05-05 12:45:00+05:30,764.75,770.7000122070312,764.7000122070312,770.3499755859375,1865049,0.0,0.0
2026-05-05 13:00:00+05:30,770.5,774.0,770.0,773.75,2528036,0.0,0.0
2026-05-05 13:15:00+05:30,773.75,774.5,770.3499755859375,772.4000244140625,2007721,0.0,0.0
2026-05-05 13:30:00+05:30,772.5999755859375,774.9500122070312,771.3499755859375,774.7000122070312,2130056,0.0,0.0
2026-05-05 13:45:00+05:30,774.9000244140625,775.5499877929688,772.4500122070312,774.25,2432796,0.0,0.0
2026-05-05 14:00:00+05:30,774.0999755859375,775.25,772.0,772.8499755859375,1316714,0.0,0.0
2026-05-05 14:15:00+05:30,773.0499877929688,776.7000122070312,772.5999755859375,776.7000122070312,1580617,0.0,0.0
2026-05-05 14:30:00+05:30,776.2999877929688,776.6500244140625,773.7999877929688,775.0999755859375,2184636,0.0,0.0
2026-05-05 14:45:00+05:30,775.1500244140625,775.7000122070312,773.0,773.0499877929688,1569449,0.0,0.0
2026-05-05 15:00:00+05:30,773.0499877929688,773.5999755859375,770.5999755859375,773.0999755859375,3667294,0.0,0.0
2026-05-05 15:15:00+05:30,773.0999755859375,773.75,772.2000122070312,773.5999755859375,1322628,0.0,0.0
2026-05-06 09:15:00+05:30,778.5,779.9000244140625,775.4000244140625,777.5,969280,0.0,0.0
2026-05-06 09:30:00+05:30,778.0,778.4500122070312,775.75,775.7999877929688,1030721,0.0,0.0
2026-05-06 09:45:00+05:30,775.7999877929688,777.7000122070312,774.5999755859375,776.9500122070312,1238463,0.0,0.0
2026-05-06 10:00:00+05:30,776.9500122070312,777.2000122070312,774.25,777.0,685496,0.0,0.0
2026-05-06 10:15:00+05:30,777.0,778.6500244140625,776.3499755859375,778.1500244140625,817874,0.0,0.0
2026-05-06 10:30:00+05:30,778.0999755859375,779.3499755859375,778.0,778.6500244140625,773329,0.0,0.0
2026-05-06 10:45:00+05:30,778.6500244140625,778.7000122070312,777.3499755859375,777.5999755859375,932477,0.0,0.0
2026-05-06 11:00:00+05:30,777.4000244140625,778.5,777.4000244140625,778.0499877929688,595045,0.0,0.0
2026-05-06 11:15:00+05:30,778.0,779.0,778.0,779.0,395096,0.0,0.0
2026-05-06 11:30:00+05:30,779.0,779.3499755859375,776.0999755859375,776.8499755859375,731398,0.0,0.0
2026-05-06 11:45:00+05:30,776.7999877929688,777.7999877929688,775.7999877929688,776.0999755859375,501651,0.0,0.0
2026-05-06 12:00:00+05:30,776.2000122070312,776.3499755859375,775.3499755859375,776.0,485019,0.0,0.0
2026-05-06 12:15:00+05:30,775.8499755859375,776.0,773.5,775.1500244140625,643883,0.0,0.0
2026-05-06 12:30:00+05:30,775.0,776.4000244140625,774.7999877929688,775.5,510490,0.0,0.0
2026-05-06 12:45:00+05:30,775.4500122070312,776.1500244140625,774.9000244140625,776.0999755859375,496519,0.0,0.0
2026-05-06 13:00:00+05:30,776.2000122070312,776.5499877929688,775.1500244140625,776.4500122070312,516476,0.0,0.0
2026-05-06 13:15:00+05:30,776.5499877929688,778.4500122070312,776.4500122070312,777.5499877929688,726060,0.0,0.0
2026-05-06 13:30:00+05:30,777.4000244140625,778.9000244140625,777.0,778.7999877929688,983368,0.0,0.0
2026-05-06 13:45:00+05:30,778.7999877929688,780.5499877929688,778.2999877929688,780.0,1380669,0.0,0.0
2026-05-06 14:00:00+05:30,780.0,781.9000244140625,779.5,781.9000244140625,683353,0.0,0.0
2026-05-06 14:15:00+05:30,781.9000244140625,793.6500244140625,781.9000244140625,792.0,3667939,0.0,0.0
2026-05-06 14:30:00+05:30,792.0999755859375,795.8499755859375,789.0,795.0,3474751,0.0,0.0
2026-05-06 14:45:00+05:30,794.9000244140625,798.0999755859375,794.0499877929688,798.0,3268896,0.0,0.0
2026-05-06 15:00:00+05:30,798.0,798.75,795.4500122070312,796.0,4126548,0.0,0.0
2026-05-06 15:15:00+05:30,796.0,796.6500244140625,795.2000122070312,796.0,2884168,0.0,0.0
2026-05-07 09:15:00+05:30,792.7000122070312,796.5499877929688,792.0,793.8499755859375,977931,0.0,0.0
2026-05-07 09:30:00+05:30,793.5499877929688,795.9000244140625,793.0999755859375,795.0999755859375,1191028,0.0,0.0
2026-05-07 09:45:00+05:30,795.0999755859375,795.5,792.0499877929688,793.7000122070312,2115417,0.0,0.0
2026-05-07 10:00:00+05:30,793.9500122070312,797.7000122070312,790.2999877929688,790.3499755859375,2542164,0.0,0.0
2026-05-07 10:15:00+05:30,790.3499755859375,793.9000244140625,790.2999877929688,793.5,2126924,0.0,0.0
2026-05-07 10:30:00+05:30,793.5999755859375,793.7000122070312,791.9000244140625,792.1500244140625,939700,0.0,0.0
2026-05-07 10:45:00+05:30,792.2000122070312,792.9000244140625,790.1500244140625,791.0,905874,0.0,0.0
2026-05-07 11:00:00+05:30,790.9500122070312,791.2999877929688,790.0,790.75,607101,0.0,0.0
2026-05-07 11:15:00+05:30,790.75,791.3499755859375,788.6500244140625,789.5999755859375,915094,0.0,0.0
2026-05-07 11:30:00+05:30,789.6500244140625,791.4500122070312,789.3499755859375,790.25,594642,0.0,0.0
2026-05-07 11:45:00+05:30,790.2999877929688,792.3499755859375,789.7000122070312,791.75,784690,0.0,0.0
2026-05-07 12:00:00+05:30,791.7999877929688,796.5499877929688,791.7999877929688,793.2000122070312,1108666,0.0,0.0
2026-05-07 12:15:00+05:30,793.3499755859375,795.2000122070312,793.0,793.0499877929688,1026718,0.0,0.0
2026-05-07 12:30:00+05:30,793.0499877929688,801.0,792.9000244140625,800.4500122070312,2244443,0.0,0.0
2026-05-07 12:45:00+05:30,800.5999755859375,801.5,795.6500244140625,796.0,1582302,0.0,0.0
2026-05-07 13:00:00+05:30,796.0,797.4000244140625,794.75,795.4000244140625,615135,0.0,0.0
2026-05-07 13:15:00+05:30,795.6500244140625,796.5499877929688,793.5,795.5499877929688,996667,0.0,0.0
2026-05-07 13:30:00+05:30,795.5999755859375,796.5999755859375,794.5999755859375,795.0499877929688,776733,0.0,0.0
2026-05-07 13:45:00+05:30,795.2000122070312,797.2000122070312,794.5499877929688,796.4500122070312,1106044,0.0,0.0
2026-05-07 14:00:00+05:30,796.4000244140625,797.5999755859375,795.7999877929688,796.5999755859375,1093789,0.0,0.0
2026-05-07 14:15:00+05:30,796.6500244140625,797.8499755859375,795.6500244140625,797.5,2197626,0.0,0.0
2026-05-07 14:30:00+05:30,797.5,798.4500122070312,796.5499877929688,796.9000244140625,2730705,0.0,0.0
2026-05-07 14:45:00+05:30,797.0499877929688,797.5,795.5,796.7999877929688,1343248,0.0,0.0
2026-05-07 15:00:00+05:30,796.8499755859375,799.0999755859375,793.0,795.25,10546528,0.0,0.0
2026-05-07 15:15:00+05:30,795.2999877929688,796.4000244140625,795.0,796.0499877929688,2590250,0.0,0.0
2026-05-08 09:15:00+05:30,786.0999755859375,788.7000122070312,785.25,787.1500244140625,1097656,0.0,0.0
2026-05-08 09:30:00+05:30,787.0999755859375,787.1500244140625,784.0999755859375,785.0499877929688,1212755,0.0,0.0
2026-05-08 09:45:00+05:30,785.0499877929688,785.5,784.0999755859375,785.1500244140625,957043,0.0,0.0
2026-05-08 10:00:00+05:30,785.2000122070312,785.25,783.25,784.0,774331,0.0,0.0
2026-05-08 10:15:00+05:30,783.7999877929688,784.7999877929688,783.2000122070312,784.5,861137,0.0,0.0
2026-05-08 10:30:00+05:30,784.5,785.0,783.2000122070312,783.4500122070312,746258,0.0,0.0
2026-05-08 10:45:00+05:30,783.4500122070312,783.7000122070312,781.9500122070312,782.0,905419,0.0,0.0
2026-05-08 11:00:00+05:30,782.0,784.0999755859375,781.5999755859375,783.3499755859375,1268052,0.0,0.0
2026-05-08 11:15:00+05:30,783.2000122070312,783.2999877929688,781.5,781.7999877929688,538361,0.0,0.0
2026-05-08 11:30:00+05:30,781.75,782.0,780.6500244140625,781.5499877929688,771972,0.0,0.0
2026-05-08 11:45:00+05:30,781.5499877929688,782.7000122070312,781.25,782.6500244140625,639116,0.0,0.0
2026-05-08 12:00:00+05:30,782.3499755859375,782.7000122070312,780.0,780.5,1184991,0.0,0.0
2026-05-08 12:15:00+05:30,780.5,780.7000122070312,779.5999755859375,780.0999755859375,974785,0.0,0.0
2026-05-08 12:30:00+05:30,780.1500244140625,780.5999755859375,779.5,779.7999877929688,751430,0.0,0.0
2026-05-08 12:45:00+05:30,779.7999877929688,780.0,779.1500244140625,779.4500122070312,630328,0.0,0.0
2026-05-08 13:00:00+05:30,779.4500122070312,779.9500122070312,778.5999755859375,779.0999755859375,812545,0.0,0.0
2026-05-08 13:15:00+05:30,779.0999755859375,780.0,778.5999755859375,780.0,924089,0.0,0.0
2026-05-08 13:30:00+05:30,780.0,781.0,779.25,779.5999755859375,1071693,0.0,0.0
2026-05-08 13:45:00+05:30,779.5999755859375,779.9000244140625,778.5499877929688,779.1500244140625,1380093,0.0,0.0
2026-05-08 14:00:00+05:30,778.9000244140625,779.5,778.0999755859375,778.25,1501682,0.0,0.0
2026-05-08 14:15:00+05:30,778.25,779.7000122070312,777.2999877929688,779.0,1658039,0.0,0.0
2026-05-08 14:30:00+05:30,779.0499877929688,780.4000244140625,778.7999877929688,780.0,2696032,0.0,0.0
2026-05-08 14:45:00+05:30,779.9500122070312,781.0,778.9500122070312,780.5999755859375,2319252,0.0,0.0
2026-05-08 15:00:00+05:30,780.5,781.7000122070312,779.7999877929688,781.4500122070312,3961752,0.0,0.0
2026-05-08 15:15:00+05:30,781.5,782.0,780.2999877929688,781.2999877929688,3623384,0.0,0.0
2026-05-11 09:15:00+05:30,771.8499755859375,774.8499755859375,769.5999755859375,773.2000122070312,1180812,0.0,0.0
2026-05-11 09:30:00+05:30,773.0,773.0499877929688,769.8499755859375,770.2000122070312,1384116,0.0,0.0
2026-05-11 09:45:00+05:30,770.2000122070312,771.7999877929688,769.7999877929688,770.0999755859375,1285792,0.0,0.0
2026-05-11 10:00:00+05:30,770.0999755859375,771.0,768.7999877929688,768.9000244140625,1076179,0.0,0.0
2026-05-11 10:15:00+05:30,769.0,769.25,767.2000122070312,768.3499755859375,901827,0.0,0.0
2026-05-11 10:30:00+05:30,768.5999755859375,769.4500122070312,768.3499755859375,768.8499755859375,474148,0.0,0.0
2026-05-11 10:45:00+05:30,768.8499755859375,770.7999877929688,768.75,770.0,595708,0.0,0.0
2026-05-11 11:00:00+05:30,770.0,770.25,769.1500244140625,769.9500122070312,521813,0.0,0.0
2026-05-11 11:15:00+05:30,770.0,771.9000244140625,769.5,769.9500122070312,2248592,0.0,0.0
2026-05-11 11:30:00+05:30,769.9000244140625,771.2999877929688,769.5499877929688,770.7999877929688,688471,0.0,0.0
2026-05-11 11:45:00+05:30,770.7999877929688,770.9500122070312,769.0,769.0,750496,0.0,0.0
2026-05-11 12:00:00+05:30,769.0499877929688,770.3499755859375,768.7000122070312,770.0,976765,0.0,0.0
2026-05-11 12:15:00+05:30,770.0,771.25,769.7999877929688,770.6500244140625,3651166,0.0,0.0
2026-05-11 12:30:00+05:30,770.6500244140625,771.1500244140625,769.3499755859375,771.0499877929688,1118042,0.0,0.0
2026-05-11 12:45:00+05:30,771.0499877929688,771.9000244140625,770.0999755859375,771.4000244140625,1410998,0.0,0.0
2026-05-11 13:00:00+05:30,771.5499877929688,771.6500244140625,769.9000244140625,771.25,1676609,0.0,0.0
2026-05-11 13:15:00+05:30,771.4000244140625,771.4000244140625,770.0999755859375,770.3499755859375,661925,0.0,0.0
2026-05-11 13:30:00+05:30,770.4500122070312,771.7999877929688,770.2000122070312,771.2999877929688,865367,0.0,0.0
2026-05-11 13:45:00+05:30,771.25,772.9000244140625,770.9500122070312,771.25,2853956,0.0,0.0
2026-05-11 14:00:00+05:30,771.4500122070312,771.75,770.5,771.2000122070312,1372376,0.0,0.0
2026-05-11 14:15:00+05:30,771.4500122070312,771.5499877929688,770.0499877929688,771.2000122070312,1866093,0.0,0.0
2026-05-11 14:30:00+05:30,771.2000122070312,771.4000244140625,768.7000122070312,769.2999877929688,1541572,0.0,0.0
2026-05-11 14:45:00+05:30,769.4500122070312,770.0,767.7000122070312,767.7000122070312,1495169,0.0,0.0
2026-05-11 15:00:00+05:30,767.9000244140625,767.9000244140625,762.0999755859375,763.2999877929688,3977708,0.0,0.0
2026-05-11 15:15:00+05:30,763.2999877929688,766.25,762.0999755859375,766.0,3828968,0.0,0.0
2026-05-12 09:15:00+05:30,756.5999755859375,759.7000122070312,754.5,756.4000244140625,1466717,0.0,0.0
2026-05-12 09:30:00+05:30,756.4000244140625,757.0,755.2000122070312,755.75,1029450,0.0,0.0
2026-05-12 09:45:00+05:30,755.75,756.7000122070312,755.0,755.25,2445987,0.0,0.0
2026-05-12 10:00:00+05:30,755.2999877929688,758.75,755.0499877929688,758.0499877929688,999583,0.0,0.0
2026-05-12 10:15:00+05:30,758.0999755859375,759.0499877929688,755.7000122070312,756.0,797085,0.0,0.0
2026-05-12 10:30:00+05:30,756.0,756.9500122070312,755.25,755.6500244140625,814145,0.0,0.0
2026-05-12 10:45:00+05:30,755.6500244140625,755.9500122070312,754.9000244140625,755.2999877929688,942265,0.0,0.0
2026-05-12 11:00:00+05:30,755.2999877929688,756.1500244140625,754.2999877929688,756.1500244140625,950111,0.0,0.0
2026-05-12 11:15:00+05:30,756.2000122070312,757.5,755.7999877929688,757.0999755859375,661316,0.0,0.0
2026-05-12 11:30:00+05:30,757.1500244140625,758.5,756.6500244140625,757.4000244140625,856661,0.0,0.0
2026-05-12 11:45:00+05:30,757.4000244140625,757.9500122070312,756.1500244140625,757.25,573959,0.0,0.0
2026-05-12 12:00:00+05:30,757.2999877929688,757.5,755.5999755859375,755.9000244140625,873461,0.0,0.0
2026-05-12 12:15:00+05:30,756.0,757.0499877929688,755.0,755.75,1013389,0.0,0.0
2026-05-12 12:30:00+05:30,755.7999877929688,755.8499755859375,753.5,753.5,898264,0.0,0.0
2026-05-12 12:45:00+05:30,753.75,754.2000122070312,752.3499755859375,753.2999877929688,921159,0.0,0.0
2026-05-12 13:00:00+05:30,753.25,754.9500122070312,752.7000122070312,754.7000122070312,1630528,0.0,0.0
2026-05-12 13:15:00+05:30,754.9500122070312,757.1500244140625,754.5,755.0,2062545,0.0,0.0
2026-05-12 13:30:00+05:30,755.0,755.9000244140625,753.6500244140625,754.0,1087810,0.0,0.0
2026-05-12 13:45:00+05:30,754.0999755859375,755.7000122070312,752.9000244140625,753.5999755859375,1097195,0.0,0.0
2026-05-12 14:00:00+05:30,753.5499877929688,755.0,752.0499877929688,753.0,1215142,0.0,0.0
2026-05-12 14:15:00+05:30,752.9500122070312,753.8499755859375,751.0999755859375,751.75,2099032,0.0,0.0
2026-05-12 14:30:00+05:30,751.75,753.0,751.25,752.3499755859375,1461066,0.0,0.0
2026-05-12 14:45:00+05:30,752.3499755859375,753.25,751.4000244140625,751.5,2661113,0.0,0.0
2026-05-12 15:00:00+05:30,751.5999755859375,751.7999877929688,748.0,748.8499755859375,8344809,0.0,0.0
2026-05-12 15:15:00+05:30,748.9500122070312,755.4000244140625,748.9500122070312,755.0,4594231,0.0,0.0
2026-05-13 09:15:00+05:30,751.0,758.3499755859375,750.1500244140625,750.4000244140625,1088916,0.0,0.0
2026-05-13 09:30:00+05:30,750.3499755859375,750.7999877929688,747.5999755859375,750.3499755859375,1499438,0.0,0.0
2026-05-13 09:45:00+05:30,750.3499755859375,751.5,748.5,750.9500122070312,1064885,0.0,0.0
2026-05-13 10:00:00+05:30,750.7999877929688,752.7000122070312,750.5,751.4500122070312,826351,0.0,0.0
2026-05-13 10:15:00+05:30,751.4500122070312,753.75,750.9000244140625,752.0,1402952,0.0,0.0
2026-05-13 10:30:00+05:30,752.0,753.9500122070312,750.6500244140625,752.6500244140625,1193506,0.0,0.0
2026-05-13 10:45:00+05:30,752.5999755859375,753.5,750.1500244140625,750.5,552218,0.0,0.0
2026-05-13 11:00:00+05:30,750.25,751.9500122070312,750.0999755859375,751.8499755859375,596160,0.0,0.0
2026-05-13 11:15:00+05:30,751.8499755859375,752.5,750.5,750.6500244140625,365219,0.0,0.0
2026-05-13 11:30:00+05:30,750.6500244140625,756.25,750.5,755.9500122070312,794840,0.0,0.0
2026-05-13 11:45:00+05:30,755.8499755859375,756.5999755859375,754.0499877929688,754.0499877929688,977056,0.0,0.0
2026-05-13 12:00:00+05:30,754.1500244140625,755.9500122070312,754.0999755859375,755.9500122070312,456370,0.0,0.0
2026-05-13 12:15:00+05:30,755.9500122070312,756.7000122070312,755.1500244140625,756.2999877929688,636513,0.0,0.0
2026-05-13 12:30:00+05:30,756.3499755859375,756.5999755859375,752.9500122070312,754.25,1516388,0.0,0.0
2026-05-13 12:45:00+05:30,754.3499755859375,759.8499755859375,754.1500244140625,759.7999877929688,792565,0.0,0.0
2026-05-13 13:00:00+05:30,759.9000244140625,759.9500122070312,755.75,755.9500122070312,1699821,0.0,0.0
2026-05-13 13:15:00+05:30,756.0,756.0999755859375,753.9500122070312,754.9500122070312,625015,0.0,0.0
2026-05-13 13:30:00+05:30,754.75,756.0499877929688,754.5499877929688,755.2000122070312,519855,0.0,0.0
2026-05-13 13:45:00+05:30,755.0999755859375,755.75,754.0499877929688,754.2000122070312,1191634,0.0,0.0
2026-05-13 14:00:00+05:30,754.25,755.4500122070312,753.9500122070312,754.5999755859375,643672,0.0,0.0
2026-05-13 14:15:00+05:30,754.7000122070312,755.4000244140625,753.4500122070312,753.9500122070312,1199099,0.0,0.0
2026-05-13 14:30:00+05:30,754.0499877929688,754.75,752.0499877929688,752.6500244140625,904878,0.0,0.0
2026-05-13 14:45:00+05:30,752.6500244140625,753.8499755859375,751.9500122070312,752.8499755859375,851119,0.0,0.0
2026-05-13 15:00:00+05:30,752.8499755859375,752.8499755859375,748.4000244140625,750.1500244140625,2524885,0.0,0.0
2026-05-13 15:15:00+05:30,750.0999755859375,750.2999877929688,748.3499755859375,749.1500244140625,2028101,0.0,0.0
2026-05-14 09:15:00+05:30,750.8499755859375,754.5999755859375,750.5999755859375,754.0,952106,0.0,0.0
2026-05-14 09:30:00+05:30,754.1500244140625,754.9000244140625,752.2000122070312,752.2999877929688,1555178,0.0,0.0
2026-05-14 09:45:00+05:30,752.2999877929688,753.9000244140625,750.5999755859375,753.3499755859375,1908344,0.0,0.0
2026-05-14 10:00:00+05:30,753.5999755859375,754.25,752.7000122070312,753.0999755859375,957056,0.0,0.0
2026-05-14 10:15:00+05:30,753.0499877929688,753.0999755859375,750.3499755859375,751.0,681741,0.0,0.0
2026-05-14 10:30:00+05:30,751.0,752.4000244140625,749.0,749.1500244140625,800548,0.0,0.0
2026-05-14 10:45:00+05:30,749.0,750.4000244140625,747.0499877929688,748.3499755859375,1384179,0.0,0.0
2026-05-14 11:00:00+05:30,748.3499755859375,752.2999877929688,748.2999877929688,752.0,525448,0.0,0.0
2026-05-14 11:15:00+05:30,752.0499877929688,764.2999877929688,752.0,762.0,2520284,0.0,0.0
2026-05-14 11:30:00+05:30,761.9500122070312,775.2000122070312,761.9500122070312,771.2999877929688,3923937,0.0,0.0
2026-05-14 11:45:00+05:30,771.4500122070312,773.0,767.1500244140625,772.0,3888098,0.0,0.0
2026-05-14 12:00:00+05:30,771.9500122070312,771.9500122070312,767.75,769.7999877929688,1568285,0.0,0.0
2026-05-14 12:15:00+05:30,769.7999877929688,771.4500122070312,769.4000244140625,769.6500244140625,1033221,0.0,0.0
2026-05-14 12:30:00+05:30,769.6500244140625,769.9000244140625,768.25,769.75,930351,0.0,0.0
2026-05-14 12:45:00+05:30,769.7999877929688,771.75,769.5,771.0,1708576,0.0,0.0
2026-05-14 13:00:00+05:30,771.0,773.4000244140625,770.0499877929688,771.5999755859375,881945,0.0,0.0
2026-05-14 13:15:00+05:30,771.7999877929688,776.2999877929688,771.1500244140625,774.7999877929688,5331581,0.0,0.0
2026-05-14 13:30:00+05:30,774.7999877929688,777.0,774.0999755859375,775.8499755859375,1947757,0.0,0.0
2026-05-14 13:45:00+05:30,775.9000244140625,777.7999877929688,774.0999755859375,777.6500244140625,3558122,0.0,0.0
2026-05-14 14:00:00+05:30,777.7000122070312,778.2999877929688,775.2000122070312,775.7999877929688,1256526,0.0,0.0
2026-05-14 14:15:00+05:30,775.75,776.4500122070312,774.4500122070312,776.0999755859375,1102703,0.0,0.0
2026-05-14 14:30:00+05:30,776.0499877929688,776.2999877929688,773.0,773.75,1679630,0.0,0.0
2026-05-14 14:45:00+05:30,773.8499755859375,773.8499755859375,771.0,772.1500244140625,1643726,0.0,0.0
2026-05-14 15:00:00+05:30,772.0999755859375,772.0999755859375,767.3499755859375,769.25,4917113,0.0,0.0
2026-05-14 15:15:00+05:30,769.25,771.4000244140625,768.2000122070312,770.0999755859375,2625240,0.0,0.0
2026-05-15 09:15:00+05:30,773.9000244140625,781.7999877929688,768.0499877929688,781.5999755859375,1260153,0.0,0.0
2026-05-15 09:30:00+05:30,781.5499877929688,781.5499877929688,778.4000244140625,779.7000122070312,1280810,0.0,0.0
2026-05-15 09:45:00+05:30,780.0,780.4000244140625,776.5,776.5499877929688,1085510,0.0,0.0
2026-05-15 10:00:00+05:30,776.5,778.2999877929688,775.5999755859375,778.0,870194,0.0,0.0
2026-05-15 10:15:00+05:30,778.0,780.7999877929688,777.3499755859375,779.4500122070312,1478029,0.0,0.0
2026-05-15 10:30:00+05:30,779.2999877929688,780.2000122070312,778.4000244140625,780.0,475689,0.0,0.0
2026-05-15 10:45:00+05:30,780.0,780.4500122070312,779.2000122070312,780.2999877929688,488351,0.0,0.0
2026-05-15 11:00:00+05:30,780.2999877929688,780.2999877929688,776.2000122070312,776.5999755859375,905584,0.0,0.0
2026-05-15 11:15:00+05:30,776.6500244140625,776.7000122070312,774.4000244140625,775.0999755859375,835217,0.0,0.0
2026-05-15 11:30:00+05:30,774.8499755859375,776.75,773.25,775.75,674053,0.0,0.0
2026-05-15 11:45:00+05:30,775.75,775.8499755859375,774.0,774.4000244140625,488368,0.0,0.0
2026-05-15 12:00:00+05:30,774.4000244140625,777.3499755859375,773.7000122070312,776.6500244140625,483312,0.0,0.0
2026-05-15 12:15:00+05:30,776.7000122070312,776.7000122070312,774.2999877929688,774.5999755859375,553104,0.0,0.0
2026-05-15 12:30:00+05:30,774.7000122070312,776.5,774.2999877929688,776.5,413770,0.0,0.0
2026-05-15 12:45:00+05:30,776.25,777.1500244140625,775.5499877929688,776.4000244140625,587809,0.0,0.0
2026-05-15 13:00:00+05:30,776.4500122070312,776.6500244140625,775.0999755859375,775.9500122070312,495598,0.0,0.0
2026-05-15 13:15:00+05:30,775.9500122070312,777.2000122070312,775.0,776.9000244140625,404471,0.0,0.0
2026-05-15 13:30:00+05:30,776.5999755859375,777.0,772.5,773.7000122070312,1801459,0.0,0.0
2026-05-15 13:45:00+05:30,773.7000122070312,774.25,771.7000122070312,773.0999755859375,795014,0.0,0.0
2026-05-15 14:00:00+05:30,773.0,773.3499755859375,772.2000122070312,773.0999755859375,486026,0.0,0.0
2026-05-15 14:15:00+05:30,773.0999755859375,773.4000244140625,771.2000122070312,771.7000122070312,706902,0.0,0.0
2026-05-15 14:30:00+05:30,771.7000122070312,771.7999877929688,769.5999755859375,770.8499755859375,1237722,0.0,0.0
2026-05-15 14:45:00+05:30,771.0,771.0,766.5499877929688,768.0499877929688,1386243,0.0,0.0
2026-05-15 15:00:00+05:30,767.7999877929688,768.9000244140625,766.9000244140625,767.0999755859375,1783251,0.0,0.0
2026-05-15 15:15:00+05:30,767.0999755859375,770.0,765.4500122070312,769.7999877929688,1778539,0.0,0.0
2026-05-18 09:15:00+05:30,758.8499755859375,758.8499755859375,751.4500122070312,752.25,795779,0.0,0.0
2026-05-18 09:30:00+05:30,752.2999877929688,754.9000244140625,752.1500244140625,754.5499877929688,884897,0.0,0.0
2026-05-18 09:45:00+05:30,754.4000244140625,755.75,752.6500244140625,755.75,1087067,0.0,0.0
2026-05-18 10:00:00+05:30,755.6500244140625,757.2000122070312,755.6500244140625,756.9000244140625,917064,0.0,0.0
2026-05-18 10:15:00+05:30,756.9000244140625,758.6500244140625,756.5999755859375,758.4500122070312,818367,0.0,0.0
2026-05-18 10:30:00+05:30,758.4500122070312,761.5,758.0,760.0,978876,0.0,0.0
2026-05-18 10:45:00+05:30,760.0,761.6500244140625,759.5499877929688,761.3499755859375,669631,0.0,0.0
2026-05-18 11:00:00+05:30,761.3499755859375,763.5,761.0499877929688,763.0999755859375,725614,0.0,0.0
2026-05-18 11:15:00+05:30,763.2000122070312,765.75,763.0999755859375,764.6500244140625,1127277,0.0,0.0
2026-05-18 11:30:00+05:30,764.7000122070312,769.0,764.6500244140625,767.25,1395443,0.0,0.0
2026-05-18 11:45:00+05:30,767.2000122070312,767.4000244140625,764.4500122070312,764.4500122070312,989072,0.0,0.0
2026-05-18 12:00:00+05:30,764.5,767.5499877929688,764.0,767.5,935158,0.0,0.0
2026-05-18 12:15:00+05:30,767.5499877929688,770.0,767.5499877929688,769.4500122070312,701237,0.0,0.0
2026-05-18 12:30:00+05:30,769.5,773.0,769.4500122070312,771.3499755859375,1272102,0.0,0.0
2026-05-18 12:45:00+05:30,771.4000244140625,772.9000244140625,769.7999877929688,772.8499755859375,1030803,0.0,0.0
2026-05-18 13:00:00+05:30,772.7000122070312,773.7999877929688,771.3499755859375,772.2000122070312,771568,0.0,0.0
2026-05-18 13:15:00+05:30,772.0,773.7000122070312,771.5999755859375,772.7999877929688,868644,0.0,0.0
2026-05-18 13:30:00+05:30,772.8499755859375,773.5,771.3499755859375,772.1500244140625,942401,0.0,0.0
2026-05-18 13:45:00+05:30,772.2000122070312,774.0499877929688,771.0,773.0499877929688,916215,0.0,0.0
2026-05-18 14:00:00+05:30,773.0499877929688,773.25,769.0999755859375,769.75,1434166,0.0,0.0
2026-05-18 14:15:00+05:30,769.7000122070312,770.0499877929688,768.0999755859375,769.4000244140625,1262334,0.0,0.0
2026-05-18 14:30:00+05:30,769.2999877929688,769.7999877929688,766.0,766.7999877929688,1315690,0.0,0.0
2026-05-18 14:45:00+05:30,766.9500122070312,768.25,766.75,767.7000122070312,916353,0.0,0.0
2026-05-18 15:00:00+05:30,767.7000122070312,771.3499755859375,767.3499755859375,767.7999877929688,3298446,0.0,0.0
2026-05-18 15:15:00+05:30,767.7999877929688,768.8499755859375,767.0,768.7999877929688,2245831,0.0,0.0
2026-05-19 09:15:00+05:30,767.0499877929688,769.5999755859375,766.7000122070312,767.8499755859375,1149722,0.0,0.0
2026-05-19 09:30:00+05:30,768.0,769.3499755859375,764.7000122070312,769.0499877929688,1632686,0.0,0.0
2026-05-19 09:45:00+05:30,769.0999755859375,769.0999755859375,764.0,765.4000244140625,1302243,0.0,0.0
2026-05-19 10:00:00+05:30,765.4000244140625,767.5999755859375,764.75,766.8499755859375,1263244,0.0,0.0
2026-05-19 10:15:00+05:30,766.7000122070312,768.2000122070312,766.0,768.0499877929688,975273,0.0,0.0
2026-05-19 10:30:00+05:30,768.1500244140625,769.2000122070312,766.75,767.5999755859375,1187026,0.0,0.0
2026-05-19 10:45:00+05:30,767.5499877929688,769.0,767.1500244140625,768.3499755859375,964912,0.0,0.0
2026-05-19 11:00:00+05:30,768.3499755859375,768.9000244140625,766.9000244140625,766.9500122070312,807068,0.0,0.0
2026-05-19 11:15:00+05:30,766.9500122070312,766.9500122070312,765.5,766.7999877929688,749236,0.0,0.0
2026-05-19 11:30:00+05:30,766.7999877929688,768.0,765.25,767.5499877929688,1185480,0.0,0.0
2026-05-19 11:45:00+05:30,767.7000122070312,768.9000244140625,767.25,768.0999755859375,643483,0.0,0.0
2026-05-19 12:00:00+05:30,768.0999755859375,768.4000244140625,767.0499877929688,768.0999755859375,1466295,0.0,0.0
2026-05-19 12:15:00+05:30,768.0,770.7000122070312,767.2999877929688,770.4000244140625,1528636,0.0,0.0
2026-05-19 12:30:00+05:30,770.3499755859375,770.4000244140625,766.5499877929688,767.0999755859375,1016873,0.0,0.0
2026-05-19 12:45:00+05:30,767.0999755859375,767.5499877929688,765.9000244140625,766.25,909823,0.0,0.0
2026-05-19 13:00:00+05:30,766.25,767.2000122070312,765.3499755859375,766.0999755859375,1188683,0.0,0.0
2026-05-19 13:15:00+05:30,766.0999755859375,767.7999877929688,765.9000244140625,767.4500122070312,926174,0.0,0.0
2026-05-19 13:30:00+05:30,767.5,768.2999877929688,766.1500244140625,766.5,1209277,0.0,0.0
2026-05-19 13:45:00+05:30,766.4500122070312,767.7999877929688,764.7000122070312,766.2999877929688,1696978,0.0,0.0
2026-05-19 14:00:00+05:30,766.5,767.1500244140625,764.9000244140625,765.75,2079432,0.0,0.0
2026-05-19 14:15:00+05:30,765.7999877929688,766.7999877929688,764.9000244140625,765.0999755859375,1625328,0.0,0.0
2026-05-19 14:30:00+05:30,765.0999755859375,765.9000244140625,764.2999877929688,764.4000244140625,1458634,0.0,0.0
2026-05-19 14:45:00+05:30,764.4000244140625,765.2999877929688,763.1500244140625,763.7999877929688,1996893,0.0,0.0
2026-05-19 15:00:00+05:30,764.0,764.1500244140625,760.75,764.0499877929688,5606430,0.0,0.0
2026-05-19 15:15:00+05:30,764.0499877929688,765.0499877929688,761.0,762.7999877929688,2948399,0.0,0.0
2026-05-20 09:15:00+05:30,759.0499877929688,761.7999877929688,757.3499755859375,759.7000122070312,730670,0.0,0.0
2026-05-20 09:30:00+05:30,759.75,761.9500122070312,759.0999755859375,760.6500244140625,1826003,0.0,0.0
2026-05-20 09:45:00+05:30,760.7000122070312,761.0,759.0,760.2999877929688,696524,0.0,0.0
2026-05-20 10:00:00+05:30,760.2999877929688,760.5499877929688,758.0999755859375,758.2999877929688,563650,0.0,0.0
2026-05-20 10:15:00+05:30,758.25,758.25,756.5,758.0,824660,0.0,0.0
2026-05-20 10:30:00+05:30,757.8499755859375,760.0,756.7999877929688,756.7999877929688,1547919,0.0,0.0
2026-05-20 10:45:00+05:30,756.9000244140625,757.0,755.2000122070312,756.5999755859375,955705,0.0,0.0
2026-05-20 11:00:00+05:30,756.5999755859375,759.3499755859375,756.5999755859375,758.8499755859375,760994,0.0,0.0
2026-05-20 11:15:00+05:30,758.9000244140625,761.5499877929688,758.9000244140625,761.4500122070312,1142963,0.0,0.0
2026-05-20 11:30:00+05:30,761.4500122070312,762.25,758.7999877929688,759.2999877929688,1205416,0.0,0.0
2026-05-20 11:45:00+05:30,759.5499877929688,761.3499755859375,759.0499877929688,759.25,528795,0.0,0.0
2026-05-20 12:00:00+05:30,759.0499877929688,759.25,757.0,757.2000122070312,607873,0.0,0.0
2026-05-20 12:15:00+05:30,757.2000122070312,758.7999877929688,756.7999877929688,757.7999877929688,535988,0.0,0.0
2026-05-20 12:30:00+05:30,757.75,758.1500244140625,757.2999877929688,757.5999755859375,443885,0.0,0.0
2026-05-20 12:45:00+05:30,757.6500244140625,758.2000122070312,757.0,757.3499755859375,478054,0.0,0.0
2026-05-20 13:00:00+05:30,757.5,758.7999877929688,756.0999755859375,758.7000122070312,671849,0.0,0.0
2026-05-20 13:15:00+05:30,758.7000122070312,759.0,756.2999877929688,756.7000122070312,683419,0.0,0.0
2026-05-20 13:30:00+05:30,756.7000122070312,758.7000122070312,756.5,757.7999877929688,529141,0.0,0.0
2026-05-20 13:45:00+05:30,757.9500122070312,758.9500122070312,757.5999755859375,758.9500122070312,462033,0.0,0.0
2026-05-20 14:00:00+05:30,759.3499755859375,761.4500122070312,758.9500122070312,760.5,1014426,0.0,0.0
2026-05-20 14:15:00+05:30,760.5,761.8499755859375,759.7000122070312,760.5999755859375,912072,0.0,0.0
2026-05-20 14:30:00+05:30,760.6500244140625,761.4500122070312,759.5999755859375,760.3499755859375,555396,0.0,0.0
2026-05-20 14:45:00+05:30,760.1500244140625,761.0999755859375,760.0499877929688,761.0,612291,0.0,0.0
2026-05-20 15:00:00+05:30,761.0499877929688,761.0499877929688,758.1500244140625,759.9500122070312,2555574,0.0,0.0
2026-05-20 15:15:00+05:30,759.9500122070312,760.7999877929688,759.0,760.7000122070312,1898476,0.0,0.0
2026-05-21 09:15:00+05:30,766.0499877929688,768.0,762.0999755859375,763.75,1665611,0.0,0.0
2026-05-21 09:30:00+05:30,763.7999877929688,766.1500244140625,763.5,765.8499755859375,1171188,0.0,0.0
2026-05-21 09:45:00+05:30,766.0499877929688,766.4500122070312,763.6500244140625,763.8499755859375,1904936,0.0,0.0
2026-05-21 10:00:00+05:30,763.8499755859375,764.5499877929688,763.0,763.2999877929688,887913,0.0,0.0
2026-05-21 10:15:00+05:30,763.2999877929688,765.25,763.0,764.5499877929688,1076164,0.0,0.0
2026-05-21 10:30:00+05:30,764.5499877929688,766.5999755859375,763.5499877929688,765.0499877929688,1069881,0.0,0.0
2026-05-21 10:45:00+05:30,765.0499877929688,766.0499877929688,762.0999755859375,763.1500244140625,1524155,0.0,0.0
2026-05-21 11:00:00+05:30,763.0999755859375,763.0999755859375,761.0,761.3499755859375,930003,0.0,0.0
2026-05-21 11:15:00+05:30,761.4000244140625,762.75,758.5999755859375,762.5,1029003,0.0,0.0
2026-05-21 11:30:00+05:30,762.6500244140625,762.75,761.2000122070312,762.0,429389,0.0,0.0
2026-05-21 11:45:00+05:30,761.9500122070312,762.0,759.7999877929688,759.9000244140625,487382,0.0,0.0
2026-05-21 12:00:00+05:30,759.9500122070312,761.2000122070312,759.2000122070312,759.2000122070312,519688,0.0,0.0
2026-05-21 12:15:00+05:30,759.3499755859375,760.9500122070312,758.0,758.7000122070312,1847259,0.0,0.0
2026-05-21 12:30:00+05:30,758.75,759.25,756.5,758.0999755859375,1247212,0.0,0.0
2026-05-21 12:45:00+05:30,758.1500244140625,758.4000244140625,755.75,756.0999755859375,650551,0.0,0.0
2026-05-21 13:00:00+05:30,756.0999755859375,757.2999877929688,755.2000122070312,756.4500122070312,1527611,0.0,0.0
2026-05-21 13:15:00+05:30,756.4000244140625,756.9500122070312,755.7000122070312,755.75,1162944,0.0,0.0
2026-05-21 13:30:00+05:30,755.7999877929688,758.0,755.5,757.4000244140625,742355,0.0,0.0
2026-05-21 13:45:00+05:30,757.5,758.8499755859375,755.5,756.7999877929688,1021562,0.0,0.0
2026-05-21 14:00:00+05:30,756.7999877929688,757.4000244140625,755.7000122070312,757.0499877929688,1277710,0.0,0.0
2026-05-21 14:15:00+05:30,756.9000244140625,758.6500244140625,756.5499877929688,758.0999755859375,1254077,0.0,0.0
2026-05-21 14:30:00+05:30,758.0499877929688,761.7000122070312,757.8499755859375,760.3499755859375,2092143,0.0,0.0
2026-05-21 14:45:00+05:30,760.4500122070312,761.2999877929688,760.0499877929688,760.6500244140625,1322234,0.0,0.0
2026-05-21 15:00:00+05:30,760.7000122070312,761.2000122070312,757.6500244140625,757.7999877929688,3956663,0.0,0.0
2026-05-21 15:15:00+05:30,757.9500122070312,759.4000244140625,757.25,758.7999877929688,2009024,0.0,0.0
2026-05-22 09:15:00+05:30,760.5,768.5,760.4500122070312,766.4000244140625,1505298,0.0,0.0
2026-05-22 09:30:00+05:30,766.3499755859375,769.4000244140625,766.0,769.2000122070312,1440900,0.0,0.0
2026-05-22 09:45:00+05:30,768.9500122070312,771.0,768.5499877929688,769.9500122070312,1223051,0.0,0.0
2026-05-22 10:00:00+05:30,769.9000244140625,775.0,769.2000122070312,773.75,2383049,0.0,0.0
2026-05-22 10:15:00+05:30,773.75,774.0,771.0999755859375,771.4000244140625,982725,0.0,0.0
2026-05-22 10:30:00+05:30,771.4000244140625,771.5,769.5499877929688,771.2000122070312,1196918,0.0,0.0
2026-05-22 10:45:00+05:30,771.2999877929688,771.9500122070312,769.5999755859375,770.3499755859375,447068,0.0,0.0
2026-05-22 11:00:00+05:30,770.3499755859375,770.3499755859375,768.5999755859375,768.6500244140625,458056,0.0,0.0
2026-05-22 11:15:00+05:30,768.7999877929688,770.25,767.7999877929688,768.4500122070312,515067,0.0,0.0
2026-05-22 11:30:00+05:30,768.3499755859375,770.4500122070312,768.0999755859375,770.2999877929688,565710,0.0,0.0
2026-05-22 11:45:00+05:30,770.2999877929688,771.9000244140625,769.75,770.0499877929688,490319,0.0,0.0
2026-05-22 12:00:00+05:30,770.0,770.0999755859375,768.5499877929688,768.8499755859375,316909,0.0,0.0
2026-05-22 12:15:00+05:30,768.8499755859375,769.25,768.25,768.7000122070312,243223,0.0,0.0
2026-05-22 12:30:00+05:30,768.75,769.25,767.75,769.0499877929688,525336,0.0,0.0
2026-05-22 12:45:00+05:30,769.25,772.0,768.9000244140625,771.5999755859375,957043,0.0,0.0
2026-05-22 13:00:00+05:30,771.5999755859375,771.9500122070312,770.2000122070312,771.0,548184,0.0,0.0
2026-05-22 13:15:00+05:30,771.0,771.1500244140625,768.8499755859375,769.7999877929688,1606271,0.0,0.0
2026-05-22 13:30:00+05:30,769.6500244140625,769.8499755859375,768.1500244140625,768.4000244140625,798443,0.0,0.0
2026-05-22 13:45:00+05:30,768.3499755859375,769.4000244140625,767.2000122070312,768.3499755859375,1087457,0.0,0.0
2026-05-22 14:00:00+05:30,768.4000244140625,768.5,765.5999755859375,767.0999755859375,624218,0.0,0.0
2026-05-22 14:15:00+05:30,767.1500244140625,767.5,765.2999877929688,765.5,565070,0.0,0.0
2026-05-22 14:30:00+05:30,765.5,766.0499877929688,764.1500244140625,764.3499755859375,709589,0.0,0.0
2026-05-22 14:45:00+05:30,764.4500122070312,766.2000122070312,764.2999877929688,766.2000122070312,858303,0.0,0.0
2026-05-22 15:00:00+05:30,766.2000122070312,766.9500122070312,765.1500244140625,766.75,2245275,0.0,0.0
2026-05-22 15:15:00+05:30,766.6500244140625,769.0999755859375,766.4000244140625,766.7999877929688,2257185,0.0,0.0
2026-05-25 09:15:00+05:30,776.0499877929688,785.9500122070312,776.0499877929688,785.2000122070312,2667539,0.0,0.0
2026-05-25 09:30:00+05:30,785.2000122070312,785.9000244140625,781.4000244140625,782.5499877929688,1658212,0.0,0.0
2026-05-25 09:45:00+05:30,782.5999755859375,782.6500244140625,779.5999755859375,780.6500244140625,1007841,0.0,0.0
2026-05-25 10:00:00+05:30,780.5499877929688,781.9500122070312,779.75,781.5,1805974,0.0,0.0
2026-05-25 10:15:00+05:30,781.3499755859375,783.3499755859375,781.1500244140625,782.9500122070312,561725,0.0,0.0
2026-05-25 10:30:00+05:30,782.9000244140625,785.5999755859375,782.8499755859375,785.0499877929688,1554839,0.0,0.0
2026-05-25 10:45:00+05:30,785.1500244140625,785.8499755859375,784.9000244140625,785.0,725823,0.0,0.0
2026-05-25 11:00:00+05:30,785.0999755859375,785.0999755859375,783.8499755859375,784.9000244140625,637613,0.0,0.0
2026-05-25 11:15:00+05:30,784.8499755859375,785.0,783.9500122070312,784.6500244140625,653601,0.0,0.0
2026-05-25 11:30:00+05:30,784.7000122070312,784.9500122070312,783.5499877929688,784.2999877929688,552173,0.0,0.0
2026-05-25 11:45:00+05:30,784.3499755859375,784.75,784.1500244140625,784.2000122070312,376709,0.0,0.0
2026-05-25 12:00:00+05:30,784.4000244140625,784.4000244140625,783.0,783.4500122070312,518226,0.0,0.0
2026-05-25 12:15:00+05:30,783.4000244140625,783.9000244140625,783.0999755859375,783.25,347671,0.0,0.0
2026-05-25 12:30:00+05:30,783.25,783.9500122070312,783.0999755859375,783.5,489811,0.0,0.0
2026-05-25 12:45:00+05:30,783.5999755859375,783.7000122070312,782.5999755859375,783.1500244140625,517580,0.0,0.0
2026-05-25 13:00:00+05:30,783.25,785.0,782.9000244140625,784.9000244140625,754939,0.0,0.0
2026-05-25 13:15:00+05:30,784.9000244140625,784.9000244140625,784.1500244140625,784.4000244140625,614356,0.0,0.0
2026-05-25 13:30:00+05:30,784.4000244140625,784.4500122070312,783.25,783.4500122070312,445078,0.0,0.0
2026-05-25 13:45:00+05:30,783.5,784.0,783.4500122070312,783.5999755859375,512250,0.0,0.0
2026-05-25 14:00:00+05:30,783.5999755859375,784.9500122070312,783.3499755859375,784.0,850803,0.0,0.0
2026-05-25 14:15:00+05:30,784.0,784.2999877929688,782.9500122070312,784.25,1079667,0.0,0.0
2026-05-25 14:30:00+05:30,784.25,786.5999755859375,784.25,786.5,1068838,0.0,0.0
2026-05-25 14:45:00+05:30,786.4000244140625,787.7000122070312,786.3499755859375,786.8499755859375,1172910,0.0,0.0
2026-05-25 15:00:00+05:30,786.8499755859375,787.2999877929688,786.0499877929688,787.0,1427850,0.0,0.0
2026-05-25 15:15:00+05:30,787.0,787.7999877929688,785.8499755859375,787.0999755859375,1783443,0.0,0.0
2026-05-26 09:15:00+05:30,784.4000244140625,788.6500244140625,784.2999877929688,787.9000244140625,949629,0.0,0.0
2026-05-26 09:30:00+05:30,787.9500122070312,790.7999877929688,787.8499755859375,789.0499877929688,1164664,0.0,0.0
2026-05-26 09:45:00+05:30,789.25,789.25,785.75,786.5999755859375,939359,0.0,0.0
2026-05-26 10:00:00+05:30,786.25,788.2000122070312,785.5,788.0,882669,0.0,0.0
2026-05-26 10:15:00+05:30,788.0,790.1500244140625,787.5999755859375,789.75,1300274,0.0,0.0
2026-05-26 10:30:00+05:30,789.6500244140625,790.5999755859375,789.0,789.5999755859375,944936,0.0,0.0
2026-05-26 10:45:00+05:30,789.8499755859375,790.0,789.0,789.25,701956,0.0,0.0
2026-05-26 11:00:00+05:30,789.1500244140625,789.9500122070312,788.5499877929688,789.75,804916,0.0,0.0
2026-05-26 11:15:00+05:30,789.5499877929688,789.7999877929688,787.6500244140625,788.25,554177,0.0,0.0
2026-05-26 11:30:00+05:30,788.3499755859375,790.3499755859375,787.0999755859375,789.6500244140625,1103525,0.0,0.0
2026-05-26 11:45:00+05:30,789.6500244140625,789.8499755859375,788.2000122070312,788.5,618897,0.0,0.0
2026-05-26 12:00:00+05:30,788.5,788.7000122070312,785.5999755859375,785.9500122070312,672062,0.0,0.0
2026-05-26 12:15:00+05:30,785.7000122070312,785.9500122070312,785.0,785.3499755859375,489612,0.0,0.0
2026-05-26 12:30:00+05:30,785.2000122070312,785.5,784.3499755859375,785.2999877929688,898038,0.0,0.0
2026-05-26 12:45:00+05:30,785.2999877929688,785.7000122070312,783.4000244140625,785.6500244140625,2156325,0.0,0.0
2026-05-26 13:00:00+05:30,785.4000244140625,785.4000244140625,782.7000122070312,783.2000122070312,777406,0.0,0.0
2026-05-26 13:15:00+05:30,783.2000122070312,784.5,782.2000122070312,784.2000122070312,1368955,0.0,0.0
2026-05-26 13:30:00+05:30,784.3499755859375,784.7999877929688,782.1500244140625,782.1500244140625,1050936,0.0,0.0
2026-05-26 13:45:00+05:30,782.1500244140625,783.0,781.0,781.1500244140625,906935,0.0,0.0
2026-05-26 14:00:00+05:30,781.2999877929688,782.25,779.5499877929688,780.4500122070312,1385137,0.0,0.0
2026-05-26 14:15:00+05:30,780.5499877929688,781.9000244140625,779.5499877929688,781.0,1160036,0.0,0.0
2026-05-26 14:30:00+05:30,780.8499755859375,781.8499755859375,777.6500244140625,777.9000244140625,1930070,0.0,0.0
2026-05-26 14:45:00+05:30,778.0499877929688,780.0,777.5999755859375,779.75,583551,0.0,0.0
2026-05-26 15:00:00+05:30,779.5999755859375,780.6500244140625,776.8499755859375,778.9000244140625,5471410,0.0,0.0
2026-05-26 15:15:00+05:30,778.9500122070312,780.9500122070312,778.5,780.25,1696341,0.0,0.0
2026-05-27 09:15:00+05:30,769.5,771.7000122070312,762.5499877929688,765.3499755859375,2591486,0.0,0.0
2026-05-27 09:30:00+05:30,765.2999877929688,766.5,762.6500244140625,766.0,3194421,0.0,0.0
2026-05-27 09:45:00+05:30,765.8499755859375,765.8499755859375,761.25,761.9500122070312,2455331,0.0,0.0
2026-05-27 10:00:00+05:30,761.9000244140625,764.6500244140625,761.2999877929688,764.5,2168348,0.0,0.0
2026-05-27 10:15:00+05:30,764.4000244140625,765.5,764.0,765.1500244140625,1326276,0.0,0.0
2026-05-27 10:30:00+05:30,765.2000122070312,765.5,763.5,763.6500244140625,1066790,0.0,0.0
2026-05-27 10:45:00+05:30,763.7000122070312,765.0,763.0999755859375,764.5499877929688,1182778,0.0,0.0
2026-05-27 11:00:00+05:30,764.2999877929688,765.4500122070312,763.9500122070312,765.2999877929688,736179,0.0,0.0
2026-05-27 11:15:00+05:30,765.2999877929688,766.2000122070312,765.0,765.5999755859375,897857,0.0,0.0
2026-05-27 11:30:00+05:30,765.5999755859375,765.75,764.0,764.0499877929688,989725,0.0,0.0
2026-05-27 11:45:00+05:30,764.0999755859375,764.1500244140625,763.0999755859375,763.2999877929688,1338462,0.0,0.0
2026-05-27 12:00:00+05:30,763.2999877929688,763.4000244140625,761.3499755859375,761.7000122070312,1687304,0.0,0.0
2026-05-27 12:15:00+05:30,761.7000122070312,762.3499755859375,760.5499877929688,760.7000122070312,2462111,0.0,0.0
2026-05-27 12:30:00+05:30,760.5999755859375,762.25,760.5,762.25,955421,0.0,0.0
2026-05-27 12:45:00+05:30,762.25,762.25,759.5,759.5499877929688,1597588,0.0,0.0
2026-05-27 13:00:00+05:30,759.75,760.2000122070312,758.2000122070312,758.9500122070312,2541923,0.0,0.0
2026-05-27 13:15:00+05:30,758.75,760.25,758.4500122070312,759.5,1430320,0.0,0.0
2026-05-27 13:30:00+05:30,759.4000244140625,761.2000122070312,759.0999755859375,759.2999877929688,2062016,0.0,0.0
2026-05-27 13:45:00+05:30,759.2999877929688,759.7000122070312,758.5499877929688,759.3499755859375,1283623,0.0,0.0
2026-05-27 14:00:00+05:30,759.5,761.1500244140625,759.2000122070312,759.4000244140625,1922771,0.0,0.0
2026-05-27 14:15:00+05:30,759.3499755859375,761.5,759.0,759.4000244140625,3853540,0.0,0.0
2026-05-27 14:30:00+05:30,759.0999755859375,759.9500122070312,758.0,758.1500244140625,3170629,0.0,0.0
2026-05-27 14:45:00+05:30,758.0499877929688,758.3499755859375,757.25,757.7000122070312,2840199,0.0,0.0
2026-05-27 15:00:00+05:30,757.7999877929688,759.4000244140625,756.9000244140625,759.4000244140625,4953475,0.0,0.0
2026-05-27 15:15:00+05:30,759.5499877929688,759.9000244140625,758.1500244140625,759.25,5135071,0.0,0.0
2026-05-29 09:15:00+05:30,749.7999877929688,756.6500244140625,749.7999877929688,751.0999755859375,2461366,0.0,0.0
2026-05-29 09:30:00+05:30,751.0999755859375,756.3499755859375,750.9000244140625,755.0999755859375,2235606,0.0,0.0
2026-05-29 09:45:00+05:30,755.0999755859375,757.5999755859375,753.9000244140625,757.5,1557310,0.0,0.0
2026-05-29 10:00:00+05:30,757.4500122070312,759.3499755859375,755.5,758.7999877929688,1411661,0.0,0.0
2026-05-29 10:15:00+05:30,758.75,759.6500244140625,757.25,758.0999755859375,1296218,0.0,0.0
2026-05-29 10:30:00+05:30,758.1500244140625,758.5499877929688,756.25,757.2000122070312,1549032,0.0,0.0
2026-05-29 10:45:00+05:30,757.0999755859375,759.7000122070312,756.9000244140625,759.0,1085481,0.0,0.0
2026-05-29 11:00:00+05:30,759.0499877929688,760.4500122070312,758.5,758.9500122070312,1278025,0.0,0.0
2026-05-29 11:15:00+05:30,759.0,759.4000244140625,757.1500244140625,757.2000122070312,1134620,0.0,0.0
2026-05-29 11:30:00+05:30,757.0999755859375,757.9000244140625,756.5,757.75,806787,0.0,0.0
2026-05-29 11:45:00+05:30,757.8499755859375,759.5,757.4500122070312,758.75,819061,0.0,0.0
2026-05-29 12:00:00+05:30,758.7000122070312,758.7000122070312,756.25,756.9000244140625,679726,0.0,0.0
2026-05-29 12:15:00+05:30,756.9000244140625,756.9000244140625,755.5999755859375,756.7999877929688,652597,0.0,0.0
2026-05-29 12:30:00+05:30,756.7999877929688,757.5,755.9000244140625,756.2000122070312,650701,0.0,0.0
2026-05-29 12:45:00+05:30,756.2000122070312,756.2000122070312,754.2000122070312,754.5999755859375,768984,0.0,0.0
2026-05-29 13:00:00+05:30,754.7000122070312,754.7000122070312,753.5499877929688,753.7000122070312,748153,0.0,0.0
2026-05-29 13:15:00+05:30,753.7000122070312,753.8499755859375,753.0,753.5499877929688,780969,0.0,0.0
2026-05-29 13:30:00+05:30,753.5,753.9000244140625,752.7999877929688,752.7999877929688,784422,0.0,0.0
2026-05-29 13:45:00+05:30,752.7999877929688,753.6500244140625,752.0,753.0,1062607,0.0,0.0
2026-05-29 14:00:00+05:30,753.0499877929688,753.8499755859375,752.9000244140625,753.3499755859375,720693,0.0,0.0
2026-05-29 14:15:00+05:30,753.2999877929688,754.2999877929688,752.5499877929688,753.7000122070312,1047238,0.0,0.0
2026-05-29 14:30:00+05:30,753.7000122070312,755.4500122070312,753.7000122070312,755.0,1060433,0.0,0.0
2026-05-29 14:45:00+05:30,755.0,755.25,753.4000244140625,753.5499877929688,1161090,0.0,0.0
2026-05-29 15:00:00+05:30,753.5499877929688,753.5999755859375,742.0999755859375,745.25,39263801,0.0,0.0
2026-05-29 15:15:00+05:30,744.9500122070312,747.25,738.6500244140625,747.25,29756573,0.0,0.0
2026-06-01 09:15:00+05:30,750.0999755859375,750.0999755859375,744.2000122070312,746.75,1219765,0.0,0.0
2026-06-01 09:30:00+05:30,746.75,748.0,743.5499877929688,743.5999755859375,1614241,0.0,0.0
2026-06-01 09:45:00+05:30,743.75,745.5999755859375,743.0999755859375,743.6500244140625,920122,0.0,0.0
2026-06-01 10:00:00+05:30,743.6500244140625,745.9500122070312,743.5999755859375,744.7000122070312,785192,0.0,0.0
2026-06-01 10:15:00+05:30,744.5999755859375,745.4000244140625,743.2000122070312,743.9000244140625,511994,0.0,0.0
2026-06-01 10:30:00+05:30,743.5499877929688,744.9000244140625,743.25,744.0499877929688,658491,0.0,0.0
2026-06-01 10:45:00+05:30,744.0,746.4000244140625,744.0,745.5999755859375,757877,0.0,0.0
2026-06-01 11:00:00+05:30,745.6500244140625,746.75,744.9000244140625,745.9000244140625,563952,0.0,0.0
2026-06-01 11:15:00+05:30,745.9000244140625,746.7000122070312,744.9000244140625,745.0999755859375,644104,0.0,0.0
2026-06-01 11:30:00+05:30,745.0999755859375,746.25,744.7000122070312,745.7999877929688,613460,0.0,0.0
2026-06-01 11:45:00+05:30,745.7999877929688,746.3499755859375,744.1500244140625,744.1500244140625,529670,0.0,0.0
2026-06-01 12:00:00+05:30,744.2000122070312,746.1500244140625,744.0999755859375,745.4000244140625,1807810,0.0,0.0
2026-06-01 12:15:00+05:30,745.4000244140625,745.9000244140625,745.0,745.75,874071,0.0,0.0
2026-06-01 12:30:00+05:30,745.75,745.9000244140625,745.0,745.25,553533,0.0,0.0
2026-06-01 12:45:00+05:30,745.2999877929688,746.0,744.5499877929688,744.8499755859375,512491,0.0,0.0
2026-06-01 13:00:00+05:30,744.9000244140625,745.4500122070312,742.0999755859375,742.3499755859375,927404,0.0,0.0
2026-06-01 13:15:00+05:30,742.3499755859375,743.25,742.0999755859375,742.7000122070312,691475,0.0,0.0
2026-06-01 13:30:00+05:30,742.5999755859375,744.5999755859375,742.4000244140625,744.2999877929688,585967,0.0,0.0
2026-06-01 13:45:00+05:30,744.25,744.9000244140625,743.7000122070312,744.5999755859375,551984,0.0,0.0
2026-06-01 14:00:00+05:30,744.5499877929688,744.9000244140625,743.0,743.2000122070312,600544,0.0,0.0
2026-06-01 14:15:00+05:30,743.0499877929688,743.25,741.1500244140625,742.0,1249583,0.0,0.0
2026-06-01 14:30:00+05:30,742.2000122070312,743.0,741.0499877929688,742.8499755859375,948910,0.0,0.0
2026-06-01 14:45:00+05:30,742.8499755859375,743.2999877929688,739.5499877929688,740.2000122070312,1846521,0.0,0.0
2026-06-01 15:00:00+05:30,740.2000122070312,744.5999755859375,739.7999877929688,743.0499877929688,15982464,0.0,0.0
2026-06-01 15:15:00+05:30,743.0499877929688,744.5999755859375,741.4500122070312,742.5,9388601,0.0,0.0
2026-06-02 09:15:00+05:30,739.2999877929688,739.2999877929688,734.5999755859375,735.8499755859375,1439899,0.0,0.0
2026-06-02 09:30:00+05:30,735.8499755859375,736.4000244140625,734.4000244140625,735.5999755859375,1246079,0.0,0.0
2026-06-02 09:45:00+05:30,735.5999755859375,735.75,734.0999755859375,735.2000122070312,1048303,0.0,0.0
2026-06-02 10:00:00+05:30,735.0999755859375,735.9000244140625,733.2999877929688,734.4000244140625,2145485,0.0,0.0
2026-06-02 10:15:00+05:30,734.2999877929688,742.2999877929688,734.2999877929688,741.9000244140625,3089522,0.0,0.0
2026-06-02 10:30:00+05:30,741.9000244140625,742.3499755859375,740.0,741.2999877929688,1401982,0.0,0.0
2026-06-02 10:45:00+05:30,741.1500244140625,745.5,740.4000244140625,745.0499877929688,1271414,0.0,0.0
2026-06-02 11:00:00+05:30,745.0999755859375,745.6500244140625,743.0,744.5,770760,0.0,0.0
2026-06-02 11:15:00+05:30,744.2999877929688,746.2999877929688,742.8499755859375,744.8499755859375,759875,0.0,0.0
2026-06-02 11:30:00+05:30,744.9000244140625,745.4000244140625,743.5999755859375,744.4500122070312,1507882,0.0,0.0
2026-06-02 11:45:00+05:30,744.4500122070312,745.7999877929688,743.3499755859375,745.5,2456152,0.0,0.0
2026-06-02 12:00:00+05:30,745.5,747.25,745.0499877929688,746.5499877929688,693882,0.0,0.0
2026-06-02 12:15:00+05:30,746.5,748.2000122070312,745.6500244140625,746.2999877929688,2574519,0.0,0.0
2026-06-02 12:30:00+05:30,746.4500122070312,749.0,745.7000122070312,748.8499755859375,1955532,0.0,0.0
2026-06-02 12:45:00+05:30,748.7000122070312,753.2000122070312,748.7000122070312,752.9000244140625,2462377,0.0,0.0
2026-06-02 13:00:00+05:30,752.5499877929688,752.75,750.3499755859375,750.8499755859375,2050344,0.0,0.0
2026-06-02 13:15:00+05:30,751.0,751.25,748.2999877929688,750.1500244140625,2624281,0.0,0.0
2026-06-02 13:30:00+05:30,750.1500244140625,750.6500244140625,747.9000244140625,747.9500122070312,956528,0.0,0.0
2026-06-02 13:45:00+05:30,748.0,749.0,747.0,748.1500244140625,1114388,0.0,0.0
2026-06-02 14:00:00+05:30,748.1500244140625,750.5999755859375,747.9500122070312,750.0,622711,0.0,0.0
2026-06-02 14:15:00+05:30,750.2000122070312,753.1500244140625,748.5999755859375,750.7999877929688,3606723,0.0,0.0
2026-06-02 14:30:00+05:30,750.7999877929688,752.0,747.2999877929688,747.4500122070312,1750432,0.0,0.0
2026-06-02 14:45:00+05:30,747.4500122070312,748.7000122070312,746.4500122070312,746.5,926672,0.0,0.0
2026-06-02 15:00:00+05:30,746.5499877929688,750.4500122070312,746.0,749.5999755859375,4537372,0.0,0.0
2026-06-02 15:15:00+05:30,749.5999755859375,750.6500244140625,748.25,749.1500244140625,1406564,0.0,0.0
2026-06-03 09:15:00+05:30,746.0,748.25,743.0499877929688,746.75,769950,0.0,0.0
2026-06-03 09:30:00+05:30,746.7000122070312,747.0,743.5499877929688,743.8499755859375,1308309,0.0,0.0
2026-06-03 09:45:00+05:30,743.8499755859375,745.9500122070312,743.25,745.0,1554044,0.0,0.0
2026-06-03 10:00:00+05:30,745.0,748.1500244140625,744.9500122070312,745.9000244140625,1397526,0.0,0.0
2026-06-03 10:15:00+05:30,745.9000244140625,746.9000244140625,745.2999877929688,746.4500122070312,631650,0.0,0.0
2026-06-03 10:30:00+05:30,746.4500122070312,746.9000244140625,745.25,746.25,446498,0.0,0.0
2026-06-03 10:45:00+05:30,746.25,746.5999755859375,744.75,745.0,559388,0.0,0.0
2026-06-03 11:00:00+05:30,744.9500122070312,746.0,744.5499877929688,744.7999877929688,569547,0.0,0.0
2026-06-03 11:15:00+05:30,744.7999877929688,747.5999755859375,744.7999877929688,747.3499755859375,1216564,0.0,0.0
2026-06-03 11:30:00+05:30,747.0999755859375,747.75,746.2999877929688,746.5,1059833,0.0,0.0
2026-06-03 11:45:00+05:30,746.5499877929688,747.0499877929688,745.2999877929688,745.3499755859375,1381168,0.0,0.0
2026-06-03 12:00:00+05:30,745.3499755859375,745.7000122070312,742.8499755859375,743.7000122070312,1221072,0.0,0.0
2026-06-03 12:15:00+05:30,743.7000122070312,746.3499755859375,743.2999877929688,746.3499755859375,1510364,0.0,0.0
2026-06-03 12:30:00+05:30,746.2999877929688,751.5999755859375,746.2999877929688,750.4000244140625,2431075,0.0,0.0
2026-06-03 12:45:00+05:30,750.4500122070312,751.25,747.7000122070312,748.7000122070312,1316808,0.0,0.0
2026-06-03 13:00:00+05:30,748.5999755859375,749.8499755859375,747.75,748.9500122070312,1781019,0.0,0.0
2026-06-03 13:15:00+05:30,749.1500244140625,750.2999877929688,748.7000122070312,749.7999877929688,783690,0.0,0.0
2026-06-03 13:30:00+05:30,749.9000244140625,750.0999755859375,748.2999877929688,748.5499877929688,727594,0.0,0.0
2026-06-03 13:45:00+05:30,748.75,752.4500122070312,748.5999755859375,749.9500122070312,1918356,0.0,0.0
2026-06-03 14:00:00+05:30,749.9500122070312,751.2999877929688,749.5,750.0999755859375,617058,0.0,0.0
2026-06-03 14:15:00+05:30,750.0999755859375,751.5999755859375,749.5,750.0999755859375,1373531,0.0,0.0
2026-06-03 14:30:00+05:30,750.0999755859375,753.0999755859375,749.7999877929688,752.8499755859375,1579024,0.0,0.0
2026-06-03 14:45:00+05:30,752.75,756.7000122070312,752.5999755859375,755.2000122070312,2830766,0.0,0.0
2026-06-03 15:00:00+05:30,755.2999877929688,755.5499877929688,752.0999755859375,752.7999877929688,2888417,0.0,0.0
2026-06-03 15:15:00+05:30,752.9000244140625,755.0,752.7000122070312,754.0,2208376,0.0,0.0
2026-06-04 09:15:00+05:30,750.0,750.0,746.0,746.5999755859375,1662941,0.0,0.0
2026-06-04 09:30:00+05:30,746.5499877929688,746.5999755859375,745.0,745.7000122070312,1204148,0.0,0.0
2026-06-04 09:45:00+05:30,745.7999877929688,750.8499755859375,745.7000122070312,749.1500244140625,1798864,0.0,0.0
2026-06-04 10:00:00+05:30,749.1500244140625,749.7999877929688,748.0499877929688,748.9500122070312,1263019,0.0,0.0
2026-06-04 10:15:00+05:30,749.0,750.3499755859375,748.1500244140625,748.7999877929688,638997,0.0,0.0
2026-06-04 10:30:00+05:30,748.7999877929688,749.0499877929688,746.7999877929688,748.9000244140625,780507,0.0,0.0
2026-06-04 10:45:00+05:30,748.9500122070312,751.7999877929688,748.7999877929688,751.0999755859375,905454,0.0,0.0
2026-06-04 11:00:00+05:30,751.1500244140625,752.0,749.0999755859375,750.2000122070312,707019,0.0,0.0
2026-06-04 11:15:00+05:30,750.3499755859375,750.8499755859375,749.1500244140625,749.9500122070312,1126010,0.0,0.0
2026-06-04 11:30:00+05:30,749.9500122070312,751.9000244140625,748.7000122070312,750.5999755859375,700301,0.0,0.0
2026-06-04 11:45:00+05:30,750.75,752.4000244140625,749.1500244140625,750.7999877929688,2110054,0.0,0.0
2026-06-04 12:00:00+05:30,751.0499877929688,755.4500122070312,750.5,753.3499755859375,2884725,0.0,0.0
2026-06-04 12:15:00+05:30,753.3499755859375,755.0999755859375,752.7000122070312,753.9500122070312,1762733,0.0,0.0
2026-06-04 12:30:00+05:30,754.0,754.0499877929688,752.0499877929688,753.0999755859375,914478,0.0,0.0
2026-06-04 12:45:00+05:30,753.1500244140625,754.5999755859375,753.0499877929688,754.1500244140625,826224,0.0,0.0
2026-06-04 13:00:00+05:30,754.1500244140625,756.0,751.5499877929688,751.6500244140625,1631839,0.0,0.0
2026-06-04 13:15:00+05:30,751.5999755859375,753.6500244140625,750.25,751.2999877929688,2631363,0.0,0.0
2026-06-04 13:30:00+05:30,751.2999877929688,751.7000122070312,749.75,749.8499755859375,652582,0.0,0.0
2026-06-04 13:45:00+05:30,749.9000244140625,752.2000122070312,749.6500244140625,751.25,1051121,0.0,0.0
2026-06-04 14:00:00+05:30,751.0999755859375,755.7999877929688,751.0999755859375,754.5999755859375,2028404,0.0,0.0
2026-06-04 14:15:00+05:30,754.6500244140625,755.25,754.0,754.6500244140625,854444,0.0,0.0
2026-06-04 14:30:00+05:30,754.6500244140625,756.9500122070312,754.1500244140625,755.8499755859375,1538029,0.0,0.0
2026-06-04 14:45:00+05:30,755.9500122070312,757.25,753.5999755859375,753.7999877929688,1464505,0.0,0.0
2026-06-04 15:00:00+05:30,754.5,755.75,752.25,754.0,6305740,0.0,0.0
2026-06-04 15:15:00+05:30,754.0,754.4000244140625,752.5499877929688,753.25,2621849,0.0,0.0
2026-06-05 09:15:00+05:30,754.2000122070312,756.4500122070312,751.5999755859375,756.0999755859375,1044812,0.0,0.0
2026-06-05 09:30:00+05:30,756.0,758.5499877929688,755.5,755.9000244140625,1162082,0.0,0.0
2026-06-05 09:45:00+05:30,755.9500122070312,756.5,754.25,754.9000244140625,508953,0.0,0.0
2026-06-05 10:00:00+05:30,754.9000244140625,758.0,754.4000244140625,754.8499755859375,860515,0.0,0.0
2026-06-05 10:15:00+05:30,754.9000244140625,757.7999877929688,753.7999877929688,756.4000244140625,556652,0.0,0.0
2026-06-05 10:30:00+05:30,756.4000244140625,756.5,750.5,751.5499877929688,773370,0.0,0.0
2026-06-05 10:45:00+05:30,751.5,753.75,750.0999755859375,753.4500122070312,486224,0.0,0.0
2026-06-05 11:00:00+05:30,753.4000244140625,756.5,753.1500244140625,754.3499755859375,1061859,0.0,0.0
2026-06-05 11:15:00+05:30,754.3499755859375,754.8499755859375,752.0,752.25,364633,0.0,0.0
2026-06-05 11:30:00+05:30,752.25,752.9500122070312,751.0999755859375,751.7999877929688,476739,0.0,0.0
2026-06-05 11:45:00+05:30,751.7999877929688,752.2999877929688,750.0999755859375,750.0999755859375,325480,0.0,0.0
2026-06-05 12:00:00+05:30,750.2000122070312,752.1500244140625,750.2000122070312,752.1500244140625,256377,0.0,0.0
2026-06-05 12:15:00+05:30,752.0999755859375,752.5,751.0499877929688,751.8499755859375,308560,0.0,0.0
2026-06-05 12:30:00+05:30,751.8499755859375,751.9000244140625,750.0999755859375,750.3499755859375,257098,0.0,0.0
2026-06-05 12:45:00+05:30,750.4000244140625,750.6500244140625,749.2999877929688,750.0,325107,0.0,0.0
2026-06-05 13:00:00+05:30,749.9000244140625,750.75,749.0499877929688,749.2000122070312,262294,0.0,0.0
2026-06-05 13:15:00+05:30,749.0999755859375,749.7999877929688,747.6500244140625,747.7000122070312,432763,0.0,0.0
2026-06-05 13:30:00+05:30,747.6500244140625,748.2000122070312,746.3499755859375,747.1500244140625,536355,0.0,0.0
2026-06-05 13:45:00+05:30,747.1500244140625,748.0,746.7999877929688,748.0,273874,0.0,0.0
2026-06-05 14:00:00+05:30,748.0,748.3499755859375,746.2000122070312,746.5,611788,0.0,0.0
2026-06-05 14:15:00+05:30,746.5,747.9500122070312,745.3499755859375,747.5,634416,0.0,0.0
2026-06-05 14:30:00+05:30,747.5,748.2000122070312,744.6500244140625,748.0,1611422,0.0,0.0
2026-06-05 14:45:00+05:30,748.0,748.8499755859375,746.2999877929688,746.5999755859375,1838177,0.0,0.0
2026-06-05 15:00:00+05:30,747.0,747.9500122070312,745.4000244140625,747.4500122070312,2648764,0.0,0.0
2026-06-05 15:15:00+05:30,747.4500122070312,748.5499877929688,746.9000244140625,748.0,2689855,0.0,0.0
2026-06-08 09:15:00+05:30,737.7000122070312,741.5,737.2000122070312,739.75,1240406,0.0,0.0
2026-06-08 09:30:00+05:30,739.75,740.7999877929688,737.0999755859375,738.7000122070312,980202,0.0,0.0
2026-06-08 09:45:00+05:30,738.7000122070312,740.9000244140625,737.0499877929688,739.7999877929688,1597054,0.0,0.0
2026-06-08 10:00:00+05:30,739.7999877929688,739.9000244140625,737.4000244140625,738.8499755859375,530811,0.0,0.0
2026-06-08 10:15:00+05:30,738.8499755859375,740.25,738.2999877929688,739.25,497794,0.0,0.0
2026-06-08 10:30:00+05:30,739.1500244140625,739.9500122070312,738.5499877929688,738.5999755859375,608456,0.0,0.0
2026-06-08 10:45:00+05:30,738.5999755859375,739.7999877929688,737.7999877929688,739.1500244140625,900414,0.0,0.0
2026-06-08 11:00:00+05:30,739.1500244140625,739.2000122070312,738.0999755859375,738.5499877929688,393720,0.0,0.0
2026-06-08 11:15:00+05:30,738.5499877929688,739.0,737.2000122070312,737.75,615056,0.0,0.0
2026-06-08 11:30:00+05:30,737.75,738.0,737.5,737.7999877929688,444439,0.0,0.0
2026-06-08 11:45:00+05:30,737.7999877929688,738.4000244140625,737.3499755859375,737.7999877929688,496681,0.0,0.0
2026-06-08 12:00:00+05:30,737.7999877929688,738.9500122070312,737.5,738.7000122070312,319184,0.0,0.0
2026-06-08 12:15:00+05:30,738.7000122070312,739.3499755859375,738.4000244140625,739.0,397429,0.0,0.0
2026-06-08 12:30:00+05:30,738.9500122070312,740.0,738.8499755859375,739.75,383314,0.0,0.0
2026-06-08 12:45:00+05:30,739.5999755859375,740.7000122070312,739.0499877929688,739.7000122070312,509620,0.0,0.0
2026-06-08 13:00:00+05:30,739.6500244140625,739.7999877929688,738.3499755859375,738.6500244140625,284993,0.0,0.0
2026-06-08 13:15:00+05:30,738.5999755859375,738.8499755859375,736.7000122070312,737.7000122070312,598741,0.0,0.0
2026-06-08 13:30:00+05:30,737.7999877929688,737.9500122070312,736.75,736.9000244140625,386140,0.0,0.0
2026-06-08 13:45:00+05:30,736.8499755859375,736.9000244140625,735.2999877929688,736.2000122070312,871177,0.0,0.0
2026-06-08 14:00:00+05:30,736.0999755859375,736.6500244140625,735.0,735.0499877929688,675365,0.0,0.0
2026-06-08 14:15:00+05:30,735.0,736.8499755859375,734.5,736.2999877929688,754878,0.0,0.0
2026-06-08 14:30:00+05:30,736.2999877929688,738.7000122070312,736.0,738.5,834808,0.0,0.0
2026-06-08 14:45:00+05:30,738.5,740.3499755859375,736.9500122070312,739.8499755859375,1658121,0.0,0.0
2026-06-08 15:00:00+05:30,739.8499755859375,739.8499755859375,737.0499877929688,738.7999877929688,1391499,0.0,0.0
2026-06-08 15:15:00+05:30,738.8499755859375,739.2000122070312,738.0,738.3499755859375,1195354,0.0,0.0
2026-06-09 09:15:00+05:30,740.9000244140625,742.5,738.6500244140625,741.7000122070312,993055,0.0,0.0
2026-06-09 09:30:00+05:30,741.6500244140625,743.9500122070312,739.0,739.1500244140625,1303171,0.0,0.0
2026-06-09 09:45:00+05:30,739.1500244140625,740.0,738.0999755859375,738.75,647581,0.0,0.0
2026-06-09 10:00:00+05:30,738.75,738.75,737.0499877929688,737.2999877929688,681219,0.0,0.0
2026-06-09 10:15:00+05:30,737.2999877929688,737.7000122070312,736.2000122070312,736.7999877929688,481568,0.0,0.0
2026-06-09 10:30:00+05:30,736.7999877929688,736.9000244140625,736.0,736.25,400949,0.0,0.0
2026-06-09 10:45:00+05:30,736.25,737.0,735.5,736.0499877929688,540372,0.0,0.0
2026-06-09 11:00:00+05:30,736.0,736.4500122070312,735.0,735.4500122070312,511382,0.0,0.0
2026-06-09 11:15:00+05:30,735.5,735.9500122070312,732.2999877929688,733.5,1527513,0.0,0.0
2026-06-09 11:30:00+05:30,733.5999755859375,735.75,733.2999877929688,733.8499755859375,1532817,0.0,0.0
2026-06-09 11:45:00+05:30,733.75,735.7000122070312,733.5499877929688,734.7000122070312,1375812,0.0,0.0
2026-06-09 12:00:00+05:30,734.75,736.4500122070312,733.9500122070312,734.7000122070312,780587,0.0,0.0
2026-06-09 12:15:00+05:30,734.9000244140625,736.7000122070312,734.4000244140625,736.7000122070312,853007,0.0,0.0
2026-06-09 12:30:00+05:30,736.7000122070312,739.7000122070312,736.0,738.2999877929688,1442868,0.0,0.0
2026-06-09 12:45:00+05:30,738.4500122070312,739.8499755859375,737.8499755859375,739.1500244140625,1494354,0.0,0.0
2026-06-09 13:00:00+05:30,739.2000122070312,742.6500244140625,738.6500244140625,741.7999877929688,3181250,0.0,0.0
2026-06-09 13:15:00+05:30,742.0,742.75,740.1500244140625,742.1500244140625,1852681,0.0,0.0
2026-06-09 13:30:00+05:30,742.0999755859375,742.1500244140625,740.0499877929688,740.4500122070312,1404638,0.0,0.0
2026-06-09 13:45:00+05:30,740.4500122070312,740.9500122070312,737.7999877929688,738.5999755859375,980496,0.0,0.0
2026-06-09 14:00:00+05:30,738.5999755859375,739.5,737.7999877929688,738.0499877929688,792638,0.0,0.0
2026-06-09 14:15:00+05:30,738.0,738.3499755859375,736.2999877929688,738.3499755859375,1725994,0.0,0.0
2026-06-09 14:30:00+05:30,738.3499755859375,740.0,737.1500244140625,739.2999877929688,1213635,0.0,0.0
2026-06-09 14:45:00+05:30,739.2999877929688,740.4500122070312,738.3499755859375,739.7000122070312,1369374,0.0,0.0
2026-06-09 15:00:00+05:30,739.4000244140625,740.2000122070312,737.1500244140625,738.8499755859375,6648266,0.0,0.0
2026-06-09 15:15:00+05:30,738.7999877929688,739.9500122070312,737.5499877929688,739.5,2416994,0.0,0.0
2026-06-10 09:15:00+05:30,739.0999755859375,744.0,736.5499877929688,739.9000244140625,1195938,0.0,0.0
2026-06-10 09:30:00+05:30,739.9000244140625,740.9500122070312,738.5,740.0,2277508,0.0,0.0
2026-06-10 09:45:00+05:30,740.0499877929688,745.25,738.5499877929688,744.7000122070312,3660128,0.0,0.0
2026-06-10 10:00:00+05:30,744.5999755859375,745.5,739.0,739.0,1174812,0.0,0.0
2026-06-10 10:15:00+05:30,739.0499877929688,739.3499755859375,737.3499755859375,737.6500244140625,918309,0.0,0.0
2026-06-10 10:30:00+05:30,737.6500244140625,739.25,737.5,738.5,1019244,0.0,0.0
2026-06-10 10:45:00+05:30,738.5,741.2999877929688,737.9000244140625,740.9500122070312,1809903,0.0,0.0
2026-06-10 11:00:00+05:30,741.0,741.2000122070312,738.2000122070312,738.2000122070312,1018267,0.0,0.0
2026-06-10 11:15:00+05:30,738.25,741.7000122070312,738.0999755859375,740.9500122070312,2861651,0.0,0.0
2026-06-10 11:30:00+05:30,740.9000244140625,743.2999877929688,740.5999755859375,742.4500122070312,954597,0.0,0.0
2026-06-10 11:45:00+05:30,742.4500122070312,743.0999755859375,742.0,742.8499755859375,657287,0.0,0.0
2026-06-10 12:00:00+05:30,743.0,743.5,742.0499877929688,742.5499877929688,704830,0.0,0.0
2026-06-10 12:15:00+05:30,742.5,743.0,741.75,742.3499755859375,656268,0.0,0.0
2026-06-10 12:30:00+05:30,742.5499877929688,744.0,742.1500244140625,743.1500244140625,931298,0.0,0.0
2026-06-10 12:45:00+05:30,743.1500244140625,746.75,742.5,746.3499755859375,1846670,0.0,0.0
2026-06-10 13:00:00+05:30,746.2999877929688,755.8499755859375,746.2000122070312,753.8499755859375,2989528,0.0,0.0
2026-06-10 13:15:00+05:30,753.9000244140625,754.6500244140625,751.75,753.4000244140625,1829970,0.0,0.0
2026-06-10 13:30:00+05:30,753.5499877929688,755.7999877929688,753.5499877929688,753.9500122070312,1896645,0.0,0.0
2026-06-10 13:45:00+05:30,754.0,755.2999877929688,752.25,752.25,1466102,0.0,0.0
2026-06-10 14:00:00+05:30,752.3499755859375,752.7000122070312,750.0,750.0999755859375,988369,0.0,0.0
2026-06-10 14:15:00+05:30,750.0,751.4500122070312,749.2000122070312,749.7000122070312,1103046,0.0,0.0
2026-06-10 14:30:00+05:30,749.75,750.7999877929688,748.0499877929688,748.2000122070312,1350462,0.0,0.0
2026-06-10 14:45:00+05:30,748.2999877929688,749.9000244140625,747.5,749.5,1123063,0.0,0.0
2026-06-10 15:00:00+05:30,749.5,749.5,746.25,746.3499755859375,3255559,0.0,0.0
2026-06-10 15:15:00+05:30,746.3499755859375,748.0,745.3499755859375,747.7999877929688,3784962,0.0,0.0
2026-06-11 09:15:00+05:30,742.1500244140625,744.2999877929688,740.4000244140625,741.6500244140625,801792,0.0,0.0
2026-06-11 09:30:00+05:30,741.6500244140625,741.9000244140625,740.2000122070312,741.6500244140625,647471,0.0,0.0
2026-06-11 09:45:00+05:30,741.8499755859375,745.7999877929688,741.5,742.25,2306476,0.0,0.0
2026-06-11 10:00:00+05:30,741.9500122070312,743.2999877929688,740.5,741.7000122070312,934590,0.0,0.0
2026-06-11 10:15:00+05:30,741.7000122070312,745.2000122070312,741.6500244140625,744.8499755859375,700486,0.0,0.0
2026-06-11 10:30:00+05:30,744.9500122070312,745.7999877929688,743.8499755859375,744.5,564367,0.0,0.0
2026-06-11 10:45:00+05:30,744.4500122070312,744.4500122070312,743.0999755859375,743.5999755859375,357053,0.0,0.0
2026-06-11 11:00:00+05:30,743.7000122070312,744.2000122070312,742.0,742.2000122070312,458690,0.0,0.0
2026-06-11 11:15:00+05:30,742.1500244140625,745.2000122070312,742.0999755859375,745.1500244140625,641391,0.0,0.0
2026-06-11 11:30:00+05:30,745.1500244140625,746.8499755859375,743.4500122070312,746.4000244140625,909443,0.0,0.0
2026-06-11 11:45:00+05:30,746.5499877929688,750.25,746.3499755859375,750.0,1818299,0.0,0.0
2026-06-11 12:00:00+05:30,750.0,754.4500122070312,749.2999877929688,754.4500122070312,1627284,0.0,0.0
2026-06-11 12:15:00+05:30,754.5,754.9500122070312,753.25,754.0,1155185,0.0,0.0
2026-06-11 12:30:00+05:30,754.0,755.2999877929688,751.5999755859375,752.2000122070312,1776988,0.0,0.0
2026-06-11 12:45:00+05:30,752.2000122070312,752.6500244140625,750.5999755859375,752.0,738192,0.0,0.0
2026-06-11 13:00:00+05:30,751.9500122070312,752.9000244140625,749.2999877929688,749.2999877929688,1301389,0.0,0.0
2026-06-11 13:15:00+05:30,749.4000244140625,750.0,748.5999755859375,749.5,774263,0.0,0.0
2026-06-11 13:30:00+05:30,749.5499877929688,750.0999755859375,748.0499877929688,748.2999877929688,633836,0.0,0.0
2026-06-11 13:45:00+05:30,748.3499755859375,749.2000122070312,747.4000244140625,748.4500122070312,734886,0.0,0.0
2026-06-11 14:00:00+05:30,748.4500122070312,748.9500122070312,747.25,747.7000122070312,898608,0.0,0.0
2026-06-11 14:15:00+05:30,747.6500244140625,749.2000122070312,746.9500122070312,748.6500244140625,774352,0.0,0.0
2026-06-11 14:30:00+05:30,748.5,748.7999877929688,745.6500244140625,747.0,2621842,0.0,0.0
2026-06-11 14:45:00+05:30,747.0,748.0499877929688,744.75,744.9000244140625,2675547,0.0,0.0
2026-06-11 15:00:00+05:30,745.2000122070312,745.5499877929688,743.4000244140625,744.75,3634978,0.0,0.0
2026-06-11 15:15:00+05:30,744.7999877929688,745.7000122070312,744.2999877929688,744.5999755859375,1930106,0.0,0.0
2026-06-12 09:15:00+05:30,754.6500244140625,760.25,754.6500244140625,757.9500122070312,1181666,0.0,0.0
2026-06-12 09:30:00+05:30,757.9500122070312,759.9000244140625,757.7000122070312,758.4000244140625,1882055,0.0,0.0
2026-06-12 09:45:00+05:30,758.4500122070312,760.5,758.0999755859375,760.0,1376775,0.0,0.0
2026-06-12 10:00:00+05:30,760.1500244140625,760.5,758.4000244140625,758.7999877929688,1041268,0.0,0.0
2026-06-12 10:15:00+05:30,758.7999877929688,759.9000244140625,758.0499877929688,758.9500122070312,723984,0.0,0.0
2026-06-12 10:30:00+05:30,758.8499755859375,760.0,758.4000244140625,758.75,1245695,0.0,0.0
2026-06-12 10:45:00+05:30,758.7999877929688,759.5499877929688,758.2999877929688,759.5499877929688,437740,0.0,0.0
2026-06-12 11:00:00+05:30,759.5499877929688,759.75,758.4000244140625,759.75,406508,0.0,0.0
2026-06-12 11:15:00+05:30,759.7999877929688,759.7999877929688,756.8499755859375,757.2999877929688,628842,0.0,0.0
2026-06-12 11:30:00+05:30,757.2999877929688,758.5499877929688,757.2999877929688,758.2999877929688,454311,0.0,0.0
2026-06-12 11:45:00+05:30,758.2999877929688,759.5499877929688,757.8499755859375,759.25,630554,0.0,0.0
2026-06-12 12:00:00+05:30,759.25,759.5499877929688,758.0,758.0499877929688,510737,0.0,0.0
2026-06-12 12:15:00+05:30,758.0999755859375,758.9500122070312,758.0,758.5499877929688,354619,0.0,0.0
2026-06-12 12:30:00+05:30,758.5499877929688,758.5499877929688,757.7999877929688,757.9000244140625,392544,0.0,0.0
2026-06-12 12:45:00+05:30,758.0499877929688,759.7999877929688,757.5,759.5499877929688,1279208,0.0,0.0
2026-06-12 13:00:00+05:30,759.5499877929688,759.7000122070312,759.0499877929688,759.5499877929688,318570,0.0,0.0
2026-06-12 13:15:00+05:30,759.5,762.4000244140625,759.2000122070312,762.25,1758112,0.0,0.0
2026-06-12 13:30:00+05:30,762.2000122070312,766.0,762.0,765.0499877929688,1723128,0.0,0.0
2026-06-12 13:45:00+05:30,765.0499877929688,766.5999755859375,764.5499877929688,766.4500122070312,1777447,0.0,0.0
2026-06-12 14:00:00+05:30,766.5,768.9000244140625,765.3499755859375,768.9000244140625,2797685,0.0,0.0
2026-06-12 14:15:00+05:30,769.0,770.7999877929688,768.5499877929688,770.6500244140625,1538955,0.0,0.0
2026-06-12 14:30:00+05:30,770.6500244140625,770.75,768.6500244140625,770.7000122070312,1540763,0.0,0.0
2026-06-12 14:45:00+05:30,770.7000122070312,774.4000244140625,770.5,774.0,2603760,0.0,0.0
2026-06-12 15:00:00+05:30,773.9500122070312,773.9500122070312,771.5499877929688,772.5,3273956,0.0,0.0
2026-06-12 15:15:00+05:30,772.2999877929688,772.9500122070312,771.1500244140625,772.0,3145591,0.0,0.0
2026-06-15 09:15:00+05:30,791.5499877929688,791.5499877929688,785.3499755859375,787.0999755859375,3783455,0.0,0.0
2026-06-15 09:30:00+05:30,787.2000122070312,787.9500122070312,785.2999877929688,786.9500122070312,2919934,0.0,0.0
2026-06-15 09:45:00+05:30,786.9000244140625,789.9500122070312,784.0999755859375,784.4500122070312,2439684,0.0,0.0
2026-06-15 10:00:00+05:30,784.3499755859375,786.4500122070312,784.25,785.5,1470394,0.0,0.0
2026-06-15 10:15:00+05:30,785.5,785.9500122070312,783.5499877929688,785.0999755859375,987746,0.0,0.0
2026-06-15 10:30:00+05:30,785.2000122070312,788.0,785.0,787.7000122070312,1089109,0.0,0.0
2026-06-15 10:45:00+05:30,787.7999877929688,789.5,787.0,788.2000122070312,1110486,0.0,0.0
2026-06-15 11:00:00+05:30,788.0,788.4500122070312,783.75,784.2000122070312,1174937,0.0,0.0
2026-06-15 11:15:00+05:30,784.2000122070312,785.3499755859375,783.7000122070312,785.0,783277,0.0,0.0
2026-06-15 11:30:00+05:30,785.1500244140625,785.2000122070312,782.3499755859375,782.5999755859375,1030443,0.0,0.0
2026-06-15 11:45:00+05:30,782.7000122070312,783.0,781.5,781.6500244140625,954366,0.0,0.0
2026-06-15 12:00:00+05:30,781.6500244140625,782.25,780.0,780.7000122070312,998010,0.0,0.0
2026-06-15 12:15:00+05:30,780.4000244140625,780.7000122070312,778.2000122070312,778.2999877929688,868065,0.0,0.0
2026-06-15 12:30:00+05:30,778.2999877929688,781.0,777.7000122070312,780.9000244140625,842111,0.0,0.0
2026-06-15 12:45:00+05:30,780.9000244140625,781.1500244140625,779.5999755859375,780.2999877929688,593598,0.0,0.0
2026-06-15 13:00:00+05:30,780.2000122070312,781.5,778.75,780.1500244140625,802310,0.0,0.0
2026-06-15 13:15:00+05:30,780.0,780.6500244140625,779.0999755859375,779.0999755859375,586905,0.0,0.0
2026-06-15 13:30:00+05:30,779.1500244140625,779.5999755859375,777.6500244140625,778.5,682382,0.0,0.0
2026-06-15 13:45:00+05:30,778.5499877929688,779.0,776.1500244140625,778.5999755859375,898383,0.0,0.0
2026-06-15 14:00:00+05:30,778.6500244140625,779.0,777.1500244140625,777.7000122070312,878810,0.0,0.0
2026-06-15 14:15:00+05:30,777.7000122070312,779.8499755859375,777.6500244140625,779.0,913638,0.0,0.0
2026-06-15 14:30:00+05:30,779.0,781.0,779.0,780.4000244140625,1341162,0.0,0.0
2026-06-15 14:45:00+05:30,780.25,780.5999755859375,778.8499755859375,779.0499877929688,1023969,0.0,0.0
2026-06-15 15:00:00+05:30,779.0999755859375,779.1500244140625,775.7000122070312,776.5999755859375,2352453,0.0,0.0
2026-06-15 15:15:00+05:30,776.5999755859375,778.4500122070312,776.0999755859375,777.0999755859375,2645952,0.0,0.0
2026-06-16 09:15:00+05:30,780.5,782.9500122070312,779.5,782.8499755859375,832155,0.0,0.0
2026-06-16 09:30:00+05:30,782.7999877929688,783.5499877929688,780.5499877929688,780.5499877929688,779226,0.0,0.0
2026-06-16 09:45:00+05:30,780.5499877929688,783.9000244140625,780.5499877929688,782.7999877929688,1278511,0.0,0.0
2026-06-16 10:00:00+05:30,782.7000122070312,782.7999877929688,780.4500122070312,780.5999755859375,1258895,0.0,0.0
2026-06-16 10:15:00+05:30,780.6500244140625,781.7000122070312,780.4500122070312,781.5999755859375,355000,0.0,0.0
2026-06-16 10:30:00+05:30,781.5999755859375,782.0,781.4000244140625,781.7000122070312,314087,0.0,0.0
2026-06-16 10:45:00+05:30,781.7000122070312,783.7000122070312,781.6500244140625,783.0,748859,0.0,0.0
2026-06-16 11:00:00+05:30,783.0,783.0999755859375,781.5,782.0999755859375,367361,0.0,0.0
2026-06-16 11:15:00+05:30,781.9500122070312,784.75,781.5999755859375,783.9000244140625,712381,0.0,0.0
2026-06-16 11:30:00+05:30,783.9000244140625,786.0,783.4000244140625,786.0,1070993,0.0,0.0
2026-06-16 11:45:00+05:30,785.8499755859375,787.5,784.25,785.25,1867346,0.0,0.0
2026-06-16 12:00:00+05:30,785.25,785.5,784.0999755859375,784.0999755859375,662539,0.0,0.0
2026-06-16 12:15:00+05:30,784.0999755859375,785.1500244140625,783.5,785.0499877929688,736715,0.0,0.0
2026-06-16 12:30:00+05:30,785.0499877929688,785.7000122070312,783.5999755859375,784.7999877929688,1901093,0.0,0.0
2026-06-16 12:45:00+05:30,785.1500244140625,785.6500244140625,784.6500244140625,785.4000244140625,470816,0.0,0.0
2026-06-16 13:00:00+05:30,785.4000244140625,786.9000244140625,784.7999877929688,786.9000244140625,591799,0.0,0.0
2026-06-16 13:15:00+05:30,786.9000244140625,787.7000122070312,786.0,787.5999755859375,1218009,0.0,0.0
2026-06-16 13:30:00+05:30,787.5,787.5999755859375,786.2999877929688,786.2999877929688,912766,0.0,0.0
2026-06-16 13:45:00+05:30,786.2999877929688,786.7999877929688,785.5499877929688,785.8499755859375,491989,0.0,0.0
2026-06-16 14:00:00+05:30,785.7999877929688,787.25,785.5,787.0499877929688,886465,0.0,0.0
2026-06-16 14:15:00+05:30,787.0499877929688,787.4000244140625,785.6500244140625,785.9500122070312,886307,0.0,0.0
2026-06-16 14:30:00+05:30,785.8499755859375,786.75,785.25,785.25,853379,0.0,0.0
2026-06-16 14:45:00+05:30,784.9000244140625,786.7999877929688,783.4500122070312,784.5,2165728,0.0,0.0
2026-06-16 15:00:00+05:30,784.4500122070312,786.0499877929688,783.4500122070312,785.2999877929688,3648066,0.0,0.0
2026-06-16 15:15:00+05:30,785.25,785.25,784.0999755859375,784.7999877929688,1095240,0.0,0.0
2026-06-17 09:15:00+05:30,787.0,787.5999755859375,783.2000122070312,786.4500122070312,1491537,0.0,0.0
2026-06-17 09:30:00+05:30,786.4500122070312,786.5,784.2999877929688,785.8499755859375,1330478,0.0,0.0
2026-06-17 09:45:00+05:30,785.7999877929688,785.9000244140625,784.5999755859375,785.5999755859375,1193646,0.0,0.0
2026-06-17 10:00:00+05:30,785.5,786.8499755859375,784.75,785.9000244140625,693934,0.0,0.0
2026-06-17 10:15:00+05:30,785.9000244140625,787.3499755859375,785.5,786.3499755859375,1913114,0.0,0.0
2026-06-17 10:30:00+05:30,786.3499755859375,792.0,786.25,790.7999877929688,2181983,0.0,0.0
2026-06-17 10:45:00+05:30,790.9000244140625,791.4000244140625,789.5999755859375,789.8499755859375,825493,0.0,0.0
2026-06-17 11:00:00+05:30,789.9500122070312,791.3499755859375,788.9000244140625,791.0,1751266,0.0,0.0
2026-06-17 11:15:00+05:30,791.1500244140625,792.8499755859375,790.2000122070312,792.5499877929688,1496147,0.0,0.0
2026-06-17 11:30:00+05:30,792.5999755859375,794.2000122070312,791.9500122070312,793.6500244140625,1689960,0.0,0.0
2026-06-17 11:45:00+05:30,793.9000244140625,794.2999877929688,790.75,791.0,1037007,0.0,0.0
2026-06-17 12:00:00+05:30,790.9000244140625,791.8499755859375,789.6500244140625,790.0499877929688,1057205,0.0,0.0
2026-06-17 12:15:00+05:30,790.0999755859375,790.75,789.3499755859375,789.7999877929688,964117,0.0,0.0
2026-06-17 12:30:00+05:30,789.8499755859375,789.9000244140625,788.7999877929688,789.25,679208,0.0,0.0
2026-06-17 12:45:00+05:30,789.2999877929688,790.25,788.4000244140625,788.6500244140625,884405,0.0,0.0
2026-06-17 13:00:00+05:30,788.6500244140625,789.7999877929688,788.0,788.0,912834,0.0,0.0
2026-06-17 13:15:00+05:30,788.0,789.2999877929688,787.7000122070312,789.2000122070312,551900,0.0,0.0
2026-06-17 13:30:00+05:30,789.1500244140625,789.9500122070312,788.75,789.1500244140625,632041,0.0,0.0
2026-06-17 13:45:00+05:30,789.1500244140625,789.5999755859375,788.75,789.25,578540,0.0,0.0
2026-06-17 14:00:00+05:30,789.4000244140625,789.7999877929688,788.5999755859375,789.0499877929688,1056129,0.0,0.0
2026-06-17 14:15:00+05:30,789.0999755859375,789.4000244140625,786.5,787.0,1557940,0.0,0.0
2026-06-17 14:30:00+05:30,786.8499755859375,788.5499877929688,786.25,786.5499877929688,1206735,0.0,0.0
2026-06-17 14:45:00+05:30,786.5499877929688,787.6500244140625,786.0499877929688,787.5999755859375,1411778,0.0,0.0
2026-06-17 15:00:00+05:30,787.5999755859375,788.2000122070312,787.0999755859375,787.5,1950872,0.0,0.0
2026-06-17 15:15:00+05:30,787.5,787.5,785.8499755859375,786.0,2111184,0.0,0.0
2026-06-18 09:15:00+05:30,786.5999755859375,793.25,786.4000244140625,792.8499755859375,714595,0.0,0.0
2026-06-18 09:30:00+05:30,793.2000122070312,798.25,792.4000244140625,798.0499877929688,2146715,0.0,0.0
2026-06-18 09:45:00+05:30,798.1500244140625,802.8499755859375,798.0,800.4000244140625,3270984,0.0,0.0
2026-06-18 10:00:00+05:30,800.5,802.3499755859375,800.0,802.0,1320268,0.0,0.0
2026-06-18 10:15:00+05:30,802.0999755859375,802.7999877929688,800.5,800.5999755859375,1306139,0.0,0.0
2026-06-18 10:30:00+05:30,800.5999755859375,800.7999877929688,796.6500244140625,797.5,1714173,0.0,0.0
2026-06-18 10:45:00+05:30,797.5999755859375,799.4500122070312,797.2000122070312,799.2999877929688,1544311,0.0,0.0
2026-06-18 11:00:00+05:30,799.2999877929688,799.6500244140625,798.25,799.2000122070312,931790,0.0,0.0
2026-06-18 11:15:00+05:30,799.2000122070312,799.2000122070312,796.7999877929688,798.2000122070312,997065,0.0,0.0
2026-06-18 11:30:00+05:30,798.25,798.4000244140625,795.1500244140625,796.0,1221821,0.0,0.0
2026-06-18 11:45:00+05:30,795.9500122070312,796.4000244140625,794.9000244140625,795.6500244140625,1134122,0.0,0.0
2026-06-18 12:00:00+05:30,795.6500244140625,798.5499877929688,795.5,797.2000122070312,1713965,0.0,0.0
2026-06-18 12:15:00+05:30,797.2000122070312,798.2000122070312,795.7000122070312,798.0499877929688,1252439,0.0,0.0
2026-06-18 12:30:00+05:30,798.0499877929688,798.3499755859375,795.5499877929688,795.9000244140625,1025003,0.0,0.0
2026-06-18 12:45:00+05:30,795.9000244140625,797.2000122070312,795.4000244140625,795.7000122070312,619227,0.0,0.0
2026-06-18 13:00:00+05:30,795.7000122070312,796.5,795.2999877929688,796.4500122070312,748576,0.0,0.0
2026-06-18 13:15:00+05:30,796.4500122070312,796.9000244140625,794.9500122070312,795.9500122070312,1707616,0.0,0.0
2026-06-18 13:30:00+05:30,795.9500122070312,796.7000122070312,794.9500122070312,795.9000244140625,1808391,0.0,0.0
2026-06-18 13:45:00+05:30,795.7000122070312,796.4500122070312,794.2999877929688,794.5999755859375,1014884,0.0,0.0
2026-06-18 14:00:00+05:30,794.75,795.5,794.2000122070312,794.5,1793398,0.0,0.0
2026-06-18 14:15:00+05:30,794.4500122070312,795.5,794.0999755859375,794.1500244140625,1065068,0.0,0.0
2026-06-18 14:30:00+05:30,794.1500244140625,795.5,793.5999755859375,794.5999755859375,1266434,0.0,0.0
2026-06-18 14:45:00+05:30,794.5499877929688,797.0,794.1500244140625,797.0,1042812,0.0,0.0
2026-06-18 15:00:00+05:30,797.2000122070312,800.0,795.75,799.6500244140625,5155683,0.0,0.0
2026-06-18 15:15:00+05:30,799.6500244140625,801.5999755859375,799.5,800.9500122070312,3600474,0.0,0.0
2026-06-19 09:15:00+05:30,787.4000244140625,789.0,781.5999755859375,781.7999877929688,2177234,13.0,0.0
2026-06-19 09:30:00+05:30,781.7999877929688,783.0,781.0,782.7999877929688,1660819,0.0,0.0
2026-06-19 09:45:00+05:30,782.7999877929688,783.5,781.75,782.7000122070312,1300762,0.0,0.0
2026-06-19 10:00:00+05:30,782.7000122070312,782.75,781.0999755859375,782.4500122070312,1227273,0.0,0.0
2026-06-19 10:15:00+05:30,782.5,783.0,781.2000122070312,781.3499755859375,979590,0.0,0.0
2026-06-19 10:30:00+05:30,781.3499755859375,781.4500122070312,780.0999755859375,780.8499755859375,780642,0.0,0.0
2026-06-19 10:45:00+05:30,780.8499755859375,781.3499755859375,779.2000122070312,780.3499755859375,929730,0.0,0.0
2026-06-19 11:00:00+05:30,780.3499755859375,781.0,779.2999877929688,780.4000244140625,1132724,0.0,0.0
2026-06-19 11:15:00+05:30,780.4000244140625,780.5,777.7999877929688,778.75,740873,0.0,0.0
2026-06-19 11:30:00+05:30,778.75,779.5,778.0999755859375,778.9000244140625,431295,0.0,0.0
2026-06-19 11:45:00+05:30,778.7999877929688,778.9500122070312,778.1500244140625,778.3499755859375,389640,0.0,0.0
2026-06-19 12:00:00+05:30,778.0999755859375,778.4500122070312,777.5,777.7999877929688,468080,0.0,0.0
2026-06-19 12:15:00+05:30,777.7999877929688,779.5,777.5,779.5,478491,0.0,0.0
2026-06-19 12:30:00+05:30,779.4000244140625,779.7000122070312,778.2999877929688,779.2999877929688,502474,0.0,0.0
2026-06-19 12:45:00+05:30,779.3499755859375,779.4000244140625,778.0,778.1500244140625,483359,0.0,0.0
2026-06-19 13:00:00+05:30,778.2000122070312,778.5,776.5499877929688,777.0999755859375,721262,0.0,0.0
2026-06-19 13:15:00+05:30,777.1500244140625,777.5,776.4000244140625,777.5,682814,0.0,0.0
2026-06-19 13:30:00+05:30,777.4500122070312,778.5,777.0499877929688,777.7000122070312,507993,0.0,0.0
2026-06-19 13:45:00+05:30,777.7000122070312,778.7000122070312,777.2999877929688,778.7000122070312,665716,0.0,0.0
2026-06-19 14:00:00+05:30,778.75,780.0999755859375,778.3499755859375,779.0,1041198,0.0,0.0
2026-06-19 14:15:00+05:30,779.2999877929688,779.4000244140625,778.0,778.7000122070312,577705,0.0,0.0
2026-06-19 14:30:00+05:30,778.7999877929688,780.0,778.7999877929688,779.5499877929688,919269,0.0,0.0
2026-06-19 14:45:00+05:30,779.6500244140625,779.9000244140625,777.5,777.7999877929688,1312317,0.0,0.0
2026-06-19 15:00:00+05:30,777.8499755859375,781.9500122070312,777.7000122070312,780.0,6071561,0.0,0.0
2026-06-19 15:15:00+05:30,779.7000122070312,781.0,779.1500244140625,781.0,4150049,0.0,0.0
2026-06-22 09:15:00+05:30,788.0999755859375,788.0999755859375,784.1500244140625,787.5,1332571,0.0,0.0
2026-06-22 09:30:00+05:30,787.5,788.0,784.2999877929688,784.4500122070312,1614912,0.0,0.0
2026-06-22 09:45:00+05:30,784.4500122070312,785.4000244140625,783.0999755859375,785.0,1238424,0.0,0.0
2026-06-22 10:00:00+05:30,784.9500122070312,785.25,783.5999755859375,785.1500244140625,660472,0.0,0.0
2026-06-22 10:15:00+05:30,785.1500244140625,788.1500244140625,785.0,787.9000244140625,1398653,0.0,0.0
2026-06-22 10:30:00+05:30,787.9000244140625,788.1500244140625,786.3499755859375,786.75,588162,0.0,0.0
2026-06-22 10:45:00+05:30,786.75,787.7999877929688,786.2999877929688,787.5,851013,0.0,0.0
2026-06-22 11:00:00+05:30,787.5,789.25,787.2000122070312,787.9000244140625,1160931,0.0,0.0
2026-06-22 11:15:00+05:30,787.75,788.0,786.0999755859375,787.25,643766,0.0,0.0
2026-06-22 11:30:00+05:30,787.25,787.5999755859375,785.7000122070312,786.2999877929688,593027,0.0,0.0
2026-06-22 11:45:00+05:30,786.0499877929688,786.25,785.0,785.6500244140625,740353,0.0,0.0
2026-06-22 12:00:00+05:30,785.6500244140625,785.75,785.0,785.3499755859375,481039,0.0,0.0
2026-06-22 12:15:00+05:30,785.3499755859375,785.7999877929688,784.9000244140625,785.2999877929688,390351,0.0,0.0
2026-06-22 12:30:00+05:30,785.25,785.5499877929688,784.5999755859375,785.0499877929688,457769,0.0,0.0
2026-06-22 12:45:00+05:30,785.0,785.9000244140625,784.8499755859375,785.2000122070312,527554,0.0,0.0
2026-06-22 13:00:00+05:30,785.25,785.3499755859375,784.3499755859375,785.0,481774,0.0,0.0
2026-06-22 13:15:00+05:30,785.0,785.3499755859375,784.8499755859375,785.0499877929688,527638,0.0,0.0
2026-06-22 13:30:00+05:30,785.0499877929688,786.8499755859375,784.7999877929688,786.7000122070312,1059602,0.0,0.0
2026-06-22 13:45:00+05:30,786.7000122070312,789.4500122070312,786.25,788.5999755859375,2668936,0.0,0.0
2026-06-22 14:00:00+05:30,788.5999755859375,788.9500122070312,786.6500244140625,786.7000122070312,985110,0.0,0.0
2026-06-22 14:15:00+05:30,787.0,787.7999877929688,786.7000122070312,787.5499877929688,548082,0.0,0.0
2026-06-22 14:30:00+05:30,787.5499877929688,788.5,787.4500122070312,787.7000122070312,584673,0.0,0.0
2026-06-22 14:45:00+05:30,787.9000244140625,787.9000244140625,786.75,787.4000244140625,626807,0.0,0.0
2026-06-22 15:00:00+05:30,787.4000244140625,787.5999755859375,785.9000244140625,786.6500244140625,1261529,0.0,0.0
2026-06-22 15:15:00+05:30,786.5999755859375,786.7000122070312,785.5,785.5999755859375,1390906,0.0,0.0
2026-06-23 09:15:00+05:30,784.0,785.0,782.4500122070312,784.2000122070312,629446,0.0,0.0
2026-06-23 09:30:00+05:30,784.25,787.0,783.9000244140625,786.5499877929688,994898,0.0,0.0
2026-06-23 09:45:00+05:30,786.9500122070312,790.7999877929688,786.25,790.75,2779188,0.0,0.0
2026-06-23 10:00:00+05:30,790.75,790.75,788.0999755859375,788.2999877929688,830575,0.0,0.0
2026-06-23 10:15:00+05:30,788.4500122070312,790.5,787.7000122070312,790.25,1452677,0.0,0.0
2026-06-23 10:30:00+05:30,790.25,790.5,789.0499877929688,789.7000122070312,649923,0.0,0.0
2026-06-23 10:45:00+05:30,789.7000122070312,789.7999877929688,787.5499877929688,788.0,1033913,0.0,0.0
2026-06-23 11:00:00+05:30,788.0,788.0,786.7000122070312,787.0,739822,0.0,0.0
2026-06-23 11:15:00+05:30,786.9500122070312,787.1500244140625,786.4500122070312,786.7999877929688,973180,0.0,0.0
2026-06-23 11:30:00+05:30,786.7999877929688,787.0999755859375,785.5999755859375,785.9000244140625,611980,0.0,0.0
2026-06-23 11:45:00+05:30,785.7999877929688,785.8499755859375,780.0,780.8499755859375,1628371,0.0,0.0
2026-06-23 12:00:00+05:30,780.6500244140625,781.0,779.0,781.0,1031402,0.0,0.0
2026-06-23 12:15:00+05:30,780.7999877929688,781.5,778.5999755859375,779.0,1787352,0.0,0.0
2026-06-23 12:30:00+05:30,779.1500244140625,780.0,778.0,779.75,742668,0.0,0.0
2026-06-23 12:45:00+05:30,779.5999755859375,779.75,778.5999755859375,778.7000122070312,385374,0.0,0.0
2026-06-23 13:00:00+05:30,778.7000122070312,780.2000122070312,778.1500244140625,779.2999877929688,622321,0.0,0.0
2026-06-23 13:15:00+05:30,779.4000244140625,779.9000244140625,777.75,777.9500122070312,442022,0.0,0.0
2026-06-23 13:30:00+05:30,777.9000244140625,778.1500244140625,775.0,776.6500244140625,909865,0.0,0.0
2026-06-23 13:45:00+05:30,776.6500244140625,776.7000122070312,775.75,776.4500122070312,709038,0.0,0.0
2026-06-23 14:00:00+05:30,776.5,778.2000122070312,776.0499877929688,777.8499755859375,643329,0.0,0.0
2026-06-23 14:15:00+05:30,777.9000244140625,778.0999755859375,776.5499877929688,777.5999755859375,594914,0.0,0.0
2026-06-23 14:30:00+05:30,777.5999755859375,777.9000244140625,777.0499877929688,777.8499755859375,644056,0.0,0.0
2026-06-23 14:45:00+05:30,777.5999755859375,778.2000122070312,776.25,776.5,1362353,0.0,0.0
2026-06-23 15:00:00+05:30,776.4000244140625,776.4000244140625,773.5499877929688,775.2000122070312,2528042,0.0,0.0
2026-06-23 15:15:00+05:30,775.25,775.5499877929688,772.6500244140625,772.9000244140625,1687233,0.0,0.0
2026-06-24 09:15:00+05:30,773.2000122070312,778.4500122070312,772.6500244140625,778.2000122070312,876293,0.0,0.0
2026-06-24 09:30:00+05:30,778.4000244140625,780.5,776.7999877929688,779.2999877929688,1172817,0.0,0.0
2026-06-24 09:45:00+05:30,779.25,781.5,777.4500122070312,780.1500244140625,1114813,0.0,0.0
2026-06-24 10:00:00+05:30,780.4500122070312,783.0,780.2999877929688,783.0,968544,0.0,0.0
2026-06-24 10:15:00+05:30,783.0,785.2999877929688,782.2999877929688,785.0,1032188,0.0,0.0
2026-06-24 10:30:00+05:30,785.0999755859375,785.5,784.3499755859375,784.9500122070312,621196,0.0,0.0
2026-06-24 10:45:00+05:30,784.8499755859375,786.5,784.6500244140625,786.2000122070312,710442,0.0,0.0
2026-06-24 11:00:00+05:30,786.2000122070312,790.7999877929688,786.0499877929688,789.0,2526017,0.0,0.0
2026-06-24 11:15:00+05:30,789.0999755859375,790.4500122070312,788.75,789.2000122070312,1636871,0.0,0.0
2026-06-24 11:30:00+05:30,789.4000244140625,791.5499877929688,788.2999877929688,791.1500244140625,1679232,0.0,0.0
2026-06-24 11:45:00+05:30,791.1500244140625,791.75,789.7000122070312,790.0,1010958,0.0,0.0
2026-06-24 12:00:00+05:30,790.0499877929688,790.2000122070312,788.0499877929688,789.0999755859375,952524,0.0,0.0
2026-06-24 12:15:00+05:30,789.25,791.2000122070312,789.2000122070312,790.5499877929688,831035,0.0,0.0
2026-06-24 12:30:00+05:30,790.6500244140625,790.75,788.7000122070312,790.75,807954,0.0,0.0
2026-06-24 12:45:00+05:30,790.75,790.7999877929688,788.9000244140625,790.0,618490,0.0,0.0
2026-06-24 13:00:00+05:30,790.0,790.0499877929688,788.9000244140625,789.5999755859375,859515,0.0,0.0
2026-06-24 13:15:00+05:30,789.5,790.5,789.25,790.0499877929688,694970,0.0,0.0
2026-06-24 13:30:00+05:30,790.0999755859375,791.2999877929688,789.9500122070312,790.1500244140625,770465,0.0,0.0
2026-06-24 13:45:00+05:30,790.25,790.5,789.1500244140625,789.75,790422,0.0,0.0
2026-06-24 14:00:00+05:30,789.75,790.0,788.0999755859375,789.75,1256884,0.0,0.0
2026-06-24 14:15:00+05:30,789.75,791.7000122070312,789.2000122070312,791.5499877929688,1509680,0.0,0.0
2026-06-24 14:30:00+05:30,791.6500244140625,792.9000244140625,790.2000122070312,792.3499755859375,1982197,0.0,0.0
2026-06-24 14:45:00+05:30,792.2000122070312,794.75,791.7999877929688,793.9500122070312,2622838,0.0,0.0
2026-06-24 15:00:00+05:30,793.7999877929688,793.7999877929688,791.5999755859375,792.4500122070312,3045475,0.0,0.0
2026-06-24 15:15:00+05:30,792.5,794.2000122070312,792.1500244140625,792.9000244140625,3261914,0.0,0.0
2026-06-25 09:15:00+05:30,797.5499877929688,801.5,796.1500244140625,799.0,3323666,0.0,0.0
2026-06-25 09:30:00+05:30,798.7000122070312,798.9000244140625,797.0,797.6500244140625,2531997,0.0,0.0
2026-06-25 09:45:00+05:30,797.6500244140625,800.6500244140625,797.5999755859375,799.5499877929688,2496660,0.0,0.0
2026-06-25 10:00:00+05:30,799.5499877929688,799.7000122070312,796.7999877929688,798.9000244140625,1702852,0.0,0.0
2026-06-25 10:15:00+05:30,798.8499755859375,799.3499755859375,797.5499877929688,799.2999877929688,884117,0.0,0.0
2026-06-25 10:30:00+05:30,799.2999877929688,799.5,798.5,798.7000122070312,833424,0.0,0.0
2026-06-25 10:45:00+05:30,798.7999877929688,799.9000244140625,797.5,798.1500244140625,890763,0.0,0.0
2026-06-25 11:00:00+05:30,798.2000122070312,798.5499877929688,797.5,797.7000122070312,1074296,0.0,0.0
2026-06-25 11:15:00+05:30,797.7000122070312,799.3499755859375,797.2000122070312,798.9000244140625,1529627,0.0,0.0
2026-06-25 11:30:00+05:30,799.0,799.7000122070312,797.7999877929688,799.7000122070312,874773,0.0,0.0
2026-06-25 11:45:00+05:30,799.7000122070312,802.5,799.4500122070312,802.4000244140625,2287340,0.0,0.0
2026-06-25 12:00:00+05:30,802.4500122070312,804.4500122070312,802.4500122070312,803.25,2367827,0.0,0.0
2026-06-25 12:15:00+05:30,803.2999877929688,803.9000244140625,800.5999755859375,800.7999877929688,1162467,0.0,0.0
2026-06-25 12:30:00+05:30,800.75,801.5,800.0,800.5,1615391,0.0,0.0
2026-06-25 12:45:00+05:30,800.4500122070312,802.0,800.0,801.0499877929688,1161544,0.0,0.0
2026-06-25 13:00:00+05:30,801.0999755859375,802.6500244140625,800.5999755859375,801.9500122070312,1782809,0.0,0.0
2026-06-25 13:15:00+05:30,801.75,802.7000122070312,801.0,801.3499755859375,1671591,0.0,0.0
2026-06-25 13:30:00+05:30,801.0,803.0,801.0,802.5999755859375,1861836,0.0,0.0
2026-06-25 13:45:00+05:30,802.5,802.7999877929688,800.7999877929688,801.2000122070312,1086659,0.0,0.0
2026-06-25 14:00:00+05:30,801.25,802.0,798.4000244140625,798.5999755859375,1411148,0.0,0.0
2026-06-25 14:15:00+05:30,798.5499877929688,799.1500244140625,796.75,798.9000244140625,2529678,0.0,0.0
2026-06-25 14:30:00+05:30,798.9000244140625,799.9500122070312,798.0,798.2000122070312,2095883,0.0,0.0
2026-06-25 14:45:00+05:30,798.2999877929688,799.9500122070312,797.5,798.2000122070312,1892587,0.0,0.0
2026-06-25 15:00:00+05:30,798.0999755859375,798.0999755859375,794.9500122070312,796.0,4108705,0.0,0.0
2026-06-25 15:15:00+05:30,795.9500122070312,797.2999877929688,795.5,796.0,2220995,0.0,0.0
2026-06-29 09:15:00+05:30,799.9000244140625,802.6500244140625,795.2000122070312,795.6500244140625,1567334,0.0,0.0
2026-06-29 09:30:00+05:30,795.7000122070312,799.0,793.4000244140625,798.8499755859375,1412486,0.0,0.0
2026-06-29 09:45:00+05:30,799.0,799.25,795.2999877929688,795.4000244140625,861010,0.0,0.0
2026-06-29 10:00:00+05:30,795.25,797.2999877929688,794.25,796.2000122070312,829291,0.0,0.0
2026-06-29 10:15:00+05:30,796.2000122070312,802.5,795.0499877929688,802.0,3502241,0.0,0.0
2026-06-29 10:30:00+05:30,802.0,805.5999755859375,800.3499755859375,805.5499877929688,2993641,0.0,0.0
2026-06-29 10:45:00+05:30,805.5999755859375,805.5999755859375,801.0,803.5999755859375,2051844,0.0,0.0
2026-06-29 11:00:00+05:30,803.6500244140625,804.7000122070312,802.6500244140625,804.25,1337784,0.0,0.0
2026-06-29 11:15:00+05:30,804.25,805.9000244140625,802.4500122070312,803.3499755859375,1326993,0.0,0.0
2026-06-29 11:30:00+05:30,803.3499755859375,803.4500122070312,800.6500244140625,800.9000244140625,955446,0.0,0.0
2026-06-29 11:45:00+05:30,800.9000244140625,801.2000122070312,799.0,799.9500122070312,946110,0.0,0.0
2026-06-29 12:00:00+05:30,799.9500122070312,800.2000122070312,798.5999755859375,798.75,662766,0.0,0.0
2026-06-29 12:15:00+05:30,798.75,798.8499755859375,797.5,797.8499755859375,995681,0.0,0.0
2026-06-29 12:30:00+05:30,798.0499877929688,798.0499877929688,794.5499877929688,795.7999877929688,921288,0.0,0.0
2026-06-29 12:45:00+05:30,795.75,796.7000122070312,794.5499877929688,796.5,549724,0.0,0.0
2026-06-29 13:00:00+05:30,796.5,797.3499755859375,795.5,796.7999877929688,670987,0.0,0.0
2026-06-29 13:15:00+05:30,796.9000244140625,798.0999755859375,795.8499755859375,798.0499877929688,853409,0.0,0.0
2026-06-29 13:30:00+05:30,798.0999755859375,798.1500244140625,796.0,796.25,936966,0.0,0.0
2026-06-29 13:45:00+05:30,796.2000122070312,797.4500122070312,796.0499877929688,796.9000244140625,557354,0.0,0.0
2026-06-29 14:00:00+05:30,797.0,798.6500244140625,796.7999877929688,797.4500122070312,917291,0.0,0.0
2026-06-29 14:15:00+05:30,797.5,798.75,797.2000122070312,797.5999755859375,908387,0.0,0.0
2026-06-29 14:30:00+05:30,797.5499877929688,798.0999755859375,796.7000122070312,797.6500244140625,1175199,0.0,0.0
2026-06-29 14:45:00+05:30,797.7000122070312,798.0,795.6500244140625,795.9500122070312,1559594,0.0,0.0
2026-06-29 15:00:00+05:30,796.25,799.9000244140625,796.25,798.8499755859375,8115014,0.0,0.0
2026-06-29 15:15:00+05:30,798.8499755859375,799.6500244140625,796.5,797.3499755859375,5915664,0.0,0.0
2026-06-30 09:15:00+05:30,806.0499877929688,806.0499877929688,796.1500244140625,797.0,1214135,0.0,0.0
2026-06-30 09:30:00+05:30,796.9000244140625,797.2000122070312,794.1500244140625,794.75,1395532,0.0,0.0
2026-06-30 09:45:00+05:30,794.75,795.6500244140625,792.9500122070312,795.3499755859375,1244733,0.0,0.0
2026-06-30 10:00:00+05:30,795.2000122070312,796.9500122070312,794.25,794.6500244140625,743420,0.0,0.0
2026-06-30 10:15:00+05:30,794.6500244140625,797.8499755859375,794.0999755859375,797.2000122070312,1045399,0.0,0.0
2026-06-30 10:30:00+05:30,797.2000122070312,797.9000244140625,795.9500122070312,796.5999755859375,928422,0.0,0.0
2026-06-30 10:45:00+05:30,796.75,797.5,795.0,795.0499877929688,769903,0.0,0.0
2026-06-30 11:00:00+05:30,794.7999877929688,797.1500244140625,794.25,797.1500244140625,687415,0.0,0.0
2026-06-30 11:15:00+05:30,797.1500244140625,799.9000244140625,796.6500244140625,799.7999877929688,1099451,0.0,0.0
2026-06-30 11:30:00+05:30,799.6500244140625,799.8499755859375,798.4000244140625,799.25,1792186,0.0,0.0
2026-06-30 11:45:00+05:30,799.5,800.0,798.5499877929688,799.9000244140625,889547,0.0,0.0
2026-06-30 12:00:00+05:30,799.75,800.4500122070312,799.5,799.9000244140625,1259673,0.0,0.0
2026-06-30 12:15:00+05:30,799.6500244140625,800.4000244140625,799.5999755859375,800.0499877929688,1030959,0.0,0.0
2026-06-30 12:30:00+05:30,800.0,800.1500244140625,797.7000122070312,799.75,1205832,0.0,0.0
2026-06-30 12:45:00+05:30,799.75,800.5499877929688,798.4500122070312,799.7999877929688,1834353,0.0,0.0
2026-06-30 13:00:00+05:30,799.7999877929688,800.0999755859375,799.0,799.2999877929688,1073703,0.0,0.0
2026-06-30 13:15:00+05:30,799.25,800.0499877929688,798.0499877929688,799.3499755859375,917123,0.0,0.0
2026-06-30 13:30:00+05:30,799.2999877929688,800.0499877929688,798.7999877929688,799.5,755442,0.0,0.0
2026-06-30 13:45:00+05:30,799.5499877929688,799.7000122070312,798.4500122070312,799.3499755859375,965895,0.0,0.0
2026-06-30 14:00:00+05:30,799.3499755859375,799.7000122070312,796.5999755859375,798.7000122070312,1559320,0.0,0.0
2026-06-30 14:15:00+05:30,798.7000122070312,801.0,798.4500122070312,800.7999877929688,2307191,0.0,0.0
2026-06-30 14:30:00+05:30,800.75,801.6500244140625,800.2000122070312,800.8499755859375,2314542,0.0,0.0
2026-06-30 14:45:00+05:30,800.5999755859375,801.0499877929688,798.9000244140625,799.0999755859375,2240700,0.0,0.0
2026-06-30 15:00:00+05:30,799.0499877929688,799.3499755859375,796.5499877929688,797.5499877929688,7825867,0.0,0.0
2026-06-30 15:15:00+05:30,797.5,800.5,797.2999877929688,800.4500122070312,5949935,0.0,0.0
2026-07-01 09:15:00+05:30,795.7999877929688,800.9000244140625,795.7999877929688,799.0,444571,0.0,0.0
2026-07-01 09:30:00+05:30,799.0999755859375,800.0499877929688,798.5,799.9000244140625,426910,0.0,0.0
2026-07-01 09:45:00+05:30,799.9000244140625,800.25,796.7999877929688,797.0,802778,0.0,0.0
2026-07-01 10:00:00+05:30,797.0,797.9500122070312,796.1500244140625,797.6500244140625,874855,0.0,0.0
2026-07-01 10:15:00+05:30,797.6500244140625,799.5,797.25,798.2000122070312,1521239,0.0,0.0
2026-07-01 10:30:00+05:30,798.2000122070312,798.2000122070312,795.0999755859375,795.5,795986,0.0,0.0
2026-07-01 10:45:00+05:30,795.5,797.0,795.0999755859375,796.3499755859375,422484,0.0,0.0
2026-07-01 11:00:00+05:30,796.3499755859375,798.0,796.1500244140625,797.9000244140625,402757,0.0,0.0
2026-07-01 11:15:00+05:30,798.0,798.3499755859375,797.0999755859375,797.8499755859375,283424,0.0,0.0
2026-07-01 11:30:00+05:30,797.8499755859375,798.75,797.1500244140625,798.25,421761,0.0,0.0
2026-07-01 11:45:00+05:30,798.2000122070312,801.5499877929688,797.9000244140625,801.0,1199184,0.0,0.0
2026-07-01 12:00:00+05:30,801.1500244140625,802.25,799.9000244140625,800.7999877929688,1359650,0.0,0.0
2026-07-01 12:15:00+05:30,800.7999877929688,801.7000122070312,799.5999755859375,799.5999755859375,1018133,0.0,0.0
2026-07-01 12:30:00+05:30,799.6500244140625,800.7999877929688,799.6500244140625,800.3499755859375,400563,0.0,0.0
2026-07-01 12:45:00+05:30,800.3499755859375,800.7999877929688,799.7999877929688,800.5499877929688,443094,0.0,0.0
2026-07-01 13:00:00+05:30,800.5499877929688,801.5,800.3499755859375,801.4500122070312,544153,0.0,0.0
2026-07-01 13:15:00+05:30,801.5,801.5999755859375,799.7999877929688,800.1500244140625,530288,0.0,0.0
2026-07-01 13:30:00+05:30,800.2000122070312,800.5,798.7999877929688,799.5,972951,0.0,0.0
2026-07-01 13:45:00+05:30,799.5,799.75,797.9500122070312,798.2999877929688,1032725,0.0,0.0
2026-07-01 14:00:00+05:30,798.2999877929688,799.4000244140625,797.9000244140625,799.0499877929688,1139929,0.0,0.0
2026-07-01 14:15:00+05:30,799.0,799.3499755859375,798.2000122070312,798.4000244140625,699717,0.0,0.0
2026-07-01 14:30:00+05:30,798.4000244140625,798.4000244140625,795.75,796.4000244140625,1163789,0.0,0.0
2026-07-01 14:45:00+05:30,796.4000244140625,798.0,796.0,797.9500122070312,1025360,0.0,0.0
2026-07-01 15:00:00+05:30,797.9500122070312,798.0,795.3499755859375,796.25,2802662,0.0,0.0
2026-07-01 15:15:00+05:30,796.3499755859375,796.7000122070312,795.5499877929688,796.1500244140625,3446313,0.0,0.0
2026-07-02 09:15:00+05:30,795.2999877929688,805.4500122070312,795.25,801.4000244140625,1405498,0.0,0.0
2026-07-02 09:30:00+05:30,801.2999877929688,803.5999755859375,800.4000244140625,803.1500244140625,1132321,0.0,0.0
2026-07-02 09:45:00+05:30,803.0999755859375,805.0,801.5,802.4000244140625,1734641,0.0,0.0
2026-07-02 10:00:00+05:30,802.0999755859375,802.2999877929688,799.0,799.0,919039,0.0,0.0
2026-07-02 10:15:00+05:30,799.0499877929688,800.75,798.0,800.3499755859375,964832,0.0,0.0
2026-07-02 10:30:00+05:30,800.4000244140625,801.4000244140625,799.5499877929688,800.9000244140625,652172,0.0,0.0
2026-07-02 10:45:00+05:30,800.9000244140625,801.0499877929688,799.75,799.8499755859375,572505,0.0,0.0
2026-07-02 11:00:00+05:30,799.8499755859375,799.8499755859375,796.75,798.8499755859375,1211472,0.0,0.0
2026-07-02 11:15:00+05:30,798.8499755859375,800.2000122070312,798.0,799.75,1484972,0.0,0.0
2026-07-02 11:30:00+05:30,799.7000122070312,800.4000244140625,798.5,798.9000244140625,570877,0.0,0.0
2026-07-02 11:45:00+05:30,798.9000244140625,799.0,797.5999755859375,798.0999755859375,1039088,0.0,0.0
2026-07-02 12:00:00+05:30,798.1500244140625,798.6500244140625,797.5,798.2999877929688,1252566,0.0,0.0
2026-07-02 12:15:00+05:30,798.2999877929688,799.7999877929688,797.75,799.7999877929688,1120949,0.0,0.0
2026-07-02 12:30:00+05:30,799.7000122070312,799.9000244140625,797.7000122070312,798.3499755859375,1000797,0.0,0.0
2026-07-02 12:45:00+05:30,798.2000122070312,798.7999877929688,797.75,798.0,956189,0.0,0.0
2026-07-02 13:00:00+05:30,798.0499877929688,799.1500244140625,797.6500244140625,798.0,918724,0.0,0.0
2026-07-02 13:15:00+05:30,798.0,798.75,796.2999877929688,796.7999877929688,1290179,0.0,0.0
2026-07-02 13:30:00+05:30,796.5499877929688,797.25,795.5499877929688,795.9500122070312,1087638,0.0,0.0
2026-07-02 13:45:00+05:30,795.9500122070312,796.0,794.5499877929688,795.1500244140625,1136766,0.0,0.0
2026-07-02 14:00:00+05:30,795.2999877929688,796.4000244140625,795.0499877929688,795.8499755859375,1242270,0.0,0.0
2026-07-02 14:15:00+05:30,795.8499755859375,796.2999877929688,794.7000122070312,794.9000244140625,1220725,0.0,0.0
2026-07-02 14:30:00+05:30,794.9500122070312,797.2000122070312,794.9000244140625,796.4000244140625,1879387,0.0,0.0
2026-07-02 14:45:00+05:30,796.3499755859375,797.7999877929688,796.0,797.4500122070312,1722864,0.0,0.0
2026-07-02 15:00:00+05:30,797.5999755859375,797.6500244140625,795.3499755859375,795.75,3285059,0.0,0.0
2026-07-02 15:15:00+05:30,795.7000122070312,796.0499877929688,794.0999755859375,795.0,2364170,0.0,0.0
2026-07-03 09:15:00+05:30,800.0999755859375,803.0999755859375,798.7000122070312,802.7999877929688,885692,0.0,0.0
2026-07-03 09:30:00+05:30,802.8499755859375,804.9000244140625,801.8499755859375,802.4000244140625,1505560,0.0,0.0
2026-07-03 09:45:00+05:30,802.5,804.5,802.0499877929688,804.2000122070312,802581,0.0,0.0
2026-07-03 10:00:00+05:30,804.4000244140625,805.0,803.0999755859375,804.4000244140625,874001,0.0,0.0
2026-07-03 10:15:00+05:30,804.3499755859375,807.0,802.9500122070312,806.1500244140625,1901869,0.0,0.0
2026-07-03 10:30:00+05:30,806.1500244140625,806.1500244140625,802.8499755859375,803.7000122070312,1178310,0.0,0.0
2026-07-03 10:45:00+05:30,803.7000122070312,804.8499755859375,803.5499877929688,804.7999877929688,613878,0.0,0.0
2026-07-03 11:00:00+05:30,804.75,804.9500122070312,802.75,803.0,753857,0.0,0.0
2026-07-03 11:15:00+05:30,803.0999755859375,803.75,802.7999877929688,803.6500244140625,506454,0.0,0.0
2026-07-03 11:30:00+05:30,803.5499877929688,804.1500244140625,802.8499755859375,802.9000244140625,722367,0.0,0.0
2026-07-03 11:45:00+05:30,802.9500122070312,803.7999877929688,802.9000244140625,803.3499755859375,736012,0.0,0.0
2026-07-03 12:00:00+05:30,803.4500122070312,804.9500122070312,802.9500122070312,804.5499877929688,750857,0.0,0.0
2026-07-03 12:15:00+05:30,804.4500122070312,804.5499877929688,802.9500122070312,803.25,784954,0.0,0.0
2026-07-03 12:30:00+05:30,803.2000122070312,803.5,801.5499877929688,802.75,3023461,0.0,0.0
2026-07-03 12:45:00+05:30,802.75,803.0,802.4000244140625,802.8499755859375,526177,0.0,0.0
2026-07-03 13:00:00+05:30,802.8499755859375,803.0,801.5,802.5999755859375,745272,0.0,0.0
2026-07-03 13:15:00+05:30,802.5499877929688,802.5999755859375,801.1500244140625,801.7000122070312,656813,0.0,0.0
2026-07-03 13:30:00+05:30,801.9000244140625,802.4000244140625,801.0999755859375,802.2000122070312,598289,0.0,0.0
2026-07-03 13:45:00+05:30,802.4000244140625,803.2999877929688,802.0,802.9500122070312,836240,0.0,0.0
2026-07-03 14:00:00+05:30,803.0,803.0,802.5999755859375,802.75,515187,0.0,0.0
2026-07-03 14:15:00+05:30,802.7999877929688,802.8499755859375,801.75,802.4000244140625,617676,0.0,0.0
2026-07-03 14:30:00+05:30,802.4000244140625,803.0,802.2000122070312,802.5999755859375,659959,0.0,0.0
2026-07-03 14:45:00+05:30,802.7999877929688,802.8499755859375,801.6500244140625,801.9500122070312,747957,0.0,0.0
2026-07-03 15:00:00+05:30,801.9500122070312,802.2000122070312,800.3499755859375,800.9500122070312,1939307,0.0,0.0
2026-07-03 15:15:00+05:30,800.9500122070312,801.5,800.5999755859375,801.5,1513159,0.0,0.0
2026-07-06 09:15:00+05:30,805.9000244140625,817.5999755859375,805.9000244140625,815.5,3055261,0.0,0.0
2026-07-06 09:30:00+05:30,815.3499755859375,819.5499877929688,815.2999877929688,819.2000122070312,3994752,0.0,0.0
2026-07-06 09:45:00+05:30,819.2999877929688,822.9000244140625,818.9000244140625,821.4000244140625,3996003,0.0,0.0
2026-07-06 10:00:00+05:30,821.4500122070312,824.4500122070312,820.7000122070312,821.0,3641112,0.0,0.0
2026-07-06 10:15:00+05:30,821.0,823.9000244140625,820.75,822.9500122070312,1871496,0.0,0.0
2026-07-06 10:30:00+05:30,823.1500244140625,824.25,821.25,822.75,3059396,0.0,0.0
2026-07-06 10:45:00+05:30,822.75,825.25,822.4000244140625,824.5,3946137,0.0,0.0
2026-07-06 11:00:00+05:30,824.5,824.6500244140625,822.25,822.5,2972406,0.0,0.0
2026-07-06 11:15:00+05:30,822.5,824.0,822.2999877929688,824.0,1440762,0.0,0.0
2026-07-06 11:30:00+05:30,823.9500122070312,825.7999877929688,823.5499877929688,825.4500122070312,2758083,0.0,0.0
2026-07-06 11:45:00+05:30,825.4500122070312,826.75,825.1500244140625,826.5999755859375,1780455,0.0,0.0
2026-07-06 12:00:00+05:30,826.5999755859375,827.7000122070312,826.3499755859375,827.5999755859375,1542340,0.0,0.0
2026-07-06 12:15:00+05:30,827.5,827.75,826.6500244140625,827.2999877929688,1454762,0.0,0.0
2026-07-06 12:30:00+05:30,827.2999877929688,828.9000244140625,826.7000122070312,827.75,2973459,0.0,0.0
2026-07-06 12:45:00+05:30,827.75,828.6500244140625,826.0999755859375,828.5999755859375,1404526,0.0,0.0
2026-07-06 13:00:00+05:30,828.5499877929688,830.8499755859375,828.5499877929688,829.5499877929688,2017524,0.0,0.0
2026-07-06 13:15:00+05:30,829.5999755859375,829.75,829.0,829.4500122070312,1008950,0.0,0.0
2026-07-06 13:30:00+05:30,829.5,830.0,829.0,829.5,1412708,0.0,0.0
2026-07-06 13:45:00+05:30,829.5,830.1500244140625,829.4500122070312,830.0499877929688,1219572,0.0,0.0
2026-07-06 14:00:00+05:30,830.0499877929688,830.9000244140625,828.5,828.7000122070312,1734600,0.0,0.0
2026-07-06 14:15:00+05:30,828.5999755859375,829.9000244140625,828.5999755859375,829.4000244140625,1172404,0.0,0.0
2026-07-06 14:30:00+05:30,829.3499755859375,830.9000244140625,829.2000122070312,830.25,1675798,0.0,0.0
2026-07-06 14:45:00+05:30,830.1500244140625,830.5,828.5999755859375,829.1500244140625,1646849,0.0,0.0
2026-07-06 15:00:00+05:30,829.0999755859375,831.5,829.0,830.3499755859375,3483448,0.0,0.0
2026-07-06 15:15:00+05:30,830.3499755859375,830.4000244140625,826.3499755859375,828.0,4225872,0.0,0.0
2026-07-07 09:15:00+05:30,841.25,841.25,832.5,835.0999755859375,3458207,0.0,0.0
2026-07-07 09:30:00+05:30,835.2999877929688,836.1500244140625,832.0,833.4500122070312,2505611,0.0,0.0
2026-07-07 09:45:00+05:30,833.4500122070312,835.0,832.75,834.4000244140625,1891786,0.0,0.0
2026-07-07 10:00:00+05:30,834.5499877929688,836.8499755859375,834.1500244140625,836.4500122070312,1826423,0.0,0.0
2026-07-07 10:15:00+05:30,836.4000244140625,838.25,835.7999877929688,837.5999755859375,2863103,0.0,0.0
2026-07-07 10:30:00+05:30,837.6500244140625,837.6500244140625,836.0,836.5999755859375,1950877,0.0,0.0
2026-07-07 10:45:00+05:30,836.5999755859375,837.0,836.0499877929688,836.4000244140625,1082759,0.0,0.0
2026-07-07 11:00:00+05:30,836.4000244140625,838.0,836.2999877929688,837.4000244140625,1133539,0.0,0.0
2026-07-07 11:15:00+05:30,837.4000244140625,837.5,835.4000244140625,835.8499755859375,1484865,0.0,0.0
2026-07-07 11:30:00+05:30,835.8499755859375,837.2000122070312,835.7000122070312,837.0999755859375,1201850,0.0,0.0
2026-07-07 11:45:00+05:30,837.0999755859375,837.9500122070312,836.3499755859375,837.5499877929688,1269475,0.0,0.0
2026-07-07 12:00:00+05:30,837.5999755859375,837.7999877929688,836.6500244140625,836.8499755859375,1695344,0.0,0.0
2026-07-07 12:15:00+05:30,836.8499755859375,837.25,836.0,836.4500122070312,1489755,0.0,0.0
2026-07-07 12:30:00+05:30,836.4000244140625,836.4500122070312,834.4500122070312,835.3499755859375,1916889,0.0,0.0
2026-07-07 12:45:00+05:30,835.2999877929688,835.75,832.0999755859375,833.7000122070312,3218113,0.0,0.0
2026-07-07 13:00:00+05:30,833.6500244140625,833.6500244140625,829.9500122070312,830.4000244140625,2137958,0.0,0.0
2026-07-07 13:15:00+05:30,830.3499755859375,830.8499755859375,829.0499877929688,830.7999877929688,1245811,0.0,0.0
2026-07-07 13:30:00+05:30,830.7999877929688,831.0,829.0999755859375,830.3499755859375,2384894,0.0,0.0
2026-07-07 13:45:00+05:30,830.4000244140625,831.2999877929688,828.5,829.9000244140625,2669616,0.0,0.0
2026-07-07 14:00:00+05:30,829.9500122070312,832.4500122070312,829.1500244140625,831.7999877929688,2449266,0.0,0.0
2026-07-07 14:15:00+05:30,831.8499755859375,832.5,831.1500244140625,832.0499877929688,1778375,0.0,0.0
2026-07-07 14:30:00+05:30,832.0499877929688,832.6500244140625,831.5999755859375,832.1500244140625,1444903,0.0,0.0
2026-07-07 14:45:00+05:30,832.2000122070312,833.1500244140625,831.8499755859375,832.2999877929688,1824035,0.0,0.0
2026-07-07 15:00:00+05:30,832.3499755859375,832.3499755859375,828.5999755859375,829.2999877929688,3750967,0.0,0.0
2026-07-07 15:15:00+05:30,829.25,829.5,826.5999755859375,827.5,2190934,0.0,0.0
2026-07-08 09:15:00+05:30,825.5,829.7000122070312,823.5999755859375,828.4500122070312,1338079,0.0,0.0
2026-07-08 09:30:00+05:30,828.5,829.6500244140625,826.7000122070312,828.9500122070312,1391698,0.0,0.0
2026-07-08 09:45:00+05:30,828.7999877929688,834.2999877929688,828.75,831.8499755859375,1774719,0.0,0.0
2026-07-08 10:00:00+05:30,831.9000244140625,831.9500122070312,828.5,830.5999755859375,1029101,0.0,0.0
2026-07-08 10:15:00+05:30,830.3499755859375,830.6500244140625,826.7999877929688,829.4000244140625,1443340,0.0,0.0
2026-07-08 10:30:00+05:30,829.25,830.5,828.7000122070312,829.5499877929688,758719,0.0,0.0
2026-07-08 10:45:00+05:30,829.7000122070312,830.4000244140625,828.5499877929688,829.5499877929688,580020,0.0,0.0
2026-07-08 11:00:00+05:30,829.5499877929688,829.5999755859375,826.7999877929688,828.0999755859375,1037814,0.0,0.0
2026-07-08 11:15:00+05:30,828.0999755859375,828.0999755859375,825.5499877929688,827.5,964655,0.0,0.0
2026-07-08 11:30:00+05:30,827.4500122070312,827.8499755859375,826.0,826.5,617475,0.0,0.0
2026-07-08 11:45:00+05:30,826.5,827.25,825.8499755859375,826.7999877929688,877405,0.0,0.0
2026-07-08 12:00:00+05:30,826.8499755859375,827.2000122070312,826.0,826.4500122070312,832513,0.0,0.0
2026-07-08 12:15:00+05:30,826.5999755859375,827.5,825.5499877929688,826.75,1109193,0.0,0.0
2026-07-08 12:30:00+05:30,826.7999877929688,827.0499877929688,825.3499755859375,826.4000244140625,1111478,0.0,0.0
2026-07-08 12:45:00+05:30,826.4500122070312,827.5,825.8499755859375,826.9500122070312,695484,0.0,0.0
2026-07-08 13:00:00+05:30,826.9500122070312,827.9500122070312,826.7999877929688,827.5,1258575,0.0,0.0
2026-07-08 13:15:00+05:30,827.4500122070312,829.5999755859375,827.3499755859375,828.9500122070312,1229462,0.0,0.0
2026-07-08 13:30:00+05:30,829.0,829.4000244140625,826.5999755859375,826.9000244140625,1210198,0.0,0.0
2026-07-08 13:45:00+05:30,826.9000244140625,827.0499877929688,817.2999877929688,817.5,2354089,0.0,0.0
2026-07-08 14:00:00+05:30,817.5,818.5,812.0,813.0,1971672,0.0,0.0
2026-07-08 14:15:00+05:30,813.0,815.2000122070312,811.2999877929688,811.2999877929688,2269079,0.0,0.0
2026-07-08 14:30:00+05:30,811.5,812.7999877929688,810.0,810.75,1803245,0.0,0.0
2026-07-08 14:45:00+05:30,810.75,810.9000244140625,807.0,808.8499755859375,1963875,0.0,0.0
2026-07-08 15:00:00+05:30,808.9500122070312,811.75,808.5999755859375,811.1500244140625,3060729,0.0,0.0
2026-07-08 15:15:00+05:30,811.1500244140625,811.7000122070312,808.9500122070312,809.4500122070312,2116124,0.0,0.0
2026-07-09 09:15:00+05:30,813.0,818.7999877929688,812.8499755859375,815.75,1356199,0.0,0.0
2026-07-09 09:30:00+05:30,815.5999755859375,818.9000244140625,814.6500244140625,817.9500122070312,1542269,0.0,0.0
2026-07-09 09:45:00+05:30,817.9000244140625,818.5,816.25,817.3499755859375,1039927,0.0,0.0
2026-07-09 10:00:00+05:30,817.3499755859375,818.9000244140625,815.8499755859375,816.0999755859375,1512311,0.0,0.0
2026-07-09 10:15:00+05:30,816.1500244140625,816.2999877929688,813.8499755859375,814.5999755859375,1237569,0.0,0.0
2026-07-09 10:30:00+05:30,814.5999755859375,819.0,813.3499755859375,816.9500122070312,1984718,0.0,0.0
2026-07-09 10:45:00+05:30,816.9000244140625,818.0,813.0,817.8499755859375,1479956,0.0,0.0
2026-07-09 11:00:00+05:30,817.8499755859375,819.7000122070312,816.5999755859375,818.9500122070312,1203438,0.0,0.0
2026-07-09 11:15:00+05:30,819.0,820.8499755859375,817.7000122070312,820.0,1315836,0.0,0.0
2026-07-09 11:30:00+05:30,819.9500122070312,820.0999755859375,817.5,819.0,1014029,0.0,0.0
2026-07-09 11:45:00+05:30,818.8499755859375,818.8499755859375,816.75,817.2999877929688,833075,0.0,0.0
2026-07-09 12:00:00+05:30,817.25,819.9500122070312,816.7000122070312,819.4000244140625,1324055,0.0,0.0
2026-07-09 12:15:00+05:30,819.7999877929688,820.7000122070312,819.0,820.0999755859375,1279580,0.0,0.0
2026-07-09 12:30:00+05:30,820.0999755859375,820.5,819.0499877929688,819.8499755859375,1085427,0.0,0.0
2026-07-09 12:45:00+05:30,819.8499755859375,821.4000244140625,819.0,820.5,1407333,0.0,0.0
2026-07-09 13:00:00+05:30,820.5999755859375,821.7000122070312,820.25,821.0999755859375,1257531,0.0,0.0
2026-07-09 13:15:00+05:30,821.0999755859375,821.2999877929688,820.0,820.5999755859375,1239923,0.0,0.0
2026-07-09 13:30:00+05:30,820.5999755859375,822.8499755859375,820.25,821.9500122070312,1453640,0.0,0.0
2026-07-09 13:45:00+05:30,822.0,822.4500122070312,821.2000122070312,822.0,1091574,0.0,0.0
2026-07-09 14:00:00+05:30,822.0,822.2000122070312,819.9500122070312,821.0,1536982,0.0,0.0
2026-07-09 14:15:00+05:30,820.9500122070312,821.5,819.75,821.0499877929688,1482329,0.0,0.0
2026-07-09 14:30:00+05:30,821.0,821.5,819.25,820.9500122070312,3244022,0.0,0.0
2026-07-09 14:45:00+05:30,821.0,821.5,820.25,821.0999755859375,1678017,0.0,0.0
2026-07-09 15:00:00+05:30,821.0999755859375,821.2000122070312,816.0999755859375,816.5999755859375,3294706,0.0,0.0
2026-07-09 15:15:00+05:30,816.5999755859375,818.0,816.4000244140625,817.5499877929688,1930138,0.0,0.0
2026-07-10 09:15:00+05:30,823.0,825.1500244140625,820.4000244140625,823.7000122070312,766652,0.0,0.0
2026-07-10 09:30:00+05:30,823.75,825.1500244140625,823.1500244140625,824.0999755859375,1080535,0.0,0.0
2026-07-10 09:45:00+05:30,824.0999755859375,824.5999755859375,822.0,822.4000244140625,1335758,0.0,0.0
2026-07-10 10:00:00+05:30,822.5,823.5499877929688,822.0,823.5,663328,0.0,0.0
2026-07-10 10:15:00+05:30,823.5,824.0,823.0,823.1500244140625,629913,0.0,0.0
2026-07-10 10:30:00+05:30,823.1500244140625,824.9500122070312,822.9000244140625,824.6500244140625,517798,0.0,0.0
2026-07-10 10:45:00+05:30,824.7000122070312,826.2999877929688,824.5499877929688,825.3499755859375,863419,0.0,0.0
2026-07-10 11:00:00+05:30,825.5,826.9000244140625,825.0,825.0999755859375,513271,0.0,0.0
2026-07-10 11:15:00+05:30,825.0999755859375,825.3499755859375,823.4500122070312,823.7000122070312,511733,0.0,0.0
2026-07-10 11:30:00+05:30,823.7000122070312,824.7999877929688,823.25,824.7000122070312,447170,0.0,0.0
2026-07-10 11:45:00+05:30,824.75,825.2999877929688,824.0499877929688,825.25,414693,0.0,0.0
2026-07-10 12:00:00+05:30,825.2000122070312,825.7999877929688,823.4500122070312,823.9000244140625,484545,0.0,0.0
2026-07-10 12:15:00+05:30,823.9000244140625,824.5499877929688,823.2999877929688,824.4500122070312,375022,0.0,0.0
2026-07-10 12:30:00+05:30,824.5,825.25,823.9500122070312,824.9000244140625,586784,0.0,0.0
2026-07-10 12:45:00+05:30,824.9000244140625,825.0999755859375,823.4000244140625,823.4000244140625,650719,0.0,0.0
2026-07-10 13:00:00+05:30,823.5999755859375,824.5,823.0,824.1500244140625,1186540,0.0,0.0
2026-07-10 13:15:00+05:30,824.1500244140625,825.5,823.4000244140625,825.0999755859375,962621,0.0,0.0
2026-07-10 13:30:00+05:30,825.0999755859375,827.0,824.5499877929688,826.3499755859375,1020052,0.0,0.0
2026-07-10 13:45:00+05:30,826.4000244140625,826.9500122070312,825.0999755859375,825.5999755859375,659576,0.0,0.0
2026-07-10 14:00:00+05:30,825.5999755859375,825.75,824.4500122070312,825.0499877929688,897683,0.0,0.0
2026-07-10 14:15:00+05:30,825.1500244140625,826.9000244140625,825.0999755859375,826.4000244140625,680971,0.0,0.0
2026-07-10 14:30:00+05:30,826.4000244140625,827.4500122070312,825.0,826.0,803884,0.0,0.0
2026-07-10 14:45:00+05:30,826.0,827.6500244140625,825.0,825.7000122070312,1073715,0.0,0.0
2026-07-10 15:00:00+05:30,825.75,826.7000122070312,824.5,824.9500122070312,2669603,0.0,0.0
2026-07-10 15:15:00+05:30,824.9500122070312,825.0499877929688,822.9500122070312,824.9500122070312,2317784,0.0,0.0
