Datetime,Open,High,Low,Close,Volume,Dividends,Stock Splits
2026-04-20 09:15:00+05:30,1364.699951171875,1371.9000244140625,1358.5999755859375,1371.4000244140625,1817903,0.0,0.0
2026-04-20 09:30:00+05:30,1371.5,1376.0,1368.0,1369.9000244140625,2523285,0.0,0.0
2026-04-20 09:45:00+05:30,1370.0999755859375,1371.4000244140625,1365.0,1366.5999755859375,756737,0.0,0.0
2026-04-20 10:00:00+05:30,1366.5999755859375,1373.4000244140625,1365.0,1373.0,841622,0.0,0.0
2026-04-20 15:00:00+05:30,1346.800048828125,1358.0999755859375,1346.800048828125,1357.4000244140625,12685211,0.0,0.0
2026-04-20 15:15:00+05:30,1357.4000244140625,1357.800048828125,1353.0,1354.300048828125,1207938,0.0,0.0
2026-04-21 09:15:00+05:30,1362.800048828125,1379.800048828125,1362.199951171875,1368.300048828125,871636,0.0,0.0
2026-04-21 09:30:00+05:30,1368.300048828125,1369.4000244140625,1366.0,1367.9000244140625,408433,0.0,0.0
2026-04-21 09:45:00+05:30,1367.9000244140625,1370.800048828125,1367.199951171875,1370.5,1177513,0.0,0.0
2026-04-21 10:00:00+05:30,1371.0999755859375,1372.0999755859375,1370.699951171875,1372.0,458529,0.0,0.0
2026-04-21 10:15:00+05:30,1371.9000244140625,1374.4000244140625,1371.5999755859375,1374.4000244140625,461170,0.0,0.0
2026-04-21 10:30:00+05:30,1374.5,1381.699951171875,1374.4000244140625,1380.5,1331079,0.0,0.0
2026-04-21 10:45:00+05:30,1380.0,1381.9000244140625,1377.300048828125,1380.4000244140625,427447,0.0,0.0
2026-04-21 11:00:00+05:30,1380.800048828125,1382.9000244140625,1380.0,1381.9000244140625,648456,0.0,0.0
2026-04-21 11:15:00+05:30,1382.0,1382.699951171875,1380.9000244140625,1381.9000244140625,205456,0.0,0.0
2026-04-21 11:30:00+05:30,1381.5999755859375,1381.9000244140625,1380.0,1380.300048828125,518884,0.0,0.0
2026-04-21 11:45:00+05:30,1380.300048828125,1381.9000244140625,1380.0,1381.4000244140625,329811,0.0,0.0
2026-04-21 12:00:00+05:30,1381.4000244140625,1383.199951171875,1356.199951171875,1382.0,339649,0.0,0.0
2026-04-21 12:15:00+05:30,1382.0,1383.0,1380.5,1381.0999755859375,330505,0.0,0.0
2026-04-21 12:30:00+05:30,1381.199951171875,1384.9000244140625,1381.0,1383.699951171875,905155,0.0,0.0
2026-04-21 12:45:00+05:30,1383.699951171875,1385.9000244140625,1382.199951171875,1384.300048828125,667226,0.0,0.0
2026-04-21 13:00:00+05:30,1384.300048828125,1386.9000244140625,1383.699951171875,1386.5,449151,0.0,0.0
2026-04-21 13:15:00+05:30,1386.5,1388.0,1385.0,1387.300048828125,617844,0.0,0.0
2026-04-21 13:30:00+05:30,1387.199951171875,1388.5999755859375,1386.699951171875,1387.0,890855,0.0,0.0
2026-04-21 13:45:00+05:30,1387.0,1390.699951171875,1386.0999755859375,1387.699951171875,1001508,0.0,0.0
2026-04-21 14:00:00+05:30,1387.800048828125,1388.199951171875,1382.699951171875,1385.300048828125,1045918,0.0,0.0
2026-04-21 14:15:00+05:30,1385.300048828125,1389.199951171875,1385.0,1388.800048828125,887621,0.0,0.0
2026-04-21 14:30:00+05:30,1388.5999755859375,1389.199951171875,1386.5999755859375,1386.9000244140625,500910,0.0,0.0
2026-04-21 14:45:00+05:30,1386.9000244140625,1389.9000244140625,1386.4000244140625,1389.199951171875,520117,0.0,0.0
2026-04-21 15:00:00+05:30,1389.300048828125,1392.300048828125,1384.0,1389.199951171875,5495431,0.0,0.0
2026-04-21 15:15:00+05:30,1389.699951171875,1390.9000244140625,1384.0999755859375,1388.4000244140625,1436676,0.0,0.0
2026-04-22 09:15:00+05:30,1379.0,1379.0,1370.199951171875,1370.699951171875,434936,0.0,0.0
2026-04-22 09:30:00+05:30,1370.9000244140625,1371.0,1368.300048828125,1368.300048828125,612667,0.0,0.0
2026-04-22 09:45:00+05:30,1368.300048828125,1370.5999755859375,1366.199951171875,1366.199951171875,1128288,0.0,0.0
2026-04-22 10:00:00+05:30,1366.0,1368.199951171875,1365.0,1368.199951171875,348401,0.0,0.0
2026-04-22 10:15:00+05:30,1368.199951171875,1371.0999755859375,1368.0,1368.5,763203,0.0,0.0
2026-04-22 10:30:00+05:30,1368.5,1370.9000244140625,1367.0,1370.300048828125,574516,0.0,0.0
2026-04-22 10:45:00+05:30,1370.300048828125,1372.5,1370.0,1370.4000244140625,653579,0.0,0.0
2026-04-22 11:00:00+05:30,1370.5999755859375,1372.5,1369.5,1370.699951171875,222838,0.0,0.0
2026-04-22 11:15:00+05:30,1370.699951171875,1372.699951171875,1370.0,1371.800048828125,403964,0.0,0.0
2026-04-22 11:30:00+05:30,1372.0,1372.0,1370.0,1370.0,379826,0.0,0.0
2026-04-22 11:45:00+05:30,1370.0,1370.5999755859375,1368.199951171875,1370.5999755859375,520572,0.0,0.0
2026-04-22 12:00:00+05:30,1370.5999755859375,1371.300048828125,1370.0999755859375,1370.300048828125,492180,0.0,0.0
2026-04-22 12:15:00+05:30,1370.5999755859375,1370.800048828125,1369.0,1369.5,245505,0.0,0.0
2026-04-22 12:30:00+05:30,1369.699951171875,1371.4000244140625,1368.800048828125,1370.699951171875,261634,0.0,0.0
2026-04-22 12:45:00+05:30,1370.4000244140625,1371.4000244140625,1370.199951171875,1370.5,165375,0.0,0.0
2026-04-22 13:00:00+05:30,1370.699951171875,1372.5999755859375,1370.5999755859375,1371.5999755859375,399685,0.0,0.0
2026-04-22 13:15:00+05:30,1371.800048828125,1372.5999755859375,1370.4000244140625,1372.199951171875,1027504,0.0,0.0
2026-04-22 13:30:00+05:30,1372.300048828125,1372.4000244140625,1371.199951171875,1372.199951171875,459556,0.0,0.0
2026-04-22 13:45:00+05:30,1372.199951171875,1373.0,1371.800048828125,1372.5,318631,0.0,0.0
2026-04-22 14:00:00+05:30,1372.800048828125,1373.0,1370.699951171875,1371.9000244140625,339510,0.0,0.0
2026-04-22 14:15:00+05:30,1372.0,1372.9000244140625,1370.4000244140625,1371.0999755859375,529414,0.0,0.0
2026-04-22 14:30:00+05:30,1371.0999755859375,1372.5,1369.0,1369.0999755859375,444365,0.0,0.0
2026-04-22 14:45:00+05:30,1369.0,1369.4000244140625,1367.0999755859375,1368.800048828125,450430,0.0,0.0
2026-04-22 15:00:00+05:30,1368.800048828125,1369.300048828125,1366.199951171875,1367.5999755859375,924192,0.0,0.0
2026-04-22 15:15:00+05:30,1367.5999755859375,1368.300048828125,1366.199951171875,1367.5999755859375,933394,0.0,0.0
2026-04-23 09:15:00+05:30,1349.699951171875,1352.0,1343.5999755859375,1347.5999755859375,763188,0.0,0.0
2026-04-23 09:30:00+05:30,1347.5999755859375,1350.699951171875,1345.5,1350.199951171875,1142705,0.0,0.0
2026-04-23 09:45:00+05:30,1350.0999755859375,1352.5,1349.0999755859375,1351.4000244140625,1364125,0.0,0.0
2026-04-23 10:00:00+05:30,1351.5,1353.300048828125,1351.5,1352.4000244140625,579333,0.0,0.0
2026-04-23 10:15:00+05:30,1352.5,1353.300048828125,1351.0999755859375,1352.4000244140625,325925,0.0,0.0
2026-04-23 10:30:00+05:30,1352.4000244140625,1352.4000244140625,1350.5999755859375,1351.0999755859375,466595,0.0,0.0
2026-04-23 10:45:00+05:30,1351.0,1351.0,1346.0999755859375,1347.0,693352,0.0,0.0
2026-04-23 11:00:00+05:30,1346.9000244140625,1348.300048828125,1345.699951171875,1346.5999755859375,1135152,0.0,0.0
2026-04-23 11:15:00+05:30,1346.5999755859375,1348.0999755859375,1345.0999755859375,1346.800048828125,617722,0.0,0.0
2026-04-23 11:30:00+05:30,1346.9000244140625,1348.4000244140625,1346.0,1346.0,453602,0.0,0.0
2026-04-23 11:45:00+05:30,1346.0,1348.199951171875,1345.0,1347.199951171875,326209,0.0,0.0
2026-04-23 12:00:00+05:30,1347.199951171875,1349.300048828125,1346.5999755859375,1349.300048828125,309937,0.0,0.0
2026-04-23 12:15:00+05:30,1349.199951171875,1349.800048828125,1346.5999755859375,1347.199951171875,462482,0.0,0.0
2026-04-23 12:30:00+05:30,1347.199951171875,1350.5999755859375,1347.0,1350.300048828125,836715,0.0,0.0
2026-04-23 12:45:00+05:30,1350.300048828125,1350.800048828125,1349.5,1350.199951171875,703476,0.0,0.0
2026-04-23 13:00:00+05:30,1350.199951171875,1350.5,1348.0,1348.5,467544,0.0,0.0
2026-04-23 13:15:00+05:30,1348.5999755859375,1351.5,1348.5,1350.800048828125,755826,0.0,0.0
2026-04-23 13:30:00+05:30,1350.800048828125,1350.9000244140625,1347.800048828125,1349.0999755859375,524960,0.0,0.0
2026-04-23 13:45:00+05:30,1349.0999755859375,1351.800048828125,1348.800048828125,1351.0999755859375,595727,0.0,0.0
2026-04-23 14:00:00+05:30,1350.9000244140625,1351.0999755859375,1350.0,1350.0,398635,0.0,0.0
2026-04-23 14:15:00+05:30,1350.300048828125,1351.300048828125,1349.4000244140625,1350.0,1004200,0.0,0.0
2026-04-23 14:30:00+05:30,1350.0,1350.699951171875,1349.0999755859375,1350.0999755859375,490371,0.0,0.0
2026-04-23 14:45:00+05:30,1350.199951171875,1350.199951171875,1347.300048828125,1348.0999755859375,1003129,0.0,0.0
2026-04-23 15:00:00+05:30,1348.300048828125,1351.0,1344.5999755859375,1344.5999755859375,2561387,0.0,0.0
2026-04-23 15:15:00+05:30,1344.5,1348.800048828125,1344.0,1348.0,1268291,0.0,0.0
2026-04-24 09:15:00+05:30,1341.300048828125,1348.5,1335.0999755859375,1338.0,438713,0.0,0.0
2026-04-24 09:30:00+05:30,1338.199951171875,1338.199951171875,1333.699951171875,1335.699951171875,379918,0.0,0.0
2026-04-24 09:45:00+05:30,1335.4000244140625,1336.5,1332.5999755859375,1332.800048828125,218327,0.0,0.0
2026-04-24 10:00:00+05:30,1333.300048828125,1336.699951171875,1333.300048828125,1334.0999755859375,896714,0.0,0.0
2026-04-24 10:15:00+05:30,1334.0999755859375,1334.199951171875,1329.699951171875,1329.9000244140625,389213,0.0,0.0
2026-04-24 10:30:00+05:30,1329.9000244140625,1334.199951171875,1329.4000244140625,1333.800048828125,213178,0.0,0.0
2026-04-24 10:45:00+05:30,1334.0,1336.199951171875,1333.0999755859375,1334.4000244140625,545264,0.0,0.0
2026-04-24 11:00:00+05:30,1334.300048828125,1335.9000244140625,1333.0999755859375,1334.0,648615,0.0,0.0
2026-04-24 11:15:00+05:30,1333.800048828125,1334.199951171875,1332.5999755859375,1333.199951171875,218966,0.0,0.0
2026-04-24 11:30:00+05:30,1333.5,1334.199951171875,1332.5,1332.9000244140625,348150,0.0,0.0
2026-04-24 11:45:00+05:30,1332.800048828125,1334.199951171875,1332.5999755859375,1334.199951171875,1709814,0.0,0.0
2026-04-24 12:00:00+05:30,1334.0999755859375,1334.5,1333.199951171875,1334.199951171875,558407,0.0,0.0
2026-04-24 12:15:00+05:30,1334.199951171875,1334.199951171875,1331.800048828125,1331.9000244140625,710556,0.0,0.0
2026-04-24 12:30:00+05:30,1331.9000244140625,1334.0,1331.0,1331.800048828125,470723,0.0,0.0
2026-04-24 12:45:00+05:30,1331.5999755859375,1333.199951171875,1331.4000244140625,1333.199951171875,258067,0.0,0.0
2026-04-24 13:00:00+05:30,1333.199951171875,1333.199951171875,1330.300048828125,1331.0,240102,0.0,0.0
2026-04-24 13:15:00+05:30,1331.0,1331.4000244140625,1329.5999755859375,1330.0,191550,0.0,0.0
2026-04-24 13:30:00+05:30,1330.0,1330.0,1327.800048828125,1328.300048828125,345288,0.0,0.0
2026-04-24 13:45:00+05:30,1328.199951171875,1330.0999755859375,1327.800048828125,1328.0,335197,0.0,0.0
2026-04-24 14:00:00+05:30,1328.0,1328.0,1325.0999755859375,1326.800048828125,375623,0.0,0.0
2026-04-24 14:15:00+05:30,1326.800048828125,1328.5,1326.5,1328.4000244140625,540109,0.0,0.0
2026-04-24 14:30:00+05:30,1328.4000244140625,1330.699951171875,1328.300048828125,1330.0999755859375,743387,0.0,0.0
2026-04-24 14:45:00+05:30,1330.199951171875,1331.199951171875,1329.0999755859375,1330.800048828125,684912,0.0,0.0
2026-04-24 15:00:00+05:30,1330.5,1330.5,1324.0999755859375,1325.4000244140625,753836,0.0,0.0
2026-04-24 15:15:00+05:30,1325.4000244140625,1327.699951171875,1325.0,1325.800048828125,900693,0.0,0.0
2026-04-27 09:15:00+05:30,1331.199951171875,1335.5,1326.199951171875,1329.9000244140625,331817,0.0,0.0
2026-04-27 09:30:00+05:30,1330.4000244140625,1330.5,1326.5999755859375,1329.699951171875,437012,0.0,0.0
2026-04-27 09:45:00+05:30,1329.9000244140625,1331.300048828125,1329.5,1330.5,351088,0.0,0.0
2026-04-27 10:00:00+05:30,1330.0,1331.199951171875,1327.5,1327.5,292876,0.0,0.0
2026-04-27 10:15:00+05:30,1327.800048828125,1329.199951171875,1319.4000244140625,1320.5,335836,0.0,0.0
2026-04-27 10:30:00+05:30,1320.5,1320.699951171875,1312.300048828125,1315.800048828125,1074399,0.0,0.0
2026-04-27 10:45:00+05:30,1315.5,1320.9000244140625,1315.0999755859375,1318.800048828125,493186,0.0,0.0
2026-04-27 11:00:00+05:30,1318.800048828125,1319.0,1314.0999755859375,1315.0,475211,0.0,0.0
2026-04-27 11:15:00+05:30,1315.0,1318.800048828125,1314.5,1315.5,478936,0.0,0.0
2026-04-27 11:30:00+05:30,1315.0,1315.5999755859375,1311.4000244140625,1311.800048828125,568508,0.0,0.0
2026-04-27 11:45:00+05:30,1312.0,1318.300048828125,1311.0,1318.0999755859375,439631,0.0,0.0
2026-04-27 12:00:00+05:30,1318.0999755859375,1318.300048828125,1316.5,1317.0,453510,0.0,0.0
2026-04-27 12:15:00+05:30,1316.800048828125,1320.4000244140625,1316.5,1319.699951171875,552952,0.0,0.0
2026-04-27 12:30:00+05:30,1318.800048828125,1320.5,1318.800048828125,1320.5,458026,0.0,0.0
2026-04-27 12:45:00+05:30,1320.5,1320.5,1318.5999755859375,1319.800048828125,526927,0.0,0.0
2026-04-27 13:00:00+05:30,1319.9000244140625,1323.9000244140625,1319.9000244140625,1323.4000244140625,440215,0.0,0.0
2026-04-27 13:15:00+05:30,1323.4000244140625,1323.5,1320.5,1321.800048828125,379442,0.0,0.0
2026-04-27 13:30:00+05:30,1321.699951171875,1323.5,1321.199951171875,1322.0999755859375,272562,0.0,0.0
2026-04-27 13:45:00+05:30,1321.699951171875,1323.4000244140625,1319.300048828125,1320.5999755859375,708642,0.0,0.0
2026-04-27 14:00:00+05:30,1320.199951171875,1321.9000244140625,1318.9000244140625,1321.0,968659,0.0,0.0
2026-04-27 14:15:00+05:30,1320.9000244140625,1321.199951171875,1317.699951171875,1318.300048828125,588325,0.0,0.0
2026-04-27 14:30:00+05:30,1318.0999755859375,1318.300048828125,1314.4000244140625,1315.800048828125,645547,0.0,0.0
2026-04-27 14:45:00+05:30,1315.300048828125,1318.0999755859375,1314.300048828125,1316.300048828125,614341,0.0,0.0
2026-04-27 15:00:00+05:30,1316.0999755859375,1316.5999755859375,1312.5,1313.800048828125,1306504,0.0,0.0
2026-04-27 15:15:00+05:30,1313.800048828125,1317.0,1312.699951171875,1314.0999755859375,1422615,0.0,0.0
2026-04-28 09:15:00+05:30,1314.300048828125,1317.5999755859375,1312.0,1313.4000244140625,255473,0.0,0.0
2026-04-28 09:30:00+05:30,1314.0,1314.5,1310.300048828125,1312.199951171875,401729,0.0,0.0
2026-04-28 09:45:00+05:30,1312.300048828125,1314.0,1310.0,1311.699951171875,474868,0.0,0.0
2026-04-28 10:00:00+05:30,1311.5,1314.300048828125,1311.0999755859375,1313.699951171875,337368,0.0,0.0
2026-04-28 10:15:00+05:30,1313.300048828125,1314.5999755859375,1311.199951171875,1312.800048828125,198434,0.0,0.0
2026-04-28 10:30:00+05:30,1312.800048828125,1313.5,1310.5,1312.0,132481,0.0,0.0
2026-04-28 10:45:00+05:30,1311.9000244140625,1314.5,1311.699951171875,1314.0999755859375,181787,0.0,0.0
2026-04-28 11:00:00+05:30,1314.0999755859375,1314.0999755859375,1309.5,1310.800048828125,297829,0.0,0.0
2026-04-28 11:15:00+05:30,1310.699951171875,1311.0999755859375,1304.4000244140625,1304.9000244140625,463226,0.0,0.0
2026-04-28 11:30:00+05:30,1304.9000244140625,1305.5999755859375,1302.300048828125,1304.9000244140625,604387,0.0,0.0
2026-04-28 11:45:00+05:30,1304.9000244140625,1306.4000244140625,1304.0,1304.800048828125,291966,0.0,0.0
2026-04-28 12:00:00+05:30,1304.9000244140625,1304.9000244140625,1300.0999755859375,1302.699951171875,410279,0.0,0.0
2026-04-28 12:15:00+05:30,1302.4000244140625,1303.300048828125,1300.5999755859375,1302.699951171875,249308,0.0,0.0
2026-04-28 12:30:00+05:30,1302.5,1305.199951171875,1302.0,1304.699951171875,276312,0.0,0.0
2026-04-28 12:45:00+05:30,1304.699951171875,1306.699951171875,1303.5999755859375,1303.699951171875,273469,0.0,0.0
2026-04-28 13:00:00+05:30,1303.9000244140625,1306.5999755859375,1303.199951171875,1304.5999755859375,342012,0.0,0.0
2026-04-28 13:15:00+05:30,1304.800048828125,1306.699951171875,1298.699951171875,1298.699951171875,2600353,0.0,0.0
2026-04-28 13:30:00+05:30,1298.699951171875,1300.199951171875,1296.199951171875,1298.5,936743,0.0,0.0
2026-04-28 13:45:00+05:30,1298.5,1301.199951171875,1297.4000244140625,1300.4000244140625,588348,0.0,0.0
2026-04-28 14:00:00+05:30,1300.4000244140625,1300.4000244140625,1296.699951171875,1297.5,584075,0.0,0.0
2026-04-28 14:15:00+05:30,1297.5,1299.300048828125,1297.0,1297.199951171875,585128,0.0,0.0
2026-04-28 14:30:00+05:30,1297.4000244140625,1298.9000244140625,1296.699951171875,1298.5999755859375,397261,0.0,0.0
2026-04-28 14:45:00+05:30,1298.5999755859375,1299.199951171875,1297.0,1297.4000244140625,294262,0.0,0.0
2026-04-28 15:00:00+05:30,1297.0999755859375,1297.4000244140625,1288.699951171875,1289.9000244140625,3508031,0.0,0.0
2026-04-28 15:15:00+05:30,1290.0,1290.4000244140625,1287.0,1289.4000244140625,1618533,0.0,0.0
2026-04-29 09:15:00+05:30,1294.699951171875,1294.699951171875,1282.300048828125,1284.800048828125,227979,0.0,0.0
2026-04-29 09:30:00+05:30,1285.0999755859375,1287.0,1282.0,1286.300048828125,345046,0.0,0.0
2026-04-29 09:45:00+05:30,1286.5,1287.4000244140625,1285.9000244140625,1286.0999755859375,194701,0.0,0.0
2026-04-29 10:00:00+05:30,1286.199951171875,1290.0999755859375,1286.0999755859375,1290.0999755859375,452588,0.0,0.0
2026-04-29 10:15:00+05:30,1290.0,1294.5,1290.0,1294.199951171875,620476,0.0,0.0
2026-04-29 10:30:00+05:30,1294.199951171875,1294.300048828125,1289.9000244140625,1290.199951171875,264118,0.0,0.0
2026-04-29 10:45:00+05:30,1290.300048828125,1294.0,1289.800048828125,1293.0999755859375,586892,0.0,0.0
2026-04-29 11:00:00+05:30,1293.0,1294.0999755859375,1289.5,1290.4000244140625,261355,0.0,0.0
2026-04-29 11:15:00+05:30,1290.5,1292.0,1289.0999755859375,1289.699951171875,293948,0.0,0.0
2026-04-29 11:30:00+05:30,1289.800048828125,1291.699951171875,1289.199951171875,1290.9000244140625,259275,0.0,0.0
2026-04-29 11:45:00+05:30,1290.9000244140625,1292.0999755859375,1287.300048828125,1288.4000244140625,389792,0.0,0.0
2026-04-29 12:00:00+05:30,1288.0,1292.0999755859375,1288.0,1290.5999755859375,517591,0.0,0.0
2026-04-29 12:15:00+05:30,1290.800048828125,1292.0,1290.300048828125,1291.5,203657,0.0,0.0
2026-04-29 12:30:00+05:30,1291.5999755859375,1294.199951171875,1291.5,1292.9000244140625,572906,0.0,0.0
2026-04-29 12:45:00+05:30,1292.9000244140625,1294.0999755859375,1291.5999755859375,1292.199951171875,287556,0.0,0.0
2026-04-29 13:00:00+05:30,1292.5,1292.5999755859375,1290.0999755859375,1290.5,349765,0.0,0.0
2026-04-29 13:15:00+05:30,1290.5,1291.5,1289.300048828125,1290.9000244140625,226774,0.0,0.0
2026-04-29 13:30:00+05:30,1290.800048828125,1292.0,1289.0999755859375,1289.9000244140625,787400,0.0,0.0
2026-04-29 13:45:00+05:30,1289.9000244140625,1289.9000244140625,1287.300048828125,1287.699951171875,568629,0.0,0.0
2026-04-29 14:00:00+05:30,1287.5999755859375,1287.699951171875,1282.4000244140625,1284.0999755859375,355401,0.0,0.0
2026-04-29 14:15:00+05:30,1284.300048828125,1284.300048828125,1280.9000244140625,1280.9000244140625,348863,0.0,0.0
2026-04-29 14:30:00+05:30,1281.199951171875,1284.300048828125,1281.0,1284.300048828125,343535,0.0,0.0
2026-04-29 14:45:00+05:30,1284.300048828125,1284.300048828125,1282.4000244140625,1282.5999755859375,322554,0.0,0.0
2026-04-29 15:00:00+05:30,1282.800048828125,1284.5999755859375,1279.5,1280.0999755859375,1298570,0.0,0.0
2026-04-29 15:15:00+05:30,1279.9000244140625,1280.4000244140625,1278.0,1279.0,1117762,0.0,0.0
2026-04-30 09:15:00+05:30,1261.199951171875,1269.9000244140625,1261.199951171875,1262.0,941052,0.0,0.0
2026-04-30 09:30:00+05:30,1261.9000244140625,1265.0999755859375,1260.800048828125,1263.800048828125,419299,0.0,0.0
2026-04-30 09:45:00+05:30,1263.800048828125,1264.199951171875,1260.0,1261.5,536291,0.0,0.0
2026-04-30 10:00:00+05:30,1261.4000244140625,1263.4000244140625,1259.199951171875,1262.800048828125,426882,0.0,0.0
2026-04-30 10:15:00+05:30,1262.800048828125,1264.300048828125,1261.199951171875,1263.5999755859375,401872,0.0,0.0
2026-04-30 10:30:00+05:30,1263.5,1264.699951171875,1263.0999755859375,1263.5,215578,0.0,0.0
2026-04-30 10:45:00+05:30,1263.5999755859375,1263.699951171875,1262.0,1262.800048828125,160820,0.0,0.0
2026-04-30 11:00:00+05:30,1262.800048828125,1263.0,1260.9000244140625,1261.0,195213,0.0,0.0
2026-04-30 11:15:00+05:30,1260.9000244140625,1262.300048828125,1260.5999755859375,1262.0999755859375,157420,0.0,0.0
2026-04-30 11:30:00+05:30,1262.0999755859375,1263.800048828125,1261.5999755859375,1263.300048828125,402999,0.0,0.0
2026-04-30 11:45:00+05:30,1263.4000244140625,1264.0,1262.0,1263.5,273707,0.0,0.0
2026-04-30 12:00:00+05:30,1263.5999755859375,1263.800048828125,1260.699951171875,1263.199951171875,936036,0.0,0.0
2026-04-30 12:15:00+05:30,1263.0,1264.0,1262.5999755859375,1263.699951171875,579396,0.0,0.0
2026-04-30 12:30:00+05:30,1263.9000244140625,1264.0,1262.0999755859375,1263.300048828125,299922,0.0,0.0
2026-04-30 12:45:00+05:30,1263.4000244140625,1266.0,1263.0,1265.800048828125,469836,0.0,0.0
2026-04-30 13:00:00+05:30,1265.800048828125,1268.0999755859375,1264.199951171875,1267.0999755859375,706095,0.0,0.0
2026-04-30 13:15:00+05:30,1267.300048828125,1267.5999755859375,1265.0999755859375,1267.0999755859375,586028,0.0,0.0
2026-04-30 13:30:00+05:30,1267.0999755859375,1269.199951171875,1265.0999755859375,1269.199951171875,689986,0.0,0.0
2026-04-30 13:45:00+05:30,1269.199951171875,1271.0999755859375,1267.4000244140625,1270.0,837304,0.0,0.0
2026-04-30 14:00:00+05:30,1270.300048828125,1270.699951171875,1268.0999755859375,1269.199951171875,521113,0.0,0.0
2026-04-30 14:15:00+05:30,1269.0,1269.5,1266.5,1267.5,425137,0.0,0.0
2026-04-30 14:30:00+05:30,1267.800048828125,1269.9000244140625,1266.5,1269.4000244140625,659609,0.0,0.0
2026-04-30 14:45:00+05:30,1269.199951171875,1269.9000244140625,1264.4000244140625,1266.0999755859375,710128,0.0,0.0
2026-04-30 15:00:00+05:30,1266.300048828125,1266.5,1260.9000244140625,1262.0,3177648,0.0,0.0
2026-04-30 15:15:00+05:30,1262.0999755859375,1265.699951171875,1260.699951171875,1263.4000244140625,1662332,0.0,0.0
2026-05-04 09:15:00+05:30,1273.800048828125,1277.800048828125,1267.199951171875,1277.4000244140625,696949,0.0,0.0
2026-05-04 09:30:00+05:30,1277.4000244140625,1282.0,1276.0,1278.4000244140625,1303416,0.0,0.0
2026-05-04 09:45:00+05:30,1279.0,1279.5,1275.5999755859375,1277.5,260569,0.0,0.0
2026-05-04 10:00:00+05:30,1277.4000244140625,1279.4000244140625,1273.5999755859375,1274.4000244140625,285823,0.0,0.0
2026-05-04 10:15:00+05:30,1274.5,1276.699951171875,1274.0999755859375,1276.300048828125,277742,0.0,0.0
2026-05-04 10:30:00+05:30,1276.699951171875,1277.5,1274.199951171875,1276.800048828125,444553,0.0,0.0
2026-05-04 10:45:00+05:30,1276.9000244140625,1277.4000244140625,1274.0,1274.199951171875,314551,0.0,0.0
2026-05-04 11:00:00+05:30,1274.199951171875,1275.4000244140625,1273.0999755859375,1275.300048828125,293210,0.0,0.0
2026-05-04 11:15:00+05:30,1275.300048828125,1277.5,1274.5,1277.0,542632,0.0,0.0
2026-05-04 11:30:00+05:30,1277.0,1279.5,1276.800048828125,1278.0999755859375,517794,0.0,0.0
2026-05-04 11:45:00+05:30,1278.300048828125,1278.699951171875,1276.300048828125,1276.5999755859375,248463,0.0,0.0
2026-05-04 12:00:00+05:30,1276.5,1277.300048828125,1271.5999755859375,1271.5999755859375,372456,0.0,0.0
2026-05-04 12:15:00+05:30,1271.5999755859375,1273.4000244140625,1271.300048828125,1272.699951171875,373190,0.0,0.0
2026-05-04 12:30:00+05:30,1272.699951171875,1272.699951171875,1269.199951171875,1269.800048828125,556418,0.0,0.0
2026-05-04 12:45:00+05:30,1269.699951171875,1273.0,1269.4000244140625,1271.800048828125,637243,0.0,0.0
2026-05-04 13:00:00+05:30,1271.800048828125,1273.300048828125,1271.0999755859375,1272.5,323048,0.0,0.0
2026-05-04 13:15:00+05:30,1272.5,1272.699951171875,1266.5999755859375,1266.5999755859375,349606,0.0,0.0
2026-05-04 13:30:00+05:30,1266.4000244140625,1271.199951171875,1265.300048828125,1270.9000244140625,350604,0.0,0.0
2026-05-04 13:45:00+05:30,1271.0,1273.4000244140625,1269.9000244140625,1270.5999755859375,411038,0.0,0.0
2026-05-04 14:00:00+05:30,1271.0999755859375,1272.4000244140625,1269.5999755859375,1271.5,291385,0.0,0.0
2026-05-04 14:15:00+05:30,1272.0,1274.199951171875,1271.4000244140625,1272.800048828125,430691,0.0,0.0
2026-05-04 14:30:00+05:30,1272.800048828125,1273.199951171875,1270.5,1272.0,680860,0.0,0.0
2026-05-04 14:45:00+05:30,1271.9000244140625,1271.9000244140625,1268.300048828125,1269.9000244140625,703865,0.0,0.0
2026-05-04 15:00:00+05:30,1270.0,1273.0,1268.0999755859375,1272.0,1336302,0.0,0.0
2026-05-04 15:15:00+05:30,1272.0,1272.5,1269.5,1269.5,1228061,0.0,0.0
2026-05-05 09:15:00+05:30,1265.800048828125,1265.800048828125,1255.0999755859375,1256.0999755859375,378264,0.0,0.0
2026-05-05 09:30:00+05:30,1256.0,1259.0,1254.5999755859375,1255.5999755859375,452910,0.0,0.0
2026-05-05 09:45:00+05:30,1255.4000244140625,1256.300048828125,1254.199951171875,1255.800048828125,382716,0.0,0.0
2026-05-05 10:00:00+05:30,1256.0,1256.699951171875,1249.800048828125,1250.800048828125,1255302,0.0,0.0
2026-05-05 10:15:00+05:30,1250.5999755859375,1253.4000244140625,1249.9000244140625,1251.300048828125,333843,0.0,0.0
2026-05-05 10:30:00+05:30,1251.300048828125,1252.4000244140625,1249.5,1250.5999755859375,779532,0.0,0.0
2026-05-05 10:45:00+05:30,1250.199951171875,1252.5,1250.0999755859375,1251.0,433447,0.0,0.0
2026-05-05 11:00:00+05:30,1251.0,1252.5,1249.699951171875,1249.9000244140625,1076980,0.0,0.0
2026-05-05 11:15:00+05:30,1250.4000244140625,1252.199951171875,1249.5,1250.0999755859375,363385,0.0,0.0
2026-05-05 11:30:00+05:30,1250.0999755859375,1251.5999755859375,1246.300048828125,1246.800048828125,618182,0.0,0.0
2026-05-05 11:45:00+05:30,1246.5999755859375,1249.199951171875,1245.5,1247.800048828125,445091,0.0,0.0
2026-05-05 12:00:00+05:30,1247.699951171875,1250.5999755859375,1246.4000244140625,1250.4000244140625,1031243,0.0,0.0
2026-05-05 12:15:00+05:30,1250.300048828125,1251.0,1249.0,1249.5,561400,0.0,0.0
2026-05-05 12:30:00+05:30,1249.300048828125,1251.5999755859375,1248.199951171875,1248.5999755859375,813508,0.0,0.0
2026-05-05 12:45:00+05:30,1248.4000244140625,1253.699951171875,1248.4000244140625,1253.5,1314787,0.0,0.0
2026-05-05 13:00:00+05:30,1253.5,1255.9000244140625,1252.5999755859375,1255.4000244140625,1525632,0.0,0.0
2026-05-05 13:15:00+05:30,1255.199951171875,1256.300048828125,1252.199951171875,1254.5,1258136,0.0,0.0
2026-05-05 13:30:00+05:30,1254.0,1254.5999755859375,1251.5999755859375,1253.4000244140625,871466,0.0,0.0
2026-05-05 13:45:00+05:30,1253.300048828125,1254.300048828125,1251.0999755859375,1253.9000244140625,1081768,0.0,0.0
2026-05-05 14:00:00+05:30,1253.699951171875,1254.699951171875,1251.0,1252.0,1264111,0.0,0.0
2026-05-05 14:15:00+05:30,1251.699951171875,1254.0,1251.199951171875,1254.0,617828,0.0,0.0
2026-05-05 14:30:00+05:30,1253.800048828125,1254.0999755859375,1252.0999755859375,1253.5999755859375,590223,0.0,0.0
2026-05-05 14:45:00+05:30,1253.5999755859375,1254.0,1250.9000244140625,1252.300048828125,947248,0.0,0.0
2026-05-05 15:00:00+05:30,1252.300048828125,1253.0,1249.800048828125,1252.300048828125,3070594,0.0,0.0
2026-05-05 15:15:00+05:30,1252.199951171875,1253.199951171875,1249.5999755859375,1250.9000244140625,2496404,0.0,0.0
2026-05-06 09:15:00+05:30,1265.699951171875,1268.5,1258.5,1258.9000244140625,552466,0.0,0.0
2026-05-06 09:30:00+05:30,1259.0999755859375,1259.5999755859375,1257.9000244140625,1258.199951171875,251770,0.0,0.0
2026-05-06 09:45:00+05:30,1258.4000244140625,1258.9000244140625,1256.699951171875,1257.300048828125,237936,0.0,0.0
2026-05-06 10:00:00+05:30,1257.300048828125,1258.699951171875,1255.699951171875,1258.4000244140625,213195,0.0,0.0
2026-05-06 10:15:00+05:30,1258.199951171875,1261.699951171875,1257.300048828125,1260.5,662740,0.0,0.0
2026-05-06 10:30:00+05:30,1260.0,1261.4000244140625,1259.0,1261.199951171875,272164,0.0,0.0
2026-05-06 10:45:00+05:30,1260.800048828125,1262.0999755859375,1259.0999755859375,1260.5,653179,0.0,0.0
2026-05-06 11:00:00+05:30,1260.699951171875,1261.300048828125,1259.5,1260.800048828125,142524,0.0,0.0
2026-05-06 11:15:00+05:30,1260.699951171875,1261.199951171875,1259.5999755859375,1260.5999755859375,144427,0.0,0.0
2026-05-06 11:30:00+05:30,1260.699951171875,1261.0,1257.199951171875,1258.0,228395,0.0,0.0
2026-05-06 11:45:00+05:30,1257.699951171875,1258.9000244140625,1257.199951171875,1257.699951171875,185566,0.0,0.0
2026-05-06 12:00:00+05:30,1257.699951171875,1258.0,1256.0,1256.9000244140625,245021,0.0,0.0
2026-05-06 12:15:00+05:30,1257.0,1257.4000244140625,1254.5,1256.4000244140625,345379,0.0,0.0
2026-05-06 12:30:00+05:30,1255.9000244140625,1257.300048828125,1254.5999755859375,1255.0,208115,0.0,0.0
2026-05-06 12:45:00+05:30,1255.0,1255.0999755859375,1253.4000244140625,1254.300048828125,191142,0.0,0.0
2026-05-06 13:00:00+05:30,1254.0,1255.5,1252.199951171875,1255.300048828125,247756,0.0,0.0
2026-05-06 13:15:00+05:30,1255.0999755859375,1257.699951171875,1255.0,1257.0,616181,0.0,0.0
2026-05-06 13:30:00+05:30,1257.0,1258.699951171875,1256.0,1257.5999755859375,657234,0.0,0.0
2026-05-06 13:45:00+05:30,1257.0999755859375,1260.300048828125,1257.0,1259.5,791692,0.0,0.0
2026-05-06 14:00:00+05:30,1259.5999755859375,1261.0,1258.5999755859375,1260.5999755859375,690199,0.0,0.0
2026-05-06 14:15:00+05:30,1260.5999755859375,1273.800048828125,1260.0,1273.800048828125,4667122,0.0,0.0
2026-05-06 14:30:00+05:30,1274.4000244140625,1278.0,1274.0999755859375,1276.9000244140625,1754215,0.0,0.0
2026-05-06 14:45:00+05:30,1276.5999755859375,1281.699951171875,1276.0999755859375,1280.4000244140625,2298825,0.0,0.0
2026-05-06 15:00:00+05:30,1280.300048828125,1282.0999755859375,1277.199951171875,1278.9000244140625,2829010,0.0,0.0
2026-05-06 15:15:00+05:30,1279.0,1280.0,1277.0,1279.5999755859375,2188193,0.0,0.0
2026-05-07 09:15:00+05:30,1278.4000244140625,1287.199951171875,1276.300048828125,1281.800048828125,1291965,0.0,0.0
2026-05-07 09:30:00+05:30,1281.9000244140625,1289.699951171875,1280.0999755859375,1288.0,678446,0.0,0.0
2026-05-07 09:45:00+05:30,1288.0,1289.0,1285.0,1287.300048828125,1404090,0.0,0.0
2026-05-07 10:00:00+05:30,1287.300048828125,1291.800048828125,1286.800048828125,1288.0999755859375,567425,0.0,0.0
2026-05-07 10:15:00+05:30,1288.4000244140625,1290.5,1287.699951171875,1290.4000244140625,479851,0.0,0.0
2026-05-07 10:30:00+05:30,1290.4000244140625,1293.199951171875,1289.199951171875,1292.699951171875,328506,0.0,0.0
2026-05-07 10:45:00+05:30,1292.5,1293.9000244140625,1289.5,1290.0999755859375,322464,0.0,0.0
2026-05-07 11:00:00+05:30,1290.0999755859375,1291.0,1287.5,1287.9000244140625,323049,0.0,0.0
2026-05-07 11:15:00+05:30,1287.9000244140625,1288.4000244140625,1285.4000244140625,1286.5999755859375,381969,0.0,0.0
2026-05-07 11:30:00+05:30,1286.5999755859375,1288.4000244140625,1284.0999755859375,1284.0999755859375,311518,0.0,0.0
2026-05-07 11:45:00+05:30,1284.199951171875,1287.9000244140625,1283.4000244140625,1286.9000244140625,326338,0.0,0.0
2026-05-07 12:00:00+05:30,1287.0,1289.5,1279.5,1287.4000244140625,419590,0.0,0.0
2026-05-07 12:15:00+05:30,1287.699951171875,1289.0,1285.300048828125,1285.300048828125,656584,0.0,0.0
2026-05-07 12:30:00+05:30,1285.300048828125,1291.800048828125,1284.199951171875,1290.4000244140625,1200517,0.0,0.0
2026-05-07 12:45:00+05:30,1290.0999755859375,1290.9000244140625,1282.699951171875,1284.5999755859375,628519,0.0,0.0
2026-05-07 13:00:00+05:30,1284.699951171875,1286.0999755859375,1283.199951171875,1284.300048828125,197052,0.0,0.0
2026-05-07 13:15:00+05:30,1284.199951171875,1284.5999755859375,1280.0999755859375,1281.699951171875,404524,0.0,0.0
2026-05-07 13:30:00+05:30,1281.9000244140625,1282.4000244140625,1279.5999755859375,1280.0,333042,0.0,0.0
2026-05-07 13:45:00+05:30,1280.0,1282.9000244140625,1279.300048828125,1282.800048828125,397570,0.0,0.0
2026-05-07 14:00:00+05:30,1282.800048828125,1284.0999755859375,1280.699951171875,1282.0,510254,0.0,0.0
2026-05-07 14:15:00+05:30,1282.0,1284.0,1280.0,1281.9000244140625,1313916,0.0,0.0
2026-05-07 14:30:00+05:30,1282.199951171875,1282.5999755859375,1278.0999755859375,1279.0999755859375,1437980,0.0,0.0
2026-05-07 14:45:00+05:30,1279.0999755859375,1281.199951171875,1277.4000244140625,1281.199951171875,547290,0.0,0.0
2026-05-07 15:00:00+05:30,1281.0,1284.5999755859375,1273.5999755859375,1274.4000244140625,7752059,0.0,0.0
2026-05-07 15:15:00+05:30,1274.0,1279.800048828125,1273.800048828125,1279.0,1426967,0.0,0.0
2026-05-08 09:15:00+05:30,1277.0,1277.0,1267.0,1272.9000244140625,202448,0.0,0.0
2026-05-08 09:30:00+05:30,1272.800048828125,1273.199951171875,1270.5,1270.699951171875,250216,0.0,0.0
2026-05-08 09:45:00+05:30,1270.0,1271.9000244140625,1268.800048828125,1270.5,261376,0.0,0.0
2026-05-08 10:00:00+05:30,1270.5,1270.800048828125,1268.0,1270.699951171875,181578,0.0,0.0
2026-05-08 10:15:00+05:30,1270.800048828125,1272.199951171875,1268.4000244140625,1271.0999755859375,590775,0.0,0.0
2026-05-08 10:30:00+05:30,1271.0999755859375,1271.199951171875,1266.800048828125,1267.0,175224,0.0,0.0
2026-05-08 10:45:00+05:30,1267.199951171875,1267.800048828125,1264.199951171875,1264.699951171875,316473,0.0,0.0
2026-05-08 11:00:00+05:30,1264.699951171875,1267.5999755859375,1264.5,1267.0999755859375,176572,0.0,0.0
2026-05-08 11:15:00+05:30,1267.5,1269.0,1264.9000244140625,1265.0999755859375,220286,0.0,0.0
2026-05-08 11:30:00+05:30,1265.0999755859375,1265.5,1263.699951171875,1264.5999755859375,138115,0.0,0.0
2026-05-08 11:45:00+05:30,1264.5999755859375,1265.0,1263.0999755859375,1264.0,92493,0.0,0.0
2026-05-08 12:00:00+05:30,1264.0,1265.300048828125,1263.5,1263.9000244140625,189083,0.0,0.0
2026-05-08 12:15:00+05:30,1263.9000244140625,1265.699951171875,1263.0999755859375,1264.4000244140625,155372,0.0,0.0
2026-05-08 12:30:00+05:30,1264.5999755859375,1264.800048828125,1262.5,1262.800048828125,123028,0.0,0.0
2026-05-08 12:45:00+05:30,1262.800048828125,1262.800048828125,1261.5,1262.0999755859375,119746,0.0,0.0
2026-05-08 13:00:00+05:30,1262.0999755859375,1265.0,1261.699951171875,1263.9000244140625,518518,0.0,0.0
2026-05-08 13:15:00+05:30,1263.9000244140625,1265.0999755859375,1262.699951171875,1264.9000244140625,430798,0.0,0.0
2026-05-08 13:30:00+05:30,1265.0999755859375,1265.4000244140625,1263.699951171875,1264.4000244140625,295474,0.0,0.0
2026-05-08 13:45:00+05:30,1264.4000244140625,1264.5999755859375,1262.300048828125,1262.699951171875,849284,0.0,0.0
2026-05-08 14:00:00+05:30,1262.5,1264.800048828125,1262.5,1263.5999755859375,500277,0.0,0.0
2026-05-08 14:15:00+05:30,1264.199951171875,1265.800048828125,1263.4000244140625,1265.0999755859375,369409,0.0,0.0
2026-05-08 14:30:00+05:30,1265.0999755859375,1265.9000244140625,1264.199951171875,1265.0,748406,0.0,0.0
2026-05-08 14:45:00+05:30,1265.0999755859375,1265.800048828125,1264.800048828125,1265.4000244140625,645646,0.0,0.0
2026-05-08 15:00:00+05:30,1265.300048828125,1265.5,1262.0999755859375,1265.5,1028693,0.0,0.0
2026-05-08 15:15:00+05:30,1265.5,1266.300048828125,1263.199951171875,1266.300048828125,1956118,0.0,0.0
2026-05-11 09:15:00+05:30,1258.699951171875,1262.300048828125,1253.9000244140625,1261.800048828125,531440,0.0,0.0
2026-05-11 09:30:00+05:30,1261.5999755859375,1261.9000244140625,1255.199951171875,1255.199951171875,559028,0.0,0.0
2026-05-11 09:45:00+05:30,1255.0999755859375,1257.5999755859375,1255.0999755859375,1257.0,316581,0.0,0.0
2026-05-11 10:00:00+05:30,1257.0,1259.699951171875,1256.9000244140625,1258.199951171875,244557,0.0,0.0
2026-05-11 10:15:00+05:30,1258.199951171875,1260.699951171875,1257.5999755859375,1260.0,229175,0.0,0.0
2026-05-11 10:30:00+05:30,1260.0999755859375,1261.5,1259.4000244140625,1260.5,307865,0.0,0.0
2026-05-11 10:45:00+05:30,1260.5,1264.0999755859375,1259.5999755859375,1263.0,286524,0.0,0.0
2026-05-11 11:00:00+05:30,1262.9000244140625,1268.0999755859375,1262.300048828125,1267.699951171875,1325551,0.0,0.0
2026-05-11 11:15:00+05:30,1267.699951171875,1269.800048828125,1266.4000244140625,1268.4000244140625,744489,0.0,0.0
2026-05-11 11:30:00+05:30,1268.4000244140625,1272.0,1267.5999755859375,1270.9000244140625,642255,0.0,0.0
2026-05-11 11:45:00+05:30,1271.0,1272.4000244140625,1270.0,1272.0999755859375,449428,0.0,0.0
2026-05-11 12:00:00+05:30,1271.9000244140625,1273.5,1270.800048828125,1271.0999755859375,1169773,0.0,0.0
2026-05-11 12:15:00+05:30,1271.0999755859375,1271.800048828125,1270.199951171875,1270.199951171875,224802,0.0,0.0
2026-05-11 12:30:00+05:30,1270.199951171875,1271.9000244140625,1267.0999755859375,1271.300048828125,891997,0.0,0.0
2026-05-11 12:45:00+05:30,1271.4000244140625,1274.800048828125,1270.5,1274.800048828125,877451,0.0,0.0
2026-05-11 13:00:00+05:30,1274.800048828125,1275.300048828125,1271.300048828125,1275.300048828125,939574,0.0,0.0
2026-05-11 13:15:00+05:30,1275.0,1275.0,1271.4000244140625,1271.699951171875,515378,0.0,0.0
2026-05-11 13:30:00+05:30,1271.5999755859375,1275.5,1271.0,1273.9000244140625,502512,0.0,0.0
2026-05-11 13:45:00+05:30,1274.0999755859375,1275.699951171875,1274.0,1274.0999755859375,655279,0.0,0.0
2026-05-11 14:00:00+05:30,1274.0999755859375,1275.0,1271.0,1271.699951171875,891296,0.0,0.0
2026-05-11 14:15:00+05:30,1271.5,1273.5999755859375,1270.5,1271.800048828125,1040192,0.0,0.0
2026-05-11 14:30:00+05:30,1271.699951171875,1273.0,1270.0,1270.0999755859375,504908,0.0,0.0
2026-05-11 14:45:00+05:30,1270.0,1271.4000244140625,1268.5,1268.5,839319,0.0,0.0
2026-05-11 15:00:00+05:30,1268.5,1268.5999755859375,1264.199951171875,1265.5999755859375,2049280,0.0,0.0
2026-05-11 15:15:00+05:30,1266.199951171875,1267.699951171875,1265.199951171875,1267.5999755859375,1294982,0.0,0.0
2026-05-12 09:15:00+05:30,1256.0,1259.800048828125,1249.699951171875,1250.5999755859375,746591,0.0,0.0
2026-05-12 09:30:00+05:30,1250.699951171875,1251.4000244140625,1247.9000244140625,1248.199951171875,603054,0.0,0.0
2026-05-12 09:45:00+05:30,1248.199951171875,1249.199951171875,1245.5999755859375,1247.0999755859375,551690,0.0,0.0
2026-05-12 10:00:00+05:30,1246.4000244140625,1249.800048828125,1245.199951171875,1249.199951171875,395590,0.0,0.0
2026-05-12 10:15:00+05:30,1249.4000244140625,1250.800048828125,1246.0,1246.699951171875,322901,0.0,0.0
2026-05-12 10:30:00+05:30,1246.9000244140625,1247.5,1244.300048828125,1246.699951171875,611196,0.0,0.0
2026-05-12 10:45:00+05:30,1246.5999755859375,1246.699951171875,1243.0999755859375,1243.4000244140625,357257,0.0,0.0
2026-05-12 11:00:00+05:30,1243.4000244140625,1244.199951171875,1242.0,1244.199951171875,234322,0.0,0.0
2026-05-12 11:15:00+05:30,1244.199951171875,1245.5999755859375,1243.4000244140625,1244.0,279226,0.0,0.0
2026-05-12 11:30:00+05:30,1243.9000244140625,1244.800048828125,1241.5999755859375,1244.5,582008,0.0,0.0
2026-05-12 11:45:00+05:30,1244.5,1245.199951171875,1243.4000244140625,1244.5999755859375,257016,0.0,0.0
2026-05-12 12:00:00+05:30,1244.300048828125,1245.5999755859375,1243.4000244140625,1244.5999755859375,265137,0.0,0.0
2026-05-12 12:15:00+05:30,1244.300048828125,1246.199951171875,1244.0,1244.800048828125,393867,0.0,0.0
2026-05-12 12:30:00+05:30,1244.9000244140625,1245.0,1241.199951171875,1244.5999755859375,575580,0.0,0.0
2026-05-12 12:45:00+05:30,1244.5999755859375,1245.699951171875,1244.0999755859375,1245.0999755859375,391156,0.0,0.0
2026-05-12 13:00:00+05:30,1245.0999755859375,1246.0999755859375,1243.4000244140625,1245.5999755859375,514062,0.0,0.0
2026-05-12 13:15:00+05:30,1245.5999755859375,1247.699951171875,1244.0999755859375,1244.5,887001,0.0,0.0
2026-05-12 13:30:00+05:30,1244.5999755859375,1246.199951171875,1243.300048828125,1244.0,660690,0.0,0.0
2026-05-12 13:45:00+05:30,1244.5,1245.9000244140625,1241.699951171875,1242.5999755859375,597691,0.0,0.0
2026-05-12 14:00:00+05:30,1242.5,1243.9000244140625,1241.699951171875,1242.800048828125,727357,0.0,0.0
2026-05-12 14:15:00+05:30,1243.0999755859375,1245.9000244140625,1242.0999755859375,1245.300048828125,955281,0.0,0.0
2026-05-12 14:30:00+05:30,1245.300048828125,1246.5999755859375,1244.0,1245.0999755859375,830203,0.0,0.0
2026-05-12 14:45:00+05:30,1245.0,1248.0999755859375,1241.4000244140625,1242.0,1655692,0.0,0.0
2026-05-12 15:00:00+05:30,1242.0999755859375,1243.5999755859375,1238.0999755859375,1239.0,4909310,0.0,0.0
2026-05-12 15:15:00+05:30,1239.0,1244.800048828125,1238.5999755859375,1244.4000244140625,1752622,0.0,0.0
2026-05-13 09:15:00+05:30,1240.9000244140625,1247.5,1234.300048828125,1234.5,783714,0.0,0.0
2026-05-13 09:30:00+05:30,1234.5999755859375,1235.199951171875,1227.199951171875,1232.800048828125,877888,0.0,0.0
2026-05-13 09:45:00+05:30,1232.800048828125,1235.699951171875,1232.699951171875,1235.699951171875,435054,0.0,0.0
2026-05-13 10:00:00+05:30,1235.699951171875,1235.699951171875,1232.699951171875,1234.199951171875,457801,0.0,0.0
2026-05-13 10:15:00+05:30,1234.300048828125,1239.5,1234.199951171875,1238.9000244140625,787169,0.0,0.0
2026-05-13 10:30:00+05:30,1237.9000244140625,1242.4000244140625,1236.5999755859375,1242.0,681174,0.0,0.0
2026-05-13 10:45:00+05:30,1242.0999755859375,1242.0999755859375,1234.300048828125,1235.0999755859375,436515,0.0,0.0
2026-05-13 11:00:00+05:30,1235.0,1239.699951171875,1234.9000244140625,1239.300048828125,632233,0.0,0.0
2026-05-13 11:15:00+05:30,1239.300048828125,1239.300048828125,1237.0,1237.4000244140625,260555,0.0,0.0
2026-05-13 11:30:00+05:30,1237.5999755859375,1241.9000244140625,1236.9000244140625,1241.4000244140625,695706,0.0,0.0
2026-05-13 11:45:00+05:30,1241.5999755859375,1241.800048828125,1238.5999755859375,1239.800048828125,615233,0.0,0.0
2026-05-13 12:00:00+05:30,1239.4000244140625,1241.9000244140625,1239.4000244140625,1241.9000244140625,554398,0.0,0.0
2026-05-13 12:15:00+05:30,1242.0,1245.0,1240.199951171875,1243.0999755859375,1107603,0.0,0.0
2026-05-13 12:30:00+05:30,1243.5,1243.9000244140625,1240.5,1242.800048828125,603071,0.0,0.0
2026-05-13 12:45:00+05:30,1242.5999755859375,1249.0,1242.0999755859375,1248.4000244140625,1488614,0.0,0.0
2026-05-13 13:00:00+05:30,1248.800048828125,1248.9000244140625,1243.0,1243.0,363241,0.0,0.0
2026-05-13 13:15:00+05:30,1243.199951171875,1243.4000244140625,1240.800048828125,1241.5999755859375,333631,0.0,0.0
2026-05-13 13:30:00+05:30,1241.5999755859375,1244.300048828125,1241.5,1242.5999755859375,421244,0.0,0.0
2026-05-13 13:45:00+05:30,1242.5,1243.699951171875,1241.4000244140625,1242.699951171875,388081,0.0,0.0
2026-05-13 14:00:00+05:30,1242.800048828125,1242.9000244140625,1241.5,1242.5,597370,0.0,0.0
2026-05-13 14:15:00+05:30,1242.199951171875,1242.699951171875,1238.699951171875,1240.0,477046,0.0,0.0
2026-05-13 14:30:00+05:30,1240.5,1240.9000244140625,1239.0999755859375,1239.4000244140625,502314,0.0,0.0
2026-05-13 14:45:00+05:30,1239.5,1240.9000244140625,1237.9000244140625,1240.0999755859375,487931,0.0,0.0
2026-05-13 15:00:00+05:30,1240.0999755859375,1240.0999755859375,1234.0999755859375,1237.699951171875,2022221,0.0,0.0
2026-05-13 15:15:00+05:30,1237.0999755859375,1237.800048828125,1233.5999755859375,1235.699951171875,2595942,0.0,0.0
2026-05-14 09:15:00+05:30,1240.0999755859375,1248.5,1240.0999755859375,1248.4000244140625,207361,0.0,0.0
2026-05-14 09:30:00+05:30,1248.5,1248.699951171875,1242.5,1242.699951171875,299829,0.0,0.0
2026-05-14 09:45:00+05:30,1242.800048828125,1243.9000244140625,1238.9000244140625,1240.0,772901,0.0,0.0
2026-05-14 10:00:00+05:30,1240.199951171875,1241.0999755859375,1238.300048828125,1241.0999755859375,234936,0.0,0.0
2026-05-14 10:15:00+05:30,1241.0999755859375,1242.5,1239.5,1241.9000244140625,261697,0.0,0.0
2026-05-14 10:30:00+05:30,1242.0,1243.0,1239.5,1239.800048828125,322615,0.0,0.0
2026-05-14 10:45:00+05:30,1239.800048828125,1240.4000244140625,1236.4000244140625,1236.800048828125,316963,0.0,0.0
2026-05-14 11:00:00+05:30,1236.699951171875,1239.199951171875,1236.5,1239.199951171875,224208,0.0,0.0
2026-05-14 11:15:00+05:30,1239.0,1244.699951171875,1239.0,1244.199951171875,1192039,0.0,0.0
2026-05-14 11:30:00+05:30,1244.300048828125,1254.5999755859375,1244.300048828125,1254.4000244140625,2110866,0.0,0.0
2026-05-14 11:45:00+05:30,1254.4000244140625,1256.0,1251.0,1252.5,669975,0.0,0.0
2026-05-14 12:00:00+05:30,1252.5,1254.9000244140625,1252.0999755859375,1254.9000244140625,434698,0.0,0.0
2026-05-14 12:15:00+05:30,1254.9000244140625,1256.699951171875,1253.199951171875,1254.9000244140625,372701,0.0,0.0
2026-05-14 12:30:00+05:30,1254.9000244140625,1256.0,1251.5,1253.0,381654,0.0,0.0
2026-05-14 12:45:00+05:30,1252.9000244140625,1253.4000244140625,1249.5999755859375,1249.800048828125,338286,0.0,0.0
2026-05-14 13:00:00+05:30,1249.9000244140625,1252.199951171875,1249.4000244140625,1251.800048828125,463533,0.0,0.0
2026-05-14 13:15:00+05:30,1251.699951171875,1252.199951171875,1249.9000244140625,1250.699951171875,310603,0.0,0.0
2026-05-14 13:30:00+05:30,1250.699951171875,1256.0,1249.9000244140625,1255.800048828125,918395,0.0,0.0
2026-05-14 13:45:00+05:30,1255.800048828125,1256.4000244140625,1251.199951171875,1253.699951171875,1115695,0.0,0.0
2026-05-14 14:00:00+05:30,1253.800048828125,1254.199951171875,1251.699951171875,1252.0,306023,0.0,0.0
2026-05-14 14:15:00+05:30,1252.0,1253.5,1251.199951171875,1252.5999755859375,386434,0.0,0.0
2026-05-14 14:30:00+05:30,1252.5999755859375,1254.0,1251.4000244140625,1252.5,736725,0.0,0.0
2026-05-14 14:45:00+05:30,1252.4000244140625,1252.9000244140625,1249.699951171875,1251.199951171875,477763,0.0,0.0
2026-05-14 15:00:00+05:30,1250.5999755859375,1250.800048828125,1242.4000244140625,1243.0999755859375,2211850,0.0,0.0
2026-05-14 15:15:00+05:30,1243.4000244140625,1249.4000244140625,1242.0999755859375,1246.0,1060257,0.0,0.0
2026-05-15 09:15:00+05:30,1254.199951171875,1254.199951171875,1243.5,1247.5999755859375,353618,0.0,0.0
2026-05-15 09:30:00+05:30,1247.800048828125,1252.0999755859375,1247.0999755859375,1251.800048828125,486905,0.0,0.0
2026-05-15 09:45:00+05:30,1252.0,1252.300048828125,1248.300048828125,1249.0,295859,0.0,0.0
2026-05-15 10:00:00+05:30,1249.199951171875,1250.9000244140625,1248.199951171875,1250.5,246913,0.0,0.0
2026-05-15 10:15:00+05:30,1250.4000244140625,1251.800048828125,1249.800048828125,1250.5999755859375,352930,0.0,0.0
2026-05-15 10:30:00+05:30,1250.699951171875,1250.699951171875,1249.0999755859375,1250.0999755859375,195839,0.0,0.0
2026-05-15 10:45:00+05:30,1250.0999755859375,1251.300048828125,1250.0,1250.4000244140625,96128,0.0,0.0
2026-05-15 11:00:00+05:30,1250.4000244140625,1250.5,1245.0,1245.800048828125,236885,0.0,0.0
2026-05-15 11:15:00+05:30,1245.4000244140625,1247.0999755859375,1244.5999755859375,1245.199951171875,364172,0.0,0.0
2026-05-15 11:30:00+05:30,1245.0999755859375,1247.199951171875,1242.5,1246.5,188025,0.0,0.0
2026-05-15 11:45:00+05:30,1246.5,1247.199951171875,1244.699951171875,1246.0,636561,0.0,0.0
2026-05-15 12:00:00+05:30,1246.199951171875,1248.9000244140625,1245.5999755859375,1248.0999755859375,133985,0.0,0.0
2026-05-15 12:15:00+05:30,1248.0999755859375,1248.5999755859375,1246.5,1248.0,437589,0.0,0.0
2026-05-15 12:30:00+05:30,1248.0,1251.0,1247.199951171875,1250.199951171875,746959,0.0,0.0
2026-05-15 12:45:00+05:30,1250.199951171875,1251.0,1250.0999755859375,1250.800048828125,196721,0.0,0.0
2026-05-15 13:00:00+05:30,1250.800048828125,1251.0,1250.300048828125,1251.0,110480,0.0,0.0
2026-05-15 13:15:00+05:30,1251.0,1252.300048828125,1250.5999755859375,1251.9000244140625,533140,0.0,0.0
2026-05-15 13:30:00+05:30,1252.0,1252.0,1250.0,1250.300048828125,126582,0.0,0.0
2026-05-15 13:45:00+05:30,1250.5999755859375,1251.9000244140625,1248.9000244140625,1251.0,582988,0.0,0.0
2026-05-15 14:00:00+05:30,1251.0,1251.300048828125,1250.0,1251.0,136233,0.0,0.0
2026-05-15 14:15:00+05:30,1251.0,1252.0999755859375,1250.0,1250.0,586414,0.0,0.0
2026-05-15 14:30:00+05:30,1250.300048828125,1250.699951171875,1250.0,1250.199951171875,475634,0.0,0.0
2026-05-15 14:45:00+05:30,1250.300048828125,1250.5999755859375,1245.300048828125,1248.4000244140625,1199190,0.0,0.0
2026-05-15 15:00:00+05:30,1248.5999755859375,1248.699951171875,1242.0999755859375,1243.800048828125,1263716,0.0,0.0
2026-05-15 15:15:00+05:30,1243.9000244140625,1247.9000244140625,1242.199951171875,1244.5,875874,0.0,0.0
2026-05-18 09:15:00+05:30,1235.5,1240.4000244140625,1234.0999755859375,1238.0,240629,0.0,0.0
2026-05-18 09:30:00+05:30,1238.199951171875,1238.699951171875,1236.0,1237.199951171875,418816,0.0,0.0
2026-05-18 09:45:00+05:30,1237.199951171875,1237.699951171875,1233.300048828125,1235.4000244140625,253883,0.0,0.0
2026-05-18 10:00:00+05:30,1235.4000244140625,1236.199951171875,1234.199951171875,1234.800048828125,266101,0.0,0.0
2026-05-18 10:15:00+05:30,1234.699951171875,1236.199951171875,1234.4000244140625,1235.5,261788,0.0,0.0
2026-05-18 10:30:00+05:30,1235.5999755859375,1236.5,1234.5999755859375,1235.699951171875,375642,0.0,0.0
2026-05-18 10:45:00+05:30,1235.800048828125,1238.0,1235.4000244140625,1237.300048828125,283427,0.0,0.0
2026-05-18 11:00:00+05:30,1237.300048828125,1237.5999755859375,1236.300048828125,1236.9000244140625,247302,0.0,0.0
2026-05-18 11:15:00+05:30,1236.9000244140625,1238.5,1236.5,1236.9000244140625,414333,0.0,0.0
2026-05-18 11:30:00+05:30,1237.0,1243.199951171875,1236.9000244140625,1240.0,808916,0.0,0.0
2026-05-18 11:45:00+05:30,1239.9000244140625,1240.0999755859375,1235.699951171875,1235.699951171875,210588,0.0,0.0
2026-05-18 12:00:00+05:30,1235.800048828125,1239.0,1234.9000244140625,1238.800048828125,401886,0.0,0.0
2026-05-18 12:15:00+05:30,1238.4000244140625,1238.699951171875,1237.0999755859375,1238.300048828125,308915,0.0,0.0
2026-05-18 12:30:00+05:30,1238.4000244140625,1242.5999755859375,1238.300048828125,1241.199951171875,501381,0.0,0.0
2026-05-18 12:45:00+05:30,1241.199951171875,1245.800048828125,1240.9000244140625,1245.5,803147,0.0,0.0
2026-05-18 13:00:00+05:30,1245.5999755859375,1246.699951171875,1242.9000244140625,1246.5,847008,0.0,0.0
2026-05-18 13:15:00+05:30,1246.4000244140625,1247.800048828125,1245.0,1247.300048828125,510482,0.0,0.0
2026-05-18 13:30:00+05:30,1247.5,1248.9000244140625,1245.699951171875,1247.199951171875,288753,0.0,0.0
2026-05-18 13:45:00+05:30,1247.199951171875,1249.0,1246.800048828125,1248.699951171875,410112,0.0,0.0
2026-05-18 14:00:00+05:30,1248.699951171875,1251.0999755859375,1248.300048828125,1249.5999755859375,572587,0.0,0.0
2026-05-18 14:15:00+05:30,1249.5999755859375,1251.4000244140625,1248.9000244140625,1250.5,563436,0.0,0.0
2026-05-18 14:30:00+05:30,1250.300048828125,1250.4000244140625,1247.699951171875,1249.0,572937,0.0,0.0
2026-05-18 14:45:00+05:30,1249.0,1249.4000244140625,1246.9000244140625,1248.199951171875,764568,0.0,0.0
2026-05-18 15:00:00+05:30,1248.199951171875,1253.699951171875,1248.0999755859375,1248.9000244140625,1801176,0.0,0.0
2026-05-18 15:15:00+05:30,1248.9000244140625,1253.5,1248.5999755859375,1251.0999755859375,821401,0.0,0.0
2026-05-19 09:15:00+05:30,1251.699951171875,1256.199951171875,1246.199951171875,1246.800048828125,452673,0.0,0.0
2026-05-19 09:30:00+05:30,1246.800048828125,1247.0,1242.0,1244.699951171875,983454,0.0,0.0
2026-05-19 09:45:00+05:30,1244.800048828125,1244.800048828125,1233.699951171875,1236.800048828125,20651113,0.0,0.0
2026-05-19 10:00:00+05:30,1236.699951171875,1243.0,1236.699951171875,1242.5,730600,0.0,0.0
2026-05-19 10:15:00+05:30,1242.4000244140625,1243.699951171875,1240.0999755859375,1242.5,438472,0.0,0.0
2026-05-19 10:30:00+05:30,1242.5999755859375,1243.0,1240.300048828125,1242.699951171875,462508,0.0,0.0
2026-05-19 10:45:00+05:30,1242.699951171875,1242.800048828125,1240.0,1242.199951171875,317776,0.0,0.0
2026-05-19 11:00:00+05:30,1242.199951171875,1242.199951171875,1238.0999755859375,1239.800048828125,490244,0.0,0.0
2026-05-19 11:15:00+05:30,1240.0999755859375,1240.0999755859375,1237.0,1237.5999755859375,435212,0.0,0.0
2026-05-19 11:30:00+05:30,1237.800048828125,1242.0,1237.0,1241.699951171875,606871,0.0,0.0
2026-05-19 11:45:00+05:30,1241.9000244140625,1243.4000244140625,1241.300048828125,1242.300048828125,484396,0.0,0.0
2026-05-19 12:00:00+05:30,1242.5999755859375,1243.300048828125,1241.0999755859375,1241.9000244140625,741133,0.0,0.0
2026-05-19 12:15:00+05:30,1241.9000244140625,1245.800048828125,1241.199951171875,1245.5,526640,0.0,0.0
2026-05-19 12:30:00+05:30,1245.5,1245.699951171875,1242.800048828125,1245.4000244140625,432050,0.0,0.0
2026-05-19 12:45:00+05:30,1245.4000244140625,1248.699951171875,1245.0,1247.699951171875,1661589,0.0,0.0
2026-05-19 13:00:00+05:30,1247.800048828125,1248.300048828125,1244.5999755859375,1245.4000244140625,368002,0.0,0.0
2026-05-19 13:15:00+05:30,1245.4000244140625,1246.800048828125,1244.5999755859375,1245.5999755859375,321519,0.0,0.0
2026-05-19 13:30:00+05:30,1246.300048828125,1247.800048828125,1244.0,1245.5,706569,0.0,0.0
2026-05-19 13:45:00+05:30,1245.5,1247.5,1245.0999755859375,1246.5999755859375,1155078,0.0,0.0
2026-05-19 14:00:00+05:30,1246.5999755859375,1248.4000244140625,1245.199951171875,1246.5,742427,0.0,0.0
2026-05-19 14:15:00+05:30,1246.300048828125,1248.0,1244.5999755859375,1245.9000244140625,929341,0.0,0.0
2026-05-19 14:30:00+05:30,1246.0,1247.5,1244.5999755859375,1245.4000244140625,430368,0.0,0.0
2026-05-19 14:45:00+05:30,1245.4000244140625,1245.4000244140625,1241.0,1243.199951171875,931576,0.0,0.0
2026-05-19 15:00:00+05:30,1243.0999755859375,1243.300048828125,1237.199951171875,1240.9000244140625,2587284,0.0,0.0
2026-05-19 15:15:00+05:30,1240.699951171875,1243.5,1240.0999755859375,1242.9000244140625,990758,0.0,0.0
2026-05-20 09:15:00+05:30,1228.5999755859375,1230.4000244140625,1223.9000244140625,1230.0999755859375,352208,0.0,0.0
2026-05-20 09:30:00+05:30,1230.199951171875,1233.5999755859375,1228.800048828125,1233.5999755859375,350153,0.0,0.0
2026-05-20 09:45:00+05:30,1233.5999755859375,1233.800048828125,1229.0,1231.9000244140625,405889,0.0,0.0
2026-05-20 10:00:00+05:30,1231.9000244140625,1232.5999755859375,1229.0999755859375,1230.0,272143,0.0,0.0
2026-05-20 10:15:00+05:30,1230.0999755859375,1231.5,1228.0,1231.0999755859375,294617,0.0,0.0
2026-05-20 10:30:00+05:30,1231.5999755859375,1233.199951171875,1230.4000244140625,1230.9000244140625,311554,0.0,0.0
2026-05-20 10:45:00+05:30,1231.0,1231.0,1228.800048828125,1230.699951171875,193524,0.0,0.0
2026-05-20 11:00:00+05:30,1230.800048828125,1235.300048828125,1230.800048828125,1233.199951171875,591298,0.0,0.0
2026-05-20 11:15:00+05:30,1233.0,1234.699951171875,1232.0,1233.5999755859375,216533,0.0,0.0
2026-05-20 11:30:00+05:30,1233.699951171875,1235.5999755859375,1233.0,1233.300048828125,289466,0.0,0.0
2026-05-20 11:45:00+05:30,1233.5999755859375,1235.800048828125,1232.4000244140625,1232.4000244140625,912055,0.0,0.0
2026-05-20 12:00:00+05:30,1232.4000244140625,1233.0,1230.0,1231.199951171875,370015,0.0,0.0
2026-05-20 12:15:00+05:30,1231.5,1233.4000244140625,1230.5,1231.4000244140625,266048,0.0,0.0
2026-05-20 12:30:00+05:30,1231.5,1232.699951171875,1229.5,1230.800048828125,271468,0.0,0.0
2026-05-20 12:45:00+05:30,1230.300048828125,1231.5999755859375,1230.0,1230.800048828125,246926,0.0,0.0
2026-05-20 13:00:00+05:30,1230.9000244140625,1231.9000244140625,1229.199951171875,1229.5,672409,0.0,0.0
2026-05-20 13:15:00+05:30,1229.300048828125,1230.0,1226.699951171875,1227.300048828125,1145475,0.0,0.0
2026-05-20 13:30:00+05:30,1227.300048828125,1230.4000244140625,1227.300048828125,1228.5,1076714,0.0,0.0
2026-05-20 13:45:00+05:30,1229.0,1231.0999755859375,1227.5999755859375,1231.0999755859375,606120,0.0,0.0
2026-05-20 14:00:00+05:30,1231.699951171875,1232.9000244140625,1230.800048828125,1232.4000244140625,810803,0.0,0.0
2026-05-20 14:15:00+05:30,1232.4000244140625,1235.199951171875,1231.4000244140625,1234.5999755859375,974119,0.0,0.0
2026-05-20 14:30:00+05:30,1234.5999755859375,1236.699951171875,1233.9000244140625,1236.699951171875,400306,0.0,0.0
2026-05-20 14:45:00+05:30,1236.0999755859375,1238.9000244140625,1235.9000244140625,1238.5999755859375,700142,0.0,0.0
2026-05-20 15:00:00+05:30,1238.199951171875,1238.5999755859375,1235.5,1237.300048828125,1472931,0.0,0.0
2026-05-20 15:15:00+05:30,1237.5999755859375,1238.300048828125,1236.0,1236.0,1153667,0.0,0.0
2026-05-21 09:15:00+05:30,1246.300048828125,1246.5999755859375,1241.199951171875,1243.0999755859375,216091,0.0,0.0
2026-05-21 09:30:00+05:30,1243.0999755859375,1245.800048828125,1240.300048828125,1245.199951171875,435472,0.0,0.0
2026-05-21 09:45:00+05:30,1245.0999755859375,1246.0999755859375,1243.699951171875,1243.9000244140625,349795,0.0,0.0
2026-05-21 10:00:00+05:30,1243.9000244140625,1245.4000244140625,1242.5999755859375,1244.699951171875,254671,0.0,0.0
2026-05-21 10:15:00+05:30,1244.800048828125,1246.4000244140625,1244.4000244140625,1245.699951171875,286988,0.0,0.0
2026-05-21 10:30:00+05:30,1245.699951171875,1246.199951171875,1244.0,1245.300048828125,282402,0.0,0.0
2026-05-21 10:45:00+05:30,1245.300048828125,1246.0999755859375,1242.4000244140625,1243.5999755859375,254453,0.0,0.0
2026-05-21 11:00:00+05:30,1243.5999755859375,1243.9000244140625,1242.0999755859375,1242.800048828125,348288,0.0,0.0
2026-05-21 11:15:00+05:30,1242.800048828125,1245.9000244140625,1239.4000244140625,1245.9000244140625,266943,0.0,0.0
2026-05-21 11:30:00+05:30,1246.0,1248.300048828125,1245.0,1248.300048828125,299640,0.0,0.0
2026-05-21 11:45:00+05:30,1248.0,1248.300048828125,1245.300048828125,1245.300048828125,230624,0.0,0.0
2026-05-21 12:00:00+05:30,1245.300048828125,1247.800048828125,1244.5999755859375,1245.0,240140,0.0,0.0
2026-05-21 12:15:00+05:30,1244.5,1246.9000244140625,1241.800048828125,1242.4000244140625,1097067,0.0,0.0
2026-05-21 12:30:00+05:30,1242.0999755859375,1242.300048828125,1238.199951171875,1240.199951171875,780944,0.0,0.0
2026-05-21 12:45:00+05:30,1240.5999755859375,1240.5999755859375,1235.5999755859375,1236.0,361438,0.0,0.0
2026-05-21 13:00:00+05:30,1235.800048828125,1238.5999755859375,1234.4000244140625,1237.9000244140625,607288,0.0,0.0
2026-05-21 13:15:00+05:30,1238.0,1239.5,1236.5,1236.5,573715,0.0,0.0
2026-05-21 13:30:00+05:30,1236.5,1242.0,1235.5999755859375,1241.0,239773,0.0,0.0
2026-05-21 13:45:00+05:30,1241.0,1241.9000244140625,1238.0,1239.800048828125,340948,0.0,0.0
2026-05-21 14:00:00+05:30,1240.0,1240.5,1238.0,1239.800048828125,426334,0.0,0.0
2026-05-21 14:15:00+05:30,1240.0,1242.9000244140625,1239.0,1240.9000244140625,376027,0.0,0.0
2026-05-21 14:30:00+05:30,1241.0,1245.4000244140625,1240.800048828125,1243.800048828125,1261194,0.0,0.0
2026-05-21 14:45:00+05:30,1243.800048828125,1245.800048828125,1243.300048828125,1244.5,703025,0.0,0.0
2026-05-21 15:00:00+05:30,1244.699951171875,1245.199951171875,1241.199951171875,1242.0,2767075,0.0,0.0
2026-05-21 15:15:00+05:30,1241.4000244140625,1244.5,1240.0,1242.800048828125,1125172,0.0,0.0
2026-05-22 09:15:00+05:30,1244.699951171875,1261.199951171875,1244.699951171875,1261.199951171875,809315,0.0,0.0
2026-05-22 09:30:00+05:30,1261.199951171875,1264.699951171875,1260.0,1262.5,903863,0.0,0.0
2026-05-22 09:45:00+05:30,1262.699951171875,1265.0,1262.199951171875,1264.9000244140625,439958,0.0,0.0
2026-05-22 10:00:00+05:30,1264.9000244140625,1267.0,1263.0,1266.4000244140625,642468,0.0,0.0
2026-05-22 10:15:00+05:30,1266.4000244140625,1267.800048828125,1264.0999755859375,1264.5,472206,0.0,0.0
2026-05-22 10:30:00+05:30,1264.5,1265.0,1263.0,1264.5999755859375,241216,0.0,0.0
2026-05-22 10:45:00+05:30,1264.5999755859375,1265.0,1262.4000244140625,1263.0,259633,0.0,0.0
2026-05-22 11:00:00+05:30,1262.9000244140625,1263.800048828125,1261.699951171875,1262.9000244140625,265486,0.0,0.0
2026-05-22 11:15:00+05:30,1263.199951171875,1263.300048828125,1259.800048828125,1260.300048828125,334746,0.0,0.0
2026-05-22 11:30:00+05:30,1260.300048828125,1263.9000244140625,1259.5999755859375,1263.800048828125,428219,0.0,0.0
2026-05-22 11:45:00+05:30,1263.699951171875,1265.300048828125,1263.4000244140625,1265.0999755859375,197722,0.0,0.0
2026-05-22 12:00:00+05:30,1265.4000244140625,1267.5,1264.300048828125,1267.0999755859375,251195,0.0,0.0
2026-05-22 12:15:00+05:30,1267.199951171875,1268.4000244140625,1266.300048828125,1266.699951171875,390773,0.0,0.0
2026-05-22 12:30:00+05:30,1266.800048828125,1267.5,1265.0999755859375,1266.5999755859375,455690,0.0,0.0
2026-05-22 12:45:00+05:30,1266.9000244140625,1270.5,1266.199951171875,1269.0999755859375,496160,0.0,0.0
2026-05-22 13:00:00+05:30,1269.199951171875,1270.0999755859375,1266.300048828125,1266.5,668122,0.0,0.0
2026-05-22 13:15:00+05:30,1267.0999755859375,1269.0,1266.0,1268.800048828125,249482,0.0,0.0
2026-05-22 13:30:00+05:30,1268.800048828125,1269.800048828125,1268.0,1268.9000244140625,360150,0.0,0.0
2026-05-22 13:45:00+05:30,1269.0,1270.699951171875,1267.300048828125,1268.0999755859375,594970,0.0,0.0
2026-05-22 14:00:00+05:30,1268.199951171875,1269.199951171875,1267.5,1268.0999755859375,302139,0.0,0.0
2026-05-22 14:15:00+05:30,1268.0999755859375,1268.800048828125,1264.0999755859375,1264.300048828125,260002,0.0,0.0
2026-05-22 14:30:00+05:30,1264.4000244140625,1265.0,1262.4000244140625,1262.5,280008,0.0,0.0
2026-05-22 14:45:00+05:30,1262.699951171875,1263.5999755859375,1262.0,1263.199951171875,376295,0.0,0.0
2026-05-22 15:00:00+05:30,1263.199951171875,1263.9000244140625,1261.5999755859375,1263.5999755859375,760771,0.0,0.0
2026-05-22 15:15:00+05:30,1263.699951171875,1268.800048828125,1263.4000244140625,1267.199951171875,893047,0.0,0.0
2026-05-25 09:15:00+05:30,1275.9000244140625,1284.300048828125,1275.9000244140625,1280.5,929625,0.0,0.0
2026-05-25 09:30:00+05:30,1280.699951171875,1282.199951171875,1278.300048828125,1281.0999755859375,1645214,0.0,0.0
2026-05-25 09:45:00+05:30,1281.300048828125,1281.4000244140625,1274.0,1275.0999755859375,1311069,0.0,0.0
2026-05-25 10:00:00+05:30,1275.5,1277.699951171875,1273.699951171875,1276.699951171875,228684,0.0,0.0
2026-05-25 10:15:00+05:30,1276.5,1280.0,1276.4000244140625,1280.0,301189,0.0,0.0
2026-05-25 10:30:00+05:30,1280.0999755859375,1282.5999755859375,1280.0999755859375,1281.5,622952,0.0,0.0
2026-05-25 10:45:00+05:30,1281.4000244140625,1282.5,1277.5,1278.0,367995,0.0,0.0
2026-05-25 11:00:00+05:30,1278.199951171875,1280.699951171875,1277.5999755859375,1280.699951171875,349672,0.0,0.0
2026-05-25 11:15:00+05:30,1280.5,1280.699951171875,1278.4000244140625,1279.5,236090,0.0,0.0
2026-05-25 11:30:00+05:30,1279.5,1280.300048828125,1277.699951171875,1278.5999755859375,297902,0.0,0.0
2026-05-25 11:45:00+05:30,1278.800048828125,1280.699951171875,1278.4000244140625,1279.800048828125,215455,0.0,0.0
2026-05-25 12:00:00+05:30,1280.0,1280.0,1277.5999755859375,1278.199951171875,161840,0.0,0.0
2026-05-25 12:15:00+05:30,1278.300048828125,1278.9000244140625,1277.0999755859375,1277.800048828125,174256,0.0,0.0
2026-05-25 12:30:00+05:30,1277.5,1278.800048828125,1277.0999755859375,1277.4000244140625,114540,0.0,0.0
2026-05-25 12:45:00+05:30,1277.5,1278.800048828125,1276.800048828125,1278.5999755859375,264100,0.0,0.0
2026-05-25 13:00:00+05:30,1278.5999755859375,1282.0,1278.0,1281.300048828125,302703,0.0,0.0
2026-05-25 13:15:00+05:30,1281.300048828125,1282.0,1280.5,1281.300048828125,209386,0.0,0.0
2026-05-25 13:30:00+05:30,1281.300048828125,1283.0,1281.0999755859375,1281.5999755859375,402314,0.0,0.0
2026-05-25 13:45:00+05:30,1281.4000244140625,1284.0999755859375,1281.300048828125,1283.0,598431,0.0,0.0
2026-05-25 14:00:00+05:30,1283.0,1284.5999755859375,1281.5999755859375,1283.699951171875,540636,0.0,0.0
2026-05-25 14:15:00+05:30,1283.699951171875,1285.5,1283.4000244140625,1285.0999755859375,204316,0.0,0.0
2026-05-25 14:30:00+05:30,1285.0999755859375,1287.0999755859375,1284.699951171875,1287.0,270396,0.0,0.0
2026-05-25 14:45:00+05:30,1287.0,1290.699951171875,1286.699951171875,1290.699951171875,700658,0.0,0.0
2026-05-25 15:00:00+05:30,1290.300048828125,1293.0,1290.0,1292.4000244140625,1193246,0.0,0.0
2026-05-25 15:15:00+05:30,1292.4000244140625,1293.5,1290.699951171875,1291.800048828125,939630,0.0,0.0
2026-05-26 09:15:00+05:30,1289.800048828125,1296.300048828125,1283.0999755859375,1295.699951171875,599949,0.0,0.0
2026-05-26 09:30:00+05:30,1296.0,1301.800048828125,1295.300048828125,1299.300048828125,1343601,0.0,0.0
2026-05-26 09:45:00+05:30,1299.699951171875,1299.800048828125,1294.0999755859375,1294.9000244140625,685833,0.0,0.0
2026-05-26 10:00:00+05:30,1295.0,1298.0,1293.5,1293.5999755859375,429520,0.0,0.0
2026-05-26 10:15:00+05:30,1293.5999755859375,1295.4000244140625,1291.0999755859375,1293.800048828125,382389,0.0,0.0
2026-05-26 10:30:00+05:30,1293.800048828125,1296.300048828125,1291.5999755859375,1296.0999755859375,574940,0.0,0.0
2026-05-26 10:45:00+05:30,1296.0999755859375,1297.0,1295.0999755859375,1296.5,348617,0.0,0.0
2026-05-26 11:00:00+05:30,1296.5,1297.5999755859375,1295.199951171875,1297.199951171875,633538,0.0,0.0
2026-05-26 11:15:00+05:30,1297.0999755859375,1298.5,1295.0999755859375,1295.5,544395,0.0,0.0
2026-05-26 11:30:00+05:30,1295.699951171875,1297.199951171875,1293.199951171875,1295.5,432643,0.0,0.0
2026-05-26 11:45:00+05:30,1295.5,1295.699951171875,1291.0999755859375,1291.800048828125,421383,0.0,0.0
2026-05-26 12:00:00+05:30,1291.800048828125,1292.0,1288.4000244140625,1289.4000244140625,288037,0.0,0.0
2026-05-26 12:15:00+05:30,1289.5,1292.800048828125,1288.9000244140625,1290.300048828125,419508,0.0,0.0
2026-05-26 12:30:00+05:30,1290.300048828125,1292.0999755859375,1289.699951171875,1289.699951171875,338870,0.0,0.0
2026-05-26 12:45:00+05:30,1290.0999755859375,1290.300048828125,1286.5,1289.800048828125,752359,0.0,0.0
2026-05-26 13:00:00+05:30,1289.9000244140625,1289.9000244140625,1286.4000244140625,1286.699951171875,394535,0.0,0.0
2026-05-26 13:15:00+05:30,1286.9000244140625,1289.0999755859375,1285.5,1287.5999755859375,868711,0.0,0.0
2026-05-26 13:30:00+05:30,1288.5,1289.199951171875,1283.800048828125,1283.800048828125,576216,0.0,0.0
2026-05-26 13:45:00+05:30,1283.9000244140625,1285.5999755859375,1282.5999755859375,1282.5999755859375,933046,0.0,0.0
2026-05-26 14:00:00+05:30,1282.5999755859375,1285.199951171875,1281.0,1282.0,655932,0.0,0.0
2026-05-26 14:15:00+05:30,1282.300048828125,1283.0999755859375,1279.699951171875,1281.0999755859375,667871,0.0,0.0
2026-05-26 14:30:00+05:30,1281.300048828125,1282.9000244140625,1279.5,1280.9000244140625,821940,0.0,0.0
2026-05-26 14:45:00+05:30,1281.0,1281.0,1279.4000244140625,1279.4000244140625,311547,0.0,0.0
2026-05-26 15:00:00+05:30,1279.5,1282.5999755859375,1276.5999755859375,1278.800048828125,3718585,0.0,0.0
2026-05-26 15:15:00+05:30,1279.300048828125,1280.9000244140625,1278.0,1280.9000244140625,727864,0.0,0.0
2026-05-27 09:15:00+05:30,1285.0999755859375,1286.800048828125,1275.199951171875,1277.5,300053,0.0,0.0
2026-05-27 09:30:00+05:30,1277.0999755859375,1283.4000244140625,1274.300048828125,1282.9000244140625,459151,0.0,0.0
2026-05-27 09:45:00+05:30,1283.0,1284.199951171875,1280.300048828125,1282.199951171875,430325,0.0,0.0
2026-05-27 10:00:00+05:30,1282.0,1288.4000244140625,1280.9000244140625,1288.4000244140625,331205,0.0,0.0
2026-05-27 10:15:00+05:30,1288.300048828125,1293.4000244140625,1287.800048828125,1291.199951171875,666182,0.0,0.0
2026-05-27 10:30:00+05:30,1291.4000244140625,1292.800048828125,1288.800048828125,1288.800048828125,613913,0.0,0.0
2026-05-27 10:45:00+05:30,1288.9000244140625,1291.9000244140625,1287.9000244140625,1290.699951171875,631451,0.0,0.0
2026-05-27 11:00:00+05:30,1290.5999755859375,1290.800048828125,1285.5999755859375,1286.5,228255,0.0,0.0
2026-05-27 11:15:00+05:30,1286.0999755859375,1290.0,1285.800048828125,1289.0999755859375,185258,0.0,0.0
2026-05-27 11:30:00+05:30,1289.0999755859375,1290.4000244140625,1286.5,1287.699951171875,436981,0.0,0.0
2026-05-27 11:45:00+05:30,1287.699951171875,1289.0,1286.0,1286.199951171875,183899,0.0,0.0
2026-05-27 12:00:00+05:30,1286.5,1287.0,1283.4000244140625,1283.5999755859375,318327,0.0,0.0
2026-05-27 12:15:00+05:30,1283.5999755859375,1286.5999755859375,1282.9000244140625,1282.9000244140625,610778,0.0,0.0
2026-05-27 12:30:00+05:30,1283.300048828125,1284.300048828125,1282.4000244140625,1284.199951171875,134160,0.0,0.0
2026-05-27 12:45:00+05:30,1284.300048828125,1284.300048828125,1281.199951171875,1281.300048828125,75567,0.0,0.0
2026-05-27 13:00:00+05:30,1281.5999755859375,1284.5,1279.0,1279.199951171875,1691939,0.0,0.0
2026-05-27 13:15:00+05:30,1279.199951171875,1279.5999755859375,1277.0,1277.199951171875,217055,0.0,0.0
2026-05-27 13:30:00+05:30,1277.199951171875,1279.5999755859375,1274.0999755859375,1274.199951171875,3620706,0.0,0.0
2026-05-27 13:45:00+05:30,1274.5999755859375,1276.9000244140625,1273.0999755859375,1276.300048828125,396981,0.0,0.0
2026-05-27 14:00:00+05:30,1276.300048828125,1277.5,1270.5999755859375,1270.5999755859375,566286,0.0,0.0
2026-05-27 14:15:00+05:30,1270.5999755859375,1275.0999755859375,1270.300048828125,1271.4000244140625,1128761,0.0,0.0
2026-05-27 14:30:00+05:30,1271.4000244140625,1272.0,1266.800048828125,1267.199951171875,993743,0.0,0.0
2026-05-27 14:45:00+05:30,1267.0999755859375,1271.300048828125,1267.0,1270.5,1122339,0.0,0.0
2026-05-27 15:00:00+05:30,1270.800048828125,1274.0,1269.9000244140625,1274.0,1387819,0.0,0.0
2026-05-27 15:15:00+05:30,1274.0999755859375,1274.699951171875,1270.199951171875,1272.699951171875,1067751,0.0,0.0
2026-05-29 09:15:00+05:30,1281.4000244140625,1287.699951171875,1276.0999755859375,1276.0999755859375,671249,0.0,0.0
2026-05-29 09:30:00+05:30,1276.0999755859375,1279.9000244140625,1275.800048828125,1276.699951171875,684154,0.0,0.0
2026-05-29 09:45:00+05:30,1276.699951171875,1277.800048828125,1274.4000244140625,1275.4000244140625,530299,0.0,0.0
2026-05-29 10:00:00+05:30,1275.4000244140625,1280.0,1275.4000244140625,1280.0,363841,0.0,0.0
2026-05-29 10:15:00+05:30,1280.0,1283.5999755859375,1278.699951171875,1282.5,451172,0.0,0.0
2026-05-29 10:30:00+05:30,1282.5,1284.4000244140625,1279.4000244140625,1279.9000244140625,614484,0.0,0.0
2026-05-29 10:45:00+05:30,1279.9000244140625,1280.800048828125,1277.5,1279.699951171875,366538,0.0,0.0
2026-05-29 11:00:00+05:30,1279.699951171875,1281.0999755859375,1278.699951171875,1280.300048828125,288222,0.0,0.0
2026-05-29 11:15:00+05:30,1280.0,1281.800048828125,1279.699951171875,1280.800048828125,341183,0.0,0.0
2026-05-29 11:30:00+05:30,1280.800048828125,1283.5,1280.699951171875,1283.300048828125,437477,0.0,0.0
2026-05-29 11:45:00+05:30,1283.0,1285.9000244140625,1283.0,1284.199951171875,314129,0.0,0.0
2026-05-29 12:00:00+05:30,1284.199951171875,1284.300048828125,1280.300048828125,1281.0999755859375,219649,0.0,0.0
2026-05-29 12:15:00+05:30,1281.0999755859375,1281.300048828125,1279.5999755859375,1280.0999755859375,236897,0.0,0.0
2026-05-29 12:30:00+05:30,1280.0999755859375,1281.0,1280.0,1280.0999755859375,163069,0.0,0.0
2026-05-29 12:45:00+05:30,1280.0999755859375,1280.199951171875,1278.0,1278.9000244140625,233937,0.0,0.0
2026-05-29 13:00:00+05:30,1278.9000244140625,1278.9000244140625,1273.199951171875,1273.5999755859375,267613,0.0,0.0
2026-05-29 13:15:00+05:30,1273.4000244140625,1277.199951171875,1272.800048828125,1276.800048828125,435882,0.0,0.0
2026-05-29 13:30:00+05:30,1276.800048828125,1277.0,1272.4000244140625,1272.4000244140625,337905,0.0,0.0
2026-05-29 13:45:00+05:30,1272.699951171875,1272.699951171875,1268.199951171875,1268.5999755859375,420328,0.0,0.0
2026-05-29 14:00:00+05:30,1268.5999755859375,1269.0999755859375,1266.800048828125,1267.0999755859375,277063,0.0,0.0
2026-05-29 14:15:00+05:30,1267.199951171875,1271.5,1265.5999755859375,1271.0999755859375,538835,0.0,0.0
2026-05-29 14:30:00+05:30,1270.9000244140625,1275.199951171875,1268.5999755859375,1269.699951171875,598250,0.0,0.0
2026-05-29 14:45:00+05:30,1269.699951171875,1271.300048828125,1267.4000244140625,1270.699951171875,847484,0.0,0.0
2026-05-29 15:00:00+05:30,1270.5999755859375,1273.199951171875,1251.199951171875,1255.4000244140625,11579480,0.0,0.0
2026-05-29 15:15:00+05:30,1255.5,1261.0,1250.5,1259.0,8660991,0.0,0.0
2026-06-01 09:15:00+05:30,1257.5999755859375,1260.9000244140625,1251.300048828125,1256.5,218703,0.0,0.0
2026-06-01 09:30:00+05:30,1256.699951171875,1261.800048828125,1256.0999755859375,1257.699951171875,367061,0.0,0.0
2026-06-01 09:45:00+05:30,1258.0999755859375,1259.5999755859375,1254.0999755859375,1254.300048828125,178243,0.0,0.0
2026-06-01 10:00:00+05:30,1254.5,1257.0999755859375,1253.5,1254.5999755859375,223966,0.0,0.0
2026-06-01 10:15:00+05:30,1254.5999755859375,1256.4000244140625,1252.0,1252.800048828125,105475,0.0,0.0
2026-06-01 10:30:00+05:30,1252.199951171875,1253.699951171875,1251.0,1252.4000244140625,169998,0.0,0.0
2026-06-01 10:45:00+05:30,1252.4000244140625,1254.0,1252.0,1252.300048828125,244468,0.0,0.0
2026-06-01 11:00:00+05:30,1252.4000244140625,1254.9000244140625,1252.300048828125,1253.9000244140625,189053,0.0,0.0
2026-06-01 11:15:00+05:30,1253.9000244140625,1256.300048828125,1252.0999755859375,1252.0999755859375,167897,0.0,0.0
2026-06-01 11:30:00+05:30,1252.0,1252.5999755859375,1250.0999755859375,1251.199951171875,278104,0.0,0.0
2026-06-01 11:45:00+05:30,1251.199951171875,1252.9000244140625,1248.4000244140625,1248.5,163191,0.0,0.0
2026-06-01 12:00:00+05:30,1248.5999755859375,1250.5999755859375,1247.4000244140625,1249.5999755859375,705809,0.0,0.0
2026-06-01 12:15:00+05:30,1248.9000244140625,1248.9000244140625,1245.5,1245.5999755859375,278461,0.0,0.0
2026-06-01 12:30:00+05:30,1245.5,1246.4000244140625,1244.699951171875,1245.4000244140625,238426,0.0,0.0
2026-06-01 12:45:00+05:30,1245.5999755859375,1245.9000244140625,1242.5,1243.5,187366,0.0,0.0
2026-06-01 13:00:00+05:30,1243.699951171875,1243.800048828125,1241.5,1241.9000244140625,257088,0.0,0.0
2026-06-01 13:15:00+05:30,1242.0,1244.4000244140625,1241.9000244140625,1243.300048828125,250067,0.0,0.0
2026-06-01 13:30:00+05:30,1243.800048828125,1244.300048828125,1242.9000244140625,1243.699951171875,194624,0.0,0.0
2026-06-01 13:45:00+05:30,1243.699951171875,1243.699951171875,1242.800048828125,1243.0,144580,0.0,0.0
2026-06-01 14:00:00+05:30,1243.0,1243.699951171875,1237.800048828125,1238.699951171875,433556,0.0,0.0
2026-06-01 14:15:00+05:30,1238.699951171875,1239.800048828125,1237.5,1238.5999755859375,489076,0.0,0.0
2026-06-01 14:30:00+05:30,1238.9000244140625,1241.5,1238.300048828125,1240.5,318061,0.0,0.0
2026-06-01 14:45:00+05:30,1240.5,1241.5999755859375,1237.9000244140625,1237.9000244140625,480328,0.0,0.0
2026-06-01 15:00:00+05:30,1238.300048828125,1242.4000244140625,1238.0999755859375,1238.9000244140625,1800771,0.0,0.0
2026-06-01 15:15:00+05:30,1239.0,1239.699951171875,1236.199951171875,1239.699951171875,1364901,0.0,0.0
2026-06-02 09:15:00+05:30,1235.0999755859375,1235.0999755859375,1228.199951171875,1229.0,418286,0.0,0.0
2026-06-02 09:30:00+05:30,1229.5,1232.800048828125,1228.5999755859375,1231.0999755859375,365911,0.0,0.0
2026-06-02 09:45:00+05:30,1231.0999755859375,1231.199951171875,1226.0,1228.4000244140625,453773,0.0,0.0
2026-06-02 10:00:00+05:30,1228.4000244140625,1229.9000244140625,1224.4000244140625,1224.9000244140625,457778,0.0,0.0
2026-06-02 10:15:00+05:30,1224.9000244140625,1230.5,1224.0999755859375,1229.199951171875,681983,0.0,0.0
2026-06-02 10:30:00+05:30,1229.5,1230.5,1227.300048828125,1229.5,595477,0.0,0.0
2026-06-02 10:45:00+05:30,1229.5999755859375,1230.0999755859375,1226.0999755859375,1227.5999755859375,551126,0.0,0.0
2026-06-02 11:00:00+05:30,1227.800048828125,1228.5999755859375,1226.5999755859375,1227.9000244140625,198070,0.0,0.0
2026-06-02 11:15:00+05:30,1227.9000244140625,1230.0,1226.5,1227.5999755859375,359463,0.0,0.0
2026-06-02 11:30:00+05:30,1227.4000244140625,1228.0999755859375,1224.0,1224.0,421618,0.0,0.0
2026-06-02 11:45:00+05:30,1224.0999755859375,1225.199951171875,1221.0,1223.4000244140625,701242,0.0,0.0
2026-06-02 12:00:00+05:30,1223.4000244140625,1225.0,1222.9000244140625,1223.9000244140625,305418,0.0,0.0
2026-06-02 12:15:00+05:30,1224.0,1227.5999755859375,1222.0,1222.0999755859375,742174,0.0,0.0
2026-06-02 12:30:00+05:30,1222.0,1228.300048828125,1221.5,1227.699951171875,1187424,0.0,0.0
2026-06-02 12:45:00+05:30,1227.5999755859375,1235.9000244140625,1227.5999755859375,1234.9000244140625,1093176,0.0,0.0
2026-06-02 13:00:00+05:30,1234.9000244140625,1237.5,1232.800048828125,1235.300048828125,634232,0.0,0.0
2026-06-02 13:15:00+05:30,1235.5999755859375,1236.5,1234.0999755859375,1236.0,343906,0.0,0.0
2026-06-02 13:30:00+05:30,1236.5999755859375,1237.300048828125,1234.0,1234.9000244140625,354487,0.0,0.0
2026-06-02 13:45:00+05:30,1234.9000244140625,1235.9000244140625,1234.0,1234.300048828125,285037,0.0,0.0
2026-06-02 14:00:00+05:30,1234.699951171875,1235.0,1233.300048828125,1233.5,272850,0.0,0.0
2026-06-02 14:15:00+05:30,1233.5,1236.699951171875,1231.800048828125,1232.699951171875,1796846,0.0,0.0
2026-06-02 14:30:00+05:30,1232.699951171875,1234.0,1227.0999755859375,1227.4000244140625,737957,0.0,0.0
2026-06-02 14:45:00+05:30,1227.199951171875,1229.0,1225.4000244140625,1225.800048828125,390191,0.0,0.0
2026-06-02 15:00:00+05:30,1225.800048828125,1228.199951171875,1223.699951171875,1227.0999755859375,2930814,0.0,0.0
2026-06-02 15:15:00+05:30,1227.199951171875,1230.9000244140625,1227.0999755859375,1230.0999755859375,1028711,0.0,0.0
2026-06-03 09:15:00+05:30,1225.699951171875,1226.4000244140625,1217.4000244140625,1218.5999755859375,367167,0.0,0.0
2026-06-03 09:30:00+05:30,1217.9000244140625,1219.5,1215.5,1218.199951171875,377114,0.0,0.0
2026-06-03 09:45:00+05:30,1218.0999755859375,1218.0999755859375,1213.9000244140625,1215.300048828125,392762,0.0,0.0
2026-06-03 10:00:00+05:30,1215.300048828125,1219.300048828125,1215.199951171875,1217.800048828125,360581,0.0,0.0
2026-06-03 10:15:00+05:30,1217.9000244140625,1220.5999755859375,1217.800048828125,1220.0,324817,0.0,0.0
2026-06-03 10:30:00+05:30,1219.800048828125,1221.4000244140625,1218.5,1220.0,292348,0.0,0.0
2026-06-03 10:45:00+05:30,1219.9000244140625,1223.199951171875,1219.5999755859375,1221.199951171875,348698,0.0,0.0
2026-06-03 11:00:00+05:30,1221.199951171875,1222.0,1219.5999755859375,1220.9000244140625,297832,0.0,0.0
2026-06-03 11:15:00+05:30,1220.699951171875,1223.4000244140625,1220.4000244140625,1221.300048828125,631651,0.0,0.0
2026-06-03 11:30:00+05:30,1221.300048828125,1221.5999755859375,1218.800048828125,1219.300048828125,409396,0.0,0.0
2026-06-03 11:45:00+05:30,1219.300048828125,1221.699951171875,1219.0999755859375,1220.9000244140625,417275,0.0,0.0
2026-06-03 12:00:00+05:30,1220.9000244140625,1222.300048828125,1219.0,1220.0999755859375,405061,0.0,0.0
2026-06-03 12:15:00+05:30,1220.0999755859375,1226.5,1219.5,1226.4000244140625,748162,0.0,0.0
2026-06-03 12:30:00+05:30,1226.5,1235.9000244140625,1226.5,1233.4000244140625,1055396,0.0,0.0
2026-06-03 12:45:00+05:30,1233.5999755859375,1234.5,1230.800048828125,1231.699951171875,460232,0.0,0.0
2026-06-03 13:00:00+05:30,1232.0,1235.699951171875,1231.699951171875,1235.5999755859375,436445,0.0,0.0
2026-06-03 13:15:00+05:30,1235.4000244140625,1242.800048828125,1235.4000244140625,1242.5,638888,0.0,0.0
2026-06-03 13:30:00+05:30,1242.5999755859375,1243.4000244140625,1238.0,1238.0,482316,0.0,0.0
2026-06-03 13:45:00+05:30,1238.199951171875,1246.0,1237.800048828125,1243.699951171875,389130,0.0,0.0
2026-06-03 14:00:00+05:30,1243.699951171875,1247.0999755859375,1243.5,1245.5,282364,0.0,0.0
2026-06-03 14:15:00+05:30,1245.5,1246.5,1242.0999755859375,1243.0999755859375,368182,0.0,0.0
2026-06-03 14:30:00+05:30,1243.199951171875,1244.4000244140625,1242.0,1243.4000244140625,528575,0.0,0.0
2026-06-03 14:45:00+05:30,1243.300048828125,1248.300048828125,1242.5999755859375,1246.0,901432,0.0,0.0
2026-06-03 15:00:00+05:30,1246.199951171875,1246.800048828125,1238.5999755859375,1241.300048828125,1339921,0.0,0.0
2026-06-03 15:15:00+05:30,1241.300048828125,1244.0,1240.0,1243.4000244140625,935020,0.0,0.0
2026-06-04 09:15:00+05:30,1235.9000244140625,1242.4000244140625,1235.9000244140625,1238.4000244140625,355980,0.0,0.0
2026-06-04 09:30:00+05:30,1238.5999755859375,1243.5,1237.5,1243.0,643876,0.0,0.0
2026-06-04 09:45:00+05:30,1243.0999755859375,1252.199951171875,1243.0,1247.0,641761,0.0,0.0
2026-06-04 10:00:00+05:30,1247.0999755859375,1248.5,1245.300048828125,1246.0999755859375,373707,0.0,0.0
2026-06-04 10:15:00+05:30,1246.300048828125,1248.9000244140625,1244.300048828125,1246.5,226270,0.0,0.0
2026-06-04 10:30:00+05:30,1246.5,1251.5999755859375,1246.4000244140625,1251.300048828125,397479,0.0,0.0
2026-06-04 10:45:00+05:30,1251.4000244140625,1255.5999755859375,1251.0,1252.0999755859375,729988,0.0,0.0
2026-06-04 11:00:00+05:30,1252.199951171875,1252.5999755859375,1248.4000244140625,1252.0,382189,0.0,0.0
2026-06-04 11:15:00+05:30,1252.0,1252.699951171875,1250.0,1250.4000244140625,256197,0.0,0.0
2026-06-04 11:30:00+05:30,1250.4000244140625,1258.4000244140625,1249.0,1256.5999755859375,383206,0.0,0.0
2026-06-04 11:45:00+05:30,1256.5999755859375,1256.9000244140625,1251.800048828125,1255.0,1005163,0.0,0.0
2026-06-04 12:00:00+05:30,1254.5999755859375,1260.800048828125,1254.5999755859375,1257.0,1651415,0.0,0.0
2026-06-04 12:15:00+05:30,1257.0999755859375,1258.699951171875,1253.300048828125,1254.5999755859375,602006,0.0,0.0
2026-06-04 12:30:00+05:30,1254.300048828125,1254.699951171875,1250.699951171875,1252.199951171875,469175,0.0,0.0
2026-06-04 12:45:00+05:30,1252.5999755859375,1254.9000244140625,1251.5,1253.300048828125,339976,0.0,0.0
2026-06-04 13:00:00+05:30,1253.4000244140625,1254.5,1248.4000244140625,1248.800048828125,609987,0.0,0.0
2026-06-04 13:15:00+05:30,1248.699951171875,1251.300048828125,1247.199951171875,1249.5999755859375,1251379,0.0,0.0
2026-06-04 13:30:00+05:30,1249.5999755859375,1251.4000244140625,1248.800048828125,1250.800048828125,261270,0.0,0.0
2026-06-04 13:45:00+05:30,1250.9000244140625,1252.0,1249.199951171875,1250.0999755859375,512290,0.0,0.0
2026-06-04 14:00:00+05:30,1250.0999755859375,1259.800048828125,1250.0999755859375,1259.199951171875,1065911,0.0,0.0
2026-06-04 14:15:00+05:30,1259.0999755859375,1261.5999755859375,1259.0999755859375,1261.0,662693,0.0,0.0
2026-06-04 14:30:00+05:30,1261.0,1262.199951171875,1259.4000244140625,1260.5999755859375,733299,0.0,0.0
2026-06-04 14:45:00+05:30,1260.9000244140625,1261.800048828125,1255.0,1255.9000244140625,728356,0.0,0.0
2026-06-04 15:00:00+05:30,1255.5999755859375,1255.800048828125,1250.0,1250.800048828125,2665420,0.0,0.0
2026-06-04 15:15:00+05:30,1251.300048828125,1253.5,1250.0999755859375,1253.0,1411462,0.0,0.0
2026-06-05 09:15:00+05:30,1258.0,1263.0,1256.0,1260.800048828125,190583,0.0,0.0
2026-06-05 09:30:00+05:30,1261.0,1261.0,1254.800048828125,1256.199951171875,184195,0.0,0.0
2026-06-05 09:45:00+05:30,1256.4000244140625,1257.0999755859375,1254.5999755859375,1255.300048828125,310115,0.0,0.0
2026-06-05 10:00:00+05:30,1255.300048828125,1260.0,1255.0,1256.9000244140625,446645,0.0,0.0
2026-06-05 10:15:00+05:30,1256.9000244140625,1260.0,1256.0,1256.5,278220,0.0,0.0
2026-06-05 10:30:00+05:30,1257.5999755859375,1257.5999755859375,1250.300048828125,1252.0,400555,0.0,0.0
2026-06-05 10:45:00+05:30,1251.4000244140625,1255.0,1250.4000244140625,1254.0,244999,0.0,0.0
2026-06-05 11:00:00+05:30,1254.699951171875,1261.5,1254.5,1258.0999755859375,683191,0.0,0.0
2026-06-05 11:15:00+05:30,1258.0,1258.699951171875,1255.800048828125,1256.699951171875,273758,0.0,0.0
2026-06-05 11:30:00+05:30,1256.699951171875,1259.199951171875,1252.800048828125,1258.0,1056501,0.0,0.0
2026-06-05 11:45:00+05:30,1258.0999755859375,1259.9000244140625,1256.5999755859375,1257.300048828125,416647,0.0,0.0
2026-06-05 12:00:00+05:30,1257.0999755859375,1262.0,1257.0999755859375,1261.699951171875,436107,0.0,0.0
2026-06-05 12:15:00+05:30,1261.9000244140625,1265.0,1260.5999755859375,1263.0,258646,0.0,0.0
2026-06-05 12:30:00+05:30,1262.5,1262.9000244140625,1258.0999755859375,1259.9000244140625,280904,0.0,0.0
2026-06-05 12:45:00+05:30,1259.9000244140625,1261.0,1258.5,1260.5999755859375,165704,0.0,0.0
2026-06-05 13:00:00+05:30,1260.5999755859375,1261.9000244140625,1258.5,1260.0,272092,0.0,0.0
2026-06-05 13:15:00+05:30,1260.0,1261.800048828125,1258.0999755859375,1258.5,278734,0.0,0.0
2026-06-05 13:30:00+05:30,1258.4000244140625,1259.5999755859375,1256.9000244140625,1258.0999755859375,332583,0.0,0.0
2026-06-05 13:45:00+05:30,1258.199951171875,1259.5,1257.0999755859375,1259.4000244140625,229054,0.0,0.0
2026-06-05 14:00:00+05:30,1259.9000244140625,1262.0,1258.5,1259.5,190861,0.0,0.0
2026-06-05 14:15:00+05:30,1259.5999755859375,1261.9000244140625,1256.0999755859375,1260.800048828125,323237,0.0,0.0
2026-06-05 14:30:00+05:30,1260.9000244140625,1263.199951171875,1259.800048828125,1262.300048828125,340676,0.0,0.0
2026-06-05 14:45:00+05:30,1262.5,1263.9000244140625,1259.5,1260.4000244140625,470858,0.0,0.0
2026-06-05 15:00:00+05:30,1260.5999755859375,1263.800048828125,1258.300048828125,1262.4000244140625,891979,0.0,0.0
2026-06-05 15:15:00+05:30,1262.5,1263.699951171875,1260.0999755859375,1260.300048828125,932349,0.0,0.0
2026-06-08 09:15:00+05:30,1247.4000244140625,1253.4000244140625,1246.5,1249.800048828125,556082,0.0,0.0
2026-06-08 09:30:00+05:30,1249.800048828125,1251.9000244140625,1248.300048828125,1248.800048828125,221459,0.0,0.0
2026-06-08 09:45:00+05:30,1249.0,1249.4000244140625,1245.5,1248.4000244140625,322413,0.0,0.0
2026-06-08 10:00:00+05:30,1248.4000244140625,1248.4000244140625,1243.300048828125,1243.9000244140625,279108,0.0,0.0
2026-06-08 10:15:00+05:30,1244.0,1247.0,1243.0999755859375,1246.5,206524,0.0,0.0
2026-06-08 10:30:00+05:30,1246.5999755859375,1250.5999755859375,1246.199951171875,1249.0999755859375,524928,0.0,0.0
2026-06-08 10:45:00+05:30,1248.9000244140625,1251.699951171875,1248.199951171875,1250.0,440417,0.0,0.0
2026-06-08 11:00:00+05:30,1250.0,1250.0,1247.5999755859375,1248.300048828125,253730,0.0,0.0
2026-06-08 11:15:00+05:30,1248.300048828125,1249.0,1245.699951171875,1246.0,294764,0.0,0.0
2026-06-08 11:30:00+05:30,1246.0,1248.300048828125,1245.5999755859375,1248.199951171875,182332,0.0,0.0
2026-06-08 11:45:00+05:30,1248.199951171875,1249.300048828125,1246.9000244140625,1248.300048828125,457554,0.0,0.0
2026-06-08 12:00:00+05:30,1248.199951171875,1252.5999755859375,1248.0,1251.199951171875,446094,0.0,0.0
2026-06-08 12:15:00+05:30,1251.199951171875,1251.5,1250.199951171875,1250.800048828125,193968,0.0,0.0
2026-06-08 12:30:00+05:30,1250.800048828125,1253.300048828125,1250.5999755859375,1252.199951171875,406807,0.0,0.0
2026-06-08 12:45:00+05:30,1252.199951171875,1254.0,1251.0,1252.300048828125,467834,0.0,0.0
2026-06-08 13:00:00+05:30,1252.199951171875,1252.300048828125,1249.9000244140625,1250.699951171875,182683,0.0,0.0
2026-06-08 13:15:00+05:30,1250.5999755859375,1252.0,1250.0,1252.0,226580,0.0,0.0
2026-06-08 13:30:00+05:30,1252.199951171875,1253.4000244140625,1250.5999755859375,1250.9000244140625,329725,0.0,0.0
2026-06-08 13:45:00+05:30,1250.800048828125,1251.800048828125,1249.5,1251.5,428476,0.0,0.0
2026-06-08 14:00:00+05:30,1251.5,1253.199951171875,1251.0999755859375,1251.300048828125,336499,0.0,0.0
2026-06-08 14:15:00+05:30,1251.199951171875,1253.300048828125,1250.5,1251.5,228590,0.0,0.0
2026-06-08 14:30:00+05:30,1251.4000244140625,1252.4000244140625,1249.199951171875,1251.800048828125,469319,0.0,0.0
2026-06-08 14:45:00+05:30,1251.699951171875,1253.0,1249.4000244140625,1252.0999755859375,694313,0.0,0.0
2026-06-08 15:00:00+05:30,1252.199951171875,1252.4000244140625,1248.0999755859375,1249.9000244140625,966807,0.0,0.0
2026-06-08 15:15:00+05:30,1249.800048828125,1250.9000244140625,1248.5,1249.9000244140625,973204,0.0,0.0
2026-06-09 09:15:00+05:30,1254.300048828125,1269.800048828125,1254.300048828125,1268.9000244140625,553646,0.0,0.0
2026-06-09 09:30:00+05:30,1269.0,1273.4000244140625,1268.300048828125,1269.300048828125,694302,0.0,0.0
2026-06-09 09:45:00+05:30,1269.199951171875,1269.800048828125,1265.699951171875,1268.4000244140625,640203,0.0,0.0
2026-06-09 10:00:00+05:30,1268.5,1269.9000244140625,1266.5999755859375,1267.5999755859375,386183,0.0,0.0
2026-06-09 10:15:00+05:30,1267.4000244140625,1269.800048828125,1267.0,1269.199951171875,457737,0.0,0.0
2026-06-09 10:30:00+05:30,1269.199951171875,1269.5,1267.5999755859375,1269.0999755859375,241844,0.0,0.0
2026-06-09 10:45:00+05:30,1269.0999755859375,1269.300048828125,1263.0999755859375,1263.199951171875,627339,0.0,0.0
2026-06-09 11:00:00+05:30,1263.0999755859375,1263.5999755859375,1259.0999755859375,1259.699951171875,307096,0.0,0.0
2026-06-09 11:15:00+05:30,1259.699951171875,1262.0999755859375,1257.9000244140625,1260.300048828125,383430,0.0,0.0
2026-06-09 11:30:00+05:30,1260.199951171875,1263.9000244140625,1259.5999755859375,1262.300048828125,849143,0.0,0.0
2026-06-09 11:45:00+05:30,1262.0999755859375,1265.9000244140625,1261.699951171875,1264.0,690114,0.0,0.0
2026-06-09 12:00:00+05:30,1264.0,1268.699951171875,1263.9000244140625,1267.5999755859375,830351,0.0,0.0
2026-06-09 12:15:00+05:30,1267.5999755859375,1272.0,1267.0999755859375,1271.699951171875,654971,0.0,0.0
2026-06-09 12:30:00+05:30,1271.699951171875,1275.4000244140625,1270.5999755859375,1270.9000244140625,639733,0.0,0.0
2026-06-09 12:45:00+05:30,1270.9000244140625,1273.4000244140625,1270.0,1272.5,795397,0.0,0.0
2026-06-09 13:00:00+05:30,1272.5,1277.4000244140625,1272.5,1273.5,1389191,0.0,0.0
2026-06-09 13:15:00+05:30,1273.5,1276.300048828125,1271.5,1275.4000244140625,1093718,0.0,0.0
2026-06-09 13:30:00+05:30,1275.5,1275.699951171875,1271.300048828125,1273.9000244140625,921914,0.0,0.0
2026-06-09 13:45:00+05:30,1273.9000244140625,1275.0,1272.0,1273.4000244140625,540127,0.0,0.0
2026-06-09 14:00:00+05:30,1273.4000244140625,1276.9000244140625,1272.5,1275.0,687528,0.0,0.0
2026-06-09 14:15:00+05:30,1275.0999755859375,1275.699951171875,1271.300048828125,1275.699951171875,1051421,0.0,0.0
2026-06-09 14:30:00+05:30,1275.4000244140625,1279.5,1274.0,1278.5,849363,0.0,0.0
2026-06-09 14:45:00+05:30,1278.5,1279.800048828125,1277.0999755859375,1278.300048828125,1391089,0.0,0.0
2026-06-09 15:00:00+05:30,1278.0,1278.0999755859375,1272.5,1275.5,3664824,0.0,0.0
2026-06-09 15:15:00+05:30,1275.4000244140625,1276.199951171875,1272.0,1273.800048828125,1201922,0.0,0.0
2026-06-10 09:15:00+05:30,1273.800048828125,1288.5,1272.5,1287.199951171875,1389335,0.0,0.0
2026-06-10 09:30:00+05:30,1287.199951171875,1288.0999755859375,1283.699951171875,1287.5999755859375,988822,0.0,0.0
2026-06-10 09:45:00+05:30,1287.5999755859375,1290.9000244140625,1285.0999755859375,1285.0999755859375,1435276,0.0,0.0
2026-06-10 10:00:00+05:30,1285.199951171875,1286.800048828125,1283.300048828125,1286.0,480790,0.0,0.0
2026-06-10 10:15:00+05:30,1286.0999755859375,1287.800048828125,1284.4000244140625,1284.800048828125,539625,0.0,0.0
2026-06-10 10:30:00+05:30,1284.9000244140625,1293.0,1284.800048828125,1291.800048828125,1066042,0.0,0.0
2026-06-10 10:45:00+05:30,1291.800048828125,1298.5999755859375,1291.800048828125,1296.4000244140625,1857302,0.0,0.0
2026-06-10 11:00:00+05:30,1296.9000244140625,1300.800048828125,1296.199951171875,1298.5999755859375,1055483,0.0,0.0
2026-06-10 11:15:00+05:30,1298.5,1302.5,1298.5,1302.199951171875,1434893,0.0,0.0
2026-06-10 11:30:00+05:30,1302.4000244140625,1305.699951171875,1300.800048828125,1305.0,1239493,0.0,0.0
2026-06-10 11:45:00+05:30,1305.4000244140625,1305.5,1301.4000244140625,1303.9000244140625,865739,0.0,0.0
2026-06-10 12:00:00+05:30,1304.0,1304.0,1300.5,1302.9000244140625,502099,0.0,0.0
2026-06-10 12:15:00+05:30,1302.9000244140625,1305.9000244140625,1302.5,1304.9000244140625,808749,0.0,0.0
2026-06-10 12:30:00+05:30,1304.9000244140625,1305.0,1298.4000244140625,1298.9000244140625,784724,0.0,0.0
2026-06-10 12:45:00+05:30,1298.5999755859375,1301.300048828125,1297.199951171875,1299.0,740748,0.0,0.0
2026-06-10 13:00:00+05:30,1299.0999755859375,1301.699951171875,1298.800048828125,1298.9000244140625,426826,0.0,0.0
2026-06-10 13:15:00+05:30,1299.0999755859375,1300.5,1295.800048828125,1300.0999755859375,957996,0.0,0.0
2026-06-10 13:30:00+05:30,1299.9000244140625,1301.300048828125,1297.5,1298.800048828125,1430113,0.0,0.0
2026-06-10 13:45:00+05:30,1298.800048828125,1300.300048828125,1295.300048828125,1296.699951171875,788560,0.0,0.0
2026-06-10 14:00:00+05:30,1296.5,1296.9000244140625,1294.300048828125,1295.9000244140625,540126,0.0,0.0
2026-06-10 14:15:00+05:30,1295.9000244140625,1298.300048828125,1295.199951171875,1296.5,492434,0.0,0.0
2026-06-10 14:30:00+05:30,1296.5,1298.0,1295.199951171875,1296.5999755859375,756155,0.0,0.0
2026-06-10 14:45:00+05:30,1296.800048828125,1297.5999755859375,1295.0,1295.0999755859375,672814,0.0,0.0
2026-06-10 15:00:00+05:30,1295.0,1296.300048828125,1291.699951171875,1292.199951171875,1846607,0.0,0.0
2026-06-10 15:15:00+05:30,1292.199951171875,1293.699951171875,1289.4000244140625,1293.0,1489563,0.0,0.0
2026-06-11 09:15:00+05:30,1287.699951171875,1302.199951171875,1287.699951171875,1300.4000244140625,2004375,0.0,0.0
2026-06-11 09:30:00+05:30,1300.5,1308.9000244140625,1297.4000244140625,1308.699951171875,3056356,0.0,0.0
2026-06-11 09:45:00+05:30,1308.699951171875,1314.5999755859375,1308.0,1310.699951171875,1896365,0.0,0.0
2026-06-11 10:00:00+05:30,1311.0,1314.9000244140625,1308.5999755859375,1312.5,2554080,0.0,0.0
2026-06-11 10:15:00+05:30,1312.5999755859375,1319.0,1312.5,1318.5,2766261,0.0,0.0
2026-06-11 10:30:00+05:30,1318.5999755859375,1320.800048828125,1317.0,1320.0,659851,0.0,0.0
2026-06-11 10:45:00+05:30,1320.199951171875,1321.800048828125,1317.699951171875,1321.4000244140625,1756622,0.0,0.0
2026-06-11 11:00:00+05:30,1321.4000244140625,1324.699951171875,1320.0,1323.5,892016,0.0,0.0
2026-06-11 11:15:00+05:30,1323.5,1326.699951171875,1323.0999755859375,1326.199951171875,1125369,0.0,0.0
2026-06-11 11:30:00+05:30,1326.300048828125,1327.800048828125,1325.0,1325.800048828125,943528,0.0,0.0
2026-06-11 11:45:00+05:30,1325.800048828125,1326.4000244140625,1325.0,1325.0,520929,0.0,0.0
2026-06-11 12:00:00+05:30,1325.0999755859375,1327.5999755859375,1325.0,1326.4000244140625,658044,0.0,0.0
2026-06-11 12:15:00+05:30,1326.300048828125,1326.800048828125,1323.0999755859375,1325.4000244140625,776008,0.0,0.0
2026-06-11 12:30:00+05:30,1325.5,1330.5999755859375,1325.5,1330.5999755859375,1109770,0.0,0.0
2026-06-11 12:45:00+05:30,1330.5999755859375,1332.800048828125,1330.300048828125,1331.5,697308,0.0,0.0
2026-06-11 13:00:00+05:30,1331.5,1333.0,1327.300048828125,1328.199951171875,903789,0.0,0.0
2026-06-11 13:15:00+05:30,1328.199951171875,1328.699951171875,1322.0,1324.0999755859375,1363371,0.0,0.0
2026-06-11 13:30:00+05:30,1324.0999755859375,1326.800048828125,1323.300048828125,1324.4000244140625,643602,0.0,0.0
2026-06-11 13:45:00+05:30,1324.5999755859375,1324.9000244140625,1321.300048828125,1322.0,595114,0.0,0.0
2026-06-11 14:00:00+05:30,1322.0,1323.4000244140625,1320.5,1321.199951171875,706943,0.0,0.0
2026-06-11 14:15:00+05:30,1321.5999755859375,1323.4000244140625,1319.300048828125,1321.0,1130361,0.0,0.0
2026-06-11 14:30:00+05:30,1320.9000244140625,1322.5,1318.4000244140625,1319.5999755859375,2389969,0.0,0.0
2026-06-11 14:45:00+05:30,1319.800048828125,1321.300048828125,1315.199951171875,1317.199951171875,1029132,0.0,0.0
2026-06-11 15:00:00+05:30,1317.199951171875,1319.4000244140625,1315.199951171875,1318.9000244140625,3297637,0.0,0.0
2026-06-11 15:15:00+05:30,1318.5999755859375,1318.9000244140625,1313.300048828125,1314.0999755859375,1378865,0.0,0.0
2026-06-12 09:15:00+05:30,1328.699951171875,1338.800048828125,1324.300048828125,1326.699951171875,901921,0.0,0.0
2026-06-12 09:30:00+05:30,1326.5999755859375,1329.300048828125,1325.0,1326.0,488586,0.0,0.0
2026-06-12 09:45:00+05:30,1326.0,1327.0,1323.800048828125,1324.699951171875,447098,0.0,0.0
2026-06-12 10:00:00+05:30,1324.5,1324.5999755859375,1320.0,1320.9000244140625,430403,0.0,0.0
2026-06-12 10:15:00+05:30,1321.0,1324.9000244140625,1319.0999755859375,1321.0999755859375,519235,0.0,0.0
2026-06-12 10:30:00+05:30,1321.0999755859375,1326.5,1320.9000244140625,1324.699951171875,659693,0.0,0.0
2026-06-12 10:45:00+05:30,1324.800048828125,1327.9000244140625,1323.800048828125,1327.199951171875,422542,0.0,0.0
2026-06-12 11:00:00+05:30,1327.300048828125,1327.9000244140625,1324.5999755859375,1326.699951171875,481480,0.0,0.0
2026-06-12 11:15:00+05:30,1326.800048828125,1327.0,1323.4000244140625,1327.0,697230,0.0,0.0
2026-06-12 11:30:00+05:30,1327.0,1330.0999755859375,1326.4000244140625,1328.199951171875,521079,0.0,0.0
2026-06-12 11:45:00+05:30,1328.0999755859375,1328.199951171875,1325.800048828125,1326.300048828125,287216,0.0,0.0
2026-06-12 12:00:00+05:30,1326.4000244140625,1327.5,1325.199951171875,1326.800048828125,454157,0.0,0.0
2026-06-12 12:15:00+05:30,1326.800048828125,1330.199951171875,1325.5999755859375,1330.0,580272,0.0,0.0
2026-06-12 12:30:00+05:30,1329.5999755859375,1329.800048828125,1326.800048828125,1326.9000244140625,486602,0.0,0.0
2026-06-12 12:45:00+05:30,1327.0,1327.5,1326.0,1326.9000244140625,524027,0.0,0.0
2026-06-12 13:00:00+05:30,1327.0999755859375,1328.300048828125,1326.5,1327.699951171875,276606,0.0,0.0
2026-06-12 13:15:00+05:30,1327.699951171875,1330.800048828125,1327.0,1330.300048828125,370131,0.0,0.0
2026-06-12 13:30:00+05:30,1330.300048828125,1336.699951171875,1329.5,1335.5,941389,0.0,0.0
2026-06-12 13:45:00+05:30,1335.5,1337.300048828125,1335.199951171875,1335.800048828125,623202,0.0,0.0
2026-06-12 14:00:00+05:30,1335.800048828125,1339.199951171875,1335.0,1338.5,728149,0.0,0.0
2026-06-12 14:15:00+05:30,1338.5,1339.9000244140625,1338.5,1339.0,754166,0.0,0.0
2026-06-12 14:30:00+05:30,1339.0999755859375,1341.300048828125,1338.300048828125,1340.800048828125,920693,0.0,0.0
2026-06-12 14:45:00+05:30,1340.699951171875,1344.199951171875,1340.0999755859375,1343.4000244140625,878366,0.0,0.0
2026-06-12 15:00:00+05:30,1343.4000244140625,1343.4000244140625,1338.9000244140625,1340.199951171875,1840014,0.0,0.0
2026-06-12 15:15:00+05:30,1340.199951171875,1342.0,1338.800048828125,1340.800048828125,1933718,0.0,0.0
2026-06-15 09:15:00+05:30,1359.699951171875,1359.699951171875,1347.5999755859375,1348.0999755859375,1136479,0.0,0.0
2026-06-15 09:30:00+05:30,1348.0,1348.800048828125,1345.199951171875,1346.199951171875,902919,0.0,0.0
2026-06-15 09:45:00+05:30,1346.300048828125,1348.199951171875,1346.0999755859375,1347.9000244140625,543821,0.0,0.0
2026-06-15 10:00:00+05:30,1347.699951171875,1349.5999755859375,1346.0,1347.0999755859375,537614,0.0,0.0
2026-06-15 10:15:00+05:30,1347.4000244140625,1348.0,1346.0,1347.0999755859375,414949,0.0,0.0
2026-06-15 10:30:00+05:30,1347.0999755859375,1349.0,1347.0,1347.800048828125,573186,0.0,0.0
2026-06-15 10:45:00+05:30,1347.800048828125,1351.9000244140625,1347.5,1349.5,659837,0.0,0.0
2026-06-15 11:00:00+05:30,1349.5,1349.5,1344.199951171875,1344.5,510484,0.0,0.0
2026-06-15 11:15:00+05:30,1344.300048828125,1344.800048828125,1342.0999755859375,1344.800048828125,370691,0.0,0.0
2026-06-15 11:30:00+05:30,1344.5,1344.9000244140625,1343.0,1343.199951171875,237548,0.0,0.0
2026-06-15 11:45:00+05:30,1342.800048828125,1344.4000244140625,1342.300048828125,1342.5999755859375,294974,0.0,0.0
2026-06-15 12:00:00+05:30,1342.5,1342.699951171875,1337.5999755859375,1338.4000244140625,429801,0.0,0.0
2026-06-15 12:15:00+05:30,1338.4000244140625,1339.199951171875,1337.0,1337.4000244140625,303970,0.0,0.0
2026-06-15 12:30:00+05:30,1337.199951171875,1340.0,1337.0,1339.5,237672,0.0,0.0
2026-06-15 12:45:00+05:30,1339.699951171875,1339.699951171875,1337.0,1337.0,191331,0.0,0.0
2026-06-15 13:00:00+05:30,1337.0999755859375,1339.9000244140625,1336.0,1339.4000244140625,377954,0.0,0.0
2026-06-15 13:15:00+05:30,1339.300048828125,1340.5999755859375,1336.0,1336.0,249393,0.0,0.0
2026-06-15 13:30:00+05:30,1336.0,1336.5999755859375,1334.0,1335.0999755859375,316481,0.0,0.0
2026-06-15 13:45:00+05:30,1335.0999755859375,1336.199951171875,1330.9000244140625,1332.699951171875,475205,0.0,0.0
2026-06-15 14:00:00+05:30,1332.5999755859375,1333.0999755859375,1330.0,1331.0999755859375,693025,0.0,0.0
2026-06-15 14:15:00+05:30,1331.0999755859375,1333.5999755859375,1330.800048828125,1332.800048828125,488004,0.0,0.0
2026-06-15 14:30:00+05:30,1333.0999755859375,1337.800048828125,1332.9000244140625,1337.0999755859375,645513,0.0,0.0
2026-06-15 14:45:00+05:30,1337.199951171875,1339.0,1330.800048828125,1332.199951171875,761154,0.0,0.0
2026-06-15 15:00:00+05:30,1332.4000244140625,1332.4000244140625,1325.300048828125,1327.199951171875,1922096,0.0,0.0
2026-06-15 15:15:00+05:30,1327.0999755859375,1329.9000244140625,1327.0,1328.0,1616002,0.0,0.0
2026-06-16 09:15:00+05:30,1332.0,1334.5,1328.800048828125,1330.800048828125,247685,0.0,0.0
2026-06-16 09:30:00+05:30,1330.5,1332.5999755859375,1328.9000244140625,1329.5999755859375,392423,0.0,0.0
2026-06-16 09:45:00+05:30,1329.5999755859375,1332.9000244140625,1329.0999755859375,1330.199951171875,348040,0.0,0.0
2026-06-16 10:00:00+05:30,1330.4000244140625,1330.699951171875,1326.5999755859375,1327.300048828125,403063,0.0,0.0
2026-06-16 10:15:00+05:30,1327.300048828125,1330.5,1327.0999755859375,1330.4000244140625,146797,0.0,0.0
2026-06-16 10:30:00+05:30,1330.4000244140625,1331.800048828125,1329.0,1331.0,165527,0.0,0.0
2026-06-16 10:45:00+05:30,1330.9000244140625,1333.0,1330.800048828125,1331.300048828125,296332,0.0,0.0
2026-06-16 11:00:00+05:30,1331.4000244140625,1331.4000244140625,1329.9000244140625,1330.9000244140625,236706,0.0,0.0
2026-06-16 11:15:00+05:30,1330.800048828125,1332.199951171875,1329.9000244140625,1331.300048828125,435323,0.0,0.0
2026-06-16 11:30:00+05:30,1330.9000244140625,1331.9000244140625,1329.199951171875,1331.0999755859375,586166,0.0,0.0
2026-06-16 11:45:00+05:30,1331.9000244140625,1333.199951171875,1329.5,1331.0999755859375,939157,0.0,0.0
2026-06-16 12:00:00+05:30,1331.0999755859375,1332.4000244140625,1330.0999755859375,1330.4000244140625,248088,0.0,0.0
2026-06-16 12:15:00+05:30,1330.300048828125,1332.300048828125,1329.800048828125,1331.5999755859375,365594,0.0,0.0
2026-06-16 12:30:00+05:30,1331.800048828125,1332.5,1328.4000244140625,1330.199951171875,1000213,0.0,0.0
2026-06-16 12:45:00+05:30,1330.699951171875,1331.0,1329.699951171875,1330.5,209874,0.0,0.0
2026-06-16 13:00:00+05:30,1330.5,1330.9000244140625,1329.4000244140625,1330.5,244303,0.0,0.0
2026-06-16 13:15:00+05:30,1330.5,1332.5999755859375,1329.4000244140625,1331.5,614536,0.0,0.0
2026-06-16 13:30:00+05:30,1331.199951171875,1331.9000244140625,1329.699951171875,1330.0999755859375,269352,0.0,0.0
2026-06-16 13:45:00+05:30,1330.0999755859375,1331.0999755859375,1329.5,1330.0999755859375,245162,0.0,0.0
2026-06-16 14:00:00+05:30,1330.300048828125,1332.0,1329.5999755859375,1331.4000244140625,241596,0.0,0.0
2026-06-16 14:15:00+05:30,1331.300048828125,1332.300048828125,1329.4000244140625,1329.699951171875,320081,0.0,0.0
2026-06-16 14:30:00+05:30,1330.0999755859375,1331.5999755859375,1329.5999755859375,1329.5999755859375,363636,0.0,0.0
2026-06-16 14:45:00+05:30,1329.699951171875,1332.5999755859375,1329.300048828125,1331.9000244140625,1134002,0.0,0.0
2026-06-16 15:00:00+05:30,1332.300048828125,1337.300048828125,1331.199951171875,1336.5,2192538,0.0,0.0
2026-06-16 15:15:00+05:30,1336.5999755859375,1337.0999755859375,1334.0,1335.5,946391,0.0,0.0
2026-06-17 09:15:00+05:30,1341.300048828125,1343.5999755859375,1337.199951171875,1338.0,238189,0.0,0.0
2026-06-17 09:30:00+05:30,1338.0999755859375,1342.9000244140625,1336.800048828125,1342.5,381488,0.0,0.0
2026-06-17 09:45:00+05:30,1342.5,1342.9000244140625,1339.199951171875,1342.0999755859375,251560,0.0,0.0
2026-06-17 10:00:00+05:30,1342.199951171875,1342.9000244140625,1339.5,1341.199951171875,262804,0.0,0.0
2026-06-17 10:15:00+05:30,1341.199951171875,1345.5999755859375,1341.0,1343.199951171875,285022,0.0,0.0
2026-06-17 10:30:00+05:30,1343.199951171875,1343.5,1341.0,1341.199951171875,151059,0.0,0.0
2026-06-17 10:45:00+05:30,1341.5,1343.300048828125,1340.4000244140625,1342.199951171875,238904,0.0,0.0
2026-06-17 11:00:00+05:30,1342.4000244140625,1342.800048828125,1340.9000244140625,1341.4000244140625,250750,0.0,0.0
2026-06-17 11:15:00+05:30,1341.5,1341.699951171875,1340.199951171875,1341.199951171875,269170,0.0,0.0
2026-06-17 11:30:00+05:30,1341.0999755859375,1342.699951171875,1338.699951171875,1340.5999755859375,251620,0.0,0.0
2026-06-17 11:45:00+05:30,1340.5999755859375,1340.9000244140625,1339.5999755859375,1339.800048828125,295848,0.0,0.0
2026-06-17 12:00:00+05:30,1340.0,1340.5,1334.300048828125,1334.5,871795,0.0,0.0
2026-06-17 12:15:00+05:30,1334.5,1336.4000244140625,1333.800048828125,1335.5999755859375,152950,0.0,0.0
2026-06-17 12:30:00+05:30,1335.5999755859375,1336.9000244140625,1334.5999755859375,1335.699951171875,268722,0.0,0.0
2026-06-17 12:45:00+05:30,1335.699951171875,1337.0,1334.5999755859375,1335.0999755859375,251002,0.0,0.0
2026-06-17 13:00:00+05:30,1335.199951171875,1337.0,1334.4000244140625,1334.699951171875,142179,0.0,0.0
2026-06-17 13:15:00+05:30,1334.9000244140625,1336.5,1334.5999755859375,1336.300048828125,172361,0.0,0.0
2026-06-17 13:30:00+05:30,1336.300048828125,1338.5,1336.0999755859375,1337.9000244140625,255621,0.0,0.0
2026-06-17 13:45:00+05:30,1337.9000244140625,1338.699951171875,1336.199951171875,1338.699951171875,173863,0.0,0.0
2026-06-17 14:00:00+05:30,1338.800048828125,1339.5999755859375,1337.5,1337.9000244140625,237499,0.0,0.0
2026-06-17 14:15:00+05:30,1337.9000244140625,1338.5999755859375,1334.0,1334.9000244140625,427456,0.0,0.0
2026-06-17 14:30:00+05:30,1335.0,1338.199951171875,1334.4000244140625,1334.9000244140625,448827,0.0,0.0
2026-06-17 14:45:00+05:30,1335.300048828125,1338.0,1333.5,1338.0,427564,0.0,0.0
2026-06-17 15:00:00+05:30,1337.0,1337.800048828125,1335.699951171875,1336.699951171875,490171,0.0,0.0
2026-06-17 15:15:00+05:30,1336.800048828125,1337.5,1335.800048828125,1337.0,431962,0.0,0.0
2026-06-18 09:15:00+05:30,1334.9000244140625,1341.300048828125,1334.5,1337.199951171875,222629,0.0,0.0
2026-06-18 09:30:00+05:30,1337.4000244140625,1337.800048828125,1334.699951171875,1335.300048828125,239779,0.0,0.0
2026-06-18 09:45:00+05:30,1335.4000244140625,1340.5,1335.0999755859375,1337.300048828125,443218,0.0,0.0
2026-06-18 10:00:00+05:30,1337.300048828125,1338.0,1336.0999755859375,1336.800048828125,193694,0.0,0.0
2026-06-18 10:15:00+05:30,1336.9000244140625,1337.0,1334.0999755859375,1334.5999755859375,204737,0.0,0.0
2026-06-18 10:30:00+05:30,1334.5,1334.5999755859375,1331.5,1333.0,344470,0.0,0.0
2026-06-18 10:45:00+05:30,1332.9000244140625,1335.0,1332.0,1334.800048828125,616669,0.0,0.0
2026-06-18 11:00:00+05:30,1334.699951171875,1334.800048828125,1332.0999755859375,1332.199951171875,175218,0.0,0.0
2026-06-18 11:15:00+05:30,1332.199951171875,1333.699951171875,1331.4000244140625,1333.0,197028,0.0,0.0
2026-06-18 11:30:00+05:30,1333.5,1337.0,1332.5999755859375,1337.0,281248,0.0,0.0
2026-06-18 11:45:00+05:30,1336.9000244140625,1339.5,1336.4000244140625,1338.0999755859375,561758,0.0,0.0
2026-06-18 12:00:00+05:30,1338.0999755859375,1345.300048828125,1338.0999755859375,1342.0999755859375,715318,0.0,0.0
2026-06-18 12:15:00+05:30,1342.199951171875,1343.0,1340.5,1343.0,436999,0.0,0.0
2026-06-18 12:30:00+05:30,1343.0,1345.699951171875,1341.199951171875,1344.199951171875,389781,0.0,0.0
2026-06-18 12:45:00+05:30,1344.300048828125,1346.0,1344.0999755859375,1344.300048828125,186572,0.0,0.0
2026-06-18 13:00:00+05:30,1344.4000244140625,1345.199951171875,1343.5999755859375,1343.5999755859375,195187,0.0,0.0
2026-06-18 13:15:00+05:30,1343.9000244140625,1345.800048828125,1342.300048828125,1345.199951171875,685537,0.0,0.0
2026-06-18 13:30:00+05:30,1345.199951171875,1346.9000244140625,1343.699951171875,1344.800048828125,767806,0.0,0.0
2026-06-18 13:45:00+05:30,1344.5999755859375,1345.4000244140625,1343.800048828125,1344.4000244140625,269667,0.0,0.0
2026-06-18 14:00:00+05:30,1343.800048828125,1346.0,1343.199951171875,1344.199951171875,379581,0.0,0.0
2026-06-18 14:15:00+05:30,1344.0999755859375,1344.199951171875,1341.199951171875,1342.0999755859375,308201,0.0,0.0
2026-06-18 14:30:00+05:30,1342.0,1343.5999755859375,1341.300048828125,1341.5,360008,0.0,0.0
2026-06-18 14:45:00+05:30,1341.5999755859375,1342.5999755859375,1340.5,1341.9000244140625,540109,0.0,0.0
2026-06-18 15:00:00+05:30,1341.5999755859375,1345.0999755859375,1339.5999755859375,1343.0999755859375,2906727,0.0,0.0
2026-06-18 15:15:00+05:30,1343.199951171875,1344.800048828125,1340.0,1341.5,1320918,0.0,0.0
2026-06-19 09:15:00+05:30,1339.699951171875,1346.800048828125,1337.0,1342.0999755859375,209574,0.0,0.0
2026-06-19 09:30:00+05:30,1342.0999755859375,1345.9000244140625,1340.0,1345.699951171875,359845,0.0,0.0
2026-06-19 09:45:00+05:30,1345.699951171875,1346.800048828125,1345.0999755859375,1346.0,241739,0.0,0.0
2026-06-19 10:00:00+05:30,1346.199951171875,1347.0,1344.5999755859375,1346.699951171875,314967,0.0,0.0
2026-06-19 10:15:00+05:30,1346.4000244140625,1346.9000244140625,1345.5,1345.800048828125,149623,0.0,0.0
2026-06-19 10:30:00+05:30,1345.800048828125,1347.300048828125,1345.699951171875,1346.9000244140625,141166,0.0,0.0
2026-06-19 10:45:00+05:30,1346.9000244140625,1347.4000244140625,1345.199951171875,1345.699951171875,119214,0.0,0.0
2026-06-19 11:00:00+05:30,1345.5,1349.300048828125,1345.300048828125,1349.0,181124,0.0,0.0
2026-06-19 11:15:00+05:30,1349.199951171875,1349.199951171875,1347.0999755859375,1348.699951171875,146955,0.0,0.0
2026-06-19 11:30:00+05:30,1348.699951171875,1350.0,1347.5,1349.300048828125,184272,0.0,0.0
2026-06-19 11:45:00+05:30,1349.4000244140625,1349.5,1347.699951171875,1349.0,149045,0.0,0.0
2026-06-19 12:00:00+05:30,1349.0,1349.0,1347.199951171875,1348.0,114668,0.0,0.0
2026-06-19 12:15:00+05:30,1348.0999755859375,1348.4000244140625,1346.5,1347.5999755859375,113800,0.0,0.0
2026-06-19 12:30:00+05:30,1347.699951171875,1347.9000244140625,1344.4000244140625,1346.199951171875,154352,0.0,0.0
2026-06-19 12:45:00+05:30,1346.5,1346.9000244140625,1344.9000244140625,1345.5,103336,0.0,0.0
2026-06-19 13:00:00+05:30,1345.5999755859375,1347.0,1344.5999755859375,1346.699951171875,254288,0.0,0.0
2026-06-19 13:15:00+05:30,1346.699951171875,1347.0,1344.0999755859375,1346.0,299991,0.0,0.0
2026-06-19 13:30:00+05:30,1346.0,1346.5999755859375,1342.9000244140625,1343.4000244140625,196111,0.0,0.0
2026-06-19 13:45:00+05:30,1343.4000244140625,1347.0,1343.0999755859375,1346.9000244140625,214162,0.0,0.0
2026-06-19 14:00:00+05:30,1347.0,1349.0,1346.0,1348.199951171875,237640,0.0,0.0
2026-06-19 14:15:00+05:30,1348.5,1351.5,1347.699951171875,1351.199951171875,331395,0.0,0.0
2026-06-19 14:30:00+05:30,1351.300048828125,1352.300048828125,1347.199951171875,1348.199951171875,389330,0.0,0.0
2026-06-19 14:45:00+05:30,1348.0999755859375,1350.0999755859375,1344.5999755859375,1344.699951171875,437959,0.0,0.0
2026-06-19 15:00:00+05:30,1344.9000244140625,1349.300048828125,1341.0,1347.300048828125,2095873,0.0,0.0
2026-06-19 15:15:00+05:30,1347.4000244140625,1348.9000244140625,1346.4000244140625,1347.800048828125,1331059,0.0,0.0
2026-06-22 09:15:00+05:30,1353.4000244140625,1358.300048828125,1349.4000244140625,1356.800048828125,382977,0.0,0.0
2026-06-22 09:30:00+05:30,1356.5999755859375,1358.199951171875,1354.4000244140625,1355.199951171875,157729,0.0,0.0
2026-06-22 09:45:00+05:30,1354.800048828125,1357.9000244140625,1354.5999755859375,1357.9000244140625,154740,0.0,0.0
2026-06-22 10:00:00+05:30,1358.0,1358.0,1356.0999755859375,1357.9000244140625,235357,0.0,0.0
2026-06-22 10:15:00+05:30,1358.0,1360.9000244140625,1357.800048828125,1360.0,285211,0.0,0.0
2026-06-22 10:30:00+05:30,1360.0999755859375,1362.699951171875,1359.800048828125,1360.4000244140625,236361,0.0,0.0
2026-06-22 10:45:00+05:30,1360.699951171875,1360.9000244140625,1358.0,1358.4000244140625,144378,0.0,0.0
2026-06-22 11:00:00+05:30,1358.0,1358.300048828125,1356.0999755859375,1356.0999755859375,101309,0.0,0.0
2026-06-22 11:15:00+05:30,1356.5,1358.0999755859375,1355.199951171875,1358.0,118813,0.0,0.0
2026-06-22 11:30:00+05:30,1358.0,1359.699951171875,1357.199951171875,1359.199951171875,86501,0.0,0.0
2026-06-22 11:45:00+05:30,1359.0999755859375,1360.0,1359.0,1359.5,78111,0.0,0.0
2026-06-22 12:00:00+05:30,1359.5,1359.5999755859375,1356.800048828125,1357.0999755859375,97482,0.0,0.0
2026-06-22 12:15:00+05:30,1357.0,1357.300048828125,1355.300048828125,1356.0,85103,0.0,0.0
2026-06-22 12:30:00+05:30,1356.0,1357.0999755859375,1355.0999755859375,1357.0,77128,0.0,0.0
2026-06-22 12:45:00+05:30,1357.0,1357.800048828125,1355.5,1355.800048828125,116471,0.0,0.0
2026-06-22 13:00:00+05:30,1355.800048828125,1356.300048828125,1355.0,1355.800048828125,88250,0.0,0.0
2026-06-22 13:15:00+05:30,1355.9000244140625,1357.5,1355.0,1355.0,149090,0.0,0.0
2026-06-22 13:30:00+05:30,1355.199951171875,1356.5,1354.300048828125,1355.0,186428,0.0,0.0
2026-06-22 13:45:00+05:30,1355.0,1355.5999755859375,1353.5999755859375,1354.300048828125,140117,0.0,0.0
2026-06-22 14:00:00+05:30,1354.5999755859375,1355.0999755859375,1353.300048828125,1353.300048828125,108399,0.0,0.0
2026-06-22 14:15:00+05:30,1353.300048828125,1354.800048828125,1353.0999755859375,1354.0999755859375,120618,0.0,0.0
2026-06-22 14:30:00+05:30,1354.0,1355.4000244140625,1353.4000244140625,1355.4000244140625,136834,0.0,0.0
2026-06-22 14:45:00+05:30,1355.4000244140625,1357.199951171875,1355.0,1356.5999755859375,116939,0.0,0.0
2026-06-22 15:00:00+05:30,1356.800048828125,1356.800048828125,1351.4000244140625,1352.199951171875,510230,0.0,0.0
2026-06-22 15:15:00+05:30,1352.199951171875,1352.9000244140625,1350.0999755859375,1351.0,479867,0.0,0.0
2026-06-23 09:15:00+05:30,1357.699951171875,1359.699951171875,1354.199951171875,1359.699951171875,195498,0.0,0.0
2026-06-23 09:30:00+05:30,1359.5999755859375,1366.0,1359.5,1362.300048828125,640031,0.0,0.0
2026-06-23 09:45:00+05:30,1362.4000244140625,1363.5,1361.199951171875,1361.199951171875,383666,0.0,0.0
2026-06-23 10:00:00+05:30,1361.300048828125,1362.699951171875,1360.0999755859375,1362.300048828125,210027,0.0,0.0
2026-06-23 10:15:00+05:30,1362.0999755859375,1363.800048828125,1361.5999755859375,1363.5,180611,0.0,0.0
2026-06-23 10:30:00+05:30,1363.5999755859375,1365.699951171875,1363.199951171875,1364.300048828125,369646,0.0,0.0
2026-06-23 10:45:00+05:30,1364.199951171875,1368.0,1364.0,1367.0,299952,0.0,0.0
2026-06-23 11:00:00+05:30,1367.0,1368.9000244140625,1366.300048828125,1368.0,376021,0.0,0.0
2026-06-23 11:15:00+05:30,1368.0,1369.0999755859375,1366.199951171875,1368.300048828125,324380,0.0,0.0
2026-06-23 11:30:00+05:30,1368.5,1369.0,1365.699951171875,1367.0,432123,0.0,0.0
2026-06-23 11:45:00+05:30,1366.5999755859375,1366.800048828125,1360.800048828125,1361.300048828125,651745,0.0,0.0
2026-06-23 12:00:00+05:30,1361.199951171875,1362.5999755859375,1356.0999755859375,1357.699951171875,525899,0.0,0.0
2026-06-23 12:15:00+05:30,1357.699951171875,1357.9000244140625,1353.4000244140625,1355.9000244140625,339824,0.0,0.0
2026-06-23 12:30:00+05:30,1355.9000244140625,1356.0999755859375,1353.9000244140625,1354.699951171875,243377,0.0,0.0
2026-06-23 12:45:00+05:30,1354.9000244140625,1356.199951171875,1353.4000244140625,1355.699951171875,270447,0.0,0.0
2026-06-23 13:00:00+05:30,1355.699951171875,1356.199951171875,1354.5,1355.199951171875,274815,0.0,0.0
2026-06-23 13:15:00+05:30,1355.199951171875,1355.5999755859375,1353.0999755859375,1353.9000244140625,197025,0.0,0.0
2026-06-23 13:30:00+05:30,1353.9000244140625,1354.0999755859375,1351.0999755859375,1353.0,257272,0.0,0.0
2026-06-23 13:45:00+05:30,1353.0,1353.199951171875,1349.0,1349.0,431094,0.0,0.0
2026-06-23 14:00:00+05:30,1348.800048828125,1351.4000244140625,1348.0999755859375,1350.199951171875,293128,0.0,0.0
2026-06-23 14:15:00+05:30,1350.5999755859375,1350.9000244140625,1348.699951171875,1349.0999755859375,309561,0.0,0.0
2026-06-23 14:30:00+05:30,1349.0999755859375,1349.5,1348.300048828125,1348.9000244140625,261275,0.0,0.0
2026-06-23 14:45:00+05:30,1348.5999755859375,1349.699951171875,1346.4000244140625,1346.5999755859375,709596,0.0,0.0
2026-06-23 15:00:00+05:30,1346.699951171875,1346.800048828125,1337.5,1337.800048828125,1806818,0.0,0.0
2026-06-23 15:15:00+05:30,1337.9000244140625,1338.0999755859375,1331.5,1335.5,1436679,0.0,0.0
2026-06-24 09:15:00+05:30,1347.0,1361.0,1341.0999755859375,1359.9000244140625,731085,0.0,0.0
2026-06-24 09:30:00+05:30,1360.0,1365.5,1359.5,1363.5,911181,0.0,0.0
2026-06-24 09:45:00+05:30,1363.5999755859375,1364.800048828125,1359.0999755859375,1362.5,451551,0.0,0.0
2026-06-24 10:00:00+05:30,1362.5,1370.300048828125,1362.300048828125,1368.699951171875,975872,0.0,0.0
2026-06-24 10:15:00+05:30,1368.699951171875,1371.699951171875,1367.800048828125,1369.5999755859375,699217,0.0,0.0
2026-06-24 10:30:00+05:30,1370.4000244140625,1371.199951171875,1368.199951171875,1368.199951171875,452074,0.0,0.0
2026-06-24 10:45:00+05:30,1368.199951171875,1371.800048828125,1368.0999755859375,1371.4000244140625,288216,0.0,0.0
2026-06-24 11:00:00+05:30,1371.4000244140625,1373.9000244140625,1370.5999755859375,1373.0,430682,0.0,0.0
2026-06-24 11:15:00+05:30,1373.0,1373.9000244140625,1372.0999755859375,1372.9000244140625,588065,0.0,0.0
2026-06-24 11:30:00+05:30,1372.5999755859375,1375.0,1370.5,1375.0,447033,0.0,0.0
2026-06-24 11:45:00+05:30,1375.0,1376.699951171875,1373.800048828125,1374.5,536159,0.0,0.0
2026-06-24 12:00:00+05:30,1374.699951171875,1376.199951171875,1373.4000244140625,1374.199951171875,573433,0.0,0.0
2026-06-24 12:15:00+05:30,1374.4000244140625,1375.9000244140625,1372.300048828125,1372.800048828125,369136,0.0,0.0
2026-06-24 12:30:00+05:30,1372.9000244140625,1373.199951171875,1368.5,1369.5,408463,0.0,0.0
2026-06-24 12:45:00+05:30,1369.699951171875,1371.699951171875,1369.4000244140625,1370.800048828125,335901,0.0,0.0
2026-06-24 13:00:00+05:30,1370.800048828125,1371.0999755859375,1368.800048828125,1369.5,351401,0.0,0.0
2026-06-24 13:15:00+05:30,1369.199951171875,1374.199951171875,1368.9000244140625,1373.699951171875,460017,0.0,0.0
2026-06-24 13:30:00+05:30,1374.0,1376.699951171875,1373.800048828125,1375.5,438798,0.0,0.0
2026-06-24 13:45:00+05:30,1375.4000244140625,1376.0999755859375,1372.5,1373.4000244140625,365845,0.0,0.0
2026-06-24 14:00:00+05:30,1373.699951171875,1373.699951171875,1369.199951171875,1369.800048828125,742539,0.0,0.0
2026-06-24 14:15:00+05:30,1369.699951171875,1373.800048828125,1369.5999755859375,1373.0999755859375,374755,0.0,0.0
2026-06-24 14:30:00+05:30,1373.0999755859375,1375.0,1371.5999755859375,1374.4000244140625,758362,0.0,0.0
2026-06-24 14:45:00+05:30,1374.199951171875,1377.300048828125,1374.0999755859375,1374.9000244140625,837650,0.0,0.0
2026-06-24 15:00:00+05:30,1374.699951171875,1375.300048828125,1372.300048828125,1372.5,1715389,0.0,0.0
2026-06-24 15:15:00+05:30,1372.5,1374.5999755859375,1371.0,1372.0,1534367,0.0,0.0
2026-06-25 09:15:00+05:30,1380.0999755859375,1390.0999755859375,1380.0999755859375,1385.5999755859375,718640,0.0,0.0
2026-06-25 09:30:00+05:30,1386.0999755859375,1388.0,1384.699951171875,1386.699951171875,473922,0.0,0.0
2026-06-25 09:45:00+05:30,1386.699951171875,1391.4000244140625,1386.5,1390.300048828125,500607,0.0,0.0
2026-06-25 10:00:00+05:30,1390.5999755859375,1390.800048828125,1388.0,1389.0,382093,0.0,0.0
2026-06-25 10:15:00+05:30,1389.0,1389.9000244140625,1386.0999755859375,1386.5999755859375,462757,0.0,0.0
2026-06-25 10:30:00+05:30,1386.9000244140625,1388.0,1385.0999755859375,1387.9000244140625,591174,0.0,0.0
2026-06-25 10:45:00+05:30,1387.9000244140625,1388.0,1386.0,1387.300048828125,330577,0.0,0.0
2026-06-25 11:00:00+05:30,1387.300048828125,1388.199951171875,1385.199951171875,1387.300048828125,424987,0.0,0.0
2026-06-25 11:15:00+05:30,1387.5,1389.199951171875,1387.199951171875,1388.4000244140625,388785,0.0,0.0
2026-06-25 11:30:00+05:30,1388.0,1391.9000244140625,1387.9000244140625,1391.5,411850,0.0,0.0
2026-06-25 11:45:00+05:30,1391.4000244140625,1394.9000244140625,1390.199951171875,1394.9000244140625,576953,0.0,0.0
2026-06-25 12:00:00+05:30,1394.9000244140625,1403.4000244140625,1394.5,1402.0,987483,0.0,0.0
2026-06-25 12:15:00+05:30,1402.0,1404.0,1398.4000244140625,1398.4000244140625,748509,0.0,0.0
2026-06-25 12:30:00+05:30,1398.5,1399.9000244140625,1396.4000244140625,1399.199951171875,412452,0.0,0.0
2026-06-25 12:45:00+05:30,1399.0,1400.0999755859375,1398.0999755859375,1399.5,359852,0.0,0.0
2026-06-25 13:00:00+05:30,1399.5999755859375,1401.4000244140625,1398.0,1398.4000244140625,399379,0.0,0.0
2026-06-25 13:15:00+05:30,1398.300048828125,1399.5,1395.9000244140625,1395.9000244140625,702821,0.0,0.0
2026-06-25 13:30:00+05:30,1396.199951171875,1398.4000244140625,1395.199951171875,1396.699951171875,491293,0.0,0.0
2026-06-25 13:45:00+05:30,1396.699951171875,1397.300048828125,1394.800048828125,1394.800048828125,457777,0.0,0.0
2026-06-25 14:00:00+05:30,1394.699951171875,1395.300048828125,1390.699951171875,1390.800048828125,517276,0.0,0.0
2026-06-25 14:15:00+05:30,1390.5,1391.199951171875,1385.5,1387.0,707313,0.0,0.0
2026-06-25 14:30:00+05:30,1387.199951171875,1387.699951171875,1384.5999755859375,1384.5999755859375,804540,0.0,0.0
2026-06-25 14:45:00+05:30,1384.800048828125,1386.800048828125,1382.9000244140625,1385.800048828125,708371,0.0,0.0
2026-06-25 15:00:00+05:30,1385.5,1388.4000244140625,1384.0999755859375,1387.300048828125,1971848,0.0,0.0
2026-06-25 15:15:00+05:30,1387.300048828125,1390.9000244140625,1385.0,1387.5,1599896,0.0,0.0
2026-06-29 09:15:00+05:30,1393.0,1402.0,1387.9000244140625,1390.0999755859375,677106,0.0,0.0
2026-06-29 09:30:00+05:30,1390.800048828125,1391.4000244140625,1383.199951171875,1390.4000244140625,694888,0.0,0.0
2026-06-29 09:45:00+05:30,1390.4000244140625,1391.0999755859375,1388.300048828125,1390.5,350868,0.0,0.0
2026-06-29 10:00:00+05:30,1390.4000244140625,1390.699951171875,1387.199951171875,1388.5,427917,0.0,0.0
2026-06-29 10:15:00+05:30,1388.5,1390.699951171875,1387.699951171875,1390.0,417999,0.0,0.0
2026-06-29 10:30:00+05:30,1390.4000244140625,1391.5999755859375,1389.5999755859375,1390.5999755859375,363093,0.0,0.0
2026-06-29 10:45:00+05:30,1391.199951171875,1391.5999755859375,1387.5,1387.800048828125,481857,0.0,0.0
2026-06-29 11:00:00+05:30,1387.9000244140625,1393.0,1386.699951171875,1389.0999755859375,374958,0.0,0.0
2026-06-29 11:15:00+05:30,1388.9000244140625,1389.9000244140625,1387.5,1388.5999755859375,242169,0.0,0.0
2026-06-29 11:30:00+05:30,1388.699951171875,1389.0,1386.0,1387.300048828125,338778,0.0,0.0
2026-06-29 11:45:00+05:30,1387.300048828125,1389.0,1386.9000244140625,1388.4000244140625,349493,0.0,0.0
2026-06-29 12:00:00+05:30,1388.4000244140625,1389.800048828125,1387.0999755859375,1387.199951171875,292771,0.0,0.0
2026-06-29 12:15:00+05:30,1387.4000244140625,1387.9000244140625,1385.300048828125,1387.0999755859375,241188,0.0,0.0
2026-06-29 12:30:00+05:30,1387.0,1387.800048828125,1384.699951171875,1386.5,271144,0.0,0.0
2026-06-29 12:45:00+05:30,1386.5999755859375,1389.0,1386.0,1387.5999755859375,291290,0.0,0.0
2026-06-29 13:00:00+05:30,1387.9000244140625,1390.0999755859375,1387.0999755859375,1388.9000244140625,345914,0.0,0.0
2026-06-29 13:15:00+05:30,1388.9000244140625,1389.0,1386.5,1387.800048828125,279977,0.0,0.0
2026-06-29 13:30:00+05:30,1387.9000244140625,1389.0999755859375,1386.5999755859375,1386.699951171875,283434,0.0,0.0
2026-06-29 13:45:00+05:30,1386.9000244140625,1388.5999755859375,1385.4000244140625,1387.0999755859375,323251,0.0,0.0
2026-06-29 14:00:00+05:30,1387.4000244140625,1389.5,1387.300048828125,1388.300048828125,345523,0.0,0.0
2026-06-29 14:15:00+05:30,1388.300048828125,1390.800048828125,1388.0999755859375,1388.9000244140625,492877,0.0,0.0
2026-06-29 14:30:00+05:30,1389.4000244140625,1389.800048828125,1387.0999755859375,1388.699951171875,283934,0.0,0.0
2026-06-29 14:45:00+05:30,1388.5,1390.4000244140625,1386.0,1386.0,445245,0.0,0.0
2026-06-29 15:00:00+05:30,1386.0999755859375,1388.5999755859375,1385.300048828125,1387.9000244140625,1668654,0.0,0.0
2026-06-29 15:15:00+05:30,1387.9000244140625,1390.0,1386.9000244140625,1388.0,1478868,0.0,0.0
2026-06-30 09:15:00+05:30,1395.0,1395.0,1388.800048828125,1390.5,459258,0.0,0.0
2026-06-30 09:30:00+05:30,1389.800048828125,1392.5,1387.699951171875,1388.5999755859375,623774,0.0,0.0
2026-06-30 09:45:00+05:30,1388.800048828125,1389.0999755859375,1383.0,1386.199951171875,379033,0.0,0.0
2026-06-30 10:00:00+05:30,1386.0999755859375,1390.9000244140625,1386.0,1386.800048828125,323400,0.0,0.0
2026-06-30 10:15:00+05:30,1386.9000244140625,1386.9000244140625,1380.4000244140625,1381.9000244140625,314596,0.0,0.0
2026-06-30 10:30:00+05:30,1381.800048828125,1385.699951171875,1381.5999755859375,1383.0,305460,0.0,0.0
2026-06-30 10:45:00+05:30,1383.0,1385.0999755859375,1380.0,1380.0,264309,0.0,0.0
2026-06-30 11:00:00+05:30,1380.0,1384.300048828125,1377.300048828125,1382.9000244140625,412618,0.0,0.0
2026-06-30 11:15:00+05:30,1383.0999755859375,1386.699951171875,1381.300048828125,1384.5999755859375,299838,0.0,0.0
2026-06-30 11:30:00+05:30,1384.5999755859375,1385.300048828125,1378.199951171875,1380.199951171875,339569,0.0,0.0
2026-06-30 11:45:00+05:30,1380.300048828125,1381.0999755859375,1379.199951171875,1379.9000244140625,160527,0.0,0.0
2026-06-30 12:00:00+05:30,1379.4000244140625,1379.9000244140625,1376.4000244140625,1377.5,202844,0.0,0.0
2026-06-30 12:15:00+05:30,1377.0999755859375,1378.699951171875,1375.800048828125,1376.0,210999,0.0,0.0
2026-06-30 12:30:00+05:30,1375.9000244140625,1380.0,1374.0,1379.5999755859375,470106,0.0,0.0
2026-06-30 12:45:00+05:30,1379.0,1379.9000244140625,1375.800048828125,1376.9000244140625,753869,0.0,0.0
2026-06-30 13:00:00+05:30,1376.9000244140625,1377.0,1374.0,1375.800048828125,309636,0.0,0.0
2026-06-30 13:15:00+05:30,1376.0,1376.5,1372.0,1372.5999755859375,385271,0.0,0.0
2026-06-30 13:30:00+05:30,1372.5,1375.9000244140625,1371.4000244140625,1374.5999755859375,371411,0.0,0.0
2026-06-30 13:45:00+05:30,1374.5999755859375,1375.0,1372.800048828125,1374.0,328333,0.0,0.0
2026-06-30 14:00:00+05:30,1373.800048828125,1374.0,1366.699951171875,1366.9000244140625,711579,0.0,0.0
2026-06-30 14:15:00+05:30,1367.0999755859375,1378.5999755859375,1366.0999755859375,1376.0999755859375,1612443,0.0,0.0
2026-06-30 14:30:00+05:30,1375.5999755859375,1379.0999755859375,1374.199951171875,1377.5999755859375,1937669,0.0,0.0
2026-06-30 14:45:00+05:30,1377.800048828125,1379.0999755859375,1374.9000244140625,1375.4000244140625,728304,0.0,0.0
2026-06-30 15:00:00+05:30,1375.4000244140625,1376.0,1371.0999755859375,1375.5999755859375,3721678,0.0,0.0
2026-06-30 15:15:00+05:30,1375.5999755859375,1380.5999755859375,1375.199951171875,1375.199951171875,2280228,0.0,0.0
2026-07-01 09:15:00+05:30,1371.800048828125,1373.5,1367.9000244140625,1370.699951171875,335209,0.0,0.0
2026-07-01 09:30:00+05:30,1370.5999755859375,1373.800048828125,1370.0999755859375,1372.9000244140625,738029,0.0,0.0
2026-07-01 09:45:00+05:30,1373.0,1375.0,1371.4000244140625,1374.300048828125,834653,0.0,0.0
2026-07-01 10:00:00+05:30,1374.5,1375.5,1373.0999755859375,1373.699951171875,384312,0.0,0.0
2026-07-01 10:15:00+05:30,1373.699951171875,1376.699951171875,1373.5,1375.199951171875,296181,0.0,0.0
2026-07-01 10:30:00+05:30,1375.300048828125,1375.9000244140625,1372.0999755859375,1372.199951171875,169291,0.0,0.0
2026-07-01 10:45:00+05:30,1372.300048828125,1374.0999755859375,1371.199951171875,1371.800048828125,146434,0.0,0.0
2026-07-01 11:00:00+05:30,1371.800048828125,1376.699951171875,1371.0,1376.699951171875,337472,0.0,0.0
2026-07-01 11:15:00+05:30,1376.699951171875,1377.0,1375.300048828125,1376.0,537846,0.0,0.0
2026-07-01 11:30:00+05:30,1376.0,1376.5,1373.800048828125,1376.4000244140625,1080492,0.0,0.0
2026-07-01 11:45:00+05:30,1376.0,1382.199951171875,1376.0,1381.800048828125,1143323,0.0,0.0
2026-07-01 12:00:00+05:30,1381.5,1384.300048828125,1380.199951171875,1381.9000244140625,673122,0.0,0.0
2026-07-01 12:15:00+05:30,1381.9000244140625,1383.5,1379.0,1380.0999755859375,375507,0.0,0.0
2026-07-01 12:30:00+05:30,1381.300048828125,1382.0,1380.300048828125,1380.5,161937,0.0,0.0
2026-07-01 12:45:00+05:30,1380.9000244140625,1382.699951171875,1380.5,1382.5999755859375,167480,0.0,0.0
2026-07-01 13:00:00+05:30,1382.5,1384.4000244140625,1380.800048828125,1384.300048828125,159018,0.0,0.0
2026-07-01 13:15:00+05:30,1384.199951171875,1385.0,1381.800048828125,1382.5,299908,0.0,0.0
2026-07-01 13:30:00+05:30,1382.5,1382.5999755859375,1380.5,1381.0,212411,0.0,0.0
2026-07-01 13:45:00+05:30,1381.0,1381.0,1379.0,1380.699951171875,118238,0.0,0.0
2026-07-01 14:00:00+05:30,1380.800048828125,1381.0999755859375,1377.699951171875,1377.699951171875,669416,0.0,0.0
2026-07-01 14:15:00+05:30,1378.0,1381.5,1377.0,1379.0,476493,0.0,0.0
2026-07-01 14:30:00+05:30,1379.0,1379.5999755859375,1376.800048828125,1377.4000244140625,289306,0.0,0.0
2026-07-01 14:45:00+05:30,1377.699951171875,1382.0,1377.0,1381.800048828125,347143,0.0,0.0
2026-07-01 15:00:00+05:30,1381.800048828125,1382.9000244140625,1378.5,1379.0,1049979,0.0,0.0
2026-07-01 15:15:00+05:30,1379.5,1380.4000244140625,1376.0999755859375,1379.800048828125,491044,0.0,0.0
2026-07-02 09:15:00+05:30,1381.9000244140625,1387.9000244140625,1377.5999755859375,1387.199951171875,400483,0.0,0.0
2026-07-02 09:30:00+05:30,1387.699951171875,1395.0,1386.5,1392.9000244140625,342306,0.0,0.0
2026-07-02 09:45:00+05:30,1393.0,1395.800048828125,1390.199951171875,1392.0,475547,0.0,0.0
2026-07-02 10:00:00+05:30,1391.9000244140625,1392.5,1386.0,1386.0,296905,0.0,0.0
2026-07-02 10:15:00+05:30,1386.0,1390.5999755859375,1385.0,1389.5,320004,0.0,0.0
2026-07-02 10:30:00+05:30,1389.5,1390.300048828125,1387.0999755859375,1389.0999755859375,293932,0.0,0.0
2026-07-02 10:45:00+05:30,1389.199951171875,1391.199951171875,1388.5,1389.9000244140625,217874,0.0,0.0
2026-07-02 11:00:00+05:30,1389.9000244140625,1390.699951171875,1387.800048828125,1388.5999755859375,306088,0.0,0.0
2026-07-02 11:15:00+05:30,1388.800048828125,1390.300048828125,1386.300048828125,1386.4000244140625,666450,0.0,0.0
2026-07-02 11:30:00+05:30,1386.5,1386.9000244140625,1385.199951171875,1386.800048828125,258458,0.0,0.0
2026-07-02 11:45:00+05:30,1386.699951171875,1388.0,1384.9000244140625,1386.9000244140625,529282,0.0,0.0
2026-07-02 12:00:00+05:30,1386.9000244140625,1392.5999755859375,1386.0999755859375,1392.300048828125,587761,0.0,0.0
2026-07-02 12:15:00+05:30,1392.300048828125,1395.0,1391.0,1394.5,425700,0.0,0.0
2026-07-02 12:30:00+05:30,1394.5,1396.699951171875,1393.9000244140625,1395.0,422857,0.0,0.0
2026-07-02 12:45:00+05:30,1395.0,1397.4000244140625,1394.4000244140625,1397.0999755859375,451018,0.0,0.0
2026-07-02 13:00:00+05:30,1397.0999755859375,1400.699951171875,1396.5,1399.699951171875,585072,0.0,0.0
2026-07-02 13:15:00+05:30,1399.699951171875,1400.5999755859375,1398.9000244140625,1399.9000244140625,531129,0.0,0.0
2026-07-02 13:30:00+05:30,1400.199951171875,1401.0,1397.0999755859375,1398.800048828125,617227,0.0,0.0
2026-07-02 13:45:00+05:30,1398.800048828125,1399.800048828125,1397.800048828125,1398.5999755859375,551472,0.0,0.0
2026-07-02 14:00:00+05:30,1398.5,1400.300048828125,1398.0,1398.800048828125,585674,0.0,0.0
2026-07-02 14:15:00+05:30,1398.800048828125,1399.699951171875,1396.199951171875,1397.699951171875,1216982,0.0,0.0
2026-07-02 14:30:00+05:30,1398.199951171875,1402.0,1397.300048828125,1401.0,1374646,0.0,0.0
2026-07-02 14:45:00+05:30,1401.0,1404.199951171875,1400.0,1403.699951171875,1022185,0.0,0.0
2026-07-02 15:00:00+05:30,1403.699951171875,1404.0,1398.5,1399.5,1402122,0.0,0.0
2026-07-02 15:15:00+05:30,1399.5999755859375,1402.0999755859375,1399.0,1401.9000244140625,1411718,0.0,0.0
2026-07-03 09:15:00+05:30,1410.300048828125,1417.4000244140625,1406.0999755859375,1417.199951171875,488694,0.0,0.0
2026-07-03 09:30:00+05:30,1417.0999755859375,1420.0,1412.5,1413.0,751689,0.0,0.0
2026-07-03 09:45:00+05:30,1413.0,1414.699951171875,1412.0,1413.0,358704,0.0,0.0
2026-07-03 10:00:00+05:30,1413.0,1414.0,1410.5999755859375,1410.5999755859375,335841,0.0,0.0
2026-07-03 10:15:00+05:30,1410.699951171875,1411.9000244140625,1408.300048828125,1411.0999755859375,777173,0.0,0.0
2026-07-03 10:30:00+05:30,1411.0999755859375,1413.5999755859375,1411.0999755859375,1413.199951171875,368341,0.0,0.0
2026-07-03 10:45:00+05:30,1413.199951171875,1414.300048828125,1412.300048828125,1412.9000244140625,664358,0.0,0.0
2026-07-03 11:00:00+05:30,1413.0,1414.199951171875,1411.199951171875,1412.0,653638,0.0,0.0
2026-07-03 11:15:00+05:30,1411.9000244140625,1413.0,1409.0,1411.5,509786,0.0,0.0
2026-07-03 11:30:00+05:30,1411.4000244140625,1412.4000244140625,1409.800048828125,1412.300048828125,491691,0.0,0.0
2026-07-03 11:45:00+05:30,1412.0,1413.0999755859375,1409.9000244140625,1410.800048828125,450458,0.0,0.0
2026-07-03 12:00:00+05:30,1410.9000244140625,1413.9000244140625,1410.5999755859375,1413.699951171875,299756,0.0,0.0
2026-07-03 12:15:00+05:30,1413.5,1414.199951171875,1413.0,1413.5999755859375,568588,0.0,0.0
2026-07-03 12:30:00+05:30,1413.5999755859375,1414.9000244140625,1412.5999755859375,1412.800048828125,456803,0.0,0.0
2026-07-03 12:45:00+05:30,1412.9000244140625,1415.800048828125,1412.5,1414.300048828125,443103,0.0,0.0
2026-07-03 13:00:00+05:30,1414.4000244140625,1414.5999755859375,1411.5999755859375,1412.9000244140625,342731,0.0,0.0
2026-07-03 13:15:00+05:30,1413.0999755859375,1414.0,1411.0,1412.0,487352,0.0,0.0
2026-07-03 13:30:00+05:30,1412.0,1412.0999755859375,1408.5999755859375,1410.300048828125,312141,0.0,0.0
2026-07-03 13:45:00+05:30,1410.5,1411.800048828125,1408.9000244140625,1411.5,243128,0.0,0.0
2026-07-03 14:00:00+05:30,1411.5999755859375,1412.800048828125,1410.5,1412.0999755859375,276882,0.0,0.0
2026-07-03 14:15:00+05:30,1412.0,1412.0,1410.0,1410.699951171875,281655,0.0,0.0
2026-07-03 14:30:00+05:30,1411.0999755859375,1413.300048828125,1410.699951171875,1412.4000244140625,369553,0.0,0.0
2026-07-03 14:45:00+05:30,1412.4000244140625,1412.4000244140625,1410.0,1410.0,343643,0.0,0.0
2026-07-03 15:00:00+05:30,1410.699951171875,1412.300048828125,1410.4000244140625,1411.300048828125,735682,0.0,0.0
2026-07-03 15:15:00+05:30,1411.4000244140625,1412.5999755859375,1410.699951171875,1412.5999755859375,950329,0.0,0.0
2026-07-06 09:15:00+05:30,1413.800048828125,1431.199951171875,1412.0999755859375,1423.0,555297,0.0,0.0
2026-07-06 09:30:00+05:30,1423.0,1429.199951171875,1422.300048828125,1425.9000244140625,518374,0.0,0.0
2026-07-06 09:45:00+05:30,1425.5999755859375,1430.0,1425.0,1426.300048828125,369229,0.0,0.0
2026-07-06 10:00:00+05:30,1426.199951171875,1428.0,1425.0,1425.5,155753,0.0,0.0
2026-07-06 10:15:00+05:30,1425.5,1428.199951171875,1425.0999755859375,1426.300048828125,381278,0.0,0.0
2026-07-06 10:30:00+05:30,1426.699951171875,1428.699951171875,1425.300048828125,1428.699951171875,735981,0.0,0.0
2026-07-06 10:45:00+05:30,1429.0,1430.4000244140625,1426.300048828125,1428.4000244140625,658639,0.0,0.0
2026-07-06 11:00:00+05:30,1428.4000244140625,1429.199951171875,1426.0,1426.199951171875,255136,0.0,0.0
2026-07-06 11:15:00+05:30,1426.4000244140625,1427.5,1424.5999755859375,1425.699951171875,365734,0.0,0.0
2026-07-06 11:30:00+05:30,1425.5999755859375,1425.800048828125,1418.300048828125,1418.300048828125,501986,0.0,0.0
2026-07-06 11:45:00+05:30,1418.699951171875,1423.0,1418.199951171875,1421.800048828125,273971,0.0,0.0
2026-07-06 12:00:00+05:30,1421.800048828125,1424.5,1421.0,1424.5,201602,0.0,0.0
2026-07-06 12:15:00+05:30,1424.699951171875,1425.4000244140625,1422.0999755859375,1423.5999755859375,229432,0.0,0.0
2026-07-06 12:30:00+05:30,1423.4000244140625,1426.5999755859375,1422.5999755859375,1426.300048828125,292154,0.0,0.0
2026-07-06 12:45:00+05:30,1426.300048828125,1428.0999755859375,1425.0,1427.199951171875,354318,0.0,0.0
2026-07-06 13:00:00+05:30,1427.5,1428.5,1426.300048828125,1428.0999755859375,502368,0.0,0.0
2026-07-06 13:15:00+05:30,1428.0999755859375,1428.4000244140625,1426.5,1426.5,375496,0.0,0.0
2026-07-06 13:30:00+05:30,1426.5999755859375,1428.199951171875,1425.800048828125,1426.4000244140625,432182,0.0,0.0
2026-07-06 13:45:00+05:30,1426.4000244140625,1428.0999755859375,1425.300048828125,1427.300048828125,696847,0.0,0.0
2026-07-06 14:00:00+05:30,1427.5,1427.699951171875,1425.0,1426.0999755859375,460165,0.0,0.0
2026-07-06 14:15:00+05:30,1426.0999755859375,1426.5999755859375,1425.0,1425.4000244140625,393809,0.0,0.0
2026-07-06 14:30:00+05:30,1425.4000244140625,1426.5,1423.699951171875,1424.300048828125,637330,0.0,0.0
2026-07-06 14:45:00+05:30,1424.300048828125,1425.300048828125,1422.300048828125,1424.300048828125,524062,0.0,0.0
2026-07-06 15:00:00+05:30,1424.5999755859375,1428.0,1424.4000244140625,1427.0999755859375,689820,0.0,0.0
2026-07-06 15:15:00+05:30,1427.0999755859375,1428.0,1425.199951171875,1426.9000244140625,1025551,0.0,0.0
2026-07-07 09:15:00+05:30,1431.199951171875,1431.199951171875,1421.4000244140625,1427.0999755859375,719090,0.0,0.0
2026-07-07 09:30:00+05:30,1427.0999755859375,1428.800048828125,1426.0,1428.800048828125,1252151,0.0,0.0
2026-07-07 09:45:00+05:30,1429.699951171875,1429.699951171875,1427.699951171875,1429.4000244140625,354370,0.0,0.0
2026-07-07 10:00:00+05:30,1429.5999755859375,1429.5999755859375,1426.5,1427.300048828125,586968,0.0,0.0
2026-07-07 10:15:00+05:30,1427.199951171875,1427.4000244140625,1425.199951171875,1425.800048828125,253062,0.0,0.0
2026-07-07 10:30:00+05:30,1425.800048828125,1426.5999755859375,1423.300048828125,1425.0999755859375,549827,0.0,0.0
2026-07-07 10:45:00+05:30,1425.0,1427.300048828125,1424.5,1424.5999755859375,354038,0.0,0.0
2026-07-07 11:00:00+05:30,1424.5,1426.5999755859375,1424.5,1424.9000244140625,339731,0.0,0.0
2026-07-07 11:15:00+05:30,1425.0,1426.5999755859375,1424.800048828125,1426.5,574264,0.0,0.0
2026-07-07 11:30:00+05:30,1426.5,1426.699951171875,1425.4000244140625,1426.5999755859375,331988,0.0,0.0
2026-07-07 11:45:00+05:30,1426.5999755859375,1428.699951171875,1425.0,1427.800048828125,409639,0.0,0.0
2026-07-07 12:00:00+05:30,1427.800048828125,1429.5,1426.9000244140625,1427.5,379019,0.0,0.0
2026-07-07 12:15:00+05:30,1427.5999755859375,1428.800048828125,1426.199951171875,1426.4000244140625,474637,0.0,0.0
2026-07-07 12:30:00+05:30,1426.5999755859375,1427.0,1417.9000244140625,1419.4000244140625,790613,0.0,0.0
2026-07-07 12:45:00+05:30,1419.5,1419.800048828125,1415.4000244140625,1417.4000244140625,1076393,0.0,0.0
2026-07-07 13:00:00+05:30,1417.5,1418.9000244140625,1414.199951171875,1416.9000244140625,480361,0.0,0.0
2026-07-07 13:15:00+05:30,1417.0,1419.0999755859375,1416.0999755859375,1418.9000244140625,325950,0.0,0.0
2026-07-07 13:30:00+05:30,1418.9000244140625,1420.300048828125,1417.0,1418.9000244140625,802051,0.0,0.0
2026-07-07 13:45:00+05:30,1419.0,1420.699951171875,1414.300048828125,1415.5,1092629,0.0,0.0
2026-07-07 14:00:00+05:30,1415.5999755859375,1416.5,1413.9000244140625,1414.199951171875,441765,0.0,0.0
2026-07-07 14:15:00+05:30,1414.199951171875,1415.4000244140625,1413.4000244140625,1414.9000244140625,406486,0.0,0.0
2026-07-07 14:30:00+05:30,1414.9000244140625,1415.699951171875,1413.4000244140625,1414.5,498228,0.0,0.0
2026-07-07 14:45:00+05:30,1414.5,1416.5999755859375,1414.0,1414.699951171875,587062,0.0,0.0
2026-07-07 15:00:00+05:30,1414.5,1417.199951171875,1414.0,1415.0,1033195,0.0,0.0
2026-07-07 15:15:00+05:30,1415.0,1416.199951171875,1410.0,1412.0,789580,0.0,0.0
2026-07-08 09:15:00+05:30,1412.699951171875,1415.9000244140625,1410.5999755859375,1413.5999755859375,268746,0.0,0.0
2026-07-08 09:30:00+05:30,1413.4000244140625,1416.800048828125,1411.800048828125,1415.0,362574,0.0,0.0
2026-07-08 09:45:00+05:30,1414.9000244140625,1417.5,1413.5999755859375,1413.9000244140625,261678,0.0,0.0
2026-07-08 10:00:00+05:30,1413.9000244140625,1415.5,1413.0,1414.4000244140625,250508,0.0,0.0
2026-07-08 10:15:00+05:30,1414.5,1416.9000244140625,1414.0,1416.199951171875,333334,0.0,0.0
2026-07-08 10:30:00+05:30,1416.199951171875,1417.699951171875,1415.4000244140625,1415.699951171875,237050,0.0,0.0
2026-07-08 10:45:00+05:30,1415.699951171875,1417.0,1415.0999755859375,1416.0,228984,0.0,0.0
2026-07-08 11:00:00+05:30,1416.0,1416.5999755859375,1412.5999755859375,1413.0,350532,0.0,0.0
2026-07-08 11:15:00+05:30,1412.9000244140625,1413.0,1408.199951171875,1408.699951171875,339248,0.0,0.0
2026-07-08 11:30:00+05:30,1408.4000244140625,1408.800048828125,1406.699951171875,1407.4000244140625,260120,0.0,0.0
2026-07-08 11:45:00+05:30,1407.4000244140625,1408.0,1404.699951171875,1405.300048828125,448858,0.0,0.0
2026-07-08 12:00:00+05:30,1405.199951171875,1406.300048828125,1400.0999755859375,1400.699951171875,381744,0.0,0.0
2026-07-08 12:15:00+05:30,1400.9000244140625,1401.300048828125,1397.800048828125,1398.0,299260,0.0,0.0
2026-07-08 12:30:00+05:30,1398.0,1398.4000244140625,1395.0999755859375,1396.4000244140625,392513,0.0,0.0
2026-07-08 12:45:00+05:30,1396.4000244140625,1398.0,1395.5,1395.699951171875,321792,0.0,0.0
2026-07-08 13:00:00+05:30,1395.699951171875,1397.699951171875,1395.300048828125,1396.4000244140625,470934,0.0,0.0
2026-07-08 13:15:00+05:30,1396.4000244140625,1398.5,1395.5,1397.5,247615,0.0,0.0
2026-07-08 13:30:00+05:30,1397.5,1398.4000244140625,1396.199951171875,1397.0,222490,0.0,0.0
2026-07-08 13:45:00+05:30,1397.0,1397.4000244140625,1385.0999755859375,1385.199951171875,501746,0.0,0.0
2026-07-08 14:00:00+05:30,1385.300048828125,1387.0999755859375,1382.0999755859375,1383.5,535723,0.0,0.0
2026-07-08 14:15:00+05:30,1383.800048828125,1386.4000244140625,1380.5,1381.4000244140625,566772,0.0,0.0
2026-07-08 14:30:00+05:30,1381.4000244140625,1383.5,1379.199951171875,1380.4000244140625,492968,0.0,0.0
2026-07-08 14:45:00+05:30,1380.4000244140625,1380.800048828125,1376.0,1377.0,517425,0.0,0.0
2026-07-08 15:00:00+05:30,1377.5,1381.699951171875,1377.5,1380.5,987381,0.0,0.0
2026-07-08 15:15:00+05:30,1380.4000244140625,1384.0,1380.300048828125,1380.5999755859375,749850,0.0,0.0
2026-07-09 09:15:00+05:30,1382.5999755859375,1397.699951171875,1382.5999755859375,1395.5,344725,0.0,0.0
2026-07-09 09:30:00+05:30,1395.5,1398.5999755859375,1392.800048828125,1397.300048828125,571572,0.0,0.0
2026-07-09 09:45:00+05:30,1397.4000244140625,1399.300048828125,1396.199951171875,1398.4000244140625,272119,0.0,0.0
2026-07-09 10:00:00+05:30,1398.5,1401.5999755859375,1395.5,1396.0999755859375,498646,0.0,0.0
2026-07-09 10:15:00+05:30,1396.0,1398.800048828125,1395.0,1396.0999755859375,352937,0.0,0.0
2026-07-09 10:30:00+05:30,1396.0,1403.5,1394.0999755859375,1397.800048828125,395885,0.0,0.0
2026-07-09 10:45:00+05:30,1397.9000244140625,1397.9000244140625,1388.199951171875,1390.300048828125,526749,0.0,0.0
2026-07-09 11:00:00+05:30,1390.300048828125,1392.199951171875,1386.800048828125,1390.699951171875,654563,0.0,0.0
2026-07-09 11:15:00+05:30,1390.800048828125,1394.300048828125,1389.4000244140625,1393.0999755859375,292047,0.0,0.0
2026-07-09 11:30:00+05:30,1393.0999755859375,1393.0999755859375,1387.0,1389.699951171875,408225,0.0,0.0
2026-07-09 11:45:00+05:30,1389.9000244140625,1390.199951171875,1382.5999755859375,1383.199951171875,561770,0.0,0.0
2026-07-09 12:00:00+05:30,1383.300048828125,1386.9000244140625,1382.800048828125,1384.800048828125,484136,0.0,0.0
2026-07-09 12:15:00+05:30,1385.0,1386.5999755859375,1383.9000244140625,1384.5,374312,0.0,0.0
2026-07-09 12:30:00+05:30,1384.800048828125,1386.5,1382.9000244140625,1383.0999755859375,177448,0.0,0.0
2026-07-09 12:45:00+05:30,1383.0,1384.9000244140625,1382.4000244140625,1382.699951171875,241191,0.0,0.0
2026-07-09 13:00:00+05:30,1382.800048828125,1387.0999755859375,1382.199951171875,1386.4000244140625,522381,0.0,0.0
2026-07-09 13:15:00+05:30,1386.0999755859375,1386.9000244140625,1382.9000244140625,1383.4000244140625,580460,0.0,0.0
2026-07-09 13:30:00+05:30,1383.300048828125,1387.9000244140625,1383.199951171875,1386.199951171875,358196,0.0,0.0
2026-07-09 13:45:00+05:30,1386.199951171875,1387.5999755859375,1384.0999755859375,1385.0999755859375,293577,0.0,0.0
2026-07-09 14:00:00+05:30,1385.0999755859375,1386.0,1381.5999755859375,1383.9000244140625,536203,0.0,0.0
2026-07-09 14:15:00+05:30,1383.9000244140625,1386.800048828125,1381.5,1386.5999755859375,513366,0.0,0.0
2026-07-09 14:30:00+05:30,1386.5,1390.4000244140625,1383.199951171875,1386.800048828125,871908,0.0,0.0
2026-07-09 14:45:00+05:30,1386.800048828125,1388.0,1385.0,1386.5,515584,0.0,0.0
2026-07-09 15:00:00+05:30,1386.300048828125,1386.300048828125,1377.5,1379.9000244140625,1892758,0.0,0.0
2026-07-09 15:15:00+05:30,1379.5999755859375,1384.0,1379.5999755859375,1383.699951171875,1258013,0.0,0.0
2026-07-10 09:15:00+05:30,1393.5,1402.800048828125,1393.5,1402.4000244140625,142413,0.0,0.0
2026-07-10 09:30:00+05:30,1403.699951171875,1407.300048828125,1402.4000244140625,1405.5999755859375,247980,0.0,0.0
2026-07-10 09:45:00+05:30,1406.300048828125,1408.0,1404.4000244140625,1405.0,162768,0.0,0.0
2026-07-10 10:00:00+05:30,1405.0,1405.9000244140625,1400.800048828125,1402.0,221007,0.0,0.0
2026-07-10 10:15:00+05:30,1402.0,1404.9000244140625,1401.199951171875,1402.199951171875,190848,0.0,0.0
2026-07-10 10:30:00+05:30,1402.5,1402.699951171875,1400.5999755859375,1402.0,86713,0.0,0.0
2026-07-10 10:45:00+05:30,1401.800048828125,1404.5,1401.800048828125,1403.0999755859375,79972,0.0,0.0
2026-07-10 11:00:00+05:30,1403.0,1404.4000244140625,1401.5,1401.699951171875,116684,0.0,0.0
2026-07-10 11:15:00+05:30,1401.699951171875,1402.9000244140625,1400.5,1401.0999755859375,225667,0.0,0.0
2026-07-10 11:30:00+05:30,1401.4000244140625,1402.199951171875,1400.300048828125,1400.800048828125,216381,0.0,0.0
2026-07-10 11:45:00+05:30,1400.9000244140625,1403.0,1400.4000244140625,1401.4000244140625,219991,0.0,0.0
2026-07-10 12:00:00+05:30,1401.5,1403.199951171875,1399.199951171875,1399.9000244140625,207431,0.0,0.0
2026-07-10 12:15:00+05:30,1399.9000244140625,1403.4000244140625,1399.199951171875,1402.5,127813,0.0,0.0
2026-07-10 12:30:00+05:30,1402.4000244140625,1403.4000244140625,1401.4000244140625,1402.699951171875,189345,0.0,0.0
2026-07-10 12:45:00+05:30,1403.0,1404.4000244140625,1400.800048828125,1401.4000244140625,137331,0.0,0.0
2026-07-10 13:00:00+05:30,1401.800048828125,1402.199951171875,1398.4000244140625,1400.199951171875,243515,0.0,0.0
2026-07-10 13:15:00+05:30,1400.5,1401.5,1399.4000244140625,1400.0999755859375,192994,0.0,0.0
2026-07-10 13:30:00+05:30,1400.0999755859375,1404.5999755859375,1399.800048828125,1404.4000244140625,230358,0.0,0.0
2026-07-10 13:45:00+05:30,1404.4000244140625,1405.0,1402.9000244140625,1404.0,269515,0.0,0.0
2026-07-10 14:00:00+05:30,1404.0999755859375,1404.699951171875,1402.0999755859375,1404.0,272573,0.0,0.0
2026-07-10 14:15:00+05:30,1404.199951171875,1406.699951171875,1402.800048828125,1406.5999755859375,279299,0.0,0.0
2026-07-10 14:30:00+05:30,1406.5999755859375,1406.699951171875,1404.4000244140625,1404.800048828125,247426,0.0,0.0
2026-07-10 14:45:00+05:30,1404.699951171875,1405.0999755859375,1400.0,1400.5,438641,0.0,0.0
2026-07-10 15:00:00+05:30,1400.5999755859375,1403.9000244140625,1400.5999755859375,1401.199951171875,781704,0.0,0.0
2026-07-10 15:15:00+05:30,1401.199951171875,1403.0,1399.0,1401.199951171875,647129,0.0,0.0
