Datetime,Open,High,Low,Close,Volume,Dividends,Stock Splits
2026-04-20 09:15:00+05:30,78622.5390625,78732.171875,78208.9609375,78657.8984375,0,0.0,0.0
2026-04-20 09:30:00+05:30,78656.34375,78672.59375,78390.2578125,78412.7734375,0,0.0,0.0
2026-04-20 09:45:00+05:30,78409.671875,78433.4921875,78339.890625,78433.4921875,0,0.0,0.0
2026-04-20 14:45:00+05:30,78493.5390625,78678.03125,78493.5390625,78655.7265625,0,0.0,0.0
2026-04-20 15:00:00+05:30,78660.3671875,78715.3515625,78582.140625,78582.140625,0,0.0,0.0
2026-04-20 15:15:00+05:30,78585.8203125,78633.4296875,78521.140625,78521.140625,0,0.0,0.0
2026-04-21 09:15:00+05:30,78610.6796875,78964.7890625,78522.9609375,78842.7578125,0,0.0,0.0
2026-04-21 09:30:00+05:30,78846.4375,78926.6875,78825.609375,78892.4921875,0,0.0,0.0
2026-04-21 09:45:00+05:30,78891.0234375,79059.75,78890.3671875,79013.3828125,0,0.0,0.0
2026-04-21 10:00:00+05:30,79014.6484375,79095.1015625,79011.078125,79064.0625,0,0.0,0.0
2026-04-21 10:15:00+05:30,79063.0,79096.6484375,78981.046875,78993.578125,0,0.0,0.0
2026-04-21 10:30:00+05:30,78993.578125,79140.78125,78993.578125,79134.09375,0,0.0,0.0
2026-04-21 10:45:00+05:30,79133.96875,79233.25,79085.09375,79202.2265625,0,0.0,0.0
2026-04-21 11:00:00+05:30,79202.6015625,79260.0625,79173.203125,79230.1875,0,0.0,0.0
2026-04-21 11:15:00+05:30,79228.3984375,79231.8984375,79148.71875,79175.140625,0,0.0,0.0
2026-04-21 11:30:00+05:30,79171.609375,79182.0078125,79088.71875,79139.7578125,0,0.0,0.0
2026-04-21 11:45:00+05:30,79136.65625,79198.2734375,78520.296875,79159.9375,0,0.0,0.0
2026-04-21 12:00:00+05:30,79161.4609375,79282.6484375,79155.9375,79260.859375,0,0.0,0.0
2026-04-21 12:15:00+05:30,79262.078125,79286.859375,79200.1484375,79207.2734375,0,0.0,0.0
2026-04-21 12:30:00+05:30,79209.203125,79293.3828125,79200.7578125,79225.5390625,0,0.0,0.0
2026-04-21 12:45:00+05:30,79227.203125,79232.4609375,79153.359375,79179.671875,0,0.0,0.0
2026-04-21 13:00:00+05:30,79179.71875,79207.1328125,79139.3125,79196.328125,0,0.0,0.0
2026-04-21 13:15:00+05:30,79199.390625,79248.703125,79182.9296875,79244.1015625,0,0.0,0.0
2026-04-21 13:30:00+05:30,79244.703125,79297.6484375,79144.15625,79161.1171875,0,0.0,0.0
2026-04-21 13:45:00+05:30,79161.3125,79274.5,79157.9609375,79245.7265625,0,0.0,0.0
2026-04-21 14:00:00+05:30,79245.6328125,79251.2734375,79131.7109375,79173.7578125,0,0.0,0.0
2026-04-21 14:15:00+05:30,79172.09375,79310.0625,79167.7421875,79282.859375,0,0.0,0.0
2026-04-21 14:30:00+05:30,79279.296875,79288.7109375,79128.03125,79152.0078125,0,0.0,0.0
2026-04-21 14:45:00+05:30,79151.5625,79260.2109375,79139.640625,79258.0625,0,0.0,0.0
2026-04-21 15:00:00+05:30,79256.6328125,79367.0,79187.9609375,79263.578125,0,0.0,0.0
2026-04-21 15:15:00+05:30,79271.1015625,79279.96875,79266.4921875,79272.5234375,0,0.0,0.0
2026-04-22 09:15:00+05:30,78971.7734375,79005.3671875,78723.1171875,78734.75,0,0.0,0.0
2026-04-22 09:30:00+05:30,78738.4765625,78811.0625,78662.8828125,78675.046875,0,0.0,0.0
2026-04-22 09:45:00+05:30,78677.4921875,78689.328125,78539.328125,78547.953125,0,0.0,0.0
2026-04-22 10:00:00+05:30,78543.6328125,78567.3671875,78457.15625,78517.859375,0,0.0,0.0
2026-04-22 10:15:00+05:30,78517.859375,78561.546875,78442.3125,78550.7734375,0,0.0,0.0
2026-04-22 10:30:00+05:30,78548.4375,78664.1015625,78539.3125,78648.796875,0,0.0,0.0
2026-04-22 10:45:00+05:30,78647.28125,78757.421875,78628.1015625,78735.9375,0,0.0,0.0
2026-04-22 11:00:00+05:30,78739.8828125,78739.8828125,78644.2890625,78690.75,0,0.0,0.0
2026-04-22 11:15:00+05:30,78690.71875,78759.4296875,78674.2890625,78713.0625,0,0.0,0.0
2026-04-22 11:30:00+05:30,78714.890625,78753.5078125,78649.2890625,78649.2890625,0,0.0,0.0
2026-04-22 11:45:00+05:30,78649.4296875,78664.0703125,78553.21875,78657.7578125,0,0.0,0.0
2026-04-22 12:00:00+05:30,78660.8203125,78682.3125,78609.1484375,78636.71875,0,0.0,0.0
2026-04-22 12:15:00+05:30,78635.328125,78637.640625,78550.578125,78606.90625,0,0.0,0.0
2026-04-22 12:30:00+05:30,78604.9375,78649.296875,78542.5703125,78627.9765625,0,0.0,0.0
2026-04-22 12:45:00+05:30,78627.0078125,78683.7890625,78591.2421875,78678.0234375,0,0.0,0.0
2026-04-22 13:00:00+05:30,78678.421875,78703.046875,78645.9375,78678.640625,0,0.0,0.0
2026-04-22 13:15:00+05:30,78682.1796875,78690.2890625,78533.328125,78599.2421875,0,0.0,0.0
2026-04-22 13:30:00+05:30,78600.171875,78665.421875,78594.703125,78655.078125,0,0.0,0.0
2026-04-22 13:45:00+05:30,78652.2890625,78746.2109375,78611.671875,78736.953125,0,0.0,0.0
2026-04-22 14:00:00+05:30,78733.21875,78760.3984375,78587.4921875,78621.6484375,0,0.0,0.0
2026-04-22 14:15:00+05:30,78621.3515625,78635.578125,78549.359375,78592.453125,0,0.0,0.0
2026-04-22 14:30:00+05:30,78592.6015625,78671.1171875,78587.953125,78629.0625,0,0.0,0.0
2026-04-22 14:45:00+05:30,78630.21875,78678.7265625,78587.1484375,78654.0,0,0.0,0.0
2026-04-22 15:00:00+05:30,78654.5234375,78654.5234375,78498.53125,78524.34375,0,0.0,0.0
2026-04-22 15:15:00+05:30,78526.578125,78538.921875,78515.828125,78516.5,0,0.0,0.0
2026-04-23 09:15:00+05:30,77932.0703125,77956.6875,77701.6328125,77951.0078125,0,0.0,0.0
2026-04-23 09:30:00+05:30,77952.5625,78020.1875,77826.5703125,77977.21875,0,0.0,0.0
2026-04-23 09:45:00+05:30,77977.1328125,78149.15625,77902.390625,78107.2421875,0,0.0,0.0
2026-04-23 10:00:00+05:30,78103.5078125,78176.2890625,78025.21875,78055.9609375,0,0.0,0.0
2026-04-23 10:15:00+05:30,78056.25,78108.0390625,77996.7109375,78017.609375,0,0.0,0.0
2026-04-23 10:30:00+05:30,78019.2109375,78022.7890625,77858.3515625,77869.4765625,0,0.0,0.0
2026-04-23 10:45:00+05:30,77869.7578125,77877.296875,77741.2265625,77857.96875,0,0.0,0.0
2026-04-23 11:00:00+05:30,77857.640625,77889.65625,77770.7265625,77773.96875,0,0.0,0.0
2026-04-23 11:15:00+05:30,77774.9609375,77843.4296875,77744.3125,77801.9921875,0,0.0,0.0
2026-04-23 11:30:00+05:30,77801.71875,77814.6015625,77727.1484375,77741.5703125,0,0.0,0.0
2026-04-23 11:45:00+05:30,77740.3125,77855.4921875,77722.5,77812.4921875,0,0.0,0.0
2026-04-23 12:00:00+05:30,77808.6796875,77872.859375,77767.5390625,77857.6875,0,0.0,0.0
2026-04-23 12:15:00+05:30,77859.890625,77883.5703125,77708.0390625,77708.0390625,0,0.0,0.0
2026-04-23 12:30:00+05:30,77705.7890625,77773.65625,77650.0,77763.65625,0,0.0,0.0
2026-04-23 12:45:00+05:30,77758.34375,77840.3984375,77715.1015625,77831.8515625,0,0.0,0.0
2026-04-23 13:00:00+05:30,77833.828125,77842.0,77766.2109375,77828.8125,0,0.0,0.0
2026-04-23 13:15:00+05:30,77826.6875,78022.2578125,77791.1484375,78005.7734375,0,0.0,0.0
2026-04-23 13:30:00+05:30,78005.8203125,78007.2265625,77754.9296875,77789.8203125,0,0.0,0.0
2026-04-23 13:45:00+05:30,77789.8203125,77922.4609375,77776.6875,77886.2578125,0,0.0,0.0
2026-04-23 14:00:00+05:30,77883.34375,77894.4296875,77766.4921875,77772.6875,0,0.0,0.0
2026-04-23 14:15:00+05:30,77769.0390625,77826.8515625,77714.859375,77716.2109375,0,0.0,0.0
2026-04-23 14:30:00+05:30,77719.328125,77720.40625,77632.15625,77654.34375,0,0.0,0.0
2026-04-23 14:45:00+05:30,77654.1328125,77730.703125,77626.078125,77685.859375,0,0.0,0.0
2026-04-23 15:00:00+05:30,77687.8203125,77813.84375,77603.28125,77636.3984375,0,0.0,0.0
2026-04-23 15:15:00+05:30,77631.6796875,77698.4609375,77631.6796875,77664.1796875,0,0.0,0.0
2026-04-24 09:15:00+05:30,77483.796875,77706.1484375,77192.1796875,77197.4296875,0,0.0,0.0
2026-04-24 09:30:00+05:30,77189.9375,77189.9375,76956.703125,76962.453125,0,0.0,0.0
2026-04-24 09:45:00+05:30,76958.3984375,76960.1796875,76829.1015625,76863.7890625,0,0.0,0.0
2026-04-24 10:00:00+05:30,76865.3671875,77025.4609375,76865.3671875,77000.84375,0,0.0,0.0
2026-04-24 10:15:00+05:30,77000.5,77000.5,76831.1328125,76897.109375,0,0.0,0.0
2026-04-24 10:30:00+05:30,76892.9765625,76948.0625,76814.4765625,76814.4765625,0,0.0,0.0
2026-04-24 10:45:00+05:30,76817.90625,76861.28125,76759.1875,76795.1875,0,0.0,0.0
2026-04-24 11:00:00+05:30,76795.3203125,76849.7109375,76735.7578125,76767.34375,0,0.0,0.0
2026-04-24 11:15:00+05:30,76764.65625,76838.890625,76722.0078125,76793.7421875,0,0.0,0.0
2026-04-24 11:30:00+05:30,76786.5,76852.421875,76759.7578125,76772.4921875,0,0.0,0.0
2026-04-24 11:45:00+05:30,76771.671875,76774.390625,76681.15625,76699.859375,0,0.0,0.0
2026-04-24 12:00:00+05:30,76699.8984375,76787.796875,76691.9609375,76782.1484375,0,0.0,0.0
2026-04-24 12:15:00+05:30,76786.78125,76796.3984375,76618.8984375,76627.9375,0,0.0,0.0
2026-04-24 12:30:00+05:30,76625.4375,76717.4296875,76613.421875,76613.421875,0,0.0,0.0
2026-04-24 12:45:00+05:30,76612.5390625,76713.046875,76608.5390625,76675.4609375,0,0.0,0.0
2026-04-24 13:00:00+05:30,76674.9921875,76679.328125,76515.6171875,76536.140625,0,0.0,0.0
2026-04-24 13:15:00+05:30,76534.671875,76604.6328125,76517.8828125,76597.1171875,0,0.0,0.0
2026-04-24 13:30:00+05:30,76594.5,76599.9375,76448.7890625,76457.5234375,0,0.0,0.0
2026-04-24 13:45:00+05:30,76453.9765625,76536.0234375,76449.8828125,76494.203125,0,0.0,0.0
2026-04-24 14:00:00+05:30,76493.90625,76503.0390625,76404.0234375,76475.171875,0,0.0,0.0
2026-04-24 14:15:00+05:30,76475.171875,76632.5390625,76465.8984375,76628.171875,0,0.0,0.0
2026-04-24 14:30:00+05:30,76624.78125,76753.0078125,76624.5625,76753.0078125,0,0.0,0.0
2026-04-24 14:45:00+05:30,76750.4375,76759.8203125,76695.25,76743.046875,0,0.0,0.0
2026-04-24 15:00:00+05:30,76735.1328125,76735.1328125,76570.5234375,76637.03125,0,0.0,0.0
2026-04-24 15:15:00+05:30,76636.5,76665.1015625,76636.5,76663.859375,0,0.0,0.0
2026-04-27 09:15:00+05:30,76856.046875,77209.65625,76856.046875,77109.7109375,0,0.0,0.0
2026-04-27 09:30:00+05:30,77112.046875,77162.75,76988.5234375,77123.546875,0,0.0,0.0
2026-04-27 09:45:00+05:30,77123.9296875,77341.4609375,77123.9296875,77322.65625,0,0.0,0.0
2026-04-27 10:00:00+05:30,77318.359375,77327.296875,77230.3515625,77232.6796875,0,0.0,0.0
2026-04-27 10:15:00+05:30,77231.25,77340.8125,77159.9921875,77185.2265625,0,0.0,0.0
2026-04-27 10:30:00+05:30,77183.2421875,77200.390625,77031.34375,77125.796875,0,0.0,0.0
2026-04-27 10:45:00+05:30,77124.1015625,77276.0234375,77079.6328125,77228.7109375,0,0.0,0.0
2026-04-27 11:00:00+05:30,77227.8828125,77239.9296875,77075.7578125,77157.65625,0,0.0,0.0
2026-04-27 11:15:00+05:30,77157.8515625,77234.8203125,77084.109375,77084.109375,0,0.0,0.0
2026-04-27 11:30:00+05:30,77086.5625,77108.7734375,76911.171875,76967.2578125,0,0.0,0.0
2026-04-27 11:45:00+05:30,76974.109375,77116.3828125,76928.9609375,77116.171875,0,0.0,0.0
2026-04-27 12:00:00+05:30,77114.65625,77134.5703125,77070.3203125,77126.2421875,0,0.0,0.0
2026-04-27 12:15:00+05:30,77126.2421875,77209.3671875,77097.3515625,77191.1875,0,0.0,0.0
2026-04-27 12:30:00+05:30,77182.59375,77291.6484375,77174.578125,77249.078125,0,0.0,0.0
2026-04-27 12:45:00+05:30,77249.8671875,77256.4921875,77205.5,77224.046875,0,0.0,0.0
2026-04-27 13:00:00+05:30,77224.046875,77316.96875,77224.046875,77316.21875,0,0.0,0.0
2026-04-27 13:15:00+05:30,77315.7734375,77387.421875,77300.4296875,77360.109375,0,0.0,0.0
2026-04-27 13:30:00+05:30,77358.84375,77406.7578125,77325.4765625,77377.609375,0,0.0,0.0
2026-04-27 13:45:00+05:30,77374.4296875,77419.640625,77344.1484375,77364.0625,0,0.0,0.0
2026-04-27 14:00:00+05:30,77362.828125,77403.671875,77347.46875,77402.7109375,0,0.0,0.0
2026-04-27 14:15:00+05:30,77403.5703125,77408.2734375,77337.96875,77354.2109375,0,0.0,0.0
2026-04-27 14:30:00+05:30,77356.3984375,77358.40625,77246.9296875,77338.84375,0,0.0,0.0
2026-04-27 14:45:00+05:30,77335.046875,77409.78125,77308.9921875,77386.828125,0,0.0,0.0
2026-04-27 15:00:00+05:30,77384.4921875,77384.4921875,77280.2578125,77308.75,0,0.0,0.0
2026-04-27 15:15:00+05:30,77299.0625,77305.390625,77296.640625,77303.5625,0,0.0,0.0
2026-04-28 09:15:00+05:30,77094.7890625,77335.3671875,76974.3125,77309.2734375,0,0.0,0.0
2026-04-28 09:30:00+05:30,77309.21875,77336.828125,77218.453125,77318.921875,0,0.0,0.0
2026-04-28 09:45:00+05:30,77318.3515625,77416.2734375,77266.9375,77416.0703125,0,0.0,0.0
2026-04-28 10:00:00+05:30,77413.75,77459.140625,77372.34375,77384.671875,0,0.0,0.0
2026-04-28 10:15:00+05:30,77383.203125,77490.6796875,77370.3203125,77433.2734375,0,0.0,0.0
2026-04-28 10:30:00+05:30,77435.4375,77455.078125,77308.5390625,77338.6796875,0,0.0,0.0
2026-04-28 10:45:00+05:30,77340.7578125,77464.6875,77336.390625,77452.5078125,0,0.0,0.0
2026-04-28 11:00:00+05:30,77452.8671875,77459.21875,77328.640625,77378.203125,0,0.0,0.0
2026-04-28 11:15:00+05:30,77377.7265625,77378.34375,77087.03125,77090.3515625,0,0.0,0.0
2026-04-28 11:30:00+05:30,77092.5234375,77181.7890625,77040.4375,77177.78125,0,0.0,0.0
2026-04-28 11:45:00+05:30,77180.2734375,77195.203125,77089.65625,77092.3984375,0,0.0,0.0
2026-04-28 12:00:00+05:30,77094.6796875,77095.71875,77000.28125,77054.859375,0,0.0,0.0
2026-04-28 12:15:00+05:30,77054.859375,77093.828125,76922.6875,76947.46875,0,0.0,0.0
2026-04-28 12:30:00+05:30,76947.5625,76995.421875,76876.859375,76995.421875,0,0.0,0.0
2026-04-28 12:45:00+05:30,76995.421875,77036.0703125,76923.6328125,76926.4921875,0,0.0,0.0
2026-04-28 13:00:00+05:30,76927.0625,77017.3125,76898.46875,76979.0703125,0,0.0,0.0
2026-04-28 13:15:00+05:30,76975.3671875,77063.2421875,76967.2890625,76983.3515625,0,0.0,0.0
2026-04-28 13:30:00+05:30,76982.5703125,76983.953125,76795.4296875,76939.5390625,0,0.0,0.0
2026-04-28 13:45:00+05:30,76939.5390625,77009.640625,76873.796875,76956.671875,0,0.0,0.0
2026-04-28 14:00:00+05:30,76956.0078125,76956.71875,76861.8984375,76862.328125,0,0.0,0.0
2026-04-28 14:15:00+05:30,76866.046875,76955.859375,76830.1171875,76906.3671875,0,0.0,0.0
2026-04-28 14:30:00+05:30,76903.7734375,77022.7421875,76900.078125,76999.6484375,0,0.0,0.0
2026-04-28 14:45:00+05:30,76995.0234375,77037.8203125,76956.6015625,77014.171875,0,0.0,0.0
2026-04-28 15:00:00+05:30,77013.2578125,77017.5,76785.640625,76800.2421875,0,0.0,0.0
2026-04-28 15:15:00+05:30,76802.2890625,76886.671875,76802.2890625,76886.671875,0,0.0,0.0
2026-04-29 09:15:00+05:30,77268.5078125,77289.546875,77155.1796875,77266.8828125,0,0.0,0.0
2026-04-29 09:30:00+05:30,77270.140625,77378.640625,77193.25,77378.0703125,0,0.0,0.0
2026-04-29 09:45:00+05:30,77377.0078125,77477.6796875,77369.0390625,77456.4296875,0,0.0,0.0
2026-04-29 10:00:00+05:30,77453.8125,77674.390625,77453.8125,77670.171875,0,0.0,0.0
2026-04-29 10:15:00+05:30,77671.5234375,77879.0625,77669.171875,77851.9609375,0,0.0,0.0
2026-04-29 10:30:00+05:30,77848.5234375,77856.9609375,77744.5390625,77747.8125,0,0.0,0.0
2026-04-29 10:45:00+05:30,77747.546875,77848.3671875,77714.9765625,77830.03125,0,0.0,0.0
2026-04-29 11:00:00+05:30,77831.9921875,77870.5078125,77793.2421875,77841.6171875,0,0.0,0.0
2026-04-29 11:15:00+05:30,77840.7265625,77866.953125,77760.7734375,77767.2265625,0,0.0,0.0
2026-04-29 11:30:00+05:30,77766.6015625,77828.7265625,77764.171875,77788.5078125,0,0.0,0.0
2026-04-29 11:45:00+05:30,77788.0234375,77810.7265625,77748.703125,77791.46875,0,0.0,0.0
2026-04-29 12:00:00+05:30,77791.65625,77911.7734375,77761.21875,77847.3671875,0,0.0,0.0
2026-04-29 12:15:00+05:30,77848.84375,77919.4375,77831.859375,77895.9921875,0,0.0,0.0
2026-04-29 12:30:00+05:30,77895.75,77974.203125,77876.7734375,77935.09375,0,0.0,0.0
2026-04-29 12:45:00+05:30,77937.0390625,77964.203125,77910.25,77919.7890625,0,0.0,0.0
2026-04-29 13:00:00+05:30,77916.5,77982.5078125,77906.6796875,77941.7734375,0,0.0,0.0
2026-04-29 13:15:00+05:30,77937.8203125,77961.3515625,77898.5390625,77902.640625,0,0.0,0.0
2026-04-29 13:30:00+05:30,77895.453125,77932.15625,77779.546875,77800.9921875,0,0.0,0.0
2026-04-29 13:45:00+05:30,77801.046875,77838.1484375,77743.4296875,77743.4296875,0,0.0,0.0
2026-04-29 14:00:00+05:30,77740.640625,77772.921875,77548.7421875,77607.2734375,0,0.0,0.0
2026-04-29 14:15:00+05:30,77605.6328125,77631.34375,77509.7421875,77514.3828125,0,0.0,0.0
2026-04-29 14:30:00+05:30,77515.9765625,77670.171875,77495.578125,77667.7734375,0,0.0,0.0
2026-04-29 14:45:00+05:30,77668.390625,77674.3125,77531.4375,77532.0,0,0.0,0.0
2026-04-29 15:00:00+05:30,77533.7734375,77601.28125,77468.421875,77472.7734375,0,0.0,0.0
2026-04-29 15:15:00+05:30,77470.390625,77528.1171875,77470.390625,77495.828125,0,0.0,0.0
2026-04-30 09:15:00+05:30,76955.890625,76955.890625,76528.34375,76545.859375,0,0.0,0.0
2026-04-30 09:30:00+05:30,76540.3984375,76753.2890625,76504.3203125,76753.2890625,0,0.0,0.0
2026-04-30 09:45:00+05:30,76751.2265625,76811.1796875,76547.65625,76551.4609375,0,0.0,0.0
2026-04-30 10:00:00+05:30,76554.4765625,76576.921875,76403.4609375,76423.59375,0,0.0,0.0
2026-04-30 10:15:00+05:30,76437.59375,76469.53125,76341.7109375,76398.8671875,0,0.0,0.0
2026-04-30 10:30:00+05:30,76398.2265625,76487.4609375,76373.796875,76416.078125,0,0.0,0.0
2026-04-30 10:45:00+05:30,76414.921875,76419.109375,76261.40625,76308.78125,0,0.0,0.0
2026-04-30 11:00:00+05:30,76308.2109375,76381.9765625,76268.09375,76277.6875,0,0.0,0.0
2026-04-30 11:15:00+05:30,76278.8828125,76369.8828125,76265.8125,76367.90625,0,0.0,0.0
2026-04-30 11:30:00+05:30,76363.046875,76451.890625,76324.4921875,76410.0625,0,0.0,0.0
2026-04-30 11:45:00+05:30,76409.96875,76457.2734375,76373.921875,76427.671875,0,0.0,0.0
2026-04-30 12:00:00+05:30,76424.0,76606.421875,76392.796875,76606.421875,0,0.0,0.0
2026-04-30 12:15:00+05:30,76611.5703125,76702.046875,76530.1171875,76702.046875,0,0.0,0.0
2026-04-30 12:30:00+05:30,76705.9921875,76720.1796875,76602.59375,76680.65625,0,0.0,0.0
2026-04-30 12:45:00+05:30,76681.0234375,76780.3671875,76676.1875,76764.8203125,0,0.0,0.0
2026-04-30 13:00:00+05:30,76767.25,76840.4375,76663.453125,76832.5,0,0.0,0.0
2026-04-30 13:15:00+05:30,76832.2265625,76934.4765625,76762.5625,76895.0625,0,0.0,0.0
2026-04-30 13:30:00+05:30,76898.890625,77097.6328125,76860.84375,77094.90625,0,0.0,0.0
2026-04-30 13:45:00+05:30,77093.109375,77208.359375,77015.421875,77171.890625,0,0.0,0.0
2026-04-30 14:00:00+05:30,77172.140625,77182.6796875,77023.7421875,77034.109375,0,0.0,0.0
2026-04-30 14:15:00+05:30,77033.8203125,77085.65625,76907.15625,76979.578125,0,0.0,0.0
2026-04-30 14:30:00+05:30,76975.71875,77254.09375,76952.4375,77202.5703125,0,0.0,0.0
2026-04-30 14:45:00+05:30,77200.3828125,77220.8515625,76989.6328125,77098.390625,0,0.0,0.0
2026-04-30 15:00:00+05:30,77101.96875,77105.8828125,76805.2578125,76904.0703125,0,0.0,0.0
2026-04-30 15:15:00+05:30,76909.4609375,76913.578125,76868.609375,76913.453125,0,0.0,0.0
2026-05-04 09:15:00+05:30,77256.0234375,77735.921875,77256.0234375,77646.3515625,0,0.0,0.0
2026-05-04 09:30:00+05:30,77644.203125,77910.1015625,77549.5390625,77865.03125,0,0.0,0.0
2026-05-04 09:45:00+05:30,77869.7265625,77893.359375,77667.578125,77739.7734375,0,0.0,0.0
2026-05-04 10:00:00+05:30,77742.1328125,77786.75,77495.0234375,77502.6796875,0,0.0,0.0
2026-05-04 10:15:00+05:30,77501.640625,77563.5,77402.203125,77563.5,0,0.0,0.0
2026-05-04 10:30:00+05:30,77560.0390625,77654.2421875,77489.421875,77641.4765625,0,0.0,0.0
2026-05-04 10:45:00+05:30,77641.65625,77703.9921875,77535.203125,77540.0078125,0,0.0,0.0
2026-05-04 11:00:00+05:30,77541.15625,77667.7890625,77500.8125,77664.390625,0,0.0,0.0
2026-05-04 11:15:00+05:30,77661.8515625,77707.4921875,77651.21875,77703.25,0,0.0,0.0
2026-05-04 11:30:00+05:30,77701.359375,77704.9375,77624.21875,77664.0390625,0,0.0,0.0
2026-05-04 11:45:00+05:30,77658.890625,77738.2578125,77617.2265625,77641.4296875,0,0.0,0.0
2026-05-04 12:00:00+05:30,77641.4296875,77667.078125,77312.3515625,77312.3515625,0,0.0,0.0
2026-05-04 12:15:00+05:30,77309.7265625,77418.6015625,77262.40625,77356.4609375,0,0.0,0.0
2026-05-04 12:30:00+05:30,77352.5625,77354.0234375,77236.5078125,77244.7109375,0,0.0,0.0
2026-05-04 12:45:00+05:30,77243.8515625,77316.3515625,77193.7578125,77259.078125,0,0.0,0.0
2026-05-04 13:00:00+05:30,77259.3984375,77311.7109375,77214.5703125,77279.0,0,0.0,0.0
2026-05-04 13:15:00+05:30,77276.859375,77283.7890625,77001.5703125,77006.6484375,0,0.0,0.0
2026-05-04 13:30:00+05:30,77000.9609375,77202.96875,76939.5390625,77190.2890625,0,0.0,0.0
2026-05-04 13:45:00+05:30,77188.5390625,77269.2734375,77093.28125,77156.921875,0,0.0,0.0
2026-05-04 14:00:00+05:30,77156.1484375,77279.0625,77099.3515625,77249.171875,0,0.0,0.0
2026-05-04 14:15:00+05:30,77249.1328125,77374.1328125,77236.21875,77283.703125,0,0.0,0.0
2026-05-04 14:30:00+05:30,77283.453125,77322.609375,77146.328125,77212.3671875,0,0.0,0.0
2026-05-04 14:45:00+05:30,77208.46875,77234.5625,77126.96875,77159.7265625,0,0.0,0.0
2026-05-04 15:00:00+05:30,77155.09375,77326.03125,77127.3828125,77308.171875,0,0.0,0.0
2026-05-04 15:15:00+05:30,77294.25,77294.25,77234.1484375,77269.0,0,0.0,0.0
2026-05-05 09:15:00+05:30,77108.3828125,77139.90625,76745.5,76891.15625,0,0.0,0.0
2026-05-05 09:30:00+05:30,76890.6875,77112.25,76878.5703125,76953.8828125,0,0.0,0.0
2026-05-05 09:45:00+05:30,76953.640625,77080.7265625,76926.0703125,77036.5625,0,0.0,0.0
2026-05-05 10:00:00+05:30,77038.6796875,77064.3125,76827.96875,76843.9765625,0,0.0,0.0
2026-05-05 10:15:00+05:30,76848.1171875,76883.9375,76728.0,76748.890625,0,0.0,0.0
2026-05-05 10:30:00+05:30,76749.1875,76793.90625,76649.7578125,76700.1875,0,0.0,0.0
2026-05-05 10:45:00+05:30,76706.890625,76739.5625,76632.25,76647.8671875,0,0.0,0.0
2026-05-05 11:00:00+05:30,76658.7890625,76743.609375,76635.1484375,76685.96875,0,0.0,0.0
2026-05-05 11:15:00+05:30,76681.1015625,76760.5078125,76637.34375,76675.6328125,0,0.0,0.0
2026-05-05 11:30:00+05:30,76673.71875,76769.4375,76618.90625,76625.2734375,0,0.0,0.0
2026-05-05 11:45:00+05:30,76626.1796875,76628.8828125,76515.03125,76531.296875,0,0.0,0.0
2026-05-05 12:00:00+05:30,76529.3671875,76707.2421875,76529.3671875,76707.2421875,0,0.0,0.0
2026-05-05 12:15:00+05:30,76703.640625,76805.6328125,76692.5078125,76698.4609375,0,0.0,0.0
2026-05-05 12:30:00+05:30,76703.40625,76785.1875,76675.0234375,76718.2734375,0,0.0,0.0
2026-05-05 12:45:00+05:30,76723.578125,76947.9921875,76721.578125,76939.7421875,0,0.0,0.0
2026-05-05 13:00:00+05:30,76940.5390625,77150.5703125,76937.4375,77118.3203125,0,0.0,0.0
2026-05-05 13:15:00+05:30,77117.2109375,77150.7578125,76988.796875,77028.4296875,0,0.0,0.0
2026-05-05 13:30:00+05:30,77028.5,77074.46875,76953.9765625,77067.203125,0,0.0,0.0
2026-05-05 13:45:00+05:30,77069.6328125,77097.2890625,76982.65625,77036.7890625,0,0.0,0.0
2026-05-05 14:00:00+05:30,77036.7890625,77061.9921875,76915.1796875,76959.3984375,0,0.0,0.0
2026-05-05 14:15:00+05:30,76962.25,77094.40625,76944.9296875,77087.90625,0,0.0,0.0
2026-05-05 14:30:00+05:30,77085.4296875,77098.6875,76973.3515625,77041.390625,0,0.0,0.0
2026-05-05 14:45:00+05:30,77041.1015625,77056.546875,76912.953125,76944.3125,0,0.0,0.0
2026-05-05 15:00:00+05:30,76944.109375,77045.7109375,76903.671875,77027.5703125,0,0.0,0.0
2026-05-05 15:15:00+05:30,77036.0625,77036.0625,76973.140625,77017.578125,0,0.0,0.0
2026-05-06 09:15:00+05:30,77447.203125,77670.5625,77381.6015625,77424.546875,0,0.0,0.0
2026-05-06 09:30:00+05:30,77429.1796875,77469.7578125,77269.1015625,77302.8203125,0,0.0,0.0
2026-05-06 09:45:00+05:30,77296.03125,77396.703125,77235.671875,77311.6015625,0,0.0,0.0
2026-05-06 10:00:00+05:30,77309.7890625,77309.7890625,77154.09375,77297.671875,0,0.0,0.0
2026-05-06 10:15:00+05:30,77298.171875,77354.6015625,77249.671875,77285.109375,0,0.0,0.0
2026-05-06 10:30:00+05:30,77285.1796875,77333.953125,77221.4921875,77319.59375,0,0.0,0.0
2026-05-06 10:45:00+05:30,77317.0390625,77323.453125,77150.59375,77155.34375,0,0.0,0.0
2026-05-06 11:00:00+05:30,77155.4296875,77196.5703125,77090.0703125,77148.296875,0,0.0,0.0
2026-05-06 11:15:00+05:30,77147.3671875,77207.3828125,77117.15625,77207.3671875,0,0.0,0.0
2026-05-06 11:30:00+05:30,77208.0234375,77222.5625,77057.1484375,77120.6484375,0,0.0,0.0
2026-05-06 11:45:00+05:30,77125.2421875,77191.28125,77113.8671875,77134.9765625,0,0.0,0.0
2026-05-06 12:00:00+05:30,77133.5078125,77139.3203125,77062.203125,77077.75,0,0.0,0.0
2026-05-06 12:15:00+05:30,77077.75,77080.296875,76918.03125,76987.8984375,0,0.0,0.0
2026-05-06 12:30:00+05:30,76985.03125,76988.0625,76865.7265625,76878.046875,0,0.0,0.0
2026-05-06 12:45:00+05:30,76879.640625,76887.5078125,76773.8984375,76866.2890625,0,0.0,0.0
2026-05-06 13:00:00+05:30,76867.0703125,76923.40625,76784.796875,76917.6328125,0,0.0,0.0
2026-05-06 13:15:00+05:30,76917.421875,77056.75,76903.3828125,77031.34375,0,0.0,0.0
2026-05-06 13:30:00+05:30,77030.6171875,77131.84375,77023.8984375,77106.2421875,0,0.0,0.0
2026-05-06 13:45:00+05:30,77106.4375,77178.40625,77088.5703125,77136.796875,0,0.0,0.0
2026-05-06 14:00:00+05:30,77137.59375,77221.6796875,77103.2734375,77210.4765625,0,0.0,0.0
2026-05-06 14:15:00+05:30,77215.9609375,77915.34375,77215.9609375,77851.640625,0,0.0,0.0
2026-05-06 14:30:00+05:30,77858.953125,77945.1875,77751.1171875,77929.7265625,0,0.0,0.0
2026-05-06 14:45:00+05:30,77934.2578125,78017.6796875,77898.46875,78002.03125,0,0.0,0.0
2026-05-06 15:00:00+05:30,78006.9609375,78021.8125,77886.7421875,77926.921875,0,0.0,0.0
2026-05-06 15:15:00+05:30,77919.4296875,77963.1796875,77919.4296875,77958.53125,0,0.0,0.0
2026-05-07 09:15:00+05:30,78339.2421875,78339.2421875,77798.7265625,77895.703125,0,0.0,0.0
2026-05-07 09:30:00+05:30,77896.34375,78150.0234375,77839.4921875,78100.578125,0,0.0,0.0
2026-05-07 09:45:00+05:30,78103.3125,78148.5390625,77896.1875,77954.5390625,0,0.0,0.0
2026-05-07 10:00:00+05:30,77953.140625,78093.4765625,77833.59375,77889.8515625,0,0.0,0.0
2026-05-07 10:15:00+05:30,77890.203125,78027.7890625,77864.5234375,77975.5078125,0,0.0,0.0
2026-05-07 10:30:00+05:30,77978.1875,78032.2890625,77956.46875,78017.9375,0,0.0,0.0
2026-05-07 10:45:00+05:30,78028.1328125,78037.3828125,77885.1484375,77909.0078125,0,0.0,0.0
2026-05-07 11:00:00+05:30,77908.578125,77928.953125,77798.796875,77846.34375,0,0.0,0.0
2026-05-07 11:15:00+05:30,77851.15625,77879.046875,77732.046875,77789.1796875,0,0.0,0.0
2026-05-07 11:30:00+05:30,77785.3671875,77911.8671875,77735.890625,77737.078125,0,0.0,0.0
2026-05-07 11:45:00+05:30,77736.578125,77958.5234375,77714.0625,77904.796875,0,0.0,0.0
2026-05-07 12:00:00+05:30,77904.78125,78013.59375,77884.6015625,77931.90625,0,0.0,0.0
2026-05-07 12:15:00+05:30,77942.78125,78045.578125,77914.59375,77914.75,0,0.0,0.0
2026-05-07 12:30:00+05:30,77920.671875,78383.2734375,77862.7109375,78317.3671875,0,0.0,0.0
2026-05-07 12:45:00+05:30,78314.1875,78377.5078125,78026.3515625,78066.0390625,0,0.0,0.0
2026-05-07 13:00:00+05:30,78065.6875,78189.640625,78042.046875,78073.109375,0,0.0,0.0
2026-05-07 13:15:00+05:30,78072.1015625,78115.2734375,77880.921875,77952.3203125,0,0.0,0.0
2026-05-07 13:30:00+05:30,77952.2890625,78018.1328125,77885.25,77944.9296875,0,0.0,0.0
2026-05-07 13:45:00+05:30,77950.5390625,78055.6484375,77900.75,78031.640625,0,0.0,0.0
2026-05-07 14:00:00+05:30,78038.6796875,78054.1015625,77902.4609375,77979.21875,0,0.0,0.0
2026-05-07 14:15:00+05:30,77980.4375,78068.6796875,77892.140625,78054.4921875,0,0.0,0.0
2026-05-07 14:30:00+05:30,78055.421875,78079.8125,77896.4609375,77908.5703125,0,0.0,0.0
2026-05-07 14:45:00+05:30,77905.140625,77994.7890625,77838.296875,77945.421875,0,0.0,0.0
2026-05-07 15:00:00+05:30,77944.3515625,77998.7265625,77731.6796875,77762.1015625,0,0.0,0.0
2026-05-07 15:15:00+05:30,77761.71875,77848.8671875,77761.71875,77844.5234375,0,0.0,0.0
2026-05-08 09:15:00+05:30,77631.9375,77631.9375,77301.1171875,77564.4765625,0,0.0,0.0
2026-05-08 09:30:00+05:30,77566.078125,77568.84375,77337.8671875,77338.8125,0,0.0,0.0
2026-05-08 09:45:00+05:30,77333.2421875,77417.9609375,77248.6875,77412.828125,0,0.0,0.0
2026-05-08 10:00:00+05:30,77412.140625,77446.03125,77336.0,77446.03125,0,0.0,0.0
2026-05-08 10:15:00+05:30,77445.84375,77559.2265625,77365.6875,77528.046875,0,0.0,0.0
2026-05-08 10:30:00+05:30,77529.34375,77552.2890625,77493.09375,77500.859375,0,0.0,0.0
2026-05-08 10:45:00+05:30,77500.0,77521.4921875,77380.15625,77384.3125,0,0.0,0.0
2026-05-08 11:00:00+05:30,77385.78125,77511.390625,77374.9765625,77501.15625,0,0.0,0.0
2026-05-08 11:15:00+05:30,77500.3828125,77536.3828125,77396.5390625,77404.7109375,0,0.0,0.0
2026-05-08 11:30:00+05:30,77404.0078125,77440.953125,77362.0703125,77397.6796875,0,0.0,0.0
2026-05-08 11:45:00+05:30,77397.34375,77424.1484375,77373.296875,77410.296875,0,0.0,0.0
2026-05-08 12:00:00+05:30,77412.59375,77433.21875,77308.5703125,77341.90625,0,0.0,0.0
2026-05-08 12:15:00+05:30,77341.921875,77388.7265625,77297.8515625,77376.4921875,0,0.0,0.0
2026-05-08 12:30:00+05:30,77382.4765625,77389.6796875,77295.1796875,77295.1796875,0,0.0,0.0
2026-05-08 12:45:00+05:30,77294.0078125,77317.6484375,77243.78125,77293.390625,0,0.0,0.0
2026-05-08 13:00:00+05:30,77293.390625,77337.9921875,77269.90625,77304.78125,0,0.0,0.0
2026-05-08 13:15:00+05:30,77304.7109375,77394.0703125,77254.828125,77391.1015625,0,0.0,0.0
2026-05-08 13:30:00+05:30,77390.25,77405.609375,77300.203125,77313.546875,0,0.0,0.0
2026-05-08 13:45:00+05:30,77313.9375,77333.640625,77165.46875,77193.1484375,0,0.0,0.0
2026-05-08 14:00:00+05:30,77194.96875,77318.8203125,77149.1171875,77207.0078125,0,0.0,0.0
2026-05-08 14:15:00+05:30,77205.7109375,77277.9296875,77193.3515625,77271.7578125,0,0.0,0.0
2026-05-08 14:30:00+05:30,77271.3515625,77497.75,77271.3515625,77489.6875,0,0.0,0.0
2026-05-08 14:45:00+05:30,77492.0703125,77520.6875,77424.0,77430.25,0,0.0,0.0
2026-05-08 15:00:00+05:30,77430.59375,77434.1171875,77288.0703125,77336.109375,0,0.0,0.0
2026-05-08 15:15:00+05:30,77338.9921875,77338.9921875,77323.0703125,77328.203125,0,0.0,0.0
2026-05-11 09:15:00+05:30,76638.09375,76669.078125,76365.6171875,76532.6875,0,0.0,0.0
2026-05-11 09:30:00+05:30,76528.8984375,76557.453125,76239.7890625,76244.4609375,0,0.0,0.0
2026-05-11 09:45:00+05:30,76236.703125,76347.9765625,76236.703125,76256.0390625,0,0.0,0.0
2026-05-11 10:00:00+05:30,76260.609375,76352.6796875,76260.0078125,76316.390625,0,0.0,0.0
2026-05-11 10:15:00+05:30,76318.53125,76321.3515625,76166.34375,76239.2734375,0,0.0,0.0
2026-05-11 10:30:00+05:30,76238.8828125,76268.203125,76185.0625,76232.8671875,0,0.0,0.0
2026-05-11 10:45:00+05:30,76233.5703125,76329.0078125,76198.6875,76310.9765625,0,0.0,0.0
2026-05-11 11:00:00+05:30,76305.3984375,76416.0,76281.6796875,76399.453125,0,0.0,0.0
2026-05-11 11:15:00+05:30,76400.5078125,76485.65625,76383.890625,76430.2578125,0,0.0,0.0
2026-05-11 11:30:00+05:30,76426.53125,76510.640625,76364.6328125,76500.65625,0,0.0,0.0
2026-05-11 11:45:00+05:30,76499.796875,76526.84375,76400.9296875,76432.2734375,0,0.0,0.0
2026-05-11 12:00:00+05:30,76433.34375,76474.25,76405.0625,76435.046875,0,0.0,0.0
2026-05-11 12:15:00+05:30,76434.2109375,76467.5234375,76409.7578125,76418.53125,0,0.0,0.0
2026-05-11 12:30:00+05:30,76417.3984375,76489.140625,76327.6171875,76481.3515625,0,0.0,0.0
2026-05-11 12:45:00+05:30,76482.03125,76485.46875,76417.53125,76467.2734375,0,0.0,0.0
2026-05-11 13:00:00+05:30,76467.8671875,76472.5390625,76337.59375,76469.5625,0,0.0,0.0
2026-05-11 13:15:00+05:30,76475.53125,76495.3671875,76436.609375,76475.578125,0,0.0,0.0
2026-05-11 13:30:00+05:30,76474.859375,76587.109375,76465.578125,76542.6796875,0,0.0,0.0
2026-05-11 13:45:00+05:30,76542.0390625,76632.25,76533.40625,76533.40625,0,0.0,0.0
2026-05-11 14:00:00+05:30,76530.59375,76559.2734375,76459.8671875,76462.578125,0,0.0,0.0
2026-05-11 14:15:00+05:30,76469.171875,76489.296875,76383.2421875,76421.171875,0,0.0,0.0
2026-05-11 14:30:00+05:30,76421.2265625,76478.859375,76327.09375,76355.9921875,0,0.0,0.0
2026-05-11 14:45:00+05:30,76355.78125,76383.2265625,76228.859375,76231.640625,0,0.0,0.0
2026-05-11 15:00:00+05:30,76233.390625,76233.390625,75958.6328125,75972.1171875,0,0.0,0.0
2026-05-11 15:15:00+05:30,75974.8125,76046.78125,75974.8125,76015.1328125,0,0.0,0.0
2026-05-12 09:15:00+05:30,75688.390625,75725.6796875,75332.9296875,75349.4296875,0,0.0,0.0
2026-05-12 09:30:00+05:30,75344.71875,75403.84375,75276.6484375,75356.90625,0,0.0,0.0
2026-05-12 09:45:00+05:30,75356.1796875,75398.53125,75301.8515625,75305.8828125,0,0.0,0.0
2026-05-12 10:00:00+05:30,75306.421875,75394.421875,75262.3125,75391.96875,0,0.0,0.0
2026-05-12 10:15:00+05:30,75390.890625,75470.4609375,75230.1328125,75258.90625,0,0.0,0.0
2026-05-12 10:30:00+05:30,75251.578125,75317.0625,75205.2421875,75288.65625,0,0.0,0.0
2026-05-12 10:45:00+05:30,75290.4921875,75297.578125,75194.6796875,75236.5,0,0.0,0.0
2026-05-12 11:00:00+05:30,75234.3125,75234.3125,75122.40625,75162.75,0,0.0,0.0
2026-05-12 11:15:00+05:30,75163.1484375,75255.2578125,75158.84375,75182.78125,0,0.0,0.0
2026-05-12 11:30:00+05:30,75177.1796875,75253.3828125,75149.859375,75229.2265625,0,0.0,0.0
2026-05-12 11:45:00+05:30,75231.8125,75259.1875,75179.2890625,75219.6015625,0,0.0,0.0
2026-05-12 12:00:00+05:30,75215.6171875,75227.359375,75073.5078125,75089.7109375,0,0.0,0.0
2026-05-12 12:15:00+05:30,75089.3203125,75153.2265625,75070.8671875,75091.3125,0,0.0,0.0
2026-05-12 12:30:00+05:30,75090.546875,75096.46875,74944.75,74994.59375,0,0.0,0.0
2026-05-12 12:45:00+05:30,74994.5625,75033.921875,74957.828125,74983.0078125,0,0.0,0.0
2026-05-12 13:00:00+05:30,74985.5234375,75041.5703125,74946.4375,75041.5703125,0,0.0,0.0
2026-05-12 13:15:00+05:30,75041.3203125,75136.6171875,74995.4921875,75005.046875,0,0.0,0.0
2026-05-12 13:30:00+05:30,75002.6484375,75070.0625,74915.90625,74947.2578125,0,0.0,0.0
2026-05-12 13:45:00+05:30,74945.328125,75023.796875,74886.9765625,74893.640625,0,0.0,0.0
2026-05-12 14:00:00+05:30,74893.1796875,74904.671875,74757.5390625,74790.3671875,0,0.0,0.0
2026-05-12 14:15:00+05:30,74791.3984375,74898.140625,74775.78125,74828.609375,0,0.0,0.0
2026-05-12 14:30:00+05:30,74828.2265625,74832.59375,74728.859375,74813.9921875,0,0.0,0.0
2026-05-12 14:45:00+05:30,74814.921875,74846.3671875,74650.078125,74672.203125,0,0.0,0.0
2026-05-12 15:00:00+05:30,74670.6015625,74677.4921875,74450.609375,74467.171875,0,0.0,0.0
2026-05-12 15:15:00+05:30,74468.6484375,74559.2265625,74468.6484375,74559.2265625,0,0.0,0.0
2026-05-13 09:15:00+05:30,74439.34375,74963.09375,74439.34375,74469.140625,0,0.0,0.0
2026-05-13 09:30:00+05:30,74470.7578125,74535.78125,74139.2421875,74305.8828125,0,0.0,0.0
2026-05-13 09:45:00+05:30,74301.59375,74537.078125,74226.3203125,74484.0390625,0,0.0,0.0
2026-05-13 10:00:00+05:30,74481.7734375,74648.796875,74444.671875,74583.78125,0,0.0,0.0
2026-05-13 10:15:00+05:30,74580.4609375,74763.9921875,74553.75,74689.3828125,0,0.0,0.0
2026-05-13 10:30:00+05:30,74688.09375,74775.4921875,74604.109375,74733.7421875,0,0.0,0.0
2026-05-13 10:45:00+05:30,74733.640625,74762.390625,74448.078125,74448.078125,0,0.0,0.0
2026-05-13 11:00:00+05:30,74449.7734375,74565.96875,74426.78125,74551.4765625,0,0.0,0.0
2026-05-13 11:15:00+05:30,74550.3515625,74601.1015625,74531.203125,74546.3125,0,0.0,0.0
2026-05-13 11:30:00+05:30,74545.84375,74895.703125,74525.953125,74892.7734375,0,0.0,0.0
2026-05-13 11:45:00+05:30,74896.0078125,74921.25,74784.5078125,74785.40625,0,0.0,0.0
2026-05-13 12:00:00+05:30,74785.0390625,74953.2109375,74785.0390625,74948.671875,0,0.0,0.0
2026-05-13 12:15:00+05:30,74947.8828125,74972.6015625,74852.1796875,74899.328125,0,0.0,0.0
2026-05-13 12:30:00+05:30,74899.9296875,74920.6171875,74669.7578125,74736.2109375,0,0.0,0.0
2026-05-13 12:45:00+05:30,74735.0078125,75182.7578125,74729.1171875,75177.5390625,0,0.0,0.0
2026-05-13 13:00:00+05:30,75180.578125,75190.3671875,74992.4609375,75013.0625,0,0.0,0.0
2026-05-13 13:15:00+05:30,75013.640625,75017.0,74862.4921875,74891.859375,0,0.0,0.0
2026-05-13 13:30:00+05:30,74887.796875,75023.578125,74867.390625,74974.859375,0,0.0,0.0
2026-05-13 13:45:00+05:30,74971.90625,75002.3828125,74826.9375,74879.671875,0,0.0,0.0
2026-05-13 14:00:00+05:30,74882.078125,74967.28125,74834.5078125,74941.390625,0,0.0,0.0
2026-05-13 14:15:00+05:30,74947.6875,74963.078125,74789.2734375,74873.9296875,0,0.0,0.0
2026-05-13 14:30:00+05:30,74873.0234375,74896.390625,74771.6484375,74775.8125,0,0.0,0.0
2026-05-13 14:45:00+05:30,74773.78125,74858.296875,74716.9609375,74804.4296875,0,0.0,0.0
2026-05-13 15:00:00+05:30,74804.5078125,74809.9921875,74563.8515625,74643.8671875,0,0.0,0.0
2026-05-13 15:15:00+05:30,74643.2265625,74643.2265625,74607.6328125,74608.9921875,0,0.0,0.0
2026-05-14 09:15:00+05:30,74932.046875,75079.0703125,74864.59375,75052.546875,0,0.0,0.0
2026-05-14 09:30:00+05:30,75057.3515625,75077.5078125,74770.390625,74786.1015625,0,0.0,0.0
2026-05-14 09:45:00+05:30,74784.3984375,74897.0234375,74651.8828125,74692.578125,0,0.0,0.0
2026-05-14 10:00:00+05:30,74691.5,74795.3125,74679.7578125,74781.0703125,0,0.0,0.0
2026-05-14 10:15:00+05:30,74786.15625,74843.4921875,74695.84375,74804.0,0,0.0,0.0
2026-05-14 10:30:00+05:30,74803.0390625,74928.7578125,74767.921875,74776.9609375,0,0.0,0.0
2026-05-14 10:45:00+05:30,74760.03125,74762.1796875,74526.8515625,74533.0,0,0.0,0.0
2026-05-14 11:00:00+05:30,74532.703125,74633.546875,74529.5078125,74628.34375,0,0.0,0.0
2026-05-14 11:15:00+05:30,74629.671875,75059.7578125,74629.671875,75014.609375,0,0.0,0.0
2026-05-14 11:30:00+05:30,75011.53125,75388.2265625,75011.53125,75388.2265625,0,0.0,0.0
2026-05-14 11:45:00+05:30,75390.7578125,75492.34375,75295.109375,75415.6328125,0,0.0,0.0
2026-05-14 12:00:00+05:30,75413.8828125,75421.296875,75253.7578125,75369.90625,0,0.0,0.0
2026-05-14 12:15:00+05:30,75368.3515625,75494.84375,75368.3515625,75446.5,0,0.0,0.0
2026-05-14 12:30:00+05:30,75446.46875,75468.890625,75348.40625,75458.3515625,0,0.0,0.0
2026-05-14 12:45:00+05:30,75456.703125,75486.859375,75365.1796875,75409.3203125,0,0.0,0.0
2026-05-14 13:00:00+05:30,75410.5234375,75599.2578125,75409.359375,75505.296875,0,0.0,0.0
2026-05-14 13:15:00+05:30,75505.296875,75561.640625,75472.0390625,75511.4609375,0,0.0,0.0
2026-05-14 13:30:00+05:30,75508.8828125,75651.59375,75484.921875,75606.84375,0,0.0,0.0
2026-05-14 13:45:00+05:30,75618.390625,75637.84375,75501.1171875,75604.9921875,0,0.0,0.0
2026-05-14 14:00:00+05:30,75607.0234375,75674.84375,75562.8984375,75579.34375,0,0.0,0.0
2026-05-14 14:15:00+05:30,75582.0390625,75616.2109375,75501.3984375,75611.78125,0,0.0,0.0
2026-05-14 14:30:00+05:30,75618.9921875,75669.1015625,75512.953125,75518.46875,0,0.0,0.0
2026-05-14 14:45:00+05:30,75523.671875,75525.421875,75392.390625,75466.046875,0,0.0,0.0
2026-05-14 15:00:00+05:30,75460.9296875,75501.2890625,75323.65625,75401.5390625,0,0.0,0.0
2026-05-14 15:15:00+05:30,75401.3984375,75405.796875,75392.0078125,75398.7109375,0,0.0,0.0
2026-05-15 09:15:00+05:30,75506.203125,75737.1328125,75256.109375,75712.21875,0,0.0,0.0
2026-05-15 09:30:00+05:30,75716.1484375,75755.78125,75563.2421875,75750.90625,0,0.0,0.0
2026-05-15 09:45:00+05:30,75750.796875,75869.703125,75719.9296875,75805.9921875,0,0.0,0.0
2026-05-15 10:00:00+05:30,75808.921875,75815.3984375,75689.2109375,75739.84375,0,0.0,0.0
2026-05-15 10:15:00+05:30,75737.6796875,75820.9609375,75685.4921875,75807.796875,0,0.0,0.0
2026-05-15 10:30:00+05:30,75804.578125,75815.1015625,75724.5234375,75771.921875,0,0.0,0.0
2026-05-15 10:45:00+05:30,75771.90625,75841.046875,75771.90625,75810.0078125,0,0.0,0.0
2026-05-15 11:00:00+05:30,75807.59375,75809.65625,75511.390625,75554.6796875,0,0.0,0.0
2026-05-15 11:15:00+05:30,75554.8203125,75567.8515625,75447.5625,75455.0703125,0,0.0,0.0
2026-05-15 11:30:00+05:30,75452.21875,75528.2421875,75356.3515625,75494.84375,0,0.0,0.0
2026-05-15 11:45:00+05:30,75489.328125,75527.7578125,75464.8828125,75488.2734375,0,0.0,0.0
2026-05-15 12:00:00+05:30,75492.7265625,75645.34375,75480.7265625,75579.34375,0,0.0,0.0
2026-05-15 12:15:00+05:30,75579.703125,75583.65625,75480.359375,75482.7421875,0,0.0,0.0
2026-05-15 12:30:00+05:30,75484.453125,75639.5390625,75474.25,75639.5390625,0,0.0,0.0
2026-05-15 12:45:00+05:30,75641.4765625,75739.390625,75632.390625,75682.4375,0,0.0,0.0
2026-05-15 13:00:00+05:30,75685.2578125,75695.609375,75645.84375,75683.7890625,0,0.0,0.0
2026-05-15 13:15:00+05:30,75683.84375,75719.46875,75658.296875,75681.53125,0,0.0,0.0
2026-05-15 13:30:00+05:30,75681.3984375,75686.6171875,75534.609375,75560.2578125,0,0.0,0.0
2026-05-15 13:45:00+05:30,75560.5703125,75599.3671875,75432.890625,75484.2734375,0,0.0,0.0
2026-05-15 14:00:00+05:30,75483.359375,75503.2265625,75417.9765625,75503.2265625,0,0.0,0.0
2026-05-15 14:15:00+05:30,75503.7421875,75514.2265625,75382.7890625,75403.4609375,0,0.0,0.0
2026-05-15 14:30:00+05:30,75408.2265625,75433.046875,75347.390625,75395.671875,0,0.0,0.0
2026-05-15 14:45:00+05:30,75394.8828125,75396.859375,75139.5078125,75262.3515625,0,0.0,0.0
2026-05-15 15:00:00+05:30,75262.796875,75342.7890625,75224.703125,75229.5703125,0,0.0,0.0
2026-05-15 15:15:00+05:30,75227.0078125,75260.3515625,75223.921875,75237.9921875,0,0.0,0.0
2026-05-18 09:15:00+05:30,74807.96875,74807.96875,74343.2109375,74371.8984375,0,0.0,0.0
2026-05-18 09:30:00+05:30,74372.6484375,74437.0625,74284.4296875,74365.1015625,0,0.0,0.0
2026-05-18 09:45:00+05:30,74369.7109375,74369.7109375,74187.8515625,74269.7734375,0,0.0,0.0
2026-05-18 10:00:00+05:30,74265.703125,74355.578125,74265.703125,74335.2890625,0,0.0,0.0
2026-05-18 10:15:00+05:30,74335.90625,74430.28125,74302.6171875,74405.5078125,0,0.0,0.0
2026-05-18 10:30:00+05:30,74408.9375,74594.90625,74328.8984375,74535.2265625,0,0.0,0.0
2026-05-18 10:45:00+05:30,74529.2890625,74684.1328125,74439.703125,74678.5,0,0.0,0.0
2026-05-18 11:00:00+05:30,74681.1171875,74722.6796875,74645.78125,74691.5703125,0,0.0,0.0
2026-05-18 11:15:00+05:30,74689.5703125,74852.328125,74678.0625,74787.84375,0,0.0,0.0
2026-05-18 11:30:00+05:30,74786.4375,75023.40625,74786.1796875,74922.0234375,0,0.0,0.0
2026-05-18 11:45:00+05:30,74921.7265625,74933.96875,74742.8125,74742.8125,0,0.0,0.0
2026-05-18 12:00:00+05:30,74739.2109375,74890.2578125,74722.8125,74890.2578125,0,0.0,0.0
2026-05-18 12:15:00+05:30,74889.171875,75011.8828125,74877.4609375,75000.1796875,0,0.0,0.0
2026-05-18 12:30:00+05:30,75004.65625,75184.296875,75004.65625,75098.6875,0,0.0,0.0
2026-05-18 12:45:00+05:30,75100.4375,75279.796875,75073.6171875,75279.796875,0,0.0,0.0
2026-05-18 13:00:00+05:30,75279.453125,75346.8515625,75138.453125,75209.84375,0,0.0,0.0
2026-05-18 13:15:00+05:30,75211.28125,75268.390625,75167.171875,75223.9921875,0,0.0,0.0
2026-05-18 13:30:00+05:30,75224.5390625,75268.5390625,75168.1484375,75230.578125,0,0.0,0.0
2026-05-18 13:45:00+05:30,75230.578125,75340.3125,75183.9375,75285.59375,0,0.0,0.0
2026-05-18 14:00:00+05:30,75285.59375,75317.78125,75167.046875,75231.4921875,0,0.0,0.0
2026-05-18 14:15:00+05:30,75230.8828125,75230.8828125,75109.6796875,75196.7578125,0,0.0,0.0
2026-05-18 14:30:00+05:30,75197.2109375,75224.90625,75093.078125,75159.7109375,0,0.0,0.0
2026-05-18 14:45:00+05:30,75163.03125,75179.140625,75102.6328125,75140.046875,0,0.0,0.0
2026-05-18 15:00:00+05:30,75146.9765625,75466.0,75141.2578125,75270.796875,0,0.0,0.0
2026-05-18 15:15:00+05:30,75269.203125,75339.8984375,75269.203125,75315.2421875,0,0.0,0.0
2026-05-19 09:15:00+05:30,75501.796875,75718.3828125,75470.4375,75695.640625,0,0.0,0.0
2026-05-19 09:30:00+05:30,75700.046875,75741.84375,75371.421875,75684.703125,0,0.0,0.0
2026-05-19 09:45:00+05:30,75682.828125,75689.34375,75444.46875,75444.46875,0,0.0,0.0
2026-05-19 10:00:00+05:30,75443.9765625,75704.3671875,75440.9765625,75684.53125,0,0.0,0.0
2026-05-19 10:15:00+05:30,75684.5,75707.9375,75575.296875,75665.6328125,0,0.0,0.0
2026-05-19 10:30:00+05:30,75667.890625,75701.8828125,75616.671875,75697.046875,0,0.0,0.0
2026-05-19 10:45:00+05:30,75697.3515625,75746.2109375,75592.7265625,75716.4375,0,0.0,0.0
2026-05-19 11:00:00+05:30,75716.453125,75734.0,75556.3515625,75558.1796875,0,0.0,0.0
2026-05-19 11:15:00+05:30,75556.3203125,75562.0390625,75485.1328125,75562.0390625,0,0.0,0.0
2026-05-19 11:30:00+05:30,75562.53125,75653.8984375,75496.65625,75636.96875,0,0.0,0.0
2026-05-19 11:45:00+05:30,75637.4609375,75705.15625,75635.2265625,75661.3515625,0,0.0,0.0
2026-05-19 12:00:00+05:30,75659.4375,75663.6484375,75601.1015625,75629.8203125,0,0.0,0.0
2026-05-19 12:15:00+05:30,75629.8203125,75666.4921875,75571.171875,75660.4375,0,0.0,0.0
2026-05-19 12:30:00+05:30,75658.0,75661.90625,75556.796875,75602.5625,0,0.0,0.0
2026-05-19 12:45:00+05:30,75603.6875,75622.7734375,75559.03125,75570.421875,0,0.0,0.0
2026-05-19 13:00:00+05:30,75569.65625,75602.453125,75510.7421875,75528.8828125,0,0.0,0.0
2026-05-19 13:15:00+05:30,75530.296875,75604.4296875,75503.859375,75568.109375,0,0.0,0.0
2026-05-19 13:30:00+05:30,75568.109375,75623.9296875,75445.3203125,75467.1484375,0,0.0,0.0
2026-05-19 13:45:00+05:30,75467.3828125,75525.71875,75409.8671875,75452.546875,0,0.0,0.0
2026-05-19 14:00:00+05:30,75453.7578125,75570.078125,75443.0234375,75544.96875,0,0.0,0.0
2026-05-19 14:15:00+05:30,75542.9296875,75599.546875,75497.2578125,75500.4609375,0,0.0,0.0
2026-05-19 14:30:00+05:30,75498.2890625,75501.0078125,75318.703125,75322.7734375,0,0.0,0.0
2026-05-19 14:45:00+05:30,75322.4375,75365.4375,75264.1015625,75339.0390625,0,0.0,0.0
2026-05-19 15:00:00+05:30,75344.1796875,75347.6484375,75170.2265625,75227.9296875,0,0.0,0.0
2026-05-19 15:15:00+05:30,75223.4921875,75237.6484375,75200.8671875,75200.8671875,0,0.0,0.0
2026-05-20 09:15:00+05:30,74794.96875,74794.96875,74531.1171875,74743.7890625,0,0.0,0.0
2026-05-20 09:30:00+05:30,74740.09375,74934.1875,74709.5703125,74892.6328125,0,0.0,0.0
2026-05-20 09:45:00+05:30,74894.296875,74942.34375,74846.359375,74925.4609375,0,0.0,0.0
2026-05-20 10:00:00+05:30,74923.65625,74937.828125,74729.5078125,74797.9921875,0,0.0,0.0
2026-05-20 10:15:00+05:30,74799.390625,74844.953125,74713.7265625,74840.5703125,0,0.0,0.0
2026-05-20 10:30:00+05:30,74836.25,75031.3984375,74836.25,74877.46875,0,0.0,0.0
2026-05-20 10:45:00+05:30,74877.78125,74935.0,74779.3671875,74921.1484375,0,0.0,0.0
2026-05-20 11:00:00+05:30,74923.7734375,75049.2578125,74923.7734375,74986.7265625,0,0.0,0.0
2026-05-20 11:15:00+05:30,74985.9765625,75107.453125,74973.7421875,75101.1484375,0,0.0,0.0
2026-05-20 11:30:00+05:30,75099.53125,75166.5625,75065.4921875,75123.7734375,0,0.0,0.0
2026-05-20 11:45:00+05:30,75128.390625,75243.7109375,75127.3125,75151.6328125,0,0.0,0.0
2026-05-20 12:00:00+05:30,75149.2265625,75161.0,75031.71875,75041.0625,0,0.0,0.0
2026-05-20 12:15:00+05:30,75042.1796875,75138.546875,75034.7734375,75071.6171875,0,0.0,0.0
2026-05-20 12:30:00+05:30,75073.90625,75138.6171875,75067.5078125,75128.359375,0,0.0,0.0
2026-05-20 12:45:00+05:30,75130.6015625,75160.9375,75116.359375,75145.09375,0,0.0,0.0
2026-05-20 13:00:00+05:30,75142.0234375,75167.59375,75072.0625,75122.359375,0,0.0,0.0
2026-05-20 13:15:00+05:30,75119.921875,75123.4765625,74991.40625,75003.3125,0,0.0,0.0
2026-05-20 13:30:00+05:30,75000.7265625,75175.1796875,74993.140625,75100.90625,0,0.0,0.0
2026-05-20 13:45:00+05:30,75100.5703125,75183.9609375,75068.9921875,75183.9609375,0,0.0,0.0
2026-05-20 14:00:00+05:30,75189.3671875,75319.0234375,75189.3671875,75293.8828125,0,0.0,0.0
2026-05-20 14:15:00+05:30,75292.84375,75385.0625,75262.0,75322.4609375,0,0.0,0.0
2026-05-20 14:30:00+05:30,75325.09375,75376.6875,75300.2578125,75353.59375,0,0.0,0.0
2026-05-20 14:45:00+05:30,75353.59375,75406.1796875,75332.578125,75376.4609375,0,0.0,0.0
2026-05-20 15:00:00+05:30,75379.1875,75379.1875,75245.640625,75324.6796875,0,0.0,0.0
2026-05-20 15:15:00+05:30,75323.8828125,75323.8828125,75308.421875,75318.390625,0,0.0,0.0
2026-05-21 09:15:00+05:30,75714.140625,75932.2890625,75526.796875,75561.28125,0,0.0,0.0
2026-05-21 09:30:00+05:30,75566.84375,75680.5078125,75476.0625,75666.9921875,0,0.0,0.0
2026-05-21 09:45:00+05:30,75665.8828125,75744.9609375,75556.6328125,75594.7421875,0,0.0,0.0
2026-05-21 10:00:00+05:30,75580.84375,75653.546875,75505.140625,75565.859375,0,0.0,0.0
2026-05-21 10:15:00+05:30,75566.4609375,75635.4296875,75554.5625,75582.2265625,0,0.0,0.0
2026-05-21 10:30:00+05:30,75579.609375,75653.078125,75461.40625,75568.65625,0,0.0,0.0
2026-05-21 10:45:00+05:30,75568.5,75612.5234375,75407.0078125,75436.453125,0,0.0,0.0
2026-05-21 11:00:00+05:30,75435.7578125,75435.7578125,75340.7734375,75341.2890625,0,0.0,0.0
2026-05-21 11:15:00+05:30,75341.6796875,75498.6796875,75166.609375,75491.5625,0,0.0,0.0
2026-05-21 11:30:00+05:30,75493.4921875,75497.59375,75413.2109375,75444.3203125,0,0.0,0.0
2026-05-21 11:45:00+05:30,75444.3203125,75484.4609375,75394.953125,75403.8125,0,0.0,0.0
2026-05-21 12:00:00+05:30,75402.84375,75486.359375,75360.21875,75360.7421875,0,0.0,0.0
2026-05-21 12:15:00+05:30,75361.2265625,75399.25,75177.5234375,75225.9765625,0,0.0,0.0
2026-05-21 12:30:00+05:30,75218.40625,75241.03125,75031.9375,75140.6875,0,0.0,0.0
2026-05-21 12:45:00+05:30,75141.0078125,75154.2109375,75047.2265625,75077.640625,0,0.0,0.0
2026-05-21 13:00:00+05:30,75077.640625,75169.546875,74996.78125,75129.703125,0,0.0,0.0
2026-05-21 13:15:00+05:30,75129.703125,75169.0390625,75088.0078125,75090.59375,0,0.0,0.0
2026-05-21 13:30:00+05:30,75090.59375,75271.3828125,75057.65625,75257.296875,0,0.0,0.0
2026-05-21 13:45:00+05:30,75240.171875,75293.328125,75113.421875,75210.3984375,0,0.0,0.0
2026-05-21 14:00:00+05:30,75215.65625,75217.6875,75107.5234375,75150.5703125,0,0.0,0.0
2026-05-21 14:15:00+05:30,75149.578125,75249.6171875,75103.578125,75185.5390625,0,0.0,0.0
2026-05-21 14:30:00+05:30,75185.0078125,75351.1328125,75165.046875,75239.2578125,0,0.0,0.0
2026-05-21 14:45:00+05:30,75235.8125,75342.078125,75228.890625,75265.28125,0,0.0,0.0
2026-05-21 15:00:00+05:30,75268.0234375,75298.7421875,75094.296875,75110.3828125,0,0.0,0.0
2026-05-21 15:15:00+05:30,75123.9609375,75194.1015625,75123.9609375,75183.359375,0,0.0,0.0
2026-05-22 09:15:00+05:30,75246.640625,75548.71875,75246.640625,75497.7734375,0,0.0,0.0
2026-05-22 09:30:00+05:30,75498.0078125,75641.8515625,75498.0078125,75568.1796875,0,0.0,0.0
2026-05-22 09:45:00+05:30,75568.171875,75683.203125,75522.6015625,75648.609375,0,0.0,0.0
2026-05-22 10:00:00+05:30,75647.796875,75721.90625,75593.9609375,75691.5,0,0.0,0.0
2026-05-22 10:15:00+05:30,75689.71875,75701.1484375,75577.0078125,75581.6015625,0,0.0,0.0
2026-05-22 10:30:00+05:30,75584.9375,75674.671875,75578.4765625,75670.4609375,0,0.0,0.0
2026-05-22 10:45:00+05:30,75671.40625,75689.6171875,75621.90625,75640.78125,0,0.0,0.0
2026-05-22 11:00:00+05:30,75640.78125,75641.109375,75575.7109375,75589.6328125,0,0.0,0.0
2026-05-22 11:15:00+05:30,75588.5625,75649.5703125,75531.203125,75555.8515625,0,0.0,0.0
2026-05-22 11:30:00+05:30,75557.53125,75704.0,75527.046875,75700.6328125,0,0.0,0.0
2026-05-22 11:45:00+05:30,75703.2265625,75771.296875,75686.453125,75700.9921875,0,0.0,0.0
2026-05-22 12:00:00+05:30,75702.359375,75704.6015625,75650.453125,75683.5,0,0.0,0.0
2026-05-22 12:15:00+05:30,75682.5,75694.546875,75598.3828125,75615.6015625,0,0.0,0.0
2026-05-22 12:30:00+05:30,75616.546875,75689.09375,75556.640625,75669.6484375,0,0.0,0.0
2026-05-22 12:45:00+05:30,75671.84375,75810.8984375,75669.359375,75782.0078125,0,0.0,0.0
2026-05-22 13:00:00+05:30,75783.0625,75806.578125,75739.65625,75757.453125,0,0.0,0.0
2026-05-22 13:15:00+05:30,75757.4921875,75766.796875,75703.84375,75722.65625,0,0.0,0.0
2026-05-22 13:30:00+05:30,75725.4609375,75746.953125,75691.421875,75691.421875,0,0.0,0.0
2026-05-22 13:45:00+05:30,75691.421875,75760.53125,75633.84375,75654.046875,0,0.0,0.0
2026-05-22 14:00:00+05:30,75654.6171875,75668.6796875,75522.84375,75615.640625,0,0.0,0.0
2026-05-22 14:15:00+05:30,75606.578125,75618.5390625,75493.203125,75493.203125,0,0.0,0.0
2026-05-22 14:30:00+05:30,75494.2109375,75526.9296875,75390.59375,75393.71875,0,0.0,0.0
2026-05-22 14:45:00+05:30,75394.1328125,75461.6171875,75382.3984375,75439.90625,0,0.0,0.0
2026-05-22 15:00:00+05:30,75434.6015625,75449.5,75361.9296875,75408.6171875,0,0.0,0.0
2026-05-22 15:15:00+05:30,75406.2265625,75415.3515625,75388.796875,75415.3515625,0,0.0,0.0
2026-05-25 09:15:00+05:30,76121.40625,76315.5703125,76121.40625,76295.8203125,0,0.0,0.0
2026-05-25 09:30:00+05:30,76296.203125,76299.3828125,76151.4921875,76200.6015625,0,0.0,0.0
2026-05-25 09:45:00+05:30,76200.578125,76205.96875,76128.75,76150.6796875,0,0.0,0.0
2026-05-25 10:00:00+05:30,76151.7734375,76239.40625,76148.828125,76220.65625,0,0.0,0.0
2026-05-25 10:15:00+05:30,76220.65625,76333.7421875,76220.65625,76255.53125,0,0.0,0.0
2026-05-25 10:30:00+05:30,76251.7578125,76367.53125,76250.8515625,76360.40625,0,0.0,0.0
2026-05-25 10:45:00+05:30,76361.0625,76386.109375,76310.640625,76325.9765625,0,0.0,0.0
2026-05-25 11:00:00+05:30,76326.890625,76369.421875,76301.546875,76358.640625,0,0.0,0.0
2026-05-25 11:15:00+05:30,76359.8203125,76366.609375,76310.9609375,76328.03125,0,0.0,0.0
2026-05-25 11:30:00+05:30,76327.40625,76372.6875,76282.3984375,76335.15625,0,0.0,0.0
2026-05-25 11:45:00+05:30,76336.8828125,76371.6015625,76334.1875,76364.0390625,0,0.0,0.0
2026-05-25 12:00:00+05:30,76360.8125,76360.8125,76278.546875,76286.9609375,0,0.0,0.0
2026-05-25 12:15:00+05:30,76286.9609375,76307.9765625,76262.2265625,76265.15625,0,0.0,0.0
2026-05-25 12:30:00+05:30,76264.5234375,76290.6015625,76243.8984375,76258.03125,0,0.0,0.0
2026-05-25 12:45:00+05:30,76258.4375,76261.9765625,76180.2265625,76230.203125,0,0.0,0.0
2026-05-25 13:00:00+05:30,76234.9609375,76339.8203125,76220.3203125,76316.3828125,0,0.0,0.0
2026-05-25 13:15:00+05:30,76316.078125,76343.6015625,76308.6328125,76341.3984375,0,0.0,0.0
2026-05-25 13:30:00+05:30,76341.5390625,76367.15625,76272.296875,76280.3984375,0,0.0,0.0
2026-05-25 13:45:00+05:30,76281.0234375,76314.1328125,76262.6796875,76277.71875,0,0.0,0.0
2026-05-25 14:00:00+05:30,76277.4765625,76328.6796875,76247.8984375,76250.796875,0,0.0,0.0
2026-05-25 14:15:00+05:30,76253.9921875,76312.65625,76235.5234375,76300.328125,0,0.0,0.0
2026-05-25 14:30:00+05:30,76302.1171875,76399.3125,76298.0703125,76394.0625,0,0.0,0.0
2026-05-25 14:45:00+05:30,76394.859375,76495.8515625,76390.2734375,76482.6328125,0,0.0,0.0
2026-05-25 15:00:00+05:30,76482.796875,76503.53125,76446.0234375,76494.3671875,0,0.0,0.0
2026-05-25 15:15:00+05:30,76498.359375,76498.359375,76476.0,76489.25,0,0.0,0.0
2026-05-26 09:15:00+05:30,76268.890625,76490.90625,76260.109375,76476.4921875,0,0.0,0.0
2026-05-26 09:30:00+05:30,76477.7578125,76616.0234375,76428.6796875,76568.6328125,0,0.0,0.0
2026-05-26 09:45:00+05:30,76570.9609375,76577.8828125,76384.203125,76418.53125,0,0.0,0.0
2026-05-26 10:00:00+05:30,76420.171875,76547.546875,76411.1015625,76547.546875,0,0.0,0.0
2026-05-26 10:15:00+05:30,76542.828125,76586.09375,76491.0625,76569.5078125,0,0.0,0.0
2026-05-26 10:30:00+05:30,76569.8671875,76627.0390625,76549.0703125,76569.40625,0,0.0,0.0
2026-05-26 10:45:00+05:30,76567.6484375,76600.3671875,76550.703125,76568.453125,0,0.0,0.0
2026-05-26 11:00:00+05:30,76568.453125,76587.0234375,76531.7578125,76542.359375,0,0.0,0.0
2026-05-26 11:15:00+05:30,76536.1328125,76537.28125,76450.3671875,76450.3671875,0,0.0,0.0
2026-05-26 11:30:00+05:30,76447.796875,76537.0078125,76400.0625,76506.5703125,0,0.0,0.0
2026-05-26 11:45:00+05:30,76503.09375,76519.453125,76422.2578125,76437.609375,0,0.0,0.0
2026-05-26 12:00:00+05:30,76429.0234375,76436.9296875,76353.4921875,76363.4921875,0,0.0,0.0
2026-05-26 12:15:00+05:30,76362.8125,76409.0390625,76350.0703125,76352.828125,0,0.0,0.0
2026-05-26 12:30:00+05:30,76353.90625,76408.3515625,76309.6875,76324.96875,0,0.0,0.0
2026-05-26 12:45:00+05:30,76326.203125,76327.453125,76196.28125,76283.71875,0,0.0,0.0
2026-05-26 13:00:00+05:30,76282.703125,76294.6796875,76184.6484375,76222.1484375,0,0.0,0.0
2026-05-26 13:15:00+05:30,76222.8203125,76267.28125,76181.390625,76265.6484375,0,0.0,0.0
2026-05-26 13:30:00+05:30,76265.15625,76287.25,76161.1875,76161.1875,0,0.0,0.0
2026-05-26 13:45:00+05:30,76150.953125,76192.1015625,76065.1015625,76075.4609375,0,0.0,0.0
2026-05-26 14:00:00+05:30,76069.2109375,76097.046875,75991.03125,76029.5390625,0,0.0,0.0
2026-05-26 14:15:00+05:30,76027.40625,76074.28125,75981.609375,76021.640625,0,0.0,0.0
2026-05-26 14:30:00+05:30,76020.578125,76055.59375,75934.5625,75951.75,0,0.0,0.0
2026-05-26 14:45:00+05:30,75951.75,76000.3203125,75910.7109375,75998.8671875,0,0.0,0.0
2026-05-26 15:00:00+05:30,75998.0234375,76060.546875,75944.171875,75991.953125,0,0.0,0.0
2026-05-26 15:15:00+05:30,75987.0234375,76009.703125,75987.0234375,76009.703125,0,0.0,0.0
2026-05-27 09:15:00+05:30,75939.859375,76135.3828125,75882.1171875,75925.609375,0,0.0,0.0
2026-05-27 09:30:00+05:30,75917.59375,75998.84375,75800.0234375,75970.34375,0,0.0,0.0
2026-05-27 09:45:00+05:30,75964.6171875,75969.84375,75837.7265625,75860.6875,0,0.0,0.0
2026-05-27 10:00:00+05:30,75858.609375,76099.0703125,75827.453125,76066.140625,0,0.0,0.0
2026-05-27 10:15:00+05:30,76070.8515625,76177.953125,76046.78125,76114.90625,0,0.0,0.0
2026-05-27 10:30:00+05:30,76129.171875,76159.609375,76007.9375,76010.1328125,0,0.0,0.0
2026-05-27 10:45:00+05:30,76010.1796875,76190.9609375,75966.390625,76150.9375,0,0.0,0.0
2026-05-27 11:00:00+05:30,76149.640625,76180.671875,76091.046875,76142.4609375,0,0.0,0.0
2026-05-27 11:15:00+05:30,76147.3515625,76222.2734375,76130.0390625,76180.8828125,0,0.0,0.0
2026-05-27 11:30:00+05:30,76179.390625,76213.9296875,76073.296875,76101.3515625,0,0.0,0.0
2026-05-27 11:45:00+05:30,76101.3515625,76155.5078125,76026.421875,76039.4765625,0,0.0,0.0
2026-05-27 12:00:00+05:30,76045.671875,76070.859375,75975.9375,76008.0234375,0,0.0,0.0
2026-05-27 12:15:00+05:30,76013.578125,76081.0703125,75938.46875,75953.3515625,0,0.0,0.0
2026-05-27 12:30:00+05:30,75951.53125,76060.28125,75924.9296875,76047.6171875,0,0.0,0.0
2026-05-27 12:45:00+05:30,76047.1796875,76054.6484375,75939.3984375,75945.2578125,0,0.0,0.0
2026-05-27 13:00:00+05:30,75945.2578125,76002.15625,75908.8203125,75920.34375,0,0.0,0.0
2026-05-27 13:15:00+05:30,75915.3984375,75948.65625,75869.5625,75909.9375,0,0.0,0.0
2026-05-27 13:30:00+05:30,75913.59375,75970.4921875,75878.796875,75904.53125,0,0.0,0.0
2026-05-27 13:45:00+05:30,75901.0078125,75976.359375,75849.6875,75970.6484375,0,0.0,0.0
2026-05-27 14:00:00+05:30,75971.2734375,76001.9375,75875.2109375,75882.3515625,0,0.0,0.0
2026-05-27 14:15:00+05:30,75878.4765625,75991.4375,75839.921875,75885.8203125,0,0.0,0.0
2026-05-27 14:30:00+05:30,75885.8671875,75885.8671875,75748.84375,75793.8203125,0,0.0,0.0
2026-05-27 14:45:00+05:30,75791.25,75881.7734375,75752.578125,75860.078125,0,0.0,0.0
2026-05-27 15:00:00+05:30,75862.1328125,75897.171875,75771.4375,75859.046875,0,0.0,0.0
2026-05-27 15:15:00+05:30,75869.296875,75869.296875,75832.140625,75867.796875,0,0.0,0.0
2026-05-29 09:15:00+05:30,75988.5078125,76213.6015625,75841.15625,75863.2109375,0,0.0,0.0
2026-05-29 09:30:00+05:30,75865.2421875,76014.46875,75818.3203125,75830.5703125,0,0.0,0.0
2026-05-29 09:45:00+05:30,75831.421875,76000.6875,75822.4765625,75954.34375,0,0.0,0.0
2026-05-29 10:00:00+05:30,75953.7421875,76114.5625,75924.953125,76085.7265625,0,0.0,0.0
2026-05-29 10:15:00+05:30,76087.8671875,76098.0,75978.078125,75983.6484375,0,0.0,0.0
2026-05-29 10:30:00+05:30,75984.859375,76045.578125,75947.421875,75949.046875,0,0.0,0.0
2026-05-29 10:45:00+05:30,75948.3671875,75982.2890625,75875.546875,75968.2421875,0,0.0,0.0
2026-05-29 11:00:00+05:30,75966.46875,76007.4921875,75944.5703125,75947.3125,0,0.0,0.0
2026-05-29 11:15:00+05:30,75948.578125,75996.7109375,75922.6015625,75923.796875,0,0.0,0.0
2026-05-29 11:30:00+05:30,75922.9609375,75933.8203125,75871.6015625,75912.8984375,0,0.0,0.0
2026-05-29 11:45:00+05:30,75913.453125,75998.3828125,75905.7265625,75937.1328125,0,0.0,0.0
2026-05-29 12:00:00+05:30,75937.5234375,75937.9921875,75731.546875,75755.578125,0,0.0,0.0
2026-05-29 12:15:00+05:30,75754.7109375,75817.078125,75682.25,75808.9296875,0,0.0,0.0
2026-05-29 12:30:00+05:30,75809.9765625,75819.671875,75770.8671875,75784.65625,0,0.0,0.0
2026-05-29 12:45:00+05:30,75783.390625,75794.75,75697.1875,75744.40625,0,0.0,0.0
2026-05-29 13:00:00+05:30,75744.8515625,75748.34375,75542.5390625,75544.4375,0,0.0,0.0
2026-05-29 13:15:00+05:30,75541.8125,75590.1796875,75504.96875,75552.3984375,0,0.0,0.0
2026-05-29 13:30:00+05:30,75552.3984375,75578.2578125,75510.03125,75520.2109375,0,0.0,0.0
2026-05-29 13:45:00+05:30,75520.6171875,75532.0234375,75410.859375,75454.3125,0,0.0,0.0
2026-05-29 14:00:00+05:30,75462.21875,75467.8984375,75385.28125,75439.2109375,0,0.0,0.0
2026-05-29 14:15:00+05:30,75434.3203125,75494.9921875,75386.9609375,75483.4609375,0,0.0,0.0
2026-05-29 14:30:00+05:30,75488.09375,75619.6328125,75486.859375,75577.828125,0,0.0,0.0
2026-05-29 14:45:00+05:30,75576.53125,75596.8515625,75481.078125,75532.3515625,0,0.0,0.0
2026-05-29 15:00:00+05:30,75529.140625,75529.140625,74676.0703125,74741.7265625,0,0.0,0.0
2026-05-29 15:15:00+05:30,74903.859375,74903.859375,74769.3671875,74775.7421875,0,0.0,0.0
2026-06-01 09:15:00+05:30,75231.1796875,75361.4765625,74946.7890625,75007.1484375,0,0.0,0.0
2026-06-01 09:30:00+05:30,75005.421875,75041.0234375,74875.90625,74889.046875,0,0.0,0.0
2026-06-01 09:45:00+05:30,74892.8984375,74961.3671875,74857.78125,74860.296875,0,0.0,0.0
2026-06-01 10:00:00+05:30,74862.546875,74896.6171875,74799.90625,74836.7421875,0,0.0,0.0
2026-06-01 10:15:00+05:30,74829.2421875,74867.1328125,74773.828125,74788.59375,0,0.0,0.0
2026-06-01 10:30:00+05:30,74786.9375,74818.9921875,74716.09375,74771.3984375,0,0.0,0.0
2026-06-01 10:45:00+05:30,74771.4765625,74939.5234375,74766.453125,74865.3828125,0,0.0,0.0
2026-06-01 11:00:00+05:30,74869.6171875,75008.9609375,74869.6171875,74992.9296875,0,0.0,0.0
2026-06-01 11:15:00+05:30,74995.2734375,75022.9375,74858.1875,74858.2578125,0,0.0,0.0
2026-06-01 11:30:00+05:30,74858.2421875,74880.40625,74773.3671875,74819.3125,0,0.0,0.0
2026-06-01 11:45:00+05:30,74819.4296875,74858.2734375,74638.75,74638.75,0,0.0,0.0
2026-06-01 12:00:00+05:30,74635.328125,74738.828125,74606.7734375,74736.859375,0,0.0,0.0
2026-06-01 12:15:00+05:30,74737.5625,74737.7109375,74671.328125,74694.296875,0,0.0,0.0
2026-06-01 12:30:00+05:30,74689.546875,74730.9609375,74668.5625,74681.890625,0,0.0,0.0
2026-06-01 12:45:00+05:30,74682.828125,74753.78125,74653.1171875,74682.3125,0,0.0,0.0
2026-06-01 13:00:00+05:30,74685.09375,74693.953125,74495.4609375,74519.75,0,0.0,0.0
2026-06-01 13:15:00+05:30,74521.2890625,74571.15625,74517.53125,74557.0,0,0.0,0.0
2026-06-01 13:30:00+05:30,74562.3125,74635.5625,74559.5703125,74593.2421875,0,0.0,0.0
2026-06-01 13:45:00+05:30,74592.2890625,74596.0234375,74487.40625,74512.28125,0,0.0,0.0
2026-06-01 14:00:00+05:30,74514.96875,74523.75,74369.4296875,74376.1875,0,0.0,0.0
2026-06-01 14:15:00+05:30,74375.59375,74406.9296875,74286.8671875,74311.7890625,0,0.0,0.0
2026-06-01 14:30:00+05:30,74312.9375,74394.953125,74261.546875,74371.546875,0,0.0,0.0
2026-06-01 14:45:00+05:30,74373.7265625,74416.6171875,74204.296875,74252.4765625,0,0.0,0.0
2026-06-01 15:00:00+05:30,74245.2734375,74373.6875,74206.2578125,74287.65625,0,0.0,0.0
2026-06-01 15:15:00+05:30,74287.2578125,74287.2578125,74266.3125,74267.0390625,0,0.0,0.0
2026-06-02 09:15:00+05:30,73919.7109375,74028.8671875,73816.03125,73979.3671875,0,0.0,0.0
2026-06-02 09:30:00+05:30,73979.78125,74065.1484375,73920.9375,74032.40625,0,0.0,0.0
2026-06-02 09:45:00+05:30,74032.90625,74119.9609375,73945.6328125,74091.28125,0,0.0,0.0
2026-06-02 10:00:00+05:30,74091.8984375,74118.15625,73974.5078125,73974.5078125,0,0.0,0.0
2026-06-02 10:15:00+05:30,73974.546875,74289.390625,73932.046875,74275.296875,0,0.0,0.0
2026-06-02 10:30:00+05:30,74274.53125,74282.21875,74143.03125,74215.8984375,0,0.0,0.0
2026-06-02 10:45:00+05:30,74220.359375,74225.28125,74001.4296875,74066.6328125,0,0.0,0.0
2026-06-02 11:00:00+05:30,74063.3828125,74109.046875,74044.3828125,74096.0625,0,0.0,0.0
2026-06-02 11:15:00+05:30,74094.1875,74269.8515625,74049.6328125,74197.796875,0,0.0,0.0
2026-06-02 11:30:00+05:30,74199.296875,74216.796875,74043.828125,74074.4375,0,0.0,0.0
2026-06-02 11:45:00+05:30,74077.7109375,74110.078125,74020.2890625,74025.3671875,0,0.0,0.0
2026-06-02 12:00:00+05:30,74030.78125,74106.4296875,74012.7578125,74028.296875,0,0.0,0.0
2026-06-02 12:15:00+05:30,74029.1171875,74080.59375,73994.03125,73998.7890625,0,0.0,0.0
2026-06-02 12:30:00+05:30,73999.171875,74295.3984375,73983.3515625,74291.5625,0,0.0,0.0
2026-06-02 12:45:00+05:30,74291.7109375,74610.59375,74291.7109375,74580.8125,0,0.0,0.0
2026-06-02 13:00:00+05:30,74581.4296875,74689.1328125,74536.03125,74618.9375,0,0.0,0.0
2026-06-02 13:15:00+05:30,74618.25,74710.703125,74574.4609375,74710.703125,0,0.0,0.0
2026-06-02 13:30:00+05:30,74706.2734375,74811.71875,74680.90625,74699.1796875,0,0.0,0.0
2026-06-02 13:45:00+05:30,74697.578125,74773.5703125,74697.578125,74739.921875,0,0.0,0.0
2026-06-02 14:00:00+05:30,74740.3203125,74831.546875,74735.703125,74819.3828125,0,0.0,0.0
2026-06-02 14:15:00+05:30,74819.953125,74862.1875,74735.1796875,74758.6875,0,0.0,0.0
2026-06-02 14:30:00+05:30,74759.4765625,74797.34375,74506.296875,74538.453125,0,0.0,0.0
2026-06-02 14:45:00+05:30,74537.15625,74622.4921875,74479.75,74514.2109375,0,0.0,0.0
2026-06-02 15:00:00+05:30,74502.75,74694.046875,74454.5,74658.9921875,0,0.0,0.0
2026-06-02 15:15:00+05:30,74656.7578125,74656.7578125,74587.59375,74649.3125,0,0.0,0.0
2026-06-03 09:15:00+05:30,74395.4765625,74447.921875,73835.15625,73909.828125,0,0.0,0.0
2026-06-03 09:30:00+05:30,73911.296875,73939.2109375,73760.46875,73833.7890625,0,0.0,0.0
2026-06-03 09:45:00+05:30,73827.6875,73944.8515625,73721.0234375,73807.65625,0,0.0,0.0
2026-06-03 10:00:00+05:30,73807.703125,73910.5078125,73745.578125,73773.53125,0,0.0,0.0
2026-06-03 10:15:00+05:30,73776.40625,73924.7265625,73738.1328125,73809.09375,0,0.0,0.0
2026-06-03 10:30:00+05:30,73809.84375,73825.7421875,73696.640625,73759.2734375,0,0.0,0.0
2026-06-03 10:45:00+05:30,73755.828125,73821.90625,73726.53125,73750.5,0,0.0,0.0
2026-06-03 11:00:00+05:30,73749.6796875,73766.1796875,73659.1328125,73672.546875,0,0.0,0.0
2026-06-03 11:15:00+05:30,73678.1796875,73798.546875,73664.9375,73716.5390625,0,0.0,0.0
2026-06-03 11:30:00+05:30,73718.6328125,73780.7421875,73671.3203125,73709.8671875,0,0.0,0.0
2026-06-03 11:45:00+05:30,73712.046875,73744.1796875,73626.671875,73627.46875,0,0.0,0.0
2026-06-03 12:00:00+05:30,73625.1796875,73657.140625,73492.71875,73579.640625,0,0.0,0.0
2026-06-03 12:15:00+05:30,73580.28125,73797.8203125,73567.0625,73771.8671875,0,0.0,0.0
2026-06-03 12:30:00+05:30,73773.34375,74132.109375,73770.4375,74082.109375,0,0.0,0.0
2026-06-03 12:45:00+05:30,74081.78125,74101.6484375,73897.9765625,73949.6171875,0,0.0,0.0
2026-06-03 13:00:00+05:30,73950.9296875,74016.8671875,73921.2890625,73979.0,0,0.0,0.0
2026-06-03 13:15:00+05:30,74008.8828125,74163.2734375,74008.8828125,74141.53125,0,0.0,0.0
2026-06-03 13:30:00+05:30,74147.7578125,74171.4296875,74067.5703125,74071.21875,0,0.0,0.0
2026-06-03 13:45:00+05:30,74070.6796875,74412.2734375,74069.90625,74195.21875,0,0.0,0.0
2026-06-03 14:00:00+05:30,74197.9921875,74335.96875,74197.9921875,74278.046875,0,0.0,0.0
2026-06-03 14:15:00+05:30,74276.8515625,74444.21875,74276.8515625,74336.8203125,0,0.0,0.0
2026-06-03 14:30:00+05:30,74335.0625,74460.9765625,74306.109375,74443.71875,0,0.0,0.0
2026-06-03 14:45:00+05:30,74442.328125,74511.5390625,74403.7265625,74453.578125,0,0.0,0.0
2026-06-03 15:00:00+05:30,74457.7734375,74504.2421875,74229.5703125,74312.609375,0,0.0,0.0
2026-06-03 15:15:00+05:30,74313.1875,74356.25,74313.1875,74346.3203125,0,0.0,0.0
2026-06-04 09:15:00+05:30,73930.4765625,74228.59375,73809.5390625,74121.953125,0,0.0,0.0
2026-06-04 09:30:00+05:30,74119.6328125,74216.046875,74016.578125,74169.90625,0,0.0,0.0
2026-06-04 09:45:00+05:30,74167.8203125,74477.828125,74167.8203125,74366.328125,0,0.0,0.0
2026-06-04 10:00:00+05:30,74364.609375,74469.2890625,74306.75,74405.3671875,0,0.0,0.0
2026-06-04 10:15:00+05:30,74407.9375,74480.65625,74359.296875,74391.84375,0,0.0,0.0
2026-06-04 10:30:00+05:30,74394.53125,74414.34375,74235.5703125,74344.328125,0,0.0,0.0
2026-06-04 10:45:00+05:30,74347.0,74467.1875,74341.703125,74411.359375,0,0.0,0.0
2026-06-04 11:00:00+05:30,74406.5234375,74428.1171875,74255.703125,74324.578125,0,0.0,0.0
2026-06-04 11:15:00+05:30,74329.390625,74337.4609375,74260.2890625,74306.109375,0,0.0,0.0
2026-06-04 11:30:00+05:30,74303.7421875,74543.453125,74196.7421875,74468.5078125,0,0.0,0.0
2026-06-04 11:45:00+05:30,74472.1328125,74494.4296875,74307.5390625,74390.0234375,0,0.0,0.0
2026-06-04 12:00:00+05:30,74395.4375,74499.328125,74386.890625,74466.0703125,0,0.0,0.0
2026-06-04 12:15:00+05:30,74465.0625,74493.4765625,74388.390625,74425.4765625,0,0.0,0.0
2026-06-04 12:30:00+05:30,74425.1328125,74425.640625,74254.890625,74277.5703125,0,0.0,0.0
2026-06-04 12:45:00+05:30,74273.5625,74360.25,74261.6328125,74358.84375,0,0.0,0.0
2026-06-04 13:00:00+05:30,74358.8671875,74390.4921875,74107.7578125,74109.2578125,0,0.0,0.0
2026-06-04 13:15:00+05:30,74105.4375,74208.6796875,74037.3671875,74167.7890625,0,0.0,0.0
2026-06-04 13:30:00+05:30,74168.2734375,74217.21875,74118.40625,74152.2578125,0,0.0,0.0
2026-06-04 13:45:00+05:30,74151.84375,74228.9765625,74126.7421875,74197.640625,0,0.0,0.0
2026-06-04 14:00:00+05:30,74195.7109375,74413.9375,74195.7109375,74317.5078125,0,0.0,0.0
2026-06-04 14:15:00+05:30,74317.8984375,74407.4296875,74317.8984375,74372.2109375,0,0.0,0.0
2026-06-04 14:30:00+05:30,74376.140625,74486.78125,74357.2578125,74431.7421875,0,0.0,0.0
2026-06-04 14:45:00+05:30,74432.109375,74520.1171875,74305.3125,74379.109375,0,0.0,0.0
2026-06-04 15:00:00+05:30,74372.5234375,74379.6484375,74262.3203125,74371.9296875,0,0.0,0.0
2026-06-04 15:15:00+05:30,74374.75,74374.75,74328.9921875,74359.9375,0,0.0,0.0
2026-06-05 09:15:00+05:30,74658.140625,74713.1484375,74484.28125,74552.0703125,0,0.0,0.0
2026-06-05 09:30:00+05:30,74548.7265625,74605.8671875,74484.9296875,74582.859375,0,0.0,0.0
2026-06-05 09:45:00+05:30,74586.640625,74592.5,74480.078125,74497.828125,0,0.0,0.0
2026-06-05 10:00:00+05:30,74493.6484375,74701.3671875,74435.4375,74577.7734375,0,0.0,0.0
2026-06-05 10:15:00+05:30,74577.140625,74660.09375,74527.15625,74566.1328125,0,0.0,0.0
2026-06-05 10:30:00+05:30,74566.1875,74586.2109375,74169.2109375,74217.1484375,0,0.0,0.0
2026-06-05 10:45:00+05:30,74217.046875,74333.7265625,74122.1875,74333.6484375,0,0.0,0.0
2026-06-05 11:00:00+05:30,74330.9296875,74645.65625,74329.65625,74494.65625,0,0.0,0.0
2026-06-05 11:15:00+05:30,74486.09375,74514.3125,74340.8828125,74407.5,0,0.0,0.0
2026-06-05 11:30:00+05:30,74410.6328125,74486.5078125,74366.4609375,74429.859375,0,0.0,0.0
2026-06-05 11:45:00+05:30,74432.40625,74488.078125,74354.0234375,74356.109375,0,0.0,0.0
2026-06-05 12:00:00+05:30,74357.0234375,74475.0625,74354.3671875,74473.71875,0,0.0,0.0
2026-06-05 12:15:00+05:30,74473.71875,74537.46875,74454.21875,74483.7578125,0,0.0,0.0
2026-06-05 12:30:00+05:30,74482.5625,74486.0390625,74272.546875,74283.1875,0,0.0,0.0
2026-06-05 12:45:00+05:30,74289.1328125,74321.03125,74223.296875,74275.1796875,0,0.0,0.0
2026-06-05 13:00:00+05:30,74272.3515625,74295.1328125,74172.8515625,74184.921875,0,0.0,0.0
2026-06-05 13:15:00+05:30,74178.28125,74240.8125,74087.859375,74087.859375,0,0.0,0.0
2026-06-05 13:30:00+05:30,74089.3125,74125.34375,73992.3203125,74033.296875,0,0.0,0.0
2026-06-05 13:45:00+05:30,74033.203125,74133.359375,74033.203125,74133.359375,0,0.0,0.0
2026-06-05 14:00:00+05:30,74137.21875,74171.9609375,74089.796875,74096.6015625,0,0.0,0.0
2026-06-05 14:15:00+05:30,74096.6015625,74200.7265625,74036.6875,74193.28125,0,0.0,0.0
2026-06-05 14:30:00+05:30,74192.578125,74360.3125,74094.3125,74334.3203125,0,0.0,0.0
2026-06-05 14:45:00+05:30,74334.4765625,74392.1484375,74212.609375,74238.953125,0,0.0,0.0
2026-06-05 15:00:00+05:30,74236.9375,74256.453125,74119.5,74243.1015625,0,0.0,0.0
2026-06-05 15:15:00+05:30,74243.6015625,74243.6015625,74211.5078125,74243.34375,0,0.0,0.0
2026-06-08 09:15:00+05:30,73416.2421875,73564.3984375,73328.34375,73563.0390625,0,0.0,0.0
2026-06-08 09:30:00+05:30,73561.46875,73662.140625,73508.046875,73569.2734375,0,0.0,0.0
2026-06-08 09:45:00+05:30,73576.5,73721.609375,73472.75,73715.1328125,0,0.0,0.0
2026-06-08 10:00:00+05:30,73716.28125,73717.6796875,73575.28125,73639.546875,0,0.0,0.0
2026-06-08 10:15:00+05:30,73639.0234375,73668.7734375,73597.9921875,73624.90625,0,0.0,0.0
2026-06-08 10:30:00+05:30,73627.7421875,73787.0625,73627.5625,73694.7734375,0,0.0,0.0
2026-06-08 10:45:00+05:30,73694.46875,73777.0625,73664.5390625,73764.4375,0,0.0,0.0
2026-06-08 11:00:00+05:30,73764.796875,73772.7890625,73687.9296875,73703.4765625,0,0.0,0.0
2026-06-08 11:15:00+05:30,73705.46875,73715.203125,73633.4921875,73661.640625,0,0.0,0.0
2026-06-08 11:30:00+05:30,73663.046875,73750.9609375,73653.3203125,73744.578125,0,0.0,0.0
2026-06-08 11:45:00+05:30,73744.046875,73774.96875,73721.8515625,73738.9296875,0,0.0,0.0
2026-06-08 12:00:00+05:30,73738.171875,73794.578125,73706.5390625,73763.4296875,0,0.0,0.0
2026-06-08 12:15:00+05:30,73763.6328125,73819.59375,73751.046875,73795.046875,0,0.0,0.0
2026-06-08 12:30:00+05:30,73795.046875,73875.953125,73783.96875,73857.3515625,0,0.0,0.0
2026-06-08 12:45:00+05:30,73858.7265625,73934.3515625,73831.40625,73867.421875,0,0.0,0.0
2026-06-08 13:00:00+05:30,73867.28125,73870.6171875,73755.6796875,73770.2421875,0,0.0,0.0
2026-06-08 13:15:00+05:30,73770.2421875,73795.828125,73699.4765625,73745.8203125,0,0.0,0.0
2026-06-08 13:30:00+05:30,73743.0078125,73764.5703125,73631.421875,73636.2109375,0,0.0,0.0
2026-06-08 13:45:00+05:30,73637.8828125,73654.75,73570.40625,73638.84375,0,0.0,0.0
2026-06-08 14:00:00+05:30,73637.7890625,73679.75,73602.4609375,73607.8515625,0,0.0,0.0
2026-06-08 14:15:00+05:30,73605.3984375,73646.546875,73575.5390625,73587.6796875,0,0.0,0.0
2026-06-08 14:30:00+05:30,73582.9921875,73679.046875,73582.921875,73678.828125,0,0.0,0.0
2026-06-08 14:45:00+05:30,73680.6328125,73728.59375,73622.75,73680.1796875,0,0.0,0.0
2026-06-08 15:00:00+05:30,73678.3671875,73678.3671875,73462.90625,73558.9296875,0,0.0,0.0
2026-06-08 15:15:00+05:30,73557.53125,73557.53125,73519.0390625,73524.21875,0,0.0,0.0
2026-06-09 09:15:00+05:30,73992.390625,73992.390625,73801.359375,73864.3671875,0,0.0,0.0
2026-06-09 09:30:00+05:30,73860.5625,73965.7109375,73762.40625,73768.3828125,0,0.0,0.0
2026-06-09 09:45:00+05:30,73766.75,73824.6796875,73713.4609375,73723.7109375,0,0.0,0.0
2026-06-09 10:00:00+05:30,73726.640625,73742.703125,73627.4765625,73639.359375,0,0.0,0.0
2026-06-09 10:15:00+05:30,73643.7890625,73669.609375,73583.828125,73636.0625,0,0.0,0.0
2026-06-09 10:30:00+05:30,73641.4296875,73653.4296875,73578.0,73625.28125,0,0.0,0.0
2026-06-09 10:45:00+05:30,73626.5703125,73640.640625,73510.5,73587.609375,0,0.0,0.0
2026-06-09 11:00:00+05:30,73585.84375,73603.671875,73545.2890625,73548.46875,0,0.0,0.0
2026-06-09 11:15:00+05:30,73545.546875,73594.9296875,73426.78125,73520.109375,0,0.0,0.0
2026-06-09 11:30:00+05:30,73520.8671875,73606.0,73500.15625,73569.4375,0,0.0,0.0
2026-06-09 11:45:00+05:30,73569.109375,73709.1015625,73562.828125,73667.9609375,0,0.0,0.0
2026-06-09 12:00:00+05:30,73666.7890625,73739.109375,73658.3984375,73698.7578125,0,0.0,0.0
2026-06-09 12:15:00+05:30,73704.3515625,73772.1328125,73697.828125,73761.34375,0,0.0,0.0
2026-06-09 12:30:00+05:30,73756.09375,73821.2421875,73729.6328125,73758.0234375,0,0.0,0.0
2026-06-09 12:45:00+05:30,73757.9765625,73787.859375,73677.7578125,73698.578125,0,0.0,0.0
2026-06-09 13:00:00+05:30,73698.7578125,73791.21875,73698.7578125,73785.6328125,0,0.0,0.0
2026-06-09 13:15:00+05:30,73776.6796875,73831.8671875,73729.5390625,73767.9375,0,0.0,0.0
2026-06-09 13:30:00+05:30,73768.9765625,73810.890625,73711.390625,73800.1171875,0,0.0,0.0
2026-06-09 13:45:00+05:30,73800.1171875,73807.640625,73672.4765625,73719.7421875,0,0.0,0.0
2026-06-09 14:00:00+05:30,73714.40625,73817.4375,73697.6015625,73772.796875,0,0.0,0.0
2026-06-09 14:15:00+05:30,73772.796875,73806.5078125,73704.890625,73806.5078125,0,0.0,0.0
2026-06-09 14:30:00+05:30,73810.296875,73974.4296875,73778.8828125,73950.90625,0,0.0,0.0
2026-06-09 14:45:00+05:30,73951.71875,74032.0078125,73921.3515625,74020.5703125,0,0.0,0.0
2026-06-09 15:00:00+05:30,74015.5390625,74015.5390625,73871.34375,73925.0703125,0,0.0,0.0
2026-06-09 15:15:00+05:30,73921.390625,73926.34375,73911.796875,73918.5625,0,0.0,0.0
2026-06-10 09:15:00+05:30,73988.2734375,74352.9375,73897.828125,74314.40625,0,0.0,0.0
2026-06-10 09:30:00+05:30,74313.28125,74356.609375,74274.9765625,74337.6796875,0,0.0,0.0
2026-06-10 09:45:00+05:30,74341.3984375,74456.9765625,74335.640625,74398.0390625,0,0.0,0.0
2026-06-10 10:00:00+05:30,74395.59375,74411.84375,74241.421875,74242.890625,0,0.0,0.0
2026-06-10 10:15:00+05:30,74239.84375,74296.6875,74200.0078125,74222.578125,0,0.0,0.0
2026-06-10 10:30:00+05:30,74220.9765625,74340.3984375,74215.7734375,74316.7265625,0,0.0,0.0
2026-06-10 10:45:00+05:30,74318.140625,74439.84375,74310.65625,74437.7421875,0,0.0,0.0
2026-06-10 11:00:00+05:30,74443.2265625,74452.0703125,74387.4921875,74418.890625,0,0.0,0.0
2026-06-10 11:15:00+05:30,74419.6484375,74482.84375,74372.2890625,74475.609375,0,0.0,0.0
2026-06-10 11:30:00+05:30,74476.7890625,74531.53125,74451.359375,74515.640625,0,0.0,0.0
2026-06-10 11:45:00+05:30,74515.34375,74521.6484375,74468.546875,74515.4921875,0,0.0,0.0
2026-06-10 12:00:00+05:30,74516.0703125,74522.8671875,74427.140625,74478.0234375,0,0.0,0.0
2026-06-10 12:15:00+05:30,74474.453125,74493.3671875,74418.78125,74429.2421875,0,0.0,0.0
2026-06-10 12:30:00+05:30,74427.546875,74446.96875,74335.703125,74341.796875,0,0.0,0.0
2026-06-10 12:45:00+05:30,74343.0234375,74469.7890625,74291.203125,74446.859375,0,0.0,0.0
2026-06-10 13:00:00+05:30,74447.3515625,74610.21875,74447.3515625,74544.53125,0,0.0,0.0
2026-06-10 13:15:00+05:30,74545.0625,74556.2578125,74440.390625,74523.671875,0,0.0,0.0
2026-06-10 13:30:00+05:30,74526.9296875,74560.90625,74400.6015625,74415.8125,0,0.0,0.0
2026-06-10 13:45:00+05:30,74413.3671875,74472.8671875,74377.0703125,74395.5703125,0,0.0,0.0
2026-06-10 14:00:00+05:30,74395.4609375,74434.0625,74295.671875,74305.640625,0,0.0,0.0
2026-06-10 14:15:00+05:30,74306.9296875,74383.3125,74282.0,74309.8671875,0,0.0,0.0
2026-06-10 14:30:00+05:30,74310.65625,74316.5,74121.0703125,74123.390625,0,0.0,0.0
2026-06-10 14:45:00+05:30,74122.578125,74165.671875,74059.3203125,74111.609375,0,0.0,0.0
2026-06-10 15:00:00+05:30,74111.4609375,74116.7890625,73943.140625,73948.578125,0,0.0,0.0
2026-06-10 15:15:00+05:30,73945.1796875,74032.5,73945.1796875,73983.2109375,0,0.0,0.0
2026-06-11 09:15:00+05:30,73629.0625,73736.1796875,73520.203125,73658.296875,0,0.0,0.0
2026-06-11 09:30:00+05:30,73658.09375,73751.0390625,73572.7109375,73739.40625,0,0.0,0.0
2026-06-11 09:45:00+05:30,73742.21875,73855.7109375,73651.21875,73654.2265625,0,0.0,0.0
2026-06-11 10:00:00+05:30,73658.0390625,73816.640625,73624.1484375,73766.53125,0,0.0,0.0
2026-06-11 10:15:00+05:30,73766.3984375,73961.8828125,73761.9609375,73950.40625,0,0.0,0.0
2026-06-11 10:30:00+05:30,73949.6328125,73982.8203125,73905.25,73946.9765625,0,0.0,0.0
2026-06-11 10:45:00+05:30,73948.4765625,73965.2109375,73836.953125,73867.078125,0,0.0,0.0
2026-06-11 11:00:00+05:30,73866.4765625,73966.90625,73826.5234375,73885.21875,0,0.0,0.0
2026-06-11 11:15:00+05:30,73886.15625,74061.671875,73884.828125,74061.671875,0,0.0,0.0
2026-06-11 11:30:00+05:30,74061.8203125,74132.7890625,73994.9765625,74132.7890625,0,0.0,0.0
2026-06-11 11:45:00+05:30,74133.03125,74270.46875,74132.5078125,74239.453125,0,0.0,0.0
2026-06-11 12:00:00+05:30,74240.3828125,74280.7265625,74227.0390625,74270.3203125,0,0.0,0.0
2026-06-11 12:15:00+05:30,74271.2265625,74335.03125,74248.4765625,74286.78125,0,0.0,0.0
2026-06-11 12:30:00+05:30,74293.65625,74379.7890625,74278.2578125,74297.859375,0,0.0,0.0
2026-06-11 12:45:00+05:30,74292.3828125,74325.796875,74215.4609375,74325.4375,0,0.0,0.0
2026-06-11 13:00:00+05:30,74326.4765625,74393.0625,74170.78125,74173.5234375,0,0.0,0.0
2026-06-11 13:15:00+05:30,74176.7421875,74191.9765625,74046.171875,74117.9765625,0,0.0,0.0
2026-06-11 13:30:00+05:30,74117.9765625,74200.2421875,74042.6796875,74057.1328125,0,0.0,0.0
2026-06-11 13:45:00+05:30,74057.6171875,74140.9296875,74037.609375,74086.109375,0,0.0,0.0
2026-06-11 14:00:00+05:30,74089.09375,74123.2109375,73999.3515625,74042.3125,0,0.0,0.0
2026-06-11 14:15:00+05:30,74044.3828125,74144.171875,74003.1328125,74110.4609375,0,0.0,0.0
2026-06-11 14:30:00+05:30,74109.4609375,74121.3515625,73965.0390625,73981.3515625,0,0.0,0.0
2026-06-11 14:45:00+05:30,73981.1015625,74014.671875,73864.3984375,73908.3515625,0,0.0,0.0
2026-06-11 15:00:00+05:30,73910.21875,73942.3984375,73732.9609375,73842.2109375,0,0.0,0.0
2026-06-11 15:15:00+05:30,73847.6171875,73847.6171875,73800.1875,73832.21875,0,0.0,0.0
2026-06-12 09:15:00+05:30,74700.7578125,74854.9296875,74693.859375,74704.6171875,0,0.0,0.0
2026-06-12 09:30:00+05:30,74705.3515625,74736.84375,74611.9765625,74614.6484375,0,0.0,0.0
2026-06-12 09:45:00+05:30,74613.1875,74655.671875,74567.2890625,74567.2890625,0,0.0,0.0
2026-06-12 10:00:00+05:30,74570.4765625,74576.53125,74487.3671875,74531.59375,0,0.0,0.0
2026-06-12 10:15:00+05:30,74533.40625,74580.953125,74454.203125,74547.421875,0,0.0,0.0
2026-06-12 10:30:00+05:30,74544.109375,74572.6171875,74519.9765625,74551.28125,0,0.0,0.0
2026-06-12 10:45:00+05:30,74549.7109375,74593.1328125,74497.578125,74589.6328125,0,0.0,0.0
2026-06-12 11:00:00+05:30,74587.359375,74649.3984375,74540.5390625,74645.4765625,0,0.0,0.0
2026-06-12 11:15:00+05:30,74647.03125,74654.328125,74570.109375,74604.1484375,0,0.0,0.0
2026-06-12 11:30:00+05:30,74603.84375,74674.90625,74603.84375,74669.0,0,0.0,0.0
2026-06-12 11:45:00+05:30,74669.0,74698.953125,74647.5,74676.1484375,0,0.0,0.0
2026-06-12 12:00:00+05:30,74675.3984375,74680.1015625,74556.5703125,74575.5078125,0,0.0,0.0
2026-06-12 12:15:00+05:30,74575.890625,74638.46875,74558.1875,74622.6796875,0,0.0,0.0
2026-06-12 12:30:00+05:30,74622.953125,74625.140625,74485.828125,74485.828125,0,0.0,0.0
2026-06-12 12:45:00+05:30,74485.453125,74516.34375,74464.203125,74504.6796875,0,0.0,0.0
2026-06-12 13:00:00+05:30,74506.8515625,74557.5703125,74496.5625,74528.6015625,0,0.0,0.0
2026-06-12 13:15:00+05:30,74528.0390625,74697.9765625,74486.4296875,74687.609375,0,0.0,0.0
2026-06-12 13:30:00+05:30,74688.3515625,75002.71875,74688.3515625,74988.59375,0,0.0,0.0
2026-06-12 13:45:00+05:30,74988.59375,75099.921875,74966.5625,75090.359375,0,0.0,0.0
2026-06-12 14:00:00+05:30,75090.4765625,75173.7265625,75060.359375,75163.171875,0,0.0,0.0
2026-06-12 14:15:00+05:30,75163.8203125,75275.6875,75163.8203125,75268.8984375,0,0.0,0.0
2026-06-12 14:30:00+05:30,75268.25,75369.796875,75225.5625,75352.40625,0,0.0,0.0
2026-06-12 14:45:00+05:30,75348.5078125,75513.0234375,75340.75,75495.21875,0,0.0,0.0
2026-06-12 15:00:00+05:30,75491.703125,75606.9765625,75407.453125,75533.90625,0,0.0,0.0
2026-06-12 15:15:00+05:30,75532.9765625,75532.9765625,75516.03125,75527.8203125,0,0.0,0.0
2026-06-15 09:15:00+05:30,76725.2734375,76758.8125,76555.46875,76578.0234375,0,0.0,0.0
2026-06-15 09:30:00+05:30,76578.34375,76650.03125,76525.3984375,76650.03125,0,0.0,0.0
2026-06-15 09:45:00+05:30,76646.546875,76714.4375,76604.96875,76620.5078125,0,0.0,0.0
2026-06-15 10:00:00+05:30,76619.7734375,76690.5625,76573.828125,76615.2109375,0,0.0,0.0
2026-06-15 10:15:00+05:30,76615.3984375,76683.171875,76581.953125,76668.7421875,0,0.0,0.0
2026-06-15 10:30:00+05:30,76668.28125,76727.75,76668.28125,76713.2734375,0,0.0,0.0
2026-06-15 10:45:00+05:30,76713.2734375,76817.171875,76707.5703125,76798.546875,0,0.0,0.0
2026-06-15 11:00:00+05:30,76795.953125,76799.25,76675.609375,76677.078125,0,0.0,0.0
2026-06-15 11:15:00+05:30,76674.5234375,76714.203125,76653.46875,76708.1796875,0,0.0,0.0
2026-06-15 11:30:00+05:30,76708.4921875,76710.9296875,76627.0390625,76629.8203125,0,0.0,0.0
2026-06-15 11:45:00+05:30,76628.03125,76662.6171875,76598.640625,76629.71875,0,0.0,0.0
2026-06-15 12:00:00+05:30,76630.2890625,76644.21875,76523.828125,76532.8984375,0,0.0,0.0
2026-06-15 12:15:00+05:30,76536.546875,76536.546875,76411.859375,76420.1171875,0,0.0,0.0
2026-06-15 12:30:00+05:30,76420.3984375,76483.6171875,76406.1484375,76480.59375,0,0.0,0.0
2026-06-15 12:45:00+05:30,76480.1796875,76480.4921875,76417.8515625,76458.0234375,0,0.0,0.0
2026-06-15 13:00:00+05:30,76455.7734375,76547.4765625,76411.921875,76484.2578125,0,0.0,0.0
2026-06-15 13:15:00+05:30,76484.2578125,76490.34375,76425.7578125,76439.453125,0,0.0,0.0
2026-06-15 13:30:00+05:30,76440.1484375,76466.40625,76385.6015625,76409.0,0,0.0,0.0
2026-06-15 13:45:00+05:30,76408.8671875,76455.8671875,76317.03125,76434.4765625,0,0.0,0.0
2026-06-15 14:00:00+05:30,76433.5703125,76465.9921875,76373.2421875,76390.0625,0,0.0,0.0
2026-06-15 14:15:00+05:30,76388.4765625,76485.7578125,76380.3125,76463.75,0,0.0,0.0
2026-06-15 14:30:00+05:30,76463.75,76567.8984375,76454.8203125,76522.0703125,0,0.0,0.0
2026-06-15 14:45:00+05:30,76519.171875,76538.1796875,76383.5,76397.609375,0,0.0,0.0
2026-06-15 15:00:00+05:30,76404.09375,76436.0703125,76144.1171875,76233.359375,0,0.0,0.0
2026-06-15 15:15:00+05:30,76229.5390625,76267.6328125,76229.5390625,76264.703125,0,0.0,0.0
2026-06-16 09:15:00+05:30,76526.7734375,76606.140625,76444.5703125,76592.6875,0,0.0,0.0
2026-06-16 09:30:00+05:30,76598.9609375,76675.953125,76532.4296875,76532.4296875,0,0.0,0.0
2026-06-16 09:45:00+05:30,76533.4609375,76623.3125,76529.0,76591.7265625,0,0.0,0.0
2026-06-16 10:00:00+05:30,76592.65625,76618.4375,76447.71875,76502.75,0,0.0,0.0
2026-06-16 10:15:00+05:30,76502.2265625,76650.59375,76495.1484375,76612.203125,0,0.0,0.0
2026-06-16 10:30:00+05:30,76611.859375,76701.421875,76606.6015625,76658.2578125,0,0.0,0.0
2026-06-16 10:45:00+05:30,76659.4765625,76724.3203125,76654.4375,76699.7421875,0,0.0,0.0
2026-06-16 11:00:00+05:30,76697.9296875,76705.109375,76595.0390625,76617.9375,0,0.0,0.0
2026-06-16 11:15:00+05:30,76618.7265625,76663.6015625,76573.7265625,76591.6171875,0,0.0,0.0
2026-06-16 11:30:00+05:30,76591.703125,76606.5625,76541.7421875,76580.09375,0,0.0,0.0
2026-06-16 11:45:00+05:30,76584.296875,76658.1484375,76567.203125,76630.7421875,0,0.0,0.0
2026-06-16 12:00:00+05:30,76629.59375,76647.0390625,76565.90625,76599.9921875,0,0.0,0.0
2026-06-16 12:15:00+05:30,76602.390625,76653.7421875,76531.5078125,76645.0078125,0,0.0,0.0
2026-06-16 12:30:00+05:30,76645.0078125,76669.28125,76586.96875,76606.4609375,0,0.0,0.0
2026-06-16 12:45:00+05:30,76606.4609375,76650.5,76586.25,76646.9296875,0,0.0,0.0
2026-06-16 13:00:00+05:30,76648.7578125,76681.9765625,76603.578125,76677.28125,0,0.0,0.0
2026-06-16 13:15:00+05:30,76680.0234375,76737.90625,76639.671875,76737.2734375,0,0.0,0.0
2026-06-16 13:30:00+05:30,76736.75,76768.546875,76722.9765625,76733.8515625,0,0.0,0.0
2026-06-16 13:45:00+05:30,76733.8515625,76756.9296875,76696.9921875,76734.3203125,0,0.0,0.0
2026-06-16 14:00:00+05:30,76732.0390625,76830.6015625,76723.359375,76818.8203125,0,0.0,0.0
2026-06-16 14:15:00+05:30,76819.7890625,76834.5234375,76774.59375,76783.5703125,0,0.0,0.0
2026-06-16 14:30:00+05:30,76783.96875,76846.0078125,76755.28125,76755.28125,0,0.0,0.0
2026-06-16 14:45:00+05:30,76746.78125,76831.6796875,76733.9765625,76781.0625,0,0.0,0.0
2026-06-16 15:00:00+05:30,76790.953125,76832.9375,76757.8125,76800.5234375,0,0.0,0.0
2026-06-16 15:15:00+05:30,76803.328125,76808.828125,76791.3515625,76808.3984375,0,0.0,0.0
2026-06-17 09:15:00+05:30,77080.09375,77080.09375,76769.203125,76924.78125,0,0.0,0.0
2026-06-17 09:30:00+05:30,76924.78125,77053.9296875,76916.0390625,77051.9765625,0,0.0,0.0
2026-06-17 09:45:00+05:30,77050.0078125,77093.09375,77031.53125,77086.5,0,0.0,0.0
2026-06-17 10:00:00+05:30,77087.3984375,77087.828125,77010.3984375,77021.9609375,0,0.0,0.0
2026-06-17 10:15:00+05:30,77021.4765625,77133.8125,77011.7890625,77077.7265625,0,0.0,0.0
2026-06-17 10:30:00+05:30,77089.109375,77140.8203125,77064.3828125,77120.4921875,0,0.0,0.0
2026-06-17 10:45:00+05:30,77121.2578125,77175.671875,77087.40625,77123.7734375,0,0.0,0.0
2026-06-17 11:00:00+05:30,77125.1015625,77130.75,77061.5078125,77116.5078125,0,0.0,0.0
2026-06-17 11:15:00+05:30,77112.7578125,77159.25,77101.7421875,77159.140625,0,0.0,0.0
2026-06-17 11:30:00+05:30,77158.96875,77218.9921875,77081.7265625,77151.796875,0,0.0,0.0
2026-06-17 11:45:00+05:30,77151.6796875,77151.6796875,77063.7109375,77068.0625,0,0.0,0.0
2026-06-17 12:00:00+05:30,77070.671875,77099.6796875,77035.078125,77040.25,0,0.0,0.0
2026-06-17 12:15:00+05:30,77041.7734375,77057.140625,76976.0390625,77022.75,0,0.0,0.0
2026-06-17 12:30:00+05:30,77023.890625,77045.9765625,76967.640625,77009.953125,0,0.0,0.0
2026-06-17 12:45:00+05:30,77010.84375,77055.53125,76966.65625,76977.453125,0,0.0,0.0
2026-06-17 13:00:00+05:30,76977.6015625,77006.390625,76915.3515625,76919.5234375,0,0.0,0.0
2026-06-17 13:15:00+05:30,76919.546875,77004.4296875,76900.5390625,76984.8671875,0,0.0,0.0
2026-06-17 13:30:00+05:30,76988.359375,77060.9921875,76979.3125,77031.390625,0,0.0,0.0
2026-06-17 13:45:00+05:30,77031.390625,77060.046875,76983.390625,77052.0234375,0,0.0,0.0
2026-06-17 14:00:00+05:30,77050.796875,77073.3515625,77016.71875,77048.71875,0,0.0,0.0
2026-06-17 14:15:00+05:30,77049.25,77058.671875,76972.4609375,76978.578125,0,0.0,0.0
2026-06-17 14:30:00+05:30,76976.640625,77055.78125,76952.2578125,77036.28125,0,0.0,0.0
2026-06-17 14:45:00+05:30,77035.921875,77130.0703125,76988.0390625,77130.0703125,0,0.0,0.0
2026-06-17 15:00:00+05:30,77127.953125,77206.859375,77114.5234375,77156.6328125,0,0.0,0.0
2026-06-17 15:15:00+05:30,77153.1875,77168.1484375,77153.1875,77155.6171875,0,0.0,0.0
2026-06-18 09:15:00+05:30,77131.65625,77281.828125,77045.796875,77130.40625,0,0.0,0.0
2026-06-18 09:30:00+05:30,77131.21875,77226.421875,77054.9609375,77202.53125,0,0.0,0.0
2026-06-18 09:45:00+05:30,77203.65625,77319.921875,77195.2578125,77248.609375,0,0.0,0.0
2026-06-18 10:00:00+05:30,77248.3984375,77304.5078125,77211.640625,77260.0,0,0.0,0.0
2026-06-18 10:15:00+05:30,77260.1171875,77275.6875,77184.828125,77204.4296875,0,0.0,0.0
2026-06-18 10:30:00+05:30,77203.328125,77218.890625,77033.90625,77086.2578125,0,0.0,0.0
2026-06-18 10:45:00+05:30,77081.78125,77151.140625,77049.8671875,77151.140625,0,0.0,0.0
2026-06-18 11:00:00+05:30,77153.1484375,77155.953125,77029.1015625,77053.9375,0,0.0,0.0
2026-06-18 11:15:00+05:30,77053.390625,77055.171875,76953.296875,77020.140625,0,0.0,0.0
2026-06-18 11:30:00+05:30,77025.4921875,77057.859375,76997.7421875,77053.7890625,0,0.0,0.0
2026-06-18 11:45:00+05:30,77058.75,77108.640625,77027.328125,77095.2109375,0,0.0,0.0
2026-06-18 12:00:00+05:30,77095.2109375,77201.21875,77094.7890625,77167.5078125,0,0.0,0.0
2026-06-18 12:15:00+05:30,77160.9765625,77267.2109375,77127.7109375,77265.328125,0,0.0,0.0
2026-06-18 12:30:00+05:30,77266.2421875,77322.2734375,77233.421875,77271.453125,0,0.0,0.0
2026-06-18 12:45:00+05:30,77276.359375,77337.0,77247.5078125,77297.7109375,0,0.0,0.0
2026-06-18 13:00:00+05:30,77300.3125,77321.46875,77261.5234375,77306.09375,0,0.0,0.0
2026-06-18 13:15:00+05:30,77306.3671875,77323.1328125,77221.75,77287.328125,0,0.0,0.0
2026-06-18 13:30:00+05:30,77286.6796875,77326.03125,77255.0703125,77279.640625,0,0.0,0.0
2026-06-18 13:45:00+05:30,77278.8828125,77302.40625,77237.21875,77248.1015625,0,0.0,0.0
2026-06-18 14:00:00+05:30,77247.0625,77253.9765625,77204.359375,77217.6484375,0,0.0,0.0
2026-06-18 14:15:00+05:30,77217.5078125,77242.4765625,77148.9296875,77191.5,0,0.0,0.0
2026-06-18 14:30:00+05:30,77191.53125,77243.453125,77129.578125,77206.8671875,0,0.0,0.0
2026-06-18 14:45:00+05:30,77205.2421875,77278.953125,77162.9375,77278.953125,0,0.0,0.0
2026-06-18 15:00:00+05:30,77278.71875,77486.390625,77247.1484375,77456.2109375,0,0.0,0.0
2026-06-18 15:15:00+05:30,77449.8828125,77449.8828125,77402.2265625,77410.0,0,0.0,0.0
2026-06-19 09:15:00+05:30,76844.0078125,76844.0078125,76609.828125,76638.703125,0,0.0,0.0
2026-06-19 09:30:00+05:30,76632.21875,76727.1328125,76578.7734375,76696.4296875,0,0.0,0.0
2026-06-19 09:45:00+05:30,76699.15625,76763.3671875,76655.890625,76744.21875,0,0.0,0.0
2026-06-19 10:00:00+05:30,76744.9921875,76818.359375,76673.1875,76811.3125,0,0.0,0.0
2026-06-19 10:15:00+05:30,76810.6171875,76814.8984375,76666.578125,76668.46875,0,0.0,0.0
2026-06-19 10:30:00+05:30,76668.3203125,76683.5390625,76619.1796875,76668.609375,0,0.0,0.0
2026-06-19 10:45:00+05:30,76671.84375,76673.5234375,76572.671875,76587.5078125,0,0.0,0.0
2026-06-19 11:00:00+05:30,76587.0625,76653.9609375,76558.7890625,76637.6171875,0,0.0,0.0
2026-06-19 11:15:00+05:30,76637.6171875,76652.25,76573.65625,76606.2109375,0,0.0,0.0
2026-06-19 11:30:00+05:30,76606.2109375,76650.0703125,76585.96875,76609.828125,0,0.0,0.0
2026-06-19 11:45:00+05:30,76609.328125,76625.609375,76571.109375,76621.21875,0,0.0,0.0
2026-06-19 12:00:00+05:30,76620.921875,76658.8125,76599.28125,76634.34375,0,0.0,0.0
2026-06-19 12:15:00+05:30,76635.03125,76696.359375,76616.0,76675.8984375,0,0.0,0.0
2026-06-19 12:30:00+05:30,76674.546875,76688.890625,76558.3203125,76618.03125,0,0.0,0.0
2026-06-19 12:45:00+05:30,76615.5625,76664.1015625,76562.7421875,76581.0625,0,0.0,0.0
2026-06-19 13:00:00+05:30,76580.109375,76585.1015625,76499.21875,76553.921875,0,0.0,0.0
2026-06-19 13:15:00+05:30,76553.921875,76560.359375,76503.921875,76546.890625,0,0.0,0.0
2026-06-19 13:30:00+05:30,76550.421875,76613.1484375,76536.0703125,76605.359375,0,0.0,0.0
2026-06-19 13:45:00+05:30,76605.0,76668.6875,76597.3203125,76663.21875,0,0.0,0.0
2026-06-19 14:00:00+05:30,76664.171875,76747.0703125,76640.59375,76742.9921875,0,0.0,0.0
2026-06-19 14:15:00+05:30,76745.3203125,76776.0625,76612.40625,76635.796875,0,0.0,0.0
2026-06-19 14:30:00+05:30,76624.1015625,76758.8671875,76624.1015625,76683.7265625,0,0.0,0.0
2026-06-19 14:45:00+05:30,76679.75,76715.421875,76469.828125,76489.7109375,0,0.0,0.0
2026-06-19 15:00:00+05:30,76496.421875,76899.6015625,76480.3203125,76837.2890625,0,0.0,0.0
2026-06-19 15:15:00+05:30,76837.1484375,76837.1484375,76752.9296875,76804.2109375,0,0.0,0.0
2026-06-22 09:15:00+05:30,77148.4765625,77246.2734375,77015.046875,77208.4765625,0,0.0,0.0
2026-06-22 09:30:00+05:30,77212.25,77237.0703125,77132.140625,77137.609375,0,0.0,0.0
2026-06-22 09:45:00+05:30,77133.8203125,77216.296875,77105.078125,77214.9921875,0,0.0,0.0
2026-06-22 10:00:00+05:30,77216.109375,77265.28125,77162.4921875,77237.5703125,0,0.0,0.0
2026-06-22 10:15:00+05:30,77237.609375,77265.609375,77232.6484375,77251.6484375,0,0.0,0.0
2026-06-22 10:30:00+05:30,77249.5703125,77275.1328125,77205.5078125,77257.6171875,0,0.0,0.0
2026-06-22 10:45:00+05:30,77258.390625,77323.7578125,77239.640625,77304.4375,0,0.0,0.0
2026-06-22 11:00:00+05:30,77304.703125,77317.046875,77274.1015625,77283.3203125,0,0.0,0.0
2026-06-22 11:15:00+05:30,77284.25,77300.7265625,77221.4609375,77293.2265625,0,0.0,0.0
2026-06-22 11:30:00+05:30,77293.15625,77313.03125,77245.7578125,77258.7734375,0,0.0,0.0
2026-06-22 11:45:00+05:30,77258.7734375,77264.34375,77191.5625,77218.8203125,0,0.0,0.0
2026-06-22 12:00:00+05:30,77220.796875,77235.4296875,77151.84375,77153.8984375,0,0.0,0.0
2026-06-22 12:15:00+05:30,77153.609375,77197.1875,77147.21875,77159.4765625,0,0.0,0.0
2026-06-22 12:30:00+05:30,77160.203125,77185.6171875,77139.9375,77166.078125,0,0.0,0.0
2026-06-22 12:45:00+05:30,77165.4375,77190.59375,77145.7890625,77172.6796875,0,0.0,0.0
2026-06-22 13:00:00+05:30,77172.7734375,77181.2578125,77105.4296875,77127.078125,0,0.0,0.0
2026-06-22 13:15:00+05:30,77133.4375,77181.421875,77123.609375,77160.640625,0,0.0,0.0
2026-06-22 13:30:00+05:30,77162.5,77183.84375,77113.2265625,77166.9296875,0,0.0,0.0
2026-06-22 13:45:00+05:30,77166.109375,77232.2578125,77156.6171875,77188.0234375,0,0.0,0.0
2026-06-22 14:00:00+05:30,77186.796875,77216.5078125,77165.6796875,77171.2421875,0,0.0,0.0
2026-06-22 14:15:00+05:30,77168.9609375,77241.796875,77156.6484375,77241.796875,0,0.0,0.0
2026-06-22 14:30:00+05:30,77241.796875,77251.3125,77192.2421875,77219.6484375,0,0.0,0.0
2026-06-22 14:45:00+05:30,77220.140625,77251.546875,77194.3515625,77220.8671875,0,0.0,0.0
2026-06-22 15:00:00+05:30,77220.671875,77238.21875,77078.8671875,77102.828125,0,0.0,0.0
2026-06-22 15:15:00+05:30,77103.59375,77125.78125,77093.78125,77094.0703125,0,0.0,0.0
2026-06-23 09:15:00+05:30,77006.2578125,77058.640625,76880.6328125,77040.703125,0,0.0,0.0
2026-06-23 09:30:00+05:30,77041.90625,77169.078125,77036.0,77128.578125,0,0.0,0.0
2026-06-23 09:45:00+05:30,77126.1796875,77184.390625,77101.9375,77182.25,0,0.0,0.0
2026-06-23 10:00:00+05:30,77176.46875,77192.6328125,77131.5234375,77159.8203125,0,0.0,0.0
2026-06-23 10:15:00+05:30,77158.078125,77185.8671875,77112.703125,77126.0390625,0,0.0,0.0
2026-06-23 10:30:00+05:30,77127.5390625,77169.9765625,77104.71875,77132.71875,0,0.0,0.0
2026-06-23 10:45:00+05:30,77122.609375,77130.578125,77075.6796875,77080.6328125,0,0.0,0.0
2026-06-23 11:00:00+05:30,77079.421875,77150.1015625,77052.546875,77140.21875,0,0.0,0.0
2026-06-23 11:15:00+05:30,77140.21875,77194.828125,77134.296875,77138.2265625,0,0.0,0.0
2026-06-23 11:30:00+05:30,77137.1171875,77141.3984375,77045.3515625,77050.53125,0,0.0,0.0
2026-06-23 11:45:00+05:30,77051.6484375,77052.328125,76694.578125,76712.6171875,0,0.0,0.0
2026-06-23 12:00:00+05:30,76712.03125,76749.2109375,76615.9921875,76650.78125,0,0.0,0.0
2026-06-23 12:15:00+05:30,76649.921875,76680.0625,76501.9765625,76594.53125,0,0.0,0.0
2026-06-23 12:30:00+05:30,76596.21875,76637.6015625,76556.8984375,76608.421875,0,0.0,0.0
2026-06-23 12:45:00+05:30,76608.078125,76619.25,76541.453125,76583.71875,0,0.0,0.0
2026-06-23 13:00:00+05:30,76583.2734375,76597.5390625,76516.421875,76571.65625,0,0.0,0.0
2026-06-23 13:15:00+05:30,76569.578125,76589.21875,76502.671875,76511.4296875,0,0.0,0.0
2026-06-23 13:30:00+05:30,76509.578125,76518.5234375,76371.9921875,76467.640625,0,0.0,0.0
2026-06-23 13:45:00+05:30,76467.4609375,76476.0234375,76374.6328125,76397.4765625,0,0.0,0.0
2026-06-23 14:00:00+05:30,76395.7265625,76540.6796875,76382.4296875,76534.578125,0,0.0,0.0
2026-06-23 14:15:00+05:30,76533.421875,76550.5390625,76475.640625,76528.9765625,0,0.0,0.0
2026-06-23 14:30:00+05:30,76529.2421875,76571.640625,76484.21875,76553.8203125,0,0.0,0.0
2026-06-23 14:45:00+05:30,76556.6171875,76575.4375,76494.84375,76505.7265625,0,0.0,0.0
2026-06-23 15:00:00+05:30,76503.3984375,76511.21875,76188.703125,76229.140625,0,0.0,0.0
2026-06-23 15:15:00+05:30,76226.859375,76266.3828125,76201.3203125,76201.3203125,0,0.0,0.0
2026-06-24 09:15:00+05:30,76173.140625,76462.8203125,76134.15625,76448.6328125,0,0.0,0.0
2026-06-24 09:30:00+05:30,76449.0390625,76514.7890625,76389.2890625,76443.390625,0,0.0,0.0
2026-06-24 09:45:00+05:30,76447.9296875,76476.046875,76259.4921875,76378.0078125,0,0.0,0.0
2026-06-24 10:00:00+05:30,76378.5390625,76623.03125,76378.4296875,76611.8515625,0,0.0,0.0
2026-06-24 10:15:00+05:30,76611.8515625,76788.6875,76602.34375,76708.7578125,0,0.0,0.0
2026-06-24 10:30:00+05:30,76740.9765625,76773.078125,76641.0703125,76650.6875,0,0.0,0.0
2026-06-24 10:45:00+05:30,76643.109375,76760.3671875,76643.109375,76729.75,0,0.0,0.0
2026-06-24 11:00:00+05:30,76733.859375,76882.3203125,76733.859375,76872.421875,0,0.0,0.0
2026-06-24 11:15:00+05:30,76872.421875,76880.5234375,76792.203125,76841.171875,0,0.0,0.0
2026-06-24 11:30:00+05:30,76841.7734375,76947.90625,76776.6171875,76947.90625,0,0.0,0.0
2026-06-24 11:45:00+05:30,76947.09375,76976.3671875,76902.3984375,76905.3828125,0,0.0,0.0
2026-06-24 12:00:00+05:30,76905.2265625,76954.171875,76824.09375,76855.21875,0,0.0,0.0
2026-06-24 12:15:00+05:30,76855.7578125,76947.6875,76848.25,76919.890625,0,0.0,0.0
2026-06-24 12:30:00+05:30,76921.6796875,76923.4296875,76787.8828125,76866.796875,0,0.0,0.0
2026-06-24 12:45:00+05:30,76867.046875,76937.7890625,76830.0234375,76914.203125,0,0.0,0.0
2026-06-24 13:00:00+05:30,76913.5078125,77023.21875,76875.9296875,77008.7578125,0,0.0,0.0
2026-06-24 13:15:00+05:30,77007.3515625,77091.9296875,76997.6328125,77074.09375,0,0.0,0.0
2026-06-24 13:30:00+05:30,77073.5390625,77186.09375,77067.1796875,77149.1875,0,0.0,0.0
2026-06-24 13:45:00+05:30,77149.1875,77190.109375,77057.6015625,77080.0703125,0,0.0,0.0
2026-06-24 14:00:00+05:30,77081.046875,77102.7890625,76976.140625,77101.7734375,0,0.0,0.0
2026-06-24 14:15:00+05:30,77102.4609375,77134.0703125,77053.2890625,77102.921875,0,0.0,0.0
2026-06-24 14:30:00+05:30,77105.3125,77120.2734375,77018.8515625,77100.0703125,0,0.0,0.0
2026-06-24 14:45:00+05:30,77096.90625,77145.6875,77043.65625,77080.0390625,0,0.0,0.0
2026-06-24 15:00:00+05:30,77077.5078125,77077.5078125,76917.4921875,76937.5078125,0,0.0,0.0
2026-06-24 15:15:00+05:30,76934.28125,77003.3203125,76934.28125,76991.0,0,0.0,0.0
2026-06-25 09:15:00+05:30,77384.9296875,77476.0703125,77286.34375,77418.4296875,0,0.0,0.0
2026-06-25 09:30:00+05:30,77425.796875,77425.796875,77345.8984375,77390.046875,0,0.0,0.0
2026-06-25 09:45:00+05:30,77389.2421875,77541.7109375,77385.4375,77509.890625,0,0.0,0.0
2026-06-25 10:00:00+05:30,77511.921875,77555.7578125,77444.2421875,77554.890625,0,0.0,0.0
2026-06-25 10:15:00+05:30,77554.578125,77564.703125,77453.9296875,77522.6328125,0,0.0,0.0
2026-06-25 10:30:00+05:30,77504.6484375,77565.1171875,77474.3984375,77544.1875,0,0.0,0.0
2026-06-25 10:45:00+05:30,77546.1328125,77590.34375,77506.6328125,77567.2265625,0,0.0,0.0
2026-06-25 11:00:00+05:30,77570.25,77577.78125,77477.3671875,77557.2578125,0,0.0,0.0
2026-06-25 11:15:00+05:30,77560.3515625,77598.046875,77514.109375,77530.078125,0,0.0,0.0
2026-06-25 11:30:00+05:30,77533.890625,77565.28125,77498.328125,77545.96875,0,0.0,0.0
2026-06-25 11:45:00+05:30,77550.25,77714.4921875,77550.25,77714.4921875,0,0.0,0.0
2026-06-25 12:00:00+05:30,77710.2265625,77803.03125,77710.2265625,77729.1015625,0,0.0,0.0
2026-06-25 12:15:00+05:30,77727.8203125,77780.40625,77585.4296875,77589.796875,0,0.0,0.0
2026-06-25 12:30:00+05:30,77588.390625,77627.3515625,77494.71875,77547.90625,0,0.0,0.0
2026-06-25 12:45:00+05:30,77548.8203125,77610.453125,77545.6796875,77584.5,0,0.0,0.0
2026-06-25 13:00:00+05:30,77587.4296875,77644.21875,77476.3515625,77516.34375,0,0.0,0.0
2026-06-25 13:15:00+05:30,77514.9921875,77584.7734375,77474.9375,77504.859375,0,0.0,0.0
2026-06-25 13:30:00+05:30,77502.34375,77626.40625,77467.78125,77570.4296875,0,0.0,0.0
2026-06-25 13:45:00+05:30,77569.328125,77609.4609375,77483.7109375,77527.25,0,0.0,0.0
2026-06-25 14:00:00+05:30,77525.671875,77539.8984375,77331.296875,77361.109375,0,0.0,0.0
2026-06-25 14:15:00+05:30,77358.5625,77360.2421875,77199.8828125,77285.0703125,0,0.0,0.0
2026-06-25 14:30:00+05:30,77285.0703125,77366.671875,77123.7734375,77136.8515625,0,0.0,0.0
2026-06-25 14:45:00+05:30,77138.9609375,77315.2421875,77122.3984375,77218.4375,0,0.0,0.0
2026-06-25 15:00:00+05:30,77222.828125,77222.828125,77002.4921875,77090.1015625,0,0.0,0.0
2026-06-25 15:15:00+05:30,77090.921875,77100.5234375,77090.921875,77100.421875,0,0.0,0.0
2026-06-29 09:15:00+05:30,77080.5390625,77225.0703125,76998.5625,77037.609375,0,0.0,0.0
2026-06-29 09:30:00+05:30,77040.75,77149.8515625,76855.546875,77149.8515625,0,0.0,0.0
2026-06-29 09:45:00+05:30,77146.4375,77146.4375,77038.96875,77065.7578125,0,0.0,0.0
2026-06-29 10:00:00+05:30,77063.2421875,77119.296875,76993.90625,77035.4296875,0,0.0,0.0
2026-06-29 10:15:00+05:30,77033.21875,77252.65625,76996.703125,77221.078125,0,0.0,0.0
2026-06-29 10:30:00+05:30,77220.6015625,77251.3203125,77155.6875,77243.8984375,0,0.0,0.0
2026-06-29 10:45:00+05:30,77240.84375,77245.828125,77018.296875,77077.0703125,0,0.0,0.0
2026-06-29 11:00:00+05:30,77077.0703125,77161.703125,77058.7109375,77113.5390625,0,0.0,0.0
2026-06-29 11:15:00+05:30,77111.046875,77148.578125,77051.078125,77067.546875,0,0.0,0.0
2026-06-29 11:30:00+05:30,77066.4609375,77083.2421875,76931.5078125,76956.2421875,0,0.0,0.0
2026-06-29 11:45:00+05:30,76957.9921875,76966.671875,76857.6015625,76897.9765625,0,0.0,0.0
2026-06-29 12:00:00+05:30,76897.34375,76917.3984375,76838.0390625,76847.328125,0,0.0,0.0
2026-06-29 12:15:00+05:30,76850.2109375,76856.1171875,76751.46875,76765.7265625,0,0.0,0.0
2026-06-29 12:30:00+05:30,76764.34375,76779.0234375,76623.3828125,76681.6796875,0,0.0,0.0
2026-06-29 12:45:00+05:30,76684.7578125,76766.8828125,76674.6875,76753.59375,0,0.0,0.0
2026-06-29 13:00:00+05:30,76749.8671875,76804.90625,76705.15625,76755.4921875,0,0.0,0.0
2026-06-29 13:15:00+05:30,76756.1328125,76758.0078125,76691.359375,76752.5390625,0,0.0,0.0
2026-06-29 13:30:00+05:30,76754.390625,76801.65625,76658.15625,76676.5703125,0,0.0,0.0
2026-06-29 13:45:00+05:30,76674.90625,76719.03125,76621.75,76713.109375,0,0.0,0.0
2026-06-29 14:00:00+05:30,76714.4609375,76761.890625,76697.109375,76737.109375,0,0.0,0.0
2026-06-29 14:15:00+05:30,76737.6171875,76776.921875,76699.3515625,76716.1796875,0,0.0,0.0
2026-06-29 14:30:00+05:30,76715.8515625,76772.6875,76664.21875,76765.671875,0,0.0,0.0
2026-06-29 14:45:00+05:30,76766.0703125,76786.3125,76636.0703125,76654.8984375,0,0.0,0.0
2026-06-29 15:00:00+05:30,76655.5703125,76834.4765625,76643.9921875,76705.5,0,0.0,0.0
2026-06-29 15:15:00+05:30,76706.4765625,76728.6171875,76706.4765625,76728.3671875,0,0.0,0.0
2026-06-30 09:15:00+05:30,76990.7734375,77005.828125,76600.953125,76615.5390625,0,0.0,0.0
2026-06-30 09:30:00+05:30,76615.078125,76619.2421875,76498.25,76521.2734375,0,0.0,0.0
2026-06-30 09:45:00+05:30,76521.9921875,76574.9296875,76458.703125,76554.703125,0,0.0,0.0
2026-06-30 10:00:00+05:30,76554.4765625,76685.0390625,76545.9765625,76607.15625,0,0.0,0.0
2026-06-30 10:15:00+05:30,76606.140625,76645.34375,76531.109375,76606.5703125,0,0.0,0.0
2026-06-30 10:30:00+05:30,76606.953125,76656.296875,76541.8984375,76586.7890625,0,0.0,0.0
2026-06-30 10:45:00+05:30,76588.96875,76695.2890625,76551.0,76551.0,0,0.0,0.0
2026-06-30 11:00:00+05:30,76544.25,76744.78125,76519.2421875,76720.2265625,0,0.0,0.0
2026-06-30 11:15:00+05:30,76726.59375,76910.28125,76680.2890625,76852.640625,0,0.0,0.0
2026-06-30 11:30:00+05:30,76854.75,76854.75,76659.1015625,76683.09375,0,0.0,0.0
2026-06-30 11:45:00+05:30,76679.328125,76738.046875,76647.3203125,76727.0234375,0,0.0,0.0
2026-06-30 12:00:00+05:30,76726.1484375,76736.703125,76648.0703125,76655.25,0,0.0,0.0
2026-06-30 12:15:00+05:30,76654.5703125,76688.8515625,76621.421875,76675.953125,0,0.0,0.0
2026-06-30 12:30:00+05:30,76674.4765625,76761.9375,76601.0078125,76760.0625,0,0.0,0.0
2026-06-30 12:45:00+05:30,76760.03125,76770.90625,76686.71875,76738.2890625,0,0.0,0.0
2026-06-30 13:00:00+05:30,76731.8671875,76745.328125,76653.1796875,76665.71875,0,0.0,0.0
2026-06-30 13:15:00+05:30,76671.390625,76695.4921875,76592.9765625,76669.2578125,0,0.0,0.0
2026-06-30 13:30:00+05:30,76670.1484375,76719.3984375,76648.53125,76703.46875,0,0.0,0.0
2026-06-30 13:45:00+05:30,76706.078125,76707.9296875,76603.1484375,76622.2890625,0,0.0,0.0
2026-06-30 14:00:00+05:30,76622.2890625,76640.140625,76472.75,76486.6875,0,0.0,0.0
2026-06-30 14:15:00+05:30,76487.8828125,76768.8203125,76442.2890625,76698.7265625,0,0.0,0.0
2026-06-30 14:30:00+05:30,76697.96875,76724.546875,76626.4609375,76698.71875,0,0.0,0.0
2026-06-30 14:45:00+05:30,76698.71875,76705.71875,76551.2421875,76568.84375,0,0.0,0.0
2026-06-30 15:00:00+05:30,76564.15625,76565.859375,76331.15625,76447.828125,0,0.0,0.0
2026-06-30 15:15:00+05:30,76447.6875,76478.53125,76420.8515625,76478.5234375,0,0.0,0.0
2026-07-01 09:15:00+05:30,76561.4609375,76695.421875,76543.2734375,76677.75,0,0.0,0.0
2026-07-01 09:30:00+05:30,76675.890625,76751.40625,76633.59375,76733.1484375,0,0.0,0.0
2026-07-01 09:45:00+05:30,76729.4765625,76847.453125,76719.859375,76847.453125,0,0.0,0.0
2026-07-01 10:00:00+05:30,76844.609375,76884.390625,76788.7890625,76870.7890625,0,0.0,0.0
2026-07-01 10:15:00+05:30,76871.0703125,76980.1015625,76863.9609375,76903.65625,0,0.0,0.0
2026-07-01 10:30:00+05:30,76903.4375,76933.90625,76745.796875,76759.3125,0,0.0,0.0
2026-07-01 10:45:00+05:30,76758.8671875,76853.203125,76757.3671875,76826.8203125,0,0.0,0.0
2026-07-01 11:00:00+05:30,76826.78125,76979.546875,76826.78125,76979.296875,0,0.0,0.0
2026-07-01 11:15:00+05:30,76979.421875,77019.390625,76913.609375,76956.75,0,0.0,0.0
2026-07-01 11:30:00+05:30,76956.4921875,76961.75,76871.6796875,76953.1015625,0,0.0,0.0
2026-07-01 11:45:00+05:30,76950.2421875,77043.0234375,76916.90625,77021.84375,0,0.0,0.0
2026-07-01 12:00:00+05:30,77020.5703125,77105.4765625,77013.2578125,77035.5625,0,0.0,0.0
2026-07-01 12:15:00+05:30,77034.90625,77065.5078125,76941.9765625,76941.9765625,0,0.0,0.0
2026-07-01 12:30:00+05:30,76943.0625,77094.328125,76943.0625,77032.9375,0,0.0,0.0
2026-07-01 12:45:00+05:30,77033.53125,77055.2578125,77007.9375,77023.84375,0,0.0,0.0
2026-07-01 13:00:00+05:30,77023.78125,77057.09375,76973.75,77055.671875,0,0.0,0.0
2026-07-01 13:15:00+05:30,77056.8515625,77062.2421875,76961.71875,76985.640625,0,0.0,0.0
2026-07-01 13:30:00+05:30,76987.140625,77067.296875,76928.90625,77031.296875,0,0.0,0.0
2026-07-01 13:45:00+05:30,77033.8125,77042.046875,76950.890625,76980.84375,0,0.0,0.0
2026-07-01 14:00:00+05:30,76981.0703125,77071.0703125,76955.09375,77050.2578125,0,0.0,0.0
2026-07-01 14:15:00+05:30,77050.2890625,77056.796875,76988.171875,77014.890625,0,0.0,0.0
2026-07-01 14:30:00+05:30,77009.90625,77019.1796875,76881.078125,76969.2734375,0,0.0,0.0
2026-07-01 14:45:00+05:30,76968.2265625,77037.2109375,76933.8515625,77034.5,0,0.0,0.0
2026-07-01 15:00:00+05:30,77035.65625,77061.9765625,76896.53125,76910.8671875,0,0.0,0.0
2026-07-01 15:15:00+05:30,76908.5390625,76952.2421875,76908.5390625,76923.0,0,0.0,0.0
2026-07-02 09:15:00+05:30,77085.140625,77348.828125,77083.0078125,77285.3828125,0,0.0,0.0
2026-07-02 09:30:00+05:30,77284.0078125,77447.1015625,77277.203125,77415.953125,0,0.0,0.0
2026-07-02 09:45:00+05:30,77416.578125,77444.3203125,77314.8828125,77331.0234375,0,0.0,0.0
2026-07-02 10:00:00+05:30,77329.25,77339.0703125,77155.578125,77155.578125,0,0.0,0.0
2026-07-02 10:15:00+05:30,77156.2578125,77277.0234375,77131.0703125,77248.171875,0,0.0,0.0
2026-07-02 10:30:00+05:30,77243.5703125,77299.25,77186.96875,77260.5234375,0,0.0,0.0
2026-07-02 10:45:00+05:30,77266.5,77304.8984375,77228.40625,77273.2265625,0,0.0,0.0
2026-07-02 11:00:00+05:30,77274.2734375,77279.5390625,77180.078125,77236.953125,0,0.0,0.0
2026-07-02 11:15:00+05:30,77237.1328125,77254.609375,77169.609375,77191.2890625,0,0.0,0.0
2026-07-02 11:30:00+05:30,77190.8828125,77204.25,77122.4609375,77186.84375,0,0.0,0.0
2026-07-02 11:45:00+05:30,77187.140625,77259.8671875,77157.7421875,77226.953125,0,0.0,0.0
2026-07-02 12:00:00+05:30,77226.859375,77293.9765625,77205.2890625,77274.359375,0,0.0,0.0
2026-07-02 12:15:00+05:30,77270.25,77352.1328125,77255.75,77345.46875,0,0.0,0.0
2026-07-02 12:30:00+05:30,77347.2890625,77373.6484375,77288.546875,77321.6484375,0,0.0,0.0
2026-07-02 12:45:00+05:30,77318.7109375,77355.828125,77292.5234375,77306.8671875,0,0.0,0.0
2026-07-02 13:00:00+05:30,77305.171875,77394.9375,77293.3125,77359.96875,0,0.0,0.0
2026-07-02 13:15:00+05:30,77362.703125,77432.4296875,77341.1484375,77385.8828125,0,0.0,0.0
2026-07-02 13:30:00+05:30,77386.0390625,77402.15625,77318.828125,77340.2734375,0,0.0,0.0
2026-07-02 13:45:00+05:30,77335.5625,77365.1796875,77305.140625,77320.96875,0,0.0,0.0
2026-07-02 14:00:00+05:30,77322.359375,77368.6875,77317.5703125,77348.2578125,0,0.0,0.0
2026-07-02 14:15:00+05:30,77348.78125,77413.1875,77296.96875,77359.8125,0,0.0,0.0
2026-07-02 14:30:00+05:30,77357.890625,77532.40625,77348.78125,77500.1796875,0,0.0,0.0
2026-07-02 14:45:00+05:30,77496.6875,77577.3984375,77473.1875,77545.0234375,0,0.0,0.0
2026-07-02 15:00:00+05:30,77546.4765625,77556.7578125,77442.0703125,77476.6484375,0,0.0,0.0
2026-07-02 15:15:00+05:30,77476.1484375,77503.4765625,77476.1484375,77502.1875,0,0.0,0.0
2026-07-03 09:15:00+05:30,78139.359375,78139.359375,77855.28125,78052.328125,0,0.0,0.0
2026-07-03 09:30:00+05:30,78053.953125,78094.8984375,77968.6015625,77981.2109375,0,0.0,0.0
2026-07-03 09:45:00+05:30,77979.78125,78007.8984375,77941.25,77975.203125,0,0.0,0.0
2026-07-03 10:00:00+05:30,77974.3203125,78011.0703125,77905.03125,77971.0625,0,0.0,0.0
2026-07-03 10:15:00+05:30,77972.21875,78032.4609375,77922.8515625,78016.4609375,0,0.0,0.0
2026-07-03 10:30:00+05:30,78016.6796875,78047.3984375,77996.53125,78007.4375,0,0.0,0.0
2026-07-03 10:45:00+05:30,78004.8515625,78046.5,77998.2265625,78019.7265625,0,0.0,0.0
2026-07-03 11:00:00+05:30,78019.2578125,78064.1484375,77956.2734375,77960.7890625,0,0.0,0.0
2026-07-03 11:15:00+05:30,77962.0,77994.9375,77945.3671875,77979.1796875,0,0.0,0.0
2026-07-03 11:30:00+05:30,77980.0234375,78033.3671875,77958.28125,78005.6875,0,0.0,0.0
2026-07-03 11:45:00+05:30,78007.3984375,78061.578125,78001.53125,78061.578125,0,0.0,0.0
2026-07-03 12:00:00+05:30,78060.7265625,78114.6328125,78040.03125,78100.4375,0,0.0,0.0
2026-07-03 12:15:00+05:30,78098.390625,78104.2109375,78053.109375,78077.8671875,0,0.0,0.0
2026-07-03 12:30:00+05:30,78077.59375,78081.2265625,78015.3671875,78022.5703125,0,0.0,0.0
2026-07-03 12:45:00+05:30,78023.640625,78066.1328125,78014.4375,78035.71875,0,0.0,0.0
2026-07-03 13:00:00+05:30,78036.171875,78043.3671875,77905.3984375,77951.4921875,0,0.0,0.0
2026-07-03 13:15:00+05:30,77952.9375,77957.2265625,77865.7421875,77876.546875,0,0.0,0.0
2026-07-03 13:30:00+05:30,77876.03125,77879.703125,77780.4296875,77833.6015625,0,0.0,0.0
2026-07-03 13:45:00+05:30,77833.96875,77865.7109375,77798.8203125,77829.96875,0,0.0,0.0
2026-07-03 14:00:00+05:30,77830.7421875,77873.296875,77811.890625,77849.4609375,0,0.0,0.0
2026-07-03 14:15:00+05:30,77847.6875,77847.6875,77784.421875,77791.359375,0,0.0,0.0
2026-07-03 14:30:00+05:30,77792.0078125,77843.296875,77773.8515625,77779.7578125,0,0.0,0.0
2026-07-03 14:45:00+05:30,77778.9375,77799.2734375,77710.0078125,77714.84375,0,0.0,0.0
2026-07-03 15:00:00+05:30,77723.1484375,77808.3984375,77723.1484375,77770.3125,0,0.0,0.0
2026-07-03 15:15:00+05:30,77769.5703125,77775.0,77763.7265625,77763.90625,0,0.0,0.0
2026-07-06 09:15:00+05:30,77899.8984375,78087.171875,77882.6484375,78030.9296875,0,0.0,0.0
2026-07-06 09:30:00+05:30,78032.1796875,78153.296875,78032.1796875,78100.28125,0,0.0,0.0
2026-07-06 09:45:00+05:30,78098.203125,78193.2265625,78088.6875,78140.921875,0,0.0,0.0
2026-07-06 10:00:00+05:30,78145.6171875,78173.1171875,78073.2421875,78077.40625,0,0.0,0.0
2026-07-06 10:15:00+05:30,78077.4921875,78239.7578125,78077.4921875,78205.21875,0,0.0,0.0
2026-07-06 10:30:00+05:30,78206.203125,78226.203125,78137.703125,78202.859375,0,0.0,0.0
2026-07-06 10:45:00+05:30,78204.6796875,78278.8515625,78192.6015625,78277.2578125,0,0.0,0.0
2026-07-06 11:00:00+05:30,78278.2734375,78288.390625,78228.3203125,78245.296875,0,0.0,0.0
2026-07-06 11:15:00+05:30,78246.6796875,78284.2109375,78191.8515625,78256.046875,0,0.0,0.0
2026-07-06 11:30:00+05:30,78254.5625,78271.8828125,78231.3984375,78242.7734375,0,0.0,0.0
2026-07-06 11:45:00+05:30,78245.09375,78283.2421875,78226.359375,78278.9765625,0,0.0,0.0
2026-07-06 12:00:00+05:30,78278.9765625,78327.78125,78261.4296875,78323.96875,0,0.0,0.0
2026-07-06 12:15:00+05:30,78317.03125,78349.703125,78309.75,78327.6015625,0,0.0,0.0
2026-07-06 12:30:00+05:30,78332.7109375,78387.6328125,78323.328125,78353.84375,0,0.0,0.0
2026-07-06 12:45:00+05:30,78353.84375,78362.2734375,78291.34375,78336.1484375,0,0.0,0.0
2026-07-06 13:00:00+05:30,78335.8125,78382.71875,78309.75,78372.3671875,0,0.0,0.0
2026-07-06 13:15:00+05:30,78372.3671875,78377.21875,78318.8828125,78338.5078125,0,0.0,0.0
2026-07-06 13:30:00+05:30,78339.796875,78397.8828125,78325.21875,78339.2265625,0,0.0,0.0
2026-07-06 13:45:00+05:30,78339.2265625,78343.0625,78239.609375,78249.0078125,0,0.0,0.0
2026-07-06 14:00:00+05:30,78249.0078125,78284.1171875,78206.6796875,78214.609375,0,0.0,0.0
2026-07-06 14:15:00+05:30,78216.171875,78257.921875,78197.09375,78217.671875,0,0.0,0.0
2026-07-06 14:30:00+05:30,78218.2578125,78271.4375,78196.7421875,78201.34375,0,0.0,0.0
2026-07-06 14:45:00+05:30,78202.6171875,78248.1015625,78145.4296875,78211.03125,0,0.0,0.0
2026-07-06 15:00:00+05:30,78217.890625,78349.5390625,78217.890625,78308.9765625,0,0.0,0.0
2026-07-06 15:15:00+05:30,78305.40625,78305.40625,78284.6328125,78285.0703125,0,0.0,0.0
2026-07-07 09:15:00+05:30,78461.15625,78485.859375,78273.8203125,78355.2265625,0,0.0,0.0
2026-07-07 09:30:00+05:30,78360.1171875,78381.25,78252.859375,78372.8671875,0,0.0,0.0
2026-07-07 09:45:00+05:30,78369.09375,78430.6015625,78352.640625,78421.640625,0,0.0,0.0
2026-07-07 10:00:00+05:30,78420.71875,78517.7109375,78417.953125,78488.3671875,0,0.0,0.0
2026-07-07 10:15:00+05:30,78488.3671875,78560.1484375,78484.28125,78519.9765625,0,0.0,0.0
2026-07-07 10:30:00+05:30,78519.609375,78543.296875,78448.53125,78456.046875,0,0.0,0.0
2026-07-07 10:45:00+05:30,78456.046875,78510.8671875,78431.640625,78468.7421875,0,0.0,0.0
2026-07-07 11:00:00+05:30,78468.453125,78588.890625,78468.453125,78582.0390625,0,0.0,0.0
2026-07-07 11:15:00+05:30,78583.9765625,78617.7109375,78529.21875,78582.40625,0,0.0,0.0
2026-07-07 11:30:00+05:30,78582.2578125,78607.3828125,78562.84375,78588.5,0,0.0,0.0
2026-07-07 11:45:00+05:30,78590.2109375,78652.203125,78560.140625,78650.421875,0,0.0,0.0
2026-07-07 12:00:00+05:30,78648.8671875,78664.3203125,78552.3203125,78564.6875,0,0.0,0.0
2026-07-07 12:15:00+05:30,78565.2890625,78585.3984375,78515.34375,78539.75,0,0.0,0.0
2026-07-07 12:30:00+05:30,78542.203125,78546.9296875,78371.140625,78441.578125,0,0.0,0.0
2026-07-07 12:45:00+05:30,78439.84375,78467.9921875,78375.9296875,78417.828125,0,0.0,0.0
2026-07-07 13:00:00+05:30,78417.296875,78424.53125,78282.6015625,78317.7734375,0,0.0,0.0
2026-07-07 13:15:00+05:30,78317.7734375,78343.1484375,78266.9296875,78330.40625,0,0.0,0.0
2026-07-07 13:30:00+05:30,78330.2578125,78343.859375,78250.28125,78332.859375,0,0.0,0.0
2026-07-07 13:45:00+05:30,78331.640625,78384.828125,78303.59375,78372.03125,0,0.0,0.0
2026-07-07 14:00:00+05:30,78372.109375,78424.1796875,78339.3125,78408.3828125,0,0.0,0.0
2026-07-07 14:15:00+05:30,78408.53125,78411.53125,78350.203125,78370.1484375,0,0.0,0.0
2026-07-07 14:30:00+05:30,78376.0078125,78424.03125,78370.8828125,78411.5078125,0,0.0,0.0
2026-07-07 14:45:00+05:30,78413.8984375,78433.71875,78375.3984375,78382.84375,0,0.0,0.0
2026-07-07 15:00:00+05:30,78380.15625,78393.46875,78170.4375,78196.2421875,0,0.0,0.0
2026-07-07 15:15:00+05:30,78192.109375,78246.046875,78180.9609375,78180.9609375,0,0.0,0.0
2026-07-08 09:15:00+05:30,77711.296875,77841.7578125,77620.359375,77659.0390625,0,0.0,0.0
2026-07-08 09:30:00+05:30,77657.84375,77658.71875,77556.59375,77617.9375,0,0.0,0.0
2026-07-08 09:45:00+05:30,77615.15625,77756.703125,77611.7421875,77700.40625,0,0.0,0.0
2026-07-08 10:00:00+05:30,77705.703125,77745.65625,77646.578125,77667.4609375,0,0.0,0.0
2026-07-08 10:15:00+05:30,77668.2421875,77709.5703125,77605.578125,77695.609375,0,0.0,0.0
2026-07-08 10:30:00+05:30,77691.8984375,77844.578125,77691.8984375,77801.3828125,0,0.0,0.0
2026-07-08 10:45:00+05:30,77800.5390625,77835.28125,77761.5390625,77832.1015625,0,0.0,0.0
2026-07-08 11:00:00+05:30,77833.3203125,77851.1796875,77792.171875,77822.421875,0,0.0,0.0
2026-07-08 11:15:00+05:30,77822.71875,77837.046875,77757.1484375,77796.7265625,0,0.0,0.0
2026-07-08 11:30:00+05:30,77798.3828125,77806.4765625,77707.4921875,77718.3515625,0,0.0,0.0
2026-07-08 11:45:00+05:30,77718.3515625,77736.1328125,77636.8203125,77682.921875,0,0.0,0.0
2026-07-08 12:00:00+05:30,77682.6171875,77692.46875,77591.9921875,77593.2421875,0,0.0,0.0
2026-07-08 12:15:00+05:30,77589.8203125,77636.5,77534.7109375,77548.9609375,0,0.0,0.0
2026-07-08 12:30:00+05:30,77551.2734375,77554.8828125,77484.40625,77534.5390625,0,0.0,0.0
2026-07-08 12:45:00+05:30,77537.890625,77604.7109375,77527.5,77589.28125,0,0.0,0.0
2026-07-08 13:00:00+05:30,77591.15625,77640.2109375,77574.4609375,77587.0,0,0.0,0.0
2026-07-08 13:15:00+05:30,77590.0234375,77632.2734375,77567.328125,77594.2265625,0,0.0,0.0
2026-07-08 13:30:00+05:30,77594.046875,77608.4765625,77547.8515625,77559.3203125,0,0.0,0.0
2026-07-08 13:45:00+05:30,77559.328125,77571.328125,76909.65625,76910.640625,0,0.0,0.0
2026-07-08 14:00:00+05:30,76913.1015625,76950.203125,76473.578125,76528.5625,0,0.0,0.0
2026-07-08 14:15:00+05:30,76525.6796875,76716.3203125,76468.1796875,76468.1796875,0,0.0,0.0
2026-07-08 14:30:00+05:30,76463.3125,76591.7734375,76382.25,76436.5703125,0,0.0,0.0
2026-07-08 14:45:00+05:30,76433.46875,76435.640625,76259.4921875,76327.453125,0,0.0,0.0
2026-07-08 15:00:00+05:30,76319.2265625,76501.2421875,76319.2265625,76497.84375,0,0.0,0.0
2026-07-08 15:15:00+05:30,76494.578125,76504.2734375,76433.1015625,76503.5390625,0,0.0,0.0
2026-07-09 09:15:00+05:30,76576.140625,77005.5,76576.140625,76929.328125,0,0.0,0.0
2026-07-09 09:30:00+05:30,76942.421875,77093.5078125,76887.96875,77030.2734375,0,0.0,0.0
2026-07-09 09:45:00+05:30,77026.0703125,77094.84375,76983.5625,77041.96875,0,0.0,0.0
2026-07-09 10:00:00+05:30,77041.59375,77138.28125,77015.6171875,77033.640625,0,0.0,0.0
2026-07-09 10:15:00+05:30,77032.4609375,77076.4296875,76973.890625,77028.4921875,0,0.0,0.0
2026-07-09 10:30:00+05:30,77027.9609375,77322.0703125,76885.2890625,77147.21875,0,0.0,0.0
2026-07-09 10:45:00+05:30,77144.46875,77182.609375,76900.96875,76970.859375,0,0.0,0.0
2026-07-09 11:00:00+05:30,76966.7265625,76991.3515625,76857.8203125,76979.1015625,0,0.0,0.0
2026-07-09 11:15:00+05:30,76982.7734375,77198.640625,76948.8203125,77174.5078125,0,0.0,0.0
2026-07-09 11:30:00+05:30,77169.9765625,77169.9765625,77024.2109375,77074.6015625,0,0.0,0.0
2026-07-09 11:45:00+05:30,77074.359375,77107.5,77010.84375,77045.4921875,0,0.0,0.0
2026-07-09 12:00:00+05:30,77047.03125,77129.8203125,77013.421875,77076.8515625,0,0.0,0.0
2026-07-09 12:15:00+05:30,77079.15625,77099.40625,77013.328125,77064.28125,0,0.0,0.0
2026-07-09 12:30:00+05:30,77063.46875,77075.328125,76892.109375,76904.328125,0,0.0,0.0
2026-07-09 12:45:00+05:30,76903.390625,77045.921875,76897.390625,76981.9375,0,0.0,0.0
2026-07-09 13:00:00+05:30,76980.2109375,77049.5390625,76949.140625,77010.953125,0,0.0,0.0
2026-07-09 13:15:00+05:30,77013.1171875,77057.6171875,76931.421875,76960.859375,0,0.0,0.0
2026-07-09 13:30:00+05:30,76956.03125,77133.7734375,76956.03125,77081.109375,0,0.0,0.0
2026-07-09 13:45:00+05:30,77078.453125,77122.59375,77018.828125,77027.2109375,0,0.0,0.0
2026-07-09 14:00:00+05:30,77028.359375,77079.7734375,76931.953125,77023.3125,0,0.0,0.0
2026-07-09 14:15:00+05:30,77023.6015625,77107.34375,76949.9296875,77092.328125,0,0.0,0.0
2026-07-09 14:30:00+05:30,77099.7578125,77160.96875,76877.0078125,76968.6015625,0,0.0,0.0
2026-07-09 14:45:00+05:30,76963.7578125,77042.296875,76921.890625,77002.1328125,0,0.0,0.0
2026-07-09 15:00:00+05:30,76999.2734375,76999.2734375,76595.8671875,76663.5,0,0.0,0.0
2026-07-09 15:15:00+05:30,76665.0703125,76741.8203125,76665.0703125,76741.8203125,0,0.0,0.0
2026-07-10 09:15:00+05:30,77368.3203125,77523.421875,77340.53125,77436.109375,0,0.0,0.0
2026-07-10 09:30:00+05:30,77437.109375,77556.8828125,77417.8125,77504.6328125,0,0.0,0.0
2026-07-10 09:45:00+05:30,77507.0625,77561.671875,77503.8828125,77556.578125,0,0.0,0.0
2026-07-10 10:00:00+05:30,77556.8984375,77588.078125,77514.1484375,77537.3203125,0,0.0,0.0
2026-07-10 10:15:00+05:30,77537.3203125,77556.328125,77511.6796875,77520.5625,0,0.0,0.0
2026-07-10 10:30:00+05:30,77519.8515625,77545.59375,77467.3984375,77544.78125,0,0.0,0.0
2026-07-10 10:45:00+05:30,77545.7890625,77562.6328125,77497.90625,77510.1015625,0,0.0,0.0
2026-07-10 11:00:00+05:30,77516.84375,77535.609375,77427.7578125,77443.7890625,0,0.0,0.0
2026-07-10 11:15:00+05:30,77442.0,77454.1796875,77397.2265625,77404.8125,0,0.0,0.0
2026-07-10 11:30:00+05:30,77399.28125,77443.203125,77387.9296875,77423.8828125,0,0.0,0.0
2026-07-10 11:45:00+05:30,77424.0625,77453.28125,77375.65625,77422.2109375,0,0.0,0.0
2026-07-10 12:00:00+05:30,77422.09375,77473.84375,77381.3515625,77397.671875,0,0.0,0.0
2026-07-10 12:15:00+05:30,77396.8515625,77492.7734375,77381.0625,77487.1015625,0,0.0,0.0
2026-07-10 12:30:00+05:30,77483.71875,77517.4921875,77446.890625,77499.6015625,0,0.0,0.0
2026-07-10 12:45:00+05:30,77500.5078125,77540.0703125,77485.75,77486.03125,0,0.0,0.0
2026-07-10 13:00:00+05:30,77485.1484375,77542.0,77468.546875,77504.671875,0,0.0,0.0
2026-07-10 13:15:00+05:30,77504.3203125,77508.046875,77420.3828125,77469.75,0,0.0,0.0
2026-07-10 13:30:00+05:30,77471.8515625,77560.0703125,77450.859375,77532.28125,0,0.0,0.0
2026-07-10 13:45:00+05:30,77535.578125,77566.2109375,77500.703125,77517.1328125,0,0.0,0.0
2026-07-10 14:00:00+05:30,77516.3671875,77534.9609375,77452.3671875,77492.3125,0,0.0,0.0
2026-07-10 14:15:00+05:30,77491.640625,77593.8203125,77487.34375,77579.53125,0,0.0,0.0
2026-07-10 14:30:00+05:30,77578.7890625,77603.90625,77541.46875,77575.578125,0,0.0,0.0
2026-07-10 14:45:00+05:30,77575.578125,77640.8125,77510.8984375,77539.2578125,0,0.0,0.0
2026-07-10 15:00:00+05:30,77539.921875,77602.359375,77513.7890625,77569.609375,0,0.0,0.0
2026-07-10 15:15:00+05:30,77569.609375,77575.1796875,77565.7265625,77569.390625,0,0.0,0.0
