Datetime,Open,High,Low,Close,Volume,Dividends,Stock Splits
2026-04-20 09:15:00+05:30,1324.800048828125,1324.800048828125,1308.699951171875,1310.5,416344,0.0,0.0
2026-04-20 09:30:00+05:30,1310.0999755859375,1314.5,1309.5,1313.0,296960,0.0,0.0
2026-04-20 09:45:00+05:30,1312.5,1313.4000244140625,1310.9000244140625,1311.5999755859375,235921,0.0,0.0
2026-04-20 10:00:00+05:30,1311.800048828125,1313.199951171875,1311.4000244140625,1312.300048828125,80263,0.0,0.0
2026-04-20 15:00:00+05:30,1318.699951171875,1318.699951171875,1313.300048828125,1313.300048828125,5155491,0.0,0.0
2026-04-20 15:15:00+05:30,1313.5,1313.5999755859375,1309.199951171875,1310.0,580903,0.0,0.0
2026-04-21 09:15:00+05:30,1307.699951171875,1307.699951171875,1299.4000244140625,1304.0,272849,0.0,0.0
2026-04-21 09:30:00+05:30,1304.0,1306.4000244140625,1303.5999755859375,1306.300048828125,256536,0.0,0.0
2026-04-21 09:45:00+05:30,1306.199951171875,1311.0999755859375,1306.199951171875,1309.0999755859375,296141,0.0,0.0
2026-04-21 10:00:00+05:30,1309.0999755859375,1314.0,1309.0,1313.5999755859375,233928,0.0,0.0
2026-04-21 10:15:00+05:30,1314.199951171875,1314.800048828125,1312.0,1314.4000244140625,198171,0.0,0.0
2026-04-21 10:30:00+05:30,1314.4000244140625,1315.9000244140625,1313.699951171875,1315.699951171875,203743,0.0,0.0
2026-04-21 10:45:00+05:30,1315.5,1319.800048828125,1315.199951171875,1318.9000244140625,247505,0.0,0.0
2026-04-21 11:00:00+05:30,1318.699951171875,1319.800048828125,1316.699951171875,1318.5,261410,0.0,0.0
2026-04-21 11:15:00+05:30,1318.4000244140625,1318.4000244140625,1316.0999755859375,1317.5999755859375,158019,0.0,0.0
2026-04-21 11:30:00+05:30,1317.4000244140625,1318.9000244140625,1315.9000244140625,1318.0,222509,0.0,0.0
2026-04-21 11:45:00+05:30,1318.0,1324.0,1317.9000244140625,1322.199951171875,418017,0.0,0.0
2026-04-21 12:00:00+05:30,1322.199951171875,1324.0,1312.5999755859375,1323.300048828125,192051,0.0,0.0
2026-04-21 12:15:00+05:30,1323.300048828125,1323.5,1321.0999755859375,1322.300048828125,165550,0.0,0.0
2026-04-21 12:30:00+05:30,1322.300048828125,1325.0,1318.5,1318.5,492829,0.0,0.0
2026-04-21 12:45:00+05:30,1318.5999755859375,1318.699951171875,1312.800048828125,1313.5,422589,0.0,0.0
2026-04-21 13:00:00+05:30,1313.5999755859375,1314.5999755859375,1312.5,1312.9000244140625,324865,0.0,0.0
2026-04-21 13:15:00+05:30,1312.800048828125,1315.5999755859375,1312.0999755859375,1315.4000244140625,400927,0.0,0.0
2026-04-21 13:30:00+05:30,1315.5,1317.4000244140625,1312.300048828125,1313.4000244140625,339128,0.0,0.0
2026-04-21 13:45:00+05:30,1313.699951171875,1314.5999755859375,1312.5,1312.800048828125,303203,0.0,0.0
2026-04-21 14:00:00+05:30,1312.800048828125,1313.0999755859375,1309.5,1311.0,429716,0.0,0.0
2026-04-21 14:15:00+05:30,1311.0,1313.300048828125,1310.5,1311.5999755859375,483182,0.0,0.0
2026-04-21 14:30:00+05:30,1311.699951171875,1311.699951171875,1308.0,1309.199951171875,309850,0.0,0.0
2026-04-21 14:45:00+05:30,1309.199951171875,1314.0999755859375,1309.199951171875,1313.5,284591,0.0,0.0
2026-04-21 15:00:00+05:30,1313.5,1316.199951171875,1310.4000244140625,1312.0999755859375,1844717,0.0,0.0
2026-04-21 15:15:00+05:30,1311.800048828125,1315.699951171875,1311.800048828125,1314.5999755859375,720852,0.0,0.0
2026-04-22 09:15:00+05:30,1295.0,1295.0,1273.800048828125,1278.5,1222240,0.0,0.0
2026-04-22 09:30:00+05:30,1278.5,1285.5999755859375,1277.4000244140625,1279.800048828125,1209027,0.0,0.0
2026-04-22 09:45:00+05:30,1279.800048828125,1285.300048828125,1276.9000244140625,1277.699951171875,1066067,0.0,0.0
2026-04-22 10:00:00+05:30,1277.300048828125,1277.5,1270.699951171875,1271.5999755859375,916742,0.0,0.0
2026-04-22 10:15:00+05:30,1271.5999755859375,1271.699951171875,1262.300048828125,1263.199951171875,2189603,0.0,0.0
2026-04-22 10:30:00+05:30,1263.0999755859375,1264.5,1262.0,1262.800048828125,896103,0.0,0.0
2026-04-22 10:45:00+05:30,1262.9000244140625,1265.9000244140625,1262.0999755859375,1265.5999755859375,627425,0.0,0.0
2026-04-22 11:00:00+05:30,1265.5,1267.0,1263.300048828125,1264.300048828125,403436,0.0,0.0
2026-04-22 11:15:00+05:30,1264.0,1265.5,1263.300048828125,1264.800048828125,651177,0.0,0.0
2026-04-22 11:30:00+05:30,1264.800048828125,1265.4000244140625,1258.199951171875,1258.300048828125,737509,0.0,0.0
2026-04-22 11:45:00+05:30,1258.5,1261.5,1257.5999755859375,1259.199951171875,396230,0.0,0.0
2026-04-22 12:00:00+05:30,1259.4000244140625,1260.5,1256.699951171875,1257.5999755859375,502945,0.0,0.0
2026-04-22 12:15:00+05:30,1257.9000244140625,1258.5,1255.9000244140625,1256.800048828125,492191,0.0,0.0
2026-04-22 12:30:00+05:30,1256.800048828125,1259.4000244140625,1256.5,1258.4000244140625,579065,0.0,0.0
2026-04-22 12:45:00+05:30,1258.4000244140625,1259.9000244140625,1257.0,1259.199951171875,329569,0.0,0.0
2026-04-22 13:00:00+05:30,1259.699951171875,1261.9000244140625,1258.199951171875,1261.800048828125,301577,0.0,0.0
2026-04-22 13:15:00+05:30,1261.5999755859375,1261.9000244140625,1259.199951171875,1261.0,272861,0.0,0.0
2026-04-22 13:30:00+05:30,1261.0,1261.5,1258.9000244140625,1260.0,269876,0.0,0.0
2026-04-22 13:45:00+05:30,1259.9000244140625,1269.199951171875,1258.699951171875,1268.300048828125,955595,0.0,0.0
2026-04-22 14:00:00+05:30,1268.0999755859375,1271.199951171875,1265.5,1267.699951171875,847257,0.0,0.0
2026-04-22 14:15:00+05:30,1268.0,1269.699951171875,1267.199951171875,1268.0999755859375,305123,0.0,0.0
2026-04-22 14:30:00+05:30,1268.199951171875,1272.800048828125,1267.9000244140625,1271.300048828125,519899,0.0,0.0
2026-04-22 14:45:00+05:30,1271.300048828125,1273.300048828125,1270.0999755859375,1273.0,493045,0.0,0.0
2026-04-22 15:00:00+05:30,1272.800048828125,1272.9000244140625,1267.5,1268.4000244140625,799529,0.0,0.0
2026-04-22 15:15:00+05:30,1268.5,1269.0,1266.9000244140625,1268.800048828125,1200846,0.0,0.0
2026-04-23 09:15:00+05:30,1254.0,1265.5,1252.199951171875,1253.300048828125,549123,0.0,0.0
2026-04-23 09:30:00+05:30,1251.699951171875,1254.4000244140625,1250.0,1253.800048828125,695681,0.0,0.0
2026-04-23 09:45:00+05:30,1253.4000244140625,1260.4000244140625,1251.699951171875,1258.4000244140625,942939,0.0,0.0
2026-04-23 10:00:00+05:30,1258.4000244140625,1260.4000244140625,1255.300048828125,1257.5,481051,0.0,0.0
2026-04-23 10:15:00+05:30,1257.5,1258.800048828125,1255.300048828125,1255.4000244140625,301999,0.0,0.0
2026-04-23 10:30:00+05:30,1255.699951171875,1256.5999755859375,1254.0,1255.4000244140625,368902,0.0,0.0
2026-04-23 10:45:00+05:30,1255.300048828125,1256.5,1253.0999755859375,1256.0999755859375,342897,0.0,0.0
2026-04-23 11:00:00+05:30,1256.0,1259.9000244140625,1255.5999755859375,1256.5999755859375,483774,0.0,0.0
2026-04-23 11:15:00+05:30,1256.5,1259.800048828125,1256.4000244140625,1258.9000244140625,334255,0.0,0.0
2026-04-23 11:30:00+05:30,1258.800048828125,1260.300048828125,1256.199951171875,1258.0,627632,0.0,0.0
2026-04-23 11:45:00+05:30,1258.0999755859375,1258.699951171875,1254.5,1254.9000244140625,365208,0.0,0.0
2026-04-23 12:00:00+05:30,1254.9000244140625,1257.699951171875,1253.5,1256.4000244140625,417340,0.0,0.0
2026-04-23 12:15:00+05:30,1256.4000244140625,1257.0,1251.0,1251.800048828125,416483,0.0,0.0
2026-04-23 12:30:00+05:30,1251.699951171875,1252.5999755859375,1250.0,1251.300048828125,460312,0.0,0.0
2026-04-23 12:45:00+05:30,1251.199951171875,1251.9000244140625,1250.300048828125,1250.699951171875,273228,0.0,0.0
2026-04-23 13:00:00+05:30,1250.699951171875,1251.5999755859375,1250.0999755859375,1251.0,253270,0.0,0.0
2026-04-23 13:15:00+05:30,1251.0,1255.300048828125,1250.199951171875,1254.800048828125,473971,0.0,0.0
2026-04-23 13:30:00+05:30,1255.0999755859375,1255.0999755859375,1247.9000244140625,1248.0,716783,0.0,0.0
2026-04-23 13:45:00+05:30,1248.0,1248.699951171875,1246.300048828125,1247.4000244140625,677281,0.0,0.0
2026-04-23 14:00:00+05:30,1247.4000244140625,1248.0,1243.699951171875,1244.800048828125,435716,0.0,0.0
2026-04-23 14:15:00+05:30,1244.699951171875,1245.800048828125,1243.4000244140625,1244.9000244140625,388929,0.0,0.0
2026-04-23 14:30:00+05:30,1245.0999755859375,1245.800048828125,1242.0,1242.300048828125,474342,0.0,0.0
2026-04-23 14:45:00+05:30,1242.4000244140625,1245.4000244140625,1242.300048828125,1243.9000244140625,501484,0.0,0.0
2026-04-23 15:00:00+05:30,1244.199951171875,1246.0,1241.300048828125,1241.9000244140625,1229585,0.0,0.0
2026-04-23 15:15:00+05:30,1241.9000244140625,1242.199951171875,1228.300048828125,1230.5999755859375,1803142,0.0,0.0
2026-04-24 09:15:00+05:30,1200.0,1223.199951171875,1200.0,1211.300048828125,1684149,0.0,0.0
2026-04-24 09:30:00+05:30,1211.5999755859375,1211.9000244140625,1200.0999755859375,1201.0999755859375,2455200,0.0,0.0
2026-04-24 09:45:00+05:30,1201.199951171875,1201.199951171875,1194.0,1194.5999755859375,2021704,0.0,0.0
2026-04-24 10:00:00+05:30,1194.9000244140625,1196.0,1187.0999755859375,1188.300048828125,1945645,0.0,0.0
2026-04-24 10:15:00+05:30,1188.0999755859375,1190.5,1185.300048828125,1189.199951171875,1637482,0.0,0.0
2026-04-24 10:30:00+05:30,1188.5999755859375,1190.699951171875,1181.4000244140625,1182.0,1198550,0.0,0.0
2026-04-24 10:45:00+05:30,1181.5,1182.199951171875,1177.4000244140625,1178.199951171875,1426088,0.0,0.0
2026-04-24 11:00:00+05:30,1177.9000244140625,1180.0,1176.5999755859375,1177.300048828125,916821,0.0,0.0
2026-04-24 11:15:00+05:30,1177.5,1180.699951171875,1175.4000244140625,1178.0,1297245,0.0,0.0
2026-04-24 11:30:00+05:30,1176.5999755859375,1177.0999755859375,1170.0999755859375,1170.5,1239020,0.0,0.0
2026-04-24 11:45:00+05:30,1170.199951171875,1172.5,1167.800048828125,1170.5,1099837,0.0,0.0
2026-04-24 12:00:00+05:30,1170.199951171875,1173.5,1168.0,1172.199951171875,861963,0.0,0.0
2026-04-24 12:15:00+05:30,1172.0,1174.5,1168.0,1168.0999755859375,842772,0.0,0.0
2026-04-24 12:30:00+05:30,1168.199951171875,1170.199951171875,1165.0,1165.0,877208,0.0,0.0
2026-04-24 12:45:00+05:30,1165.0999755859375,1167.300048828125,1164.800048828125,1165.0,842715,0.0,0.0
2026-04-24 13:00:00+05:30,1165.0,1166.300048828125,1163.699951171875,1165.4000244140625,754152,0.0,0.0
2026-04-24 13:15:00+05:30,1165.5,1168.0,1164.5,1167.5,990241,0.0,0.0
2026-04-24 13:30:00+05:30,1167.5,1167.5,1159.5,1159.800048828125,1647793,0.0,0.0
2026-04-24 13:45:00+05:30,1159.5999755859375,1161.9000244140625,1153.0,1153.4000244140625,1388580,0.0,0.0
2026-04-24 14:00:00+05:30,1153.199951171875,1156.4000244140625,1152.5,1154.9000244140625,1605355,0.0,0.0
2026-04-24 14:15:00+05:30,1154.699951171875,1158.0,1154.0999755859375,1154.9000244140625,1046305,0.0,0.0
2026-04-24 14:30:00+05:30,1154.699951171875,1156.4000244140625,1153.199951171875,1156.0999755859375,1774731,0.0,0.0
2026-04-24 14:45:00+05:30,1156.0999755859375,1158.0999755859375,1154.4000244140625,1155.300048828125,2117063,0.0,0.0
2026-04-24 15:00:00+05:30,1155.300048828125,1156.4000244140625,1153.0,1153.5999755859375,2935576,0.0,0.0
2026-04-24 15:15:00+05:30,1153.4000244140625,1156.199951171875,1152.800048828125,1154.800048828125,3359780,0.0,0.0
2026-04-27 09:15:00+05:30,1155.699951171875,1175.699951171875,1155.699951171875,1173.5,942267,0.0,0.0
2026-04-27 09:30:00+05:30,1173.5999755859375,1176.0,1170.5999755859375,1175.300048828125,921347,0.0,0.0
2026-04-27 09:45:00+05:30,1175.300048828125,1178.5,1173.0,1174.800048828125,1140435,0.0,0.0
2026-04-27 10:00:00+05:30,1174.5,1176.9000244140625,1173.0999755859375,1176.4000244140625,446972,0.0,0.0
2026-04-27 10:15:00+05:30,1176.4000244140625,1178.0999755859375,1175.800048828125,1177.4000244140625,360610,0.0,0.0
2026-04-27 10:30:00+05:30,1177.199951171875,1178.5,1175.4000244140625,1177.699951171875,354229,0.0,0.0
2026-04-27 10:45:00+05:30,1177.699951171875,1179.9000244140625,1177.199951171875,1178.300048828125,420077,0.0,0.0
2026-04-27 11:00:00+05:30,1178.300048828125,1178.300048828125,1171.5999755859375,1175.5,590434,0.0,0.0
2026-04-27 11:15:00+05:30,1175.300048828125,1176.800048828125,1171.300048828125,1173.800048828125,562953,0.0,0.0
2026-04-27 11:30:00+05:30,1173.5999755859375,1174.5,1172.0,1173.199951171875,561186,0.0,0.0
2026-04-27 11:45:00+05:30,1173.199951171875,1173.300048828125,1169.0,1172.300048828125,333546,0.0,0.0
2026-04-27 12:00:00+05:30,1172.4000244140625,1175.800048828125,1172.0999755859375,1175.0,506312,0.0,0.0
2026-04-27 12:15:00+05:30,1175.199951171875,1175.9000244140625,1173.800048828125,1175.4000244140625,291803,0.0,0.0
2026-04-27 12:30:00+05:30,1175.199951171875,1176.199951171875,1174.300048828125,1175.0999755859375,365151,0.0,0.0
2026-04-27 12:45:00+05:30,1175.0,1176.5,1173.4000244140625,1176.0,363398,0.0,0.0
2026-04-27 13:00:00+05:30,1176.199951171875,1177.800048828125,1172.199951171875,1173.0,418926,0.0,0.0
2026-04-27 13:15:00+05:30,1172.9000244140625,1173.5,1171.0,1171.800048828125,614335,0.0,0.0
2026-04-27 13:30:00+05:30,1171.699951171875,1172.5,1170.199951171875,1170.800048828125,712327,0.0,0.0
2026-04-27 13:45:00+05:30,1170.800048828125,1170.9000244140625,1170.0,1170.199951171875,645630,0.0,0.0
2026-04-27 14:00:00+05:30,1170.199951171875,1174.0999755859375,1169.300048828125,1172.800048828125,776525,0.0,0.0
2026-04-27 14:15:00+05:30,1172.699951171875,1174.0,1172.0,1172.199951171875,908323,0.0,0.0
2026-04-27 14:30:00+05:30,1172.199951171875,1176.699951171875,1172.199951171875,1174.9000244140625,883085,0.0,0.0
2026-04-27 14:45:00+05:30,1174.9000244140625,1174.9000244140625,1172.4000244140625,1173.5,704528,0.0,0.0
2026-04-27 15:00:00+05:30,1173.300048828125,1173.300048828125,1169.0,1170.199951171875,1512470,0.0,0.0
2026-04-27 15:15:00+05:30,1170.199951171875,1173.0,1167.5,1172.9000244140625,2061997,0.0,0.0
2026-04-28 09:15:00+05:30,1162.0,1169.199951171875,1156.800048828125,1167.0999755859375,300148,0.0,0.0
2026-04-28 09:30:00+05:30,1166.699951171875,1166.9000244140625,1158.5,1159.699951171875,552940,0.0,0.0
2026-04-28 09:45:00+05:30,1159.800048828125,1160.0,1155.0,1159.300048828125,558579,0.0,0.0
2026-04-28 10:00:00+05:30,1159.5,1164.699951171875,1159.0,1161.9000244140625,489010,0.0,0.0
2026-04-28 10:15:00+05:30,1161.9000244140625,1162.5999755859375,1160.0,1160.800048828125,228352,0.0,0.0
2026-04-28 10:30:00+05:30,1160.800048828125,1161.0,1157.199951171875,1157.5,294500,0.0,0.0
2026-04-28 10:45:00+05:30,1157.699951171875,1159.0,1156.199951171875,1158.9000244140625,254087,0.0,0.0
2026-04-28 11:00:00+05:30,1158.800048828125,1158.9000244140625,1155.800048828125,1156.5,284989,0.0,0.0
2026-04-28 11:15:00+05:30,1156.4000244140625,1156.5,1153.199951171875,1153.800048828125,338563,0.0,0.0
2026-04-28 11:30:00+05:30,1153.800048828125,1157.800048828125,1153.0,1157.800048828125,419116,0.0,0.0
2026-04-28 11:45:00+05:30,1157.5999755859375,1159.699951171875,1157.5999755859375,1159.199951171875,245603,0.0,0.0
2026-04-28 12:00:00+05:30,1159.0,1159.0999755859375,1154.300048828125,1157.0999755859375,337816,0.0,0.0
2026-04-28 12:15:00+05:30,1156.5999755859375,1158.4000244140625,1155.0,1156.0,316005,0.0,0.0
2026-04-28 12:30:00+05:30,1155.800048828125,1156.4000244140625,1153.5,1153.9000244140625,249011,0.0,0.0
2026-04-28 12:45:00+05:30,1154.0,1154.0,1151.0999755859375,1151.9000244140625,321479,0.0,0.0
2026-04-28 13:00:00+05:30,1151.9000244140625,1154.0999755859375,1150.0999755859375,1153.800048828125,365551,0.0,0.0
2026-04-28 13:15:00+05:30,1153.4000244140625,1154.5,1152.5999755859375,1152.5999755859375,233134,0.0,0.0
2026-04-28 13:30:00+05:30,1152.5,1153.699951171875,1150.0,1152.0,540162,0.0,0.0
2026-04-28 13:45:00+05:30,1152.0,1154.4000244140625,1151.4000244140625,1153.5999755859375,352199,0.0,0.0
2026-04-28 14:00:00+05:30,1153.5,1154.0,1151.5999755859375,1152.0,240525,0.0,0.0
2026-04-28 14:15:00+05:30,1151.9000244140625,1152.0999755859375,1150.5,1150.800048828125,452009,0.0,0.0
2026-04-28 14:30:00+05:30,1151.0,1152.0999755859375,1150.199951171875,1151.300048828125,426685,0.0,0.0
2026-04-28 14:45:00+05:30,1151.5999755859375,1153.199951171875,1150.5999755859375,1151.5,500924,0.0,0.0
2026-04-28 15:00:00+05:30,1152.300048828125,1156.800048828125,1150.0999755859375,1150.699951171875,2439603,0.0,0.0
2026-04-28 15:15:00+05:30,1150.800048828125,1151.5,1150.0,1151.5,1114023,0.0,0.0
2026-04-29 09:15:00+05:30,1158.0,1164.5999755859375,1157.5999755859375,1162.300048828125,386760,0.0,0.0
2026-04-29 09:30:00+05:30,1161.9000244140625,1169.5,1159.800048828125,1168.4000244140625,594125,0.0,0.0
2026-04-29 09:45:00+05:30,1168.5,1176.9000244140625,1168.199951171875,1172.300048828125,604184,0.0,0.0
2026-04-29 10:00:00+05:30,1172.5,1176.5999755859375,1172.300048828125,1175.699951171875,294330,0.0,0.0
2026-04-29 10:15:00+05:30,1176.0,1176.0,1174.0,1175.4000244140625,217244,0.0,0.0
2026-04-29 10:30:00+05:30,1175.0999755859375,1176.9000244140625,1173.0,1174.4000244140625,295432,0.0,0.0
2026-04-29 10:45:00+05:30,1174.199951171875,1174.5,1169.4000244140625,1174.4000244140625,270845,0.0,0.0
2026-04-29 11:00:00+05:30,1173.9000244140625,1177.9000244140625,1173.0,1176.800048828125,352115,0.0,0.0
2026-04-29 11:15:00+05:30,1176.5999755859375,1176.9000244140625,1171.4000244140625,1172.5,360037,0.0,0.0
2026-04-29 11:30:00+05:30,1172.5,1174.199951171875,1172.199951171875,1173.5999755859375,179641,0.0,0.0
2026-04-29 11:45:00+05:30,1173.199951171875,1175.5999755859375,1173.0999755859375,1175.0999755859375,206349,0.0,0.0
2026-04-29 12:00:00+05:30,1175.199951171875,1178.199951171875,1174.5,1177.4000244140625,239978,0.0,0.0
2026-04-29 12:15:00+05:30,1177.199951171875,1177.4000244140625,1175.5999755859375,1175.9000244140625,181719,0.0,0.0
2026-04-29 12:30:00+05:30,1175.699951171875,1177.4000244140625,1175.5999755859375,1176.0999755859375,151503,0.0,0.0
2026-04-29 12:45:00+05:30,1176.300048828125,1177.9000244140625,1175.9000244140625,1176.5999755859375,203442,0.0,0.0
2026-04-29 13:00:00+05:30,1176.5999755859375,1177.0999755859375,1175.5999755859375,1176.800048828125,153501,0.0,0.0
2026-04-29 13:15:00+05:30,1177.0999755859375,1178.0,1176.5999755859375,1177.300048828125,215745,0.0,0.0
2026-04-29 13:30:00+05:30,1177.199951171875,1177.199951171875,1171.9000244140625,1172.300048828125,288054,0.0,0.0
2026-04-29 13:45:00+05:30,1172.300048828125,1173.5,1171.699951171875,1172.5999755859375,218489,0.0,0.0
2026-04-29 14:00:00+05:30,1172.5999755859375,1172.699951171875,1169.199951171875,1170.0,285357,0.0,0.0
2026-04-29 14:15:00+05:30,1170.199951171875,1171.199951171875,1168.0,1168.199951171875,221125,0.0,0.0
2026-04-29 14:30:00+05:30,1168.199951171875,1170.800048828125,1167.199951171875,1170.0,296311,0.0,0.0
2026-04-29 14:45:00+05:30,1170.0,1170.300048828125,1167.199951171875,1168.5999755859375,322312,0.0,0.0
2026-04-29 15:00:00+05:30,1168.5,1169.5,1167.4000244140625,1167.5,616691,0.0,0.0
2026-04-29 15:15:00+05:30,1167.4000244140625,1168.0,1165.9000244140625,1167.0999755859375,666997,0.0,0.0
2026-04-30 09:15:00+05:30,1166.699951171875,1170.199951171875,1159.9000244140625,1161.699951171875,359354,0.0,0.0
2026-04-30 09:30:00+05:30,1161.800048828125,1173.199951171875,1161.800048828125,1170.4000244140625,584998,0.0,0.0
2026-04-30 09:45:00+05:30,1170.5999755859375,1174.9000244140625,1169.0999755859375,1173.699951171875,322351,0.0,0.0
2026-04-30 10:00:00+05:30,1173.5,1173.800048828125,1170.5999755859375,1172.300048828125,251939,0.0,0.0
2026-04-30 10:15:00+05:30,1172.199951171875,1172.800048828125,1170.0999755859375,1171.5,213736,0.0,0.0
2026-04-30 10:30:00+05:30,1171.199951171875,1172.0999755859375,1168.4000244140625,1169.199951171875,251794,0.0,0.0
2026-04-30 10:45:00+05:30,1169.199951171875,1169.5,1167.5999755859375,1168.199951171875,198999,0.0,0.0
2026-04-30 11:00:00+05:30,1168.4000244140625,1170.699951171875,1168.199951171875,1168.5,154832,0.0,0.0
2026-04-30 11:15:00+05:30,1168.5999755859375,1169.300048828125,1165.5999755859375,1165.699951171875,225175,0.0,0.0
2026-04-30 11:30:00+05:30,1165.699951171875,1169.0999755859375,1165.0,1167.4000244140625,260388,0.0,0.0
2026-04-30 11:45:00+05:30,1167.4000244140625,1175.4000244140625,1167.4000244140625,1174.9000244140625,613649,0.0,0.0
2026-04-30 12:00:00+05:30,1175.199951171875,1176.5,1172.699951171875,1175.9000244140625,592269,0.0,0.0
2026-04-30 12:15:00+05:30,1175.699951171875,1178.4000244140625,1174.699951171875,1178.0999755859375,525559,0.0,0.0
2026-04-30 12:30:00+05:30,1178.199951171875,1184.800048828125,1177.9000244140625,1183.199951171875,773336,0.0,0.0
2026-04-30 12:45:00+05:30,1183.5,1184.800048828125,1181.300048828125,1183.0,524252,0.0,0.0
2026-04-30 13:00:00+05:30,1183.0,1184.9000244140625,1180.4000244140625,1184.5,384526,0.0,0.0
2026-04-30 13:15:00+05:30,1184.9000244140625,1185.699951171875,1183.300048828125,1184.0,421979,0.0,0.0
2026-04-30 13:30:00+05:30,1183.9000244140625,1187.800048828125,1182.0,1187.199951171875,628192,0.0,0.0
2026-04-30 13:45:00+05:30,1187.300048828125,1189.4000244140625,1186.0,1187.0999755859375,517947,0.0,0.0
2026-04-30 14:00:00+05:30,1187.300048828125,1189.800048828125,1184.5,1184.5,543932,0.0,0.0
2026-04-30 14:15:00+05:30,1184.5,1185.0,1180.199951171875,1182.0,523305,0.0,0.0
2026-04-30 14:30:00+05:30,1181.5999755859375,1186.5999755859375,1181.5999755859375,1186.0999755859375,517252,0.0,0.0
2026-04-30 14:45:00+05:30,1185.9000244140625,1186.9000244140625,1182.5,1183.5999755859375,389578,0.0,0.0
2026-04-30 15:00:00+05:30,1183.5999755859375,1183.5999755859375,1180.0999755859375,1180.800048828125,982542,0.0,0.0
2026-04-30 15:15:00+05:30,1180.9000244140625,1184.800048828125,1180.0999755859375,1183.9000244140625,1024749,0.0,0.0
2026-05-04 09:15:00+05:30,1193.0999755859375,1195.0,1184.0,1188.199951171875,289621,0.0,0.0
2026-05-04 09:30:00+05:30,1187.4000244140625,1191.4000244140625,1184.4000244140625,1188.9000244140625,386422,0.0,0.0
2026-05-04 09:45:00+05:30,1189.0999755859375,1189.199951171875,1183.5,1184.699951171875,230573,0.0,0.0
2026-05-04 10:00:00+05:30,1184.699951171875,1186.800048828125,1177.800048828125,1178.4000244140625,325234,0.0,0.0
2026-05-04 10:15:00+05:30,1178.5,1180.800048828125,1175.300048828125,1178.699951171875,247559,0.0,0.0
2026-05-04 10:30:00+05:30,1178.800048828125,1180.0,1177.4000244140625,1179.0,144555,0.0,0.0
2026-05-04 10:45:00+05:30,1179.0,1180.4000244140625,1177.5,1179.0999755859375,158100,0.0,0.0
2026-05-04 11:00:00+05:30,1179.0,1180.199951171875,1176.300048828125,1178.800048828125,254236,0.0,0.0
2026-05-04 11:15:00+05:30,1178.699951171875,1179.5999755859375,1177.0,1177.0999755859375,331700,0.0,0.0
2026-05-04 11:30:00+05:30,1177.4000244140625,1177.5,1175.0,1175.5999755859375,265974,0.0,0.0
2026-05-04 11:45:00+05:30,1175.300048828125,1177.9000244140625,1175.199951171875,1176.699951171875,145352,0.0,0.0
2026-05-04 12:00:00+05:30,1176.4000244140625,1176.9000244140625,1173.5999755859375,1173.800048828125,168953,0.0,0.0
2026-05-04 12:15:00+05:30,1173.699951171875,1175.0,1172.199951171875,1174.199951171875,217289,0.0,0.0
2026-05-04 12:30:00+05:30,1174.300048828125,1175.0,1170.0,1170.300048828125,191905,0.0,0.0
2026-05-04 12:45:00+05:30,1170.0,1171.0999755859375,1169.300048828125,1169.300048828125,184002,0.0,0.0
2026-05-04 13:00:00+05:30,1169.4000244140625,1170.5999755859375,1169.0,1169.800048828125,257579,0.0,0.0
2026-05-04 13:15:00+05:30,1169.9000244140625,1170.4000244140625,1166.300048828125,1166.4000244140625,292014,0.0,0.0
2026-05-04 13:30:00+05:30,1166.699951171875,1168.300048828125,1165.199951171875,1167.9000244140625,221023,0.0,0.0
2026-05-04 13:45:00+05:30,1168.0,1169.0,1166.5,1167.5,204671,0.0,0.0
2026-05-04 14:00:00+05:30,1167.5999755859375,1170.5,1166.5999755859375,1169.699951171875,237686,0.0,0.0
2026-05-04 14:15:00+05:30,1169.4000244140625,1171.9000244140625,1169.0999755859375,1169.800048828125,279144,0.0,0.0
2026-05-04 14:30:00+05:30,1170.0,1171.300048828125,1169.199951171875,1169.5,369038,0.0,0.0
2026-05-04 14:45:00+05:30,1170.0,1170.5999755859375,1168.199951171875,1168.699951171875,396360,0.0,0.0
2026-05-04 15:00:00+05:30,1169.699951171875,1170.0999755859375,1168.0,1168.199951171875,612455,0.0,0.0
2026-05-04 15:15:00+05:30,1167.800048828125,1169.4000244140625,1166.5999755859375,1167.9000244140625,737113,0.0,0.0
2026-05-05 09:15:00+05:30,1169.5,1184.9000244140625,1160.800048828125,1171.800048828125,563821,0.0,0.0
2026-05-05 09:30:00+05:30,1171.800048828125,1173.5,1170.0999755859375,1170.9000244140625,241452,0.0,0.0
2026-05-05 09:45:00+05:30,1170.300048828125,1177.0,1170.0999755859375,1174.5999755859375,235189,0.0,0.0
2026-05-05 10:00:00+05:30,1174.4000244140625,1175.300048828125,1172.0,1172.4000244140625,144146,0.0,0.0
2026-05-05 10:15:00+05:30,1172.5999755859375,1173.9000244140625,1171.0,1173.300048828125,112748,0.0,0.0
2026-05-05 10:30:00+05:30,1173.5999755859375,1175.5999755859375,1173.0,1174.300048828125,108030,0.0,0.0
2026-05-05 10:45:00+05:30,1174.300048828125,1174.5999755859375,1172.5999755859375,1174.300048828125,74230,0.0,0.0
2026-05-05 11:00:00+05:30,1174.4000244140625,1179.0,1173.800048828125,1177.699951171875,322830,0.0,0.0
2026-05-05 11:15:00+05:30,1177.699951171875,1178.0,1175.5999755859375,1177.0,420549,0.0,0.0
2026-05-05 11:30:00+05:30,1177.0,1178.5999755859375,1174.0,1174.0,176478,0.0,0.0
2026-05-05 11:45:00+05:30,1174.199951171875,1175.0,1171.5999755859375,1172.800048828125,187102,0.0,0.0
2026-05-05 12:00:00+05:30,1173.0,1173.4000244140625,1171.5,1172.0999755859375,138755,0.0,0.0
2026-05-05 12:15:00+05:30,1172.199951171875,1172.800048828125,1170.199951171875,1170.5999755859375,121501,0.0,0.0
2026-05-05 12:30:00+05:30,1170.5,1172.800048828125,1170.5,1171.5,227390,0.0,0.0
2026-05-05 12:45:00+05:30,1171.800048828125,1172.5,1170.4000244140625,1171.5,140539,0.0,0.0
2026-05-05 13:00:00+05:30,1172.0,1173.9000244140625,1170.699951171875,1173.0999755859375,217729,0.0,0.0
2026-05-05 13:15:00+05:30,1172.5999755859375,1174.4000244140625,1170.4000244140625,1172.0,321653,0.0,0.0
2026-05-05 13:30:00+05:30,1171.199951171875,1174.0999755859375,1170.199951171875,1173.300048828125,354319,0.0,0.0
2026-05-05 13:45:00+05:30,1173.300048828125,1173.9000244140625,1171.199951171875,1171.4000244140625,293350,0.0,0.0
2026-05-05 14:00:00+05:30,1171.5999755859375,1173.4000244140625,1171.0,1172.0,195070,0.0,0.0
2026-05-05 14:15:00+05:30,1172.0,1175.9000244140625,1171.699951171875,1175.9000244140625,321213,0.0,0.0
2026-05-05 14:30:00+05:30,1175.9000244140625,1176.699951171875,1173.9000244140625,1176.4000244140625,363859,0.0,0.0
2026-05-05 14:45:00+05:30,1176.199951171875,1176.4000244140625,1173.4000244140625,1173.699951171875,251109,0.0,0.0
2026-05-05 15:00:00+05:30,1173.9000244140625,1179.0,1173.0999755859375,1178.300048828125,1110222,0.0,0.0
2026-05-05 15:15:00+05:30,1178.5,1180.0,1177.5,1177.5999755859375,874061,0.0,0.0
2026-05-06 09:15:00+05:30,1188.300048828125,1191.199951171875,1185.0999755859375,1188.9000244140625,333308,0.0,0.0
2026-05-06 09:30:00+05:30,1188.9000244140625,1190.0,1177.800048828125,1178.5,481936,0.0,0.0
2026-05-06 09:45:00+05:30,1178.5,1179.0,1175.800048828125,1177.0,359021,0.0,0.0
2026-05-06 10:00:00+05:30,1177.0,1179.9000244140625,1176.4000244140625,1179.4000244140625,218002,0.0,0.0
2026-05-06 10:15:00+05:30,1179.300048828125,1180.0,1177.0999755859375,1177.5,129843,0.0,0.0
2026-05-06 10:30:00+05:30,1177.5,1177.5,1173.5,1174.9000244140625,275281,0.0,0.0
2026-05-06 10:45:00+05:30,1175.0,1175.0,1173.4000244140625,1174.199951171875,127943,0.0,0.0
2026-05-06 11:00:00+05:30,1174.300048828125,1175.0,1172.5,1173.800048828125,205116,0.0,0.0
2026-05-06 11:15:00+05:30,1173.5999755859375,1175.0999755859375,1173.5999755859375,1174.199951171875,239566,0.0,0.0
2026-05-06 11:30:00+05:30,1174.0,1175.0,1172.4000244140625,1174.699951171875,170247,0.0,0.0
2026-05-06 11:45:00+05:30,1174.300048828125,1175.800048828125,1173.9000244140625,1174.0,101146,0.0,0.0
2026-05-06 12:00:00+05:30,1174.300048828125,1174.5999755859375,1171.300048828125,1171.300048828125,194652,0.0,0.0
2026-05-06 12:15:00+05:30,1171.0999755859375,1171.5,1170.0,1171.199951171875,307966,0.0,0.0
2026-05-06 12:30:00+05:30,1171.199951171875,1171.5,1169.800048828125,1170.0,456590,0.0,0.0
2026-05-06 12:45:00+05:30,1170.0,1170.199951171875,1167.4000244140625,1168.5999755859375,479703,0.0,0.0
2026-05-06 13:00:00+05:30,1168.699951171875,1170.0999755859375,1166.800048828125,1169.4000244140625,174598,0.0,0.0
2026-05-06 13:15:00+05:30,1169.4000244140625,1171.0,1168.699951171875,1169.199951171875,237872,0.0,0.0
2026-05-06 13:30:00+05:30,1168.699951171875,1169.300048828125,1167.5,1167.5,174514,0.0,0.0
2026-05-06 13:45:00+05:30,1167.5,1168.199951171875,1165.5,1165.699951171875,265110,0.0,0.0
2026-05-06 14:00:00+05:30,1165.699951171875,1166.9000244140625,1164.5,1166.0999755859375,281580,0.0,0.0
2026-05-06 14:15:00+05:30,1166.0,1173.5999755859375,1165.699951171875,1173.0,654055,0.0,0.0
2026-05-06 14:30:00+05:30,1173.0,1173.699951171875,1167.300048828125,1169.9000244140625,888078,0.0,0.0
2026-05-06 14:45:00+05:30,1169.9000244140625,1170.5,1168.199951171875,1169.199951171875,410953,0.0,0.0
2026-05-06 15:00:00+05:30,1169.199951171875,1169.4000244140625,1166.0,1166.4000244140625,1084517,0.0,0.0
2026-05-06 15:15:00+05:30,1166.4000244140625,1170.9000244140625,1165.5999755859375,1170.4000244140625,1148412,0.0,0.0
2026-05-07 09:15:00+05:30,1174.0,1174.4000244140625,1165.9000244140625,1165.9000244140625,333520,0.0,0.0
2026-05-07 09:30:00+05:30,1165.4000244140625,1169.4000244140625,1163.0,1169.0,472680,0.0,0.0
2026-05-07 09:45:00+05:30,1169.0999755859375,1169.300048828125,1166.0,1167.5999755859375,275776,0.0,0.0
2026-05-07 10:00:00+05:30,1168.0,1169.4000244140625,1167.300048828125,1168.4000244140625,246530,0.0,0.0
2026-05-07 10:15:00+05:30,1168.5999755859375,1169.5,1167.5,1168.9000244140625,196010,0.0,0.0
2026-05-07 10:30:00+05:30,1168.9000244140625,1169.9000244140625,1166.199951171875,1166.5999755859375,191482,0.0,0.0
2026-05-07 10:45:00+05:30,1166.699951171875,1167.199951171875,1165.5,1166.699951171875,160889,0.0,0.0
2026-05-07 11:00:00+05:30,1166.800048828125,1167.0,1164.800048828125,1166.0,222402,0.0,0.0
2026-05-07 11:15:00+05:30,1166.199951171875,1166.699951171875,1164.199951171875,1165.800048828125,159763,0.0,0.0
2026-05-07 11:30:00+05:30,1165.800048828125,1168.0,1163.199951171875,1164.0,330615,0.0,0.0
2026-05-07 11:45:00+05:30,1164.0,1166.5999755859375,1164.0,1166.0999755859375,415386,0.0,0.0
2026-05-07 12:00:00+05:30,1166.0,1168.0,1165.800048828125,1167.199951171875,285961,0.0,0.0
2026-05-07 12:15:00+05:30,1167.5999755859375,1169.199951171875,1167.199951171875,1168.0,442287,0.0,0.0
2026-05-07 12:30:00+05:30,1168.0,1172.300048828125,1166.699951171875,1171.699951171875,650061,0.0,0.0
2026-05-07 12:45:00+05:30,1171.699951171875,1172.4000244140625,1167.699951171875,1170.0,485653,0.0,0.0
2026-05-07 13:00:00+05:30,1169.5,1173.199951171875,1169.199951171875,1172.300048828125,311466,0.0,0.0
2026-05-07 13:15:00+05:30,1172.4000244140625,1172.5,1169.5,1170.0,323326,0.0,0.0
2026-05-07 13:30:00+05:30,1170.0,1170.800048828125,1168.699951171875,1169.4000244140625,237970,0.0,0.0
2026-05-07 13:45:00+05:30,1169.5,1170.9000244140625,1169.199951171875,1169.300048828125,271665,0.0,0.0
2026-05-07 14:00:00+05:30,1169.5999755859375,1169.800048828125,1166.699951171875,1168.0999755859375,336091,0.0,0.0
2026-05-07 14:15:00+05:30,1168.199951171875,1169.699951171875,1166.699951171875,1168.4000244140625,314776,0.0,0.0
2026-05-07 14:30:00+05:30,1168.5,1169.0999755859375,1165.0,1165.4000244140625,562304,0.0,0.0
2026-05-07 14:45:00+05:30,1165.5,1166.199951171875,1164.0999755859375,1164.5,347758,0.0,0.0
2026-05-07 15:00:00+05:30,1164.5999755859375,1164.5999755859375,1159.9000244140625,1163.0,2160844,0.0,0.0
2026-05-07 15:15:00+05:30,1163.0,1166.0,1163.0,1165.9000244140625,1698581,0.0,0.0
2026-05-08 09:15:00+05:30,1161.5,1171.699951171875,1160.4000244140625,1169.699951171875,308371,0.0,0.0
2026-05-08 09:30:00+05:30,1169.699951171875,1170.9000244140625,1166.5999755859375,1168.5999755859375,327109,0.0,0.0
2026-05-08 09:45:00+05:30,1168.300048828125,1170.699951171875,1166.5999755859375,1170.5,230893,0.0,0.0
2026-05-08 10:00:00+05:30,1170.5,1171.4000244140625,1169.0,1170.0,229236,0.0,0.0
2026-05-08 10:15:00+05:30,1170.0,1172.800048828125,1168.800048828125,1172.5,376555,0.0,0.0
2026-05-08 10:30:00+05:30,1172.5,1175.0,1172.4000244140625,1174.699951171875,363626,0.0,0.0
2026-05-08 10:45:00+05:30,1174.699951171875,1174.699951171875,1172.5999755859375,1173.0999755859375,102072,0.0,0.0
2026-05-08 11:00:00+05:30,1173.0,1173.199951171875,1170.699951171875,1171.0,178721,0.0,0.0
2026-05-08 11:15:00+05:30,1171.0,1171.0,1168.800048828125,1169.800048828125,156033,0.0,0.0
2026-05-08 11:30:00+05:30,1169.4000244140625,1172.0,1169.300048828125,1169.4000244140625,200573,0.0,0.0
2026-05-08 11:45:00+05:30,1169.0999755859375,1171.300048828125,1169.0,1170.199951171875,223927,0.0,0.0
2026-05-08 12:00:00+05:30,1170.199951171875,1170.5,1169.199951171875,1170.0999755859375,100894,0.0,0.0
2026-05-08 12:15:00+05:30,1169.800048828125,1170.699951171875,1167.9000244140625,1170.300048828125,182644,0.0,0.0
2026-05-08 12:30:00+05:30,1170.0999755859375,1173.5,1170.0,1171.699951171875,323701,0.0,0.0
2026-05-08 12:45:00+05:30,1171.5,1173.5,1171.300048828125,1173.0,152100,0.0,0.0
2026-05-08 13:00:00+05:30,1172.800048828125,1176.800048828125,1172.4000244140625,1175.5,354560,0.0,0.0
2026-05-08 13:15:00+05:30,1176.0,1177.4000244140625,1174.5,1176.699951171875,234521,0.0,0.0
2026-05-08 13:30:00+05:30,1176.800048828125,1178.4000244140625,1174.9000244140625,1175.0,225582,0.0,0.0
2026-05-08 13:45:00+05:30,1175.5,1176.4000244140625,1173.9000244140625,1174.4000244140625,156872,0.0,0.0
2026-05-08 14:00:00+05:30,1174.300048828125,1178.5,1173.5999755859375,1178.0,265841,0.0,0.0
2026-05-08 14:15:00+05:30,1178.0,1179.4000244140625,1177.5,1179.300048828125,406686,0.0,0.0
2026-05-08 14:30:00+05:30,1179.4000244140625,1183.5,1179.0,1182.300048828125,569064,0.0,0.0
2026-05-08 14:45:00+05:30,1182.0999755859375,1183.199951171875,1180.699951171875,1181.300048828125,352904,0.0,0.0
2026-05-08 15:00:00+05:30,1180.9000244140625,1180.9000244140625,1178.199951171875,1178.5,566897,0.0,0.0
2026-05-08 15:15:00+05:30,1178.5,1180.0,1178.300048828125,1179.9000244140625,486269,0.0,0.0
2026-05-11 09:15:00+05:30,1172.699951171875,1178.9000244140625,1172.199951171875,1177.300048828125,265380,0.0,0.0
2026-05-11 09:30:00+05:30,1176.9000244140625,1178.0,1175.300048828125,1175.300048828125,200384,0.0,0.0
2026-05-11 09:45:00+05:30,1175.300048828125,1180.699951171875,1175.300048828125,1178.0,226948,0.0,0.0
2026-05-11 10:00:00+05:30,1178.199951171875,1179.0999755859375,1176.5,1177.4000244140625,121368,0.0,0.0
2026-05-11 10:15:00+05:30,1177.0,1178.5999755859375,1174.199951171875,1177.0,162124,0.0,0.0
2026-05-11 10:30:00+05:30,1177.4000244140625,1181.5,1177.0,1181.199951171875,209646,0.0,0.0
2026-05-11 10:45:00+05:30,1181.0999755859375,1183.0,1179.5999755859375,1182.800048828125,271829,0.0,0.0
2026-05-11 11:00:00+05:30,1183.0,1184.9000244140625,1182.5,1183.199951171875,223929,0.0,0.0
2026-05-11 11:15:00+05:30,1183.699951171875,1184.4000244140625,1180.800048828125,1183.5999755859375,275090,0.0,0.0
2026-05-11 11:30:00+05:30,1183.800048828125,1185.9000244140625,1181.0,1185.800048828125,378101,0.0,0.0
2026-05-11 11:45:00+05:30,1185.699951171875,1186.800048828125,1184.5999755859375,1186.199951171875,332705,0.0,0.0
2026-05-11 12:00:00+05:30,1186.300048828125,1186.9000244140625,1184.0,1184.4000244140625,274021,0.0,0.0
2026-05-11 12:15:00+05:30,1184.5,1185.0,1183.0,1183.5999755859375,238327,0.0,0.0
2026-05-11 12:30:00+05:30,1183.5999755859375,1184.699951171875,1182.4000244140625,1184.199951171875,226726,0.0,0.0
2026-05-11 12:45:00+05:30,1184.300048828125,1184.300048828125,1183.0,1183.0,175369,0.0,0.0
2026-05-11 13:00:00+05:30,1182.9000244140625,1183.5,1181.0999755859375,1182.699951171875,380259,0.0,0.0
2026-05-11 13:15:00+05:30,1183.0,1184.0,1181.9000244140625,1183.5,221667,0.0,0.0
2026-05-11 13:30:00+05:30,1183.699951171875,1183.699951171875,1181.0999755859375,1181.0999755859375,293787,0.0,0.0
2026-05-11 13:45:00+05:30,1181.5999755859375,1182.800048828125,1181.199951171875,1181.699951171875,200372,0.0,0.0
2026-05-11 14:00:00+05:30,1181.699951171875,1183.4000244140625,1181.0999755859375,1181.5999755859375,242025,0.0,0.0
2026-05-11 14:15:00+05:30,1181.5999755859375,1181.699951171875,1178.5999755859375,1178.800048828125,219735,0.0,0.0
2026-05-11 14:30:00+05:30,1178.9000244140625,1181.0999755859375,1176.5,1178.300048828125,214508,0.0,0.0
2026-05-11 14:45:00+05:30,1178.699951171875,1179.699951171875,1177.0999755859375,1178.5999755859375,228665,0.0,0.0
2026-05-11 15:00:00+05:30,1178.5999755859375,1178.5999755859375,1175.0,1177.300048828125,766960,0.0,0.0
2026-05-11 15:15:00+05:30,1177.300048828125,1178.699951171875,1175.0999755859375,1176.0,615279,0.0,0.0
2026-05-12 09:15:00+05:30,1162.0,1162.0,1136.699951171875,1138.9000244140625,834072,0.0,0.0
2026-05-12 09:30:00+05:30,1138.5,1141.5,1133.0999755859375,1138.300048828125,1004859,0.0,0.0
2026-05-12 09:45:00+05:30,1138.4000244140625,1138.4000244140625,1132.0999755859375,1132.800048828125,661640,0.0,0.0
2026-05-12 10:00:00+05:30,1132.800048828125,1135.0,1131.5,1134.5,446184,0.0,0.0
2026-05-12 10:15:00+05:30,1134.4000244140625,1135.5,1131.0,1131.5999755859375,381940,0.0,0.0
2026-05-12 10:30:00+05:30,1131.5,1131.699951171875,1130.4000244140625,1131.5,286627,0.0,0.0
2026-05-12 10:45:00+05:30,1131.5,1133.800048828125,1131.0,1133.300048828125,286531,0.0,0.0
2026-05-12 11:00:00+05:30,1132.9000244140625,1133.5,1131.300048828125,1131.800048828125,258568,0.0,0.0
2026-05-12 11:15:00+05:30,1131.800048828125,1132.5999755859375,1130.5,1130.9000244140625,385900,0.0,0.0
2026-05-12 11:30:00+05:30,1131.0,1134.199951171875,1130.4000244140625,1131.9000244140625,358799,0.0,0.0
2026-05-12 11:45:00+05:30,1131.9000244140625,1133.0,1130.699951171875,1132.0999755859375,211943,0.0,0.0
2026-05-12 12:00:00+05:30,1132.199951171875,1132.300048828125,1126.4000244140625,1126.9000244140625,526624,0.0,0.0
2026-05-12 12:15:00+05:30,1126.9000244140625,1126.9000244140625,1123.0999755859375,1126.300048828125,697493,0.0,0.0
2026-05-12 12:30:00+05:30,1126.0999755859375,1132.4000244140625,1125.0999755859375,1132.300048828125,372485,0.0,0.0
2026-05-12 12:45:00+05:30,1132.300048828125,1133.0,1130.0,1132.0,274538,0.0,0.0
2026-05-12 13:00:00+05:30,1132.0,1138.9000244140625,1131.9000244140625,1138.800048828125,694999,0.0,0.0
2026-05-12 13:15:00+05:30,1139.300048828125,1140.5,1137.300048828125,1137.9000244140625,646277,0.0,0.0
2026-05-12 13:30:00+05:30,1138.0999755859375,1140.199951171875,1136.5999755859375,1138.0,382533,0.0,0.0
2026-05-12 13:45:00+05:30,1138.0,1139.5999755859375,1138.0,1138.0999755859375,398019,0.0,0.0
2026-05-12 14:00:00+05:30,1138.300048828125,1139.9000244140625,1135.0,1139.199951171875,824449,0.0,0.0
2026-05-12 14:15:00+05:30,1139.199951171875,1141.9000244140625,1138.300048828125,1141.0999755859375,509569,0.0,0.0
2026-05-12 14:30:00+05:30,1140.9000244140625,1141.199951171875,1139.0999755859375,1139.9000244140625,498345,0.0,0.0
2026-05-12 14:45:00+05:30,1140.0,1140.5999755859375,1138.300048828125,1140.5,1285439,0.0,0.0
2026-05-12 15:00:00+05:30,1140.800048828125,1142.699951171875,1138.5,1139.699951171875,2419116,0.0,0.0
2026-05-12 15:15:00+05:30,1139.699951171875,1140.699951171875,1138.800048828125,1140.199951171875,1143239,0.0,0.0
2026-05-13 09:15:00+05:30,1138.800048828125,1141.800048828125,1131.5,1132.9000244140625,303379,0.0,0.0
2026-05-13 09:30:00+05:30,1132.9000244140625,1135.0999755859375,1131.4000244140625,1132.5,285582,0.0,0.0
2026-05-13 09:45:00+05:30,1131.5999755859375,1134.699951171875,1129.199951171875,1134.5999755859375,243312,0.0,0.0
2026-05-13 10:00:00+05:30,1134.5999755859375,1137.0,1133.0,1135.5999755859375,143229,0.0,0.0
2026-05-13 10:15:00+05:30,1135.5,1136.0,1133.800048828125,1135.199951171875,114343,0.0,0.0
2026-05-13 10:30:00+05:30,1135.300048828125,1135.4000244140625,1130.199951171875,1131.9000244140625,168822,0.0,0.0
2026-05-13 10:45:00+05:30,1131.5999755859375,1133.800048828125,1130.4000244140625,1130.5,115425,0.0,0.0
2026-05-13 11:00:00+05:30,1130.5,1131.5,1129.699951171875,1131.0,146506,0.0,0.0
2026-05-13 11:15:00+05:30,1131.0,1134.9000244140625,1130.5999755859375,1134.199951171875,126701,0.0,0.0
2026-05-13 11:30:00+05:30,1134.5,1138.5,1133.699951171875,1137.199951171875,222366,0.0,0.0
2026-05-13 11:45:00+05:30,1137.199951171875,1137.300048828125,1130.5999755859375,1131.0,154343,0.0,0.0
2026-05-13 12:00:00+05:30,1131.199951171875,1134.9000244140625,1130.5,1134.300048828125,160887,0.0,0.0
2026-05-13 12:15:00+05:30,1134.5,1134.5,1131.0,1131.800048828125,157858,0.0,0.0
2026-05-13 12:30:00+05:30,1131.800048828125,1132.5999755859375,1130.0999755859375,1130.5999755859375,137048,0.0,0.0
2026-05-13 12:45:00+05:30,1130.5999755859375,1134.199951171875,1130.4000244140625,1134.0999755859375,148933,0.0,0.0
2026-05-13 13:00:00+05:30,1133.800048828125,1134.199951171875,1129.300048828125,1130.5999755859375,226308,0.0,0.0
2026-05-13 13:15:00+05:30,1130.5,1130.9000244140625,1127.699951171875,1128.199951171875,109010,0.0,0.0
2026-05-13 13:30:00+05:30,1128.199951171875,1130.199951171875,1128.199951171875,1129.4000244140625,98061,0.0,0.0
2026-05-13 13:45:00+05:30,1129.4000244140625,1130.4000244140625,1127.0999755859375,1127.9000244140625,225808,0.0,0.0
2026-05-13 14:00:00+05:30,1127.9000244140625,1128.4000244140625,1127.0,1127.5,173265,0.0,0.0
2026-05-13 14:15:00+05:30,1127.699951171875,1127.699951171875,1124.199951171875,1125.4000244140625,314125,0.0,0.0
2026-05-13 14:30:00+05:30,1125.800048828125,1126.4000244140625,1121.199951171875,1122.9000244140625,439085,0.0,0.0
2026-05-13 14:45:00+05:30,1122.800048828125,1125.5999755859375,1122.0,1124.300048828125,362971,0.0,0.0
2026-05-13 15:00:00+05:30,1124.199951171875,1124.300048828125,1121.0,1123.800048828125,860195,0.0,0.0
2026-05-13 15:15:00+05:30,1123.9000244140625,1124.699951171875,1122.5,1123.4000244140625,767683,0.0,0.0
2026-05-14 09:15:00+05:30,1119.699951171875,1120.0999755859375,1110.0,1113.199951171875,778528,0.0,0.0
2026-05-14 09:30:00+05:30,1113.300048828125,1113.5,1104.199951171875,1107.5,850872,0.0,0.0
2026-05-14 09:45:00+05:30,1108.0,1108.5,1101.800048828125,1103.0,350583,0.0,0.0
2026-05-14 10:00:00+05:30,1103.0999755859375,1108.300048828125,1102.9000244140625,1105.5999755859375,283683,0.0,0.0
2026-05-14 10:15:00+05:30,1105.800048828125,1106.300048828125,1102.4000244140625,1104.9000244140625,303003,0.0,0.0
2026-05-14 10:30:00+05:30,1104.9000244140625,1107.5999755859375,1104.5999755859375,1105.199951171875,238527,0.0,0.0
2026-05-14 10:45:00+05:30,1105.5,1105.5,1097.199951171875,1097.199951171875,510584,0.0,0.0
2026-05-14 11:00:00+05:30,1097.199951171875,1098.4000244140625,1093.0,1093.5,518019,0.0,0.0
2026-05-14 11:15:00+05:30,1093.4000244140625,1096.4000244140625,1092.5,1094.300048828125,601608,0.0,0.0
2026-05-14 11:30:00+05:30,1094.199951171875,1096.800048828125,1093.300048828125,1096.300048828125,421335,0.0,0.0
2026-05-14 11:45:00+05:30,1096.199951171875,1098.5999755859375,1095.699951171875,1096.0999755859375,544053,0.0,0.0
2026-05-14 12:00:00+05:30,1096.0999755859375,1096.5,1091.4000244140625,1092.9000244140625,490607,0.0,0.0
2026-05-14 12:15:00+05:30,1092.800048828125,1093.800048828125,1091.699951171875,1091.800048828125,528825,0.0,0.0
2026-05-14 12:30:00+05:30,1091.9000244140625,1093.4000244140625,1090.5,1091.5,476814,0.0,0.0
2026-05-14 12:45:00+05:30,1091.699951171875,1092.9000244140625,1089.0999755859375,1090.0,562118,0.0,0.0
2026-05-14 13:00:00+05:30,1090.0999755859375,1095.4000244140625,1090.0,1094.5999755859375,565565,0.0,0.0
2026-05-14 13:15:00+05:30,1094.5999755859375,1098.300048828125,1094.0999755859375,1094.5,761887,0.0,0.0
2026-05-14 13:30:00+05:30,1094.5,1097.0999755859375,1094.0,1095.300048828125,475635,0.0,0.0
2026-05-14 13:45:00+05:30,1095.300048828125,1099.9000244140625,1094.4000244140625,1097.5,1594355,0.0,0.0
2026-05-14 14:00:00+05:30,1097.9000244140625,1098.5,1096.0999755859375,1097.0999755859375,733512,0.0,0.0
2026-05-14 14:15:00+05:30,1097.0999755859375,1098.199951171875,1096.5,1097.0,460557,0.0,0.0
2026-05-14 14:30:00+05:30,1097.0999755859375,1098.0999755859375,1095.0999755859375,1095.4000244140625,621041,0.0,0.0
2026-05-14 14:45:00+05:30,1095.4000244140625,1096.4000244140625,1094.0999755859375,1094.800048828125,540265,0.0,0.0
2026-05-14 15:00:00+05:30,1094.9000244140625,1097.5,1094.5999755859375,1096.800048828125,1572816,0.0,0.0
2026-05-14 15:15:00+05:30,1096.699951171875,1096.9000244140625,1092.4000244140625,1094.5,1561841,0.0,0.0
2026-05-15 09:15:00+05:30,1103.199951171875,1130.5999755859375,1103.199951171875,1129.699951171875,1072926,0.0,0.0
2026-05-15 09:30:00+05:30,1129.5999755859375,1129.5999755859375,1123.9000244140625,1126.0,541899,0.0,0.0
2026-05-15 09:45:00+05:30,1125.800048828125,1133.0,1124.0,1128.5,836644,0.0,0.0
2026-05-15 10:00:00+05:30,1128.300048828125,1130.0,1121.300048828125,1123.800048828125,721858,0.0,0.0
2026-05-15 10:15:00+05:30,1124.0,1126.5,1122.0999755859375,1123.5999755859375,325880,0.0,0.0
2026-05-15 10:30:00+05:30,1123.4000244140625,1123.4000244140625,1119.5,1122.300048828125,339164,0.0,0.0
2026-05-15 10:45:00+05:30,1122.5,1127.0,1122.199951171875,1124.800048828125,309651,0.0,0.0
2026-05-15 11:00:00+05:30,1124.800048828125,1124.9000244140625,1118.5999755859375,1119.9000244140625,331829,0.0,0.0
2026-05-15 11:15:00+05:30,1119.699951171875,1121.699951171875,1119.199951171875,1120.199951171875,258343,0.0,0.0
2026-05-15 11:30:00+05:30,1120.0,1122.0,1118.4000244140625,1120.699951171875,268907,0.0,0.0
2026-05-15 11:45:00+05:30,1120.699951171875,1122.5,1120.0,1121.0,246595,0.0,0.0
2026-05-15 12:00:00+05:30,1121.0,1124.300048828125,1120.5999755859375,1122.0,284487,0.0,0.0
2026-05-15 12:15:00+05:30,1122.0,1122.5999755859375,1119.9000244140625,1120.5,262765,0.0,0.0
2026-05-15 12:30:00+05:30,1120.5,1125.0,1120.300048828125,1123.4000244140625,413495,0.0,0.0
2026-05-15 12:45:00+05:30,1123.4000244140625,1124.5999755859375,1122.0,1123.9000244140625,472629,0.0,0.0
2026-05-15 13:00:00+05:30,1123.9000244140625,1126.800048828125,1122.4000244140625,1126.800048828125,402367,0.0,0.0
2026-05-15 13:15:00+05:30,1126.800048828125,1127.4000244140625,1124.0999755859375,1125.300048828125,318900,0.0,0.0
2026-05-15 13:30:00+05:30,1124.9000244140625,1125.199951171875,1119.0,1119.0,399321,0.0,0.0
2026-05-15 13:45:00+05:30,1118.800048828125,1119.5,1115.5,1115.699951171875,377853,0.0,0.0
2026-05-15 14:00:00+05:30,1115.699951171875,1116.0,1114.0999755859375,1115.199951171875,376515,0.0,0.0
2026-05-15 14:15:00+05:30,1115.199951171875,1115.800048828125,1112.800048828125,1115.4000244140625,246321,0.0,0.0
2026-05-15 14:30:00+05:30,1115.4000244140625,1118.300048828125,1114.800048828125,1118.300048828125,291004,0.0,0.0
2026-05-15 14:45:00+05:30,1118.0,1118.9000244140625,1114.9000244140625,1118.9000244140625,533957,0.0,0.0
2026-05-15 15:00:00+05:30,1118.5999755859375,1122.9000244140625,1114.699951171875,1119.5,3829139,0.0,0.0
2026-05-15 15:15:00+05:30,1119.9000244140625,1121.0,1115.0,1119.0,3131058,0.0,0.0
2026-05-18 09:15:00+05:30,1120.0999755859375,1136.5,1120.0,1128.0,572821,0.0,0.0
2026-05-18 09:30:00+05:30,1127.800048828125,1132.199951171875,1124.0,1129.5999755859375,653531,0.0,0.0
2026-05-18 09:45:00+05:30,1129.5999755859375,1130.699951171875,1127.5,1129.9000244140625,273747,0.0,0.0
2026-05-18 10:00:00+05:30,1129.800048828125,1130.800048828125,1126.4000244140625,1127.0,245861,0.0,0.0
2026-05-18 10:15:00+05:30,1127.0,1130.0,1126.800048828125,1128.0,183967,0.0,0.0
2026-05-18 10:30:00+05:30,1128.0,1133.5999755859375,1127.699951171875,1129.0,720998,0.0,0.0
2026-05-18 10:45:00+05:30,1128.5999755859375,1133.4000244140625,1125.9000244140625,1132.5,588576,0.0,0.0
2026-05-18 11:00:00+05:30,1132.5,1133.9000244140625,1127.0,1127.0,660651,0.0,0.0
2026-05-18 11:15:00+05:30,1127.0999755859375,1131.5999755859375,1125.5,1131.0,519961,0.0,0.0
2026-05-18 11:30:00+05:30,1131.0,1132.4000244140625,1128.9000244140625,1132.4000244140625,359098,0.0,0.0
2026-05-18 11:45:00+05:30,1132.5999755859375,1134.5,1131.0999755859375,1132.699951171875,392249,0.0,0.0
2026-05-18 12:00:00+05:30,1132.699951171875,1139.800048828125,1132.5999755859375,1139.699951171875,564830,0.0,0.0
2026-05-18 12:15:00+05:30,1139.5,1141.800048828125,1136.0,1138.5999755859375,515127,0.0,0.0
2026-05-18 12:30:00+05:30,1138.5999755859375,1141.199951171875,1138.5,1138.800048828125,280483,0.0,0.0
2026-05-18 12:45:00+05:30,1139.0999755859375,1140.4000244140625,1138.300048828125,1138.5,227361,0.0,0.0
2026-05-18 13:00:00+05:30,1138.5999755859375,1140.0,1136.5999755859375,1138.5999755859375,156825,0.0,0.0
2026-05-18 13:15:00+05:30,1138.4000244140625,1139.9000244140625,1137.199951171875,1138.300048828125,162842,0.0,0.0
2026-05-18 13:30:00+05:30,1138.5,1139.5,1135.300048828125,1137.5,339227,0.0,0.0
2026-05-18 13:45:00+05:30,1137.5999755859375,1138.0,1134.9000244140625,1138.0,197501,0.0,0.0
2026-05-18 14:00:00+05:30,1138.0,1138.4000244140625,1135.5,1136.699951171875,256382,0.0,0.0
2026-05-18 14:15:00+05:30,1136.699951171875,1141.0,1134.5999755859375,1140.300048828125,422141,0.0,0.0
2026-05-18 14:30:00+05:30,1140.199951171875,1142.0,1139.5999755859375,1141.0,401471,0.0,0.0
2026-05-18 14:45:00+05:30,1141.199951171875,1141.300048828125,1139.0999755859375,1140.0999755859375,237454,0.0,0.0
2026-05-18 15:00:00+05:30,1140.300048828125,1145.5,1139.9000244140625,1141.0,1296043,0.0,0.0
2026-05-18 15:15:00+05:30,1141.0,1146.0999755859375,1139.9000244140625,1142.5,1138567,0.0,0.0
2026-05-19 09:15:00+05:30,1163.0,1197.199951171875,1163.0,1192.300048828125,2049038,0.0,0.0
2026-05-19 09:30:00+05:30,1192.5,1196.0999755859375,1190.5,1193.5999755859375,1386366,0.0,0.0
2026-05-19 09:45:00+05:30,1193.5999755859375,1194.5,1188.300048828125,1189.5999755859375,906426,0.0,0.0
2026-05-19 10:00:00+05:30,1189.699951171875,1193.0,1188.699951171875,1192.4000244140625,510089,0.0,0.0
2026-05-19 10:15:00+05:30,1192.4000244140625,1193.0,1188.800048828125,1191.0999755859375,865539,0.0,0.0
2026-05-19 10:30:00+05:30,1191.199951171875,1195.0999755859375,1189.4000244140625,1195.0999755859375,1948488,0.0,0.0
2026-05-19 10:45:00+05:30,1195.0999755859375,1195.0999755859375,1188.4000244140625,1190.9000244140625,1180628,0.0,0.0
2026-05-19 11:00:00+05:30,1191.0,1191.9000244140625,1189.199951171875,1190.5,909809,0.0,0.0
2026-05-19 11:15:00+05:30,1190.4000244140625,1190.9000244140625,1188.0,1188.800048828125,903906,0.0,0.0
2026-05-19 11:30:00+05:30,1189.0,1190.0,1186.5999755859375,1188.699951171875,1185435,0.0,0.0
2026-05-19 11:45:00+05:30,1188.699951171875,1189.800048828125,1187.4000244140625,1189.5,922230,0.0,0.0
2026-05-19 12:00:00+05:30,1189.5999755859375,1189.9000244140625,1186.199951171875,1187.199951171875,1257663,0.0,0.0
2026-05-19 12:15:00+05:30,1187.300048828125,1189.0999755859375,1185.699951171875,1187.0,1058840,0.0,0.0
2026-05-19 12:30:00+05:30,1187.300048828125,1189.0,1186.0999755859375,1188.4000244140625,901158,0.0,0.0
2026-05-19 12:45:00+05:30,1188.4000244140625,1189.199951171875,1187.5,1188.800048828125,981957,0.0,0.0
2026-05-19 13:00:00+05:30,1188.9000244140625,1191.4000244140625,1188.4000244140625,1189.800048828125,1060122,0.0,0.0
2026-05-19 13:15:00+05:30,1189.9000244140625,1190.5,1189.300048828125,1189.5999755859375,1099168,0.0,0.0
2026-05-19 13:30:00+05:30,1189.5,1190.5999755859375,1186.0999755859375,1186.0999755859375,1277708,0.0,0.0
2026-05-19 13:45:00+05:30,1186.199951171875,1188.800048828125,1184.5,1185.9000244140625,1291365,0.0,0.0
2026-05-19 14:00:00+05:30,1185.800048828125,1190.9000244140625,1185.5999755859375,1190.699951171875,993238,0.0,0.0
2026-05-19 14:15:00+05:30,1190.9000244140625,1193.300048828125,1190.0,1190.0,1345393,0.0,0.0
2026-05-19 14:30:00+05:30,1190.0,1193.9000244140625,1189.0,1193.199951171875,689994,0.0,0.0
2026-05-19 14:45:00+05:30,1192.9000244140625,1196.0,1192.0999755859375,1195.9000244140625,1179938,0.0,0.0
2026-05-19 15:00:00+05:30,1196.199951171875,1198.4000244140625,1195.0,1198.199951171875,2273428,0.0,0.0
2026-05-19 15:15:00+05:30,1198.199951171875,1198.199951171875,1193.0,1194.0,2031685,0.0,0.0
2026-05-20 09:15:00+05:30,1187.0,1201.0,1187.0,1199.800048828125,594615,0.0,0.0
2026-05-20 09:30:00+05:30,1199.9000244140625,1205.4000244140625,1199.5999755859375,1203.199951171875,902708,0.0,0.0
2026-05-20 09:45:00+05:30,1203.300048828125,1206.699951171875,1201.800048828125,1203.5,742032,0.0,0.0
2026-05-20 10:00:00+05:30,1204.0999755859375,1205.0,1195.0,1195.800048828125,643747,0.0,0.0
2026-05-20 10:15:00+05:30,1196.0,1197.5999755859375,1192.4000244140625,1195.199951171875,497794,0.0,0.0
2026-05-20 10:30:00+05:30,1195.199951171875,1196.300048828125,1193.9000244140625,1195.0,369759,0.0,0.0
2026-05-20 10:45:00+05:30,1195.0999755859375,1197.9000244140625,1193.4000244140625,1196.0999755859375,697320,0.0,0.0
2026-05-20 11:00:00+05:30,1196.0999755859375,1196.9000244140625,1194.0999755859375,1195.0,615624,0.0,0.0
2026-05-20 11:15:00+05:30,1195.0999755859375,1195.5,1192.0,1192.5,514517,0.0,0.0
2026-05-20 11:30:00+05:30,1192.699951171875,1193.0,1189.5,1190.0999755859375,375895,0.0,0.0
2026-05-20 11:45:00+05:30,1190.300048828125,1194.300048828125,1189.5,1191.5999755859375,387812,0.0,0.0
2026-05-20 12:00:00+05:30,1191.699951171875,1193.800048828125,1189.4000244140625,1192.800048828125,379586,0.0,0.0
2026-05-20 12:15:00+05:30,1192.9000244140625,1193.300048828125,1191.0,1191.300048828125,357231,0.0,0.0
2026-05-20 12:30:00+05:30,1191.300048828125,1193.0999755859375,1191.0,1191.199951171875,331597,0.0,0.0
2026-05-20 12:45:00+05:30,1191.300048828125,1192.9000244140625,1190.300048828125,1192.5999755859375,370768,0.0,0.0
2026-05-20 13:00:00+05:30,1192.699951171875,1194.199951171875,1191.199951171875,1192.5,550024,0.0,0.0
2026-05-20 13:15:00+05:30,1192.4000244140625,1193.5,1190.300048828125,1191.0,559603,0.0,0.0
2026-05-20 13:30:00+05:30,1191.0,1193.5,1190.9000244140625,1193.300048828125,436616,0.0,0.0
2026-05-20 13:45:00+05:30,1193.300048828125,1195.5,1193.300048828125,1194.300048828125,446786,0.0,0.0
2026-05-20 14:00:00+05:30,1194.4000244140625,1198.5999755859375,1192.5999755859375,1197.300048828125,324031,0.0,0.0
2026-05-20 14:15:00+05:30,1197.199951171875,1198.5,1196.199951171875,1197.5999755859375,316901,0.0,0.0
2026-05-20 14:30:00+05:30,1197.699951171875,1199.0999755859375,1196.0999755859375,1198.800048828125,379100,0.0,0.0
2026-05-20 14:45:00+05:30,1198.800048828125,1199.0999755859375,1195.199951171875,1195.199951171875,428295,0.0,0.0
2026-05-20 15:00:00+05:30,1195.300048828125,1197.9000244140625,1193.699951171875,1197.0999755859375,1171386,0.0,0.0
2026-05-20 15:15:00+05:30,1197.0999755859375,1197.300048828125,1186.199951171875,1189.699951171875,1677100,0.0,0.0
2026-05-21 09:15:00+05:30,1197.300048828125,1198.199951171875,1189.699951171875,1192.199951171875,373372,0.0,0.0
2026-05-21 09:30:00+05:30,1193.0,1193.9000244140625,1187.300048828125,1191.0,390512,0.0,0.0
2026-05-21 09:45:00+05:30,1190.9000244140625,1195.4000244140625,1190.4000244140625,1191.5,382677,0.0,0.0
2026-05-21 10:00:00+05:30,1191.199951171875,1191.5999755859375,1189.0999755859375,1189.5999755859375,255461,0.0,0.0
2026-05-21 10:15:00+05:30,1189.9000244140625,1192.0,1188.4000244140625,1189.5,318844,0.0,0.0
2026-05-21 10:30:00+05:30,1188.9000244140625,1190.0,1183.5,1185.699951171875,451591,0.0,0.0
2026-05-21 10:45:00+05:30,1185.800048828125,1187.300048828125,1183.800048828125,1184.800048828125,279663,0.0,0.0
2026-05-21 11:00:00+05:30,1185.0,1189.0,1183.9000244140625,1186.0,256648,0.0,0.0
2026-05-21 11:15:00+05:30,1186.0,1189.4000244140625,1183.0,1188.300048828125,339041,0.0,0.0
2026-05-21 11:30:00+05:30,1188.0,1190.199951171875,1187.0999755859375,1187.9000244140625,270597,0.0,0.0
2026-05-21 11:45:00+05:30,1188.0999755859375,1189.699951171875,1186.5,1189.699951171875,202005,0.0,0.0
2026-05-21 12:00:00+05:30,1189.699951171875,1190.5,1187.9000244140625,1187.9000244140625,336545,0.0,0.0
2026-05-21 12:15:00+05:30,1188.0999755859375,1188.0999755859375,1185.300048828125,1185.699951171875,286245,0.0,0.0
2026-05-21 12:30:00+05:30,1185.699951171875,1186.5999755859375,1183.199951171875,1185.699951171875,216612,0.0,0.0
2026-05-21 12:45:00+05:30,1185.699951171875,1186.0,1183.199951171875,1185.199951171875,232216,0.0,0.0
2026-05-21 13:00:00+05:30,1185.300048828125,1186.4000244140625,1183.800048828125,1184.199951171875,229086,0.0,0.0
2026-05-21 13:15:00+05:30,1184.300048828125,1184.800048828125,1181.699951171875,1181.800048828125,244963,0.0,0.0
2026-05-21 13:30:00+05:30,1182.0,1184.0,1181.5999755859375,1183.699951171875,302568,0.0,0.0
2026-05-21 13:45:00+05:30,1183.800048828125,1185.300048828125,1183.0,1184.699951171875,332623,0.0,0.0
2026-05-21 14:00:00+05:30,1184.800048828125,1185.0999755859375,1180.300048828125,1180.5999755859375,378510,0.0,0.0
2026-05-21 14:15:00+05:30,1180.9000244140625,1182.5,1179.4000244140625,1181.199951171875,240307,0.0,0.0
2026-05-21 14:30:00+05:30,1181.5,1184.0,1178.5,1178.9000244140625,493102,0.0,0.0
2026-05-21 14:45:00+05:30,1178.9000244140625,1181.5999755859375,1178.199951171875,1181.199951171875,399112,0.0,0.0
2026-05-21 15:00:00+05:30,1180.9000244140625,1183.800048828125,1180.0999755859375,1181.0,1211292,0.0,0.0
2026-05-21 15:15:00+05:30,1181.0,1183.0,1177.0999755859375,1178.5,898188,0.0,0.0
2026-05-22 09:15:00+05:30,1185.0,1185.0,1172.5999755859375,1174.800048828125,313694,0.0,0.0
2026-05-22 09:30:00+05:30,1175.0,1181.9000244140625,1175.0,1178.300048828125,374161,0.0,0.0
2026-05-22 09:45:00+05:30,1178.5999755859375,1183.0,1175.4000244140625,1181.0,323250,0.0,0.0
2026-05-22 10:00:00+05:30,1181.0,1182.300048828125,1179.0999755859375,1179.5,294381,0.0,0.0
2026-05-22 10:15:00+05:30,1179.5,1183.199951171875,1176.5999755859375,1182.0,316241,0.0,0.0
2026-05-22 10:30:00+05:30,1182.0,1191.800048828125,1181.9000244140625,1189.199951171875,318459,0.0,0.0
2026-05-22 10:45:00+05:30,1189.5999755859375,1190.0,1186.699951171875,1187.4000244140625,238468,0.0,0.0
2026-05-22 11:00:00+05:30,1187.4000244140625,1187.5999755859375,1184.800048828125,1186.4000244140625,242622,0.0,0.0
2026-05-22 11:15:00+05:30,1186.199951171875,1187.699951171875,1185.0999755859375,1186.5,247792,0.0,0.0
2026-05-22 11:30:00+05:30,1186.5,1187.300048828125,1183.4000244140625,1185.9000244140625,316984,0.0,0.0
2026-05-22 11:45:00+05:30,1185.800048828125,1187.5,1184.5,1186.0,361476,0.0,0.0
2026-05-22 12:00:00+05:30,1186.4000244140625,1186.4000244140625,1182.9000244140625,1184.5999755859375,413605,0.0,0.0
2026-05-22 12:15:00+05:30,1184.699951171875,1185.4000244140625,1181.300048828125,1181.5,300000,0.0,0.0
2026-05-22 12:30:00+05:30,1181.5,1181.800048828125,1179.300048828125,1181.0999755859375,226941,0.0,0.0
2026-05-22 12:45:00+05:30,1181.5,1182.800048828125,1180.0,1180.0,199713,0.0,0.0
2026-05-22 13:00:00+05:30,1180.0,1180.800048828125,1178.300048828125,1179.0999755859375,196664,0.0,0.0
2026-05-22 13:15:00+05:30,1179.199951171875,1179.699951171875,1176.0,1177.800048828125,252819,0.0,0.0
2026-05-22 13:30:00+05:30,1177.5999755859375,1178.0,1175.699951171875,1177.4000244140625,255378,0.0,0.0
2026-05-22 13:45:00+05:30,1177.5,1179.5999755859375,1175.4000244140625,1176.0,292437,0.0,0.0
2026-05-22 14:00:00+05:30,1176.300048828125,1177.300048828125,1175.199951171875,1175.800048828125,263562,0.0,0.0
2026-05-22 14:15:00+05:30,1175.800048828125,1177.9000244140625,1174.800048828125,1174.800048828125,334912,0.0,0.0
2026-05-22 14:30:00+05:30,1174.699951171875,1176.199951171875,1173.9000244140625,1174.0,224483,0.0,0.0
2026-05-22 14:45:00+05:30,1174.0,1177.699951171875,1174.0,1177.5,359712,0.0,0.0
2026-05-22 15:00:00+05:30,1177.300048828125,1177.300048828125,1173.0,1175.199951171875,965374,0.0,0.0
2026-05-22 15:15:00+05:30,1175.199951171875,1176.800048828125,1173.5999755859375,1175.0,788302,0.0,0.0
2026-05-25 09:15:00+05:30,1184.9000244140625,1184.9000244140625,1169.699951171875,1175.5,311788,0.0,0.0
2026-05-25 09:30:00+05:30,1175.5,1177.0,1172.0999755859375,1174.5999755859375,339907,0.0,0.0
2026-05-25 09:45:00+05:30,1174.0999755859375,1175.300048828125,1172.9000244140625,1173.300048828125,201017,0.0,0.0
2026-05-25 10:00:00+05:30,1173.9000244140625,1174.699951171875,1171.0,1173.699951171875,240070,0.0,0.0
2026-05-25 10:15:00+05:30,1173.800048828125,1177.800048828125,1172.800048828125,1173.4000244140625,214737,0.0,0.0
2026-05-25 10:30:00+05:30,1173.4000244140625,1177.5,1173.0999755859375,1177.0,177575,0.0,0.0
2026-05-25 10:45:00+05:30,1177.0999755859375,1178.5,1175.5999755859375,1178.0999755859375,169581,0.0,0.0
2026-05-25 11:00:00+05:30,1178.199951171875,1179.0,1176.800048828125,1177.5,140215,0.0,0.0
2026-05-25 11:15:00+05:30,1178.0,1178.5,1176.300048828125,1178.4000244140625,116681,0.0,0.0
2026-05-25 11:30:00+05:30,1178.4000244140625,1178.5999755859375,1176.699951171875,1177.800048828125,89775,0.0,0.0
2026-05-25 11:45:00+05:30,1177.9000244140625,1178.0999755859375,1175.0,1175.5999755859375,156252,0.0,0.0
2026-05-25 12:00:00+05:30,1175.4000244140625,1176.9000244140625,1173.699951171875,1174.0999755859375,168772,0.0,0.0
2026-05-25 12:15:00+05:30,1174.0999755859375,1174.0999755859375,1172.199951171875,1172.699951171875,161259,0.0,0.0
2026-05-25 12:30:00+05:30,1172.699951171875,1174.0999755859375,1172.300048828125,1174.0,117914,0.0,0.0
2026-05-25 12:45:00+05:30,1173.800048828125,1173.9000244140625,1171.0999755859375,1172.0,135435,0.0,0.0
2026-05-25 13:00:00+05:30,1172.199951171875,1174.5999755859375,1171.5999755859375,1172.5,143146,0.0,0.0
2026-05-25 13:15:00+05:30,1172.800048828125,1177.5,1172.5,1177.0,308606,0.0,0.0
2026-05-25 13:30:00+05:30,1177.0999755859375,1178.0999755859375,1173.199951171875,1173.4000244140625,288978,0.0,0.0
2026-05-25 13:45:00+05:30,1173.4000244140625,1173.5999755859375,1171.5,1171.699951171875,134612,0.0,0.0
2026-05-25 14:00:00+05:30,1172.0,1172.9000244140625,1171.4000244140625,1171.699951171875,102368,0.0,0.0
2026-05-25 14:15:00+05:30,1172.0,1173.199951171875,1170.699951171875,1172.0,212440,0.0,0.0
2026-05-25 14:30:00+05:30,1171.9000244140625,1173.0,1171.199951171875,1172.199951171875,289995,0.0,0.0
2026-05-25 14:45:00+05:30,1172.300048828125,1172.300048828125,1170.199951171875,1171.699951171875,225683,0.0,0.0
2026-05-25 15:00:00+05:30,1171.5999755859375,1171.5999755859375,1168.5999755859375,1169.199951171875,433746,0.0,0.0
2026-05-25 15:15:00+05:30,1169.0,1169.199951171875,1166.5,1168.0,588203,0.0,0.0
2026-05-26 09:15:00+05:30,1165.0999755859375,1179.800048828125,1163.9000244140625,1175.0999755859375,263175,0.0,0.0
2026-05-26 09:30:00+05:30,1174.9000244140625,1180.699951171875,1173.0,1178.800048828125,371537,0.0,0.0
2026-05-26 09:45:00+05:30,1178.5,1178.800048828125,1175.5,1176.5999755859375,196677,0.0,0.0
2026-05-26 10:00:00+05:30,1176.699951171875,1177.300048828125,1172.300048828125,1176.5999755859375,195315,0.0,0.0
2026-05-26 10:15:00+05:30,1176.9000244140625,1178.0,1174.800048828125,1177.0,234913,0.0,0.0
2026-05-26 10:30:00+05:30,1177.0,1179.0,1176.199951171875,1178.5999755859375,178221,0.0,0.0
2026-05-26 10:45:00+05:30,1178.699951171875,1178.9000244140625,1177.4000244140625,1178.4000244140625,161889,0.0,0.0
2026-05-26 11:00:00+05:30,1177.9000244140625,1179.9000244140625,1177.9000244140625,1179.4000244140625,233896,0.0,0.0
2026-05-26 11:15:00+05:30,1179.300048828125,1180.0,1174.800048828125,1174.800048828125,216708,0.0,0.0
2026-05-26 11:30:00+05:30,1174.800048828125,1178.300048828125,1173.199951171875,1177.0999755859375,228013,0.0,0.0
2026-05-26 11:45:00+05:30,1177.0999755859375,1177.800048828125,1175.0999755859375,1175.5,157444,0.0,0.0
2026-05-26 12:00:00+05:30,1175.4000244140625,1176.0,1172.5999755859375,1173.199951171875,218323,0.0,0.0
2026-05-26 12:15:00+05:30,1173.199951171875,1175.800048828125,1173.199951171875,1175.5999755859375,130537,0.0,0.0
2026-05-26 12:30:00+05:30,1175.5,1177.0,1174.0999755859375,1175.0999755859375,149737,0.0,0.0
2026-05-26 12:45:00+05:30,1175.0999755859375,1176.300048828125,1173.800048828125,1175.5,207016,0.0,0.0
2026-05-26 13:00:00+05:30,1175.5,1175.800048828125,1171.699951171875,1174.800048828125,278186,0.0,0.0
2026-05-26 13:15:00+05:30,1174.800048828125,1175.4000244140625,1173.5999755859375,1174.800048828125,202330,0.0,0.0
2026-05-26 13:30:00+05:30,1175.0,1177.0,1172.9000244140625,1173.0999755859375,231056,0.0,0.0
2026-05-26 13:45:00+05:30,1172.800048828125,1173.5,1168.5,1168.699951171875,402772,0.0,0.0
2026-05-26 14:00:00+05:30,1168.699951171875,1169.4000244140625,1165.5999755859375,1168.5999755859375,275100,0.0,0.0
2026-05-26 14:15:00+05:30,1168.5999755859375,1169.5999755859375,1167.800048828125,1168.300048828125,196935,0.0,0.0
2026-05-26 14:30:00+05:30,1168.300048828125,1169.0,1165.5,1166.699951171875,361093,0.0,0.0
2026-05-26 14:45:00+05:30,1166.699951171875,1168.5999755859375,1165.699951171875,1168.4000244140625,256002,0.0,0.0
2026-05-26 15:00:00+05:30,1168.0999755859375,1170.5,1166.0999755859375,1167.5,1330291,0.0,0.0
2026-05-26 15:15:00+05:30,1167.5,1168.0,1163.0,1166.5,948779,0.0,0.0
2026-05-27 09:15:00+05:30,1160.9000244140625,1166.800048828125,1155.300048828125,1159.4000244140625,293770,0.0,0.0
2026-05-27 09:30:00+05:30,1159.4000244140625,1162.800048828125,1159.300048828125,1160.699951171875,336809,0.0,0.0
2026-05-27 09:45:00+05:30,1160.0999755859375,1160.0999755859375,1157.0,1157.0,212868,0.0,0.0
2026-05-27 10:00:00+05:30,1157.0,1159.800048828125,1156.5,1159.800048828125,174662,0.0,0.0
2026-05-27 10:15:00+05:30,1159.5999755859375,1162.699951171875,1157.5,1158.699951171875,215031,0.0,0.0
2026-05-27 10:30:00+05:30,1158.5999755859375,1159.800048828125,1158.0,1159.0,151833,0.0,0.0
2026-05-27 10:45:00+05:30,1159.0,1162.699951171875,1158.0999755859375,1162.5,180841,0.0,0.0
2026-05-27 11:00:00+05:30,1162.5,1167.0,1161.5999755859375,1165.199951171875,316942,0.0,0.0
2026-05-27 11:15:00+05:30,1165.4000244140625,1165.4000244140625,1161.699951171875,1162.0,149979,0.0,0.0
2026-05-27 11:30:00+05:30,1162.0,1163.800048828125,1161.0999755859375,1162.5,134269,0.0,0.0
2026-05-27 11:45:00+05:30,1162.0999755859375,1164.300048828125,1162.0,1162.199951171875,134063,0.0,0.0
2026-05-27 12:00:00+05:30,1162.4000244140625,1163.699951171875,1162.0999755859375,1163.199951171875,99395,0.0,0.0
2026-05-27 12:15:00+05:30,1163.5,1164.0,1160.5,1161.0999755859375,187814,0.0,0.0
2026-05-27 12:30:00+05:30,1161.0,1162.5,1160.0,1162.0,91875,0.0,0.0
2026-05-27 12:45:00+05:30,1162.5999755859375,1162.5999755859375,1160.0999755859375,1160.5,74135,0.0,0.0
2026-05-27 13:00:00+05:30,1160.5,1162.0,1159.5,1160.0999755859375,160215,0.0,0.0
2026-05-27 13:15:00+05:30,1160.0,1161.300048828125,1158.199951171875,1160.800048828125,181810,0.0,0.0
2026-05-27 13:30:00+05:30,1161.0,1162.800048828125,1159.699951171875,1160.0,154397,0.0,0.0
2026-05-27 13:45:00+05:30,1159.800048828125,1161.0999755859375,1158.199951171875,1160.5,161500,0.0,0.0
2026-05-27 14:00:00+05:30,1160.5999755859375,1161.300048828125,1159.0,1159.199951171875,190376,0.0,0.0
2026-05-27 14:15:00+05:30,1159.199951171875,1162.0,1158.0,1158.199951171875,372884,0.0,0.0
2026-05-27 14:30:00+05:30,1158.4000244140625,1159.0999755859375,1155.800048828125,1155.9000244140625,393678,0.0,0.0
2026-05-27 14:45:00+05:30,1156.0,1157.9000244140625,1155.199951171875,1157.699951171875,250374,0.0,0.0
2026-05-27 15:00:00+05:30,1157.699951171875,1159.5,1156.0999755859375,1159.300048828125,476324,0.0,0.0
2026-05-27 15:15:00+05:30,1159.300048828125,1162.9000244140625,1159.199951171875,1161.800048828125,493331,0.0,0.0
2026-05-29 09:15:00+05:30,1183.5999755859375,1205.0,1180.5,1195.4000244140625,1243900,0.0,0.0
2026-05-29 09:30:00+05:30,1195.4000244140625,1205.0,1192.699951171875,1201.4000244140625,1058208,0.0,0.0
2026-05-29 09:45:00+05:30,1202.0,1207.9000244140625,1201.199951171875,1205.5999755859375,1035752,0.0,0.0
2026-05-29 10:00:00+05:30,1205.5,1210.0,1204.699951171875,1207.5,741090,0.0,0.0
2026-05-29 10:15:00+05:30,1207.5,1209.0,1204.0999755859375,1204.5,392525,0.0,0.0
2026-05-29 10:30:00+05:30,1204.699951171875,1206.0,1202.699951171875,1205.0,298492,0.0,0.0
2026-05-29 10:45:00+05:30,1205.0,1206.0,1200.699951171875,1201.800048828125,449582,0.0,0.0
2026-05-29 11:00:00+05:30,1201.699951171875,1205.0,1199.0,1203.800048828125,557790,0.0,0.0
2026-05-29 11:15:00+05:30,1204.0,1205.699951171875,1202.699951171875,1202.699951171875,580262,0.0,0.0
2026-05-29 11:30:00+05:30,1203.0999755859375,1206.9000244140625,1199.5999755859375,1204.800048828125,650186,0.0,0.0
2026-05-29 11:45:00+05:30,1204.5999755859375,1206.5,1202.800048828125,1204.800048828125,488878,0.0,0.0
2026-05-29 12:00:00+05:30,1204.300048828125,1205.0,1202.4000244140625,1203.199951171875,482077,0.0,0.0
2026-05-29 12:15:00+05:30,1203.199951171875,1204.0,1201.4000244140625,1202.0,544310,0.0,0.0
2026-05-29 12:30:00+05:30,1201.800048828125,1202.5,1200.4000244140625,1201.300048828125,437610,0.0,0.0
2026-05-29 12:45:00+05:30,1201.300048828125,1203.0,1200.4000244140625,1201.0,452924,0.0,0.0
2026-05-29 13:00:00+05:30,1201.199951171875,1201.699951171875,1199.199951171875,1199.5999755859375,490194,0.0,0.0
2026-05-29 13:15:00+05:30,1199.5,1200.0,1195.199951171875,1196.9000244140625,682516,0.0,0.0
2026-05-29 13:30:00+05:30,1196.800048828125,1197.5,1193.0,1193.0999755859375,626867,0.0,0.0
2026-05-29 13:45:00+05:30,1193.199951171875,1193.5999755859375,1187.5999755859375,1191.199951171875,751406,0.0,0.0
2026-05-29 14:00:00+05:30,1191.199951171875,1191.4000244140625,1188.300048828125,1189.5999755859375,631082,0.0,0.0
2026-05-29 14:15:00+05:30,1189.5999755859375,1191.5,1188.0,1188.5999755859375,485042,0.0,0.0
2026-05-29 14:30:00+05:30,1188.5,1194.199951171875,1187.0,1192.199951171875,563024,0.0,0.0
2026-05-29 14:45:00+05:30,1192.0999755859375,1196.800048828125,1190.800048828125,1192.4000244140625,605904,0.0,0.0
2026-05-29 15:00:00+05:30,1192.300048828125,1192.300048828125,1154.0,1160.0999755859375,31812590,0.0,0.0
2026-05-29 15:15:00+05:30,1161.4000244140625,1166.0,1154.5,1156.5,21724546,0.0,0.0
2026-06-01 09:15:00+05:30,1175.800048828125,1196.9000244140625,1175.800048828125,1196.0999755859375,856055,0.0,0.0
2026-06-01 09:30:00+05:30,1196.199951171875,1199.9000244140625,1193.699951171875,1199.5,1028175,0.0,0.0
2026-06-01 09:45:00+05:30,1200.5999755859375,1212.5,1198.5,1207.5999755859375,1662091,0.0,0.0
2026-06-01 10:00:00+05:30,1207.5,1209.800048828125,1205.0,1209.5,549593,0.0,0.0
2026-06-01 10:15:00+05:30,1209.4000244140625,1215.699951171875,1208.0,1212.4000244140625,1030043,0.0,0.0
2026-06-01 10:30:00+05:30,1212.0,1212.5,1208.0,1208.300048828125,507412,0.0,0.0
2026-06-01 10:45:00+05:30,1207.800048828125,1211.4000244140625,1205.5999755859375,1211.199951171875,419330,0.0,0.0
2026-06-01 11:00:00+05:30,1211.199951171875,1214.5,1211.199951171875,1214.0,546492,0.0,0.0
2026-06-01 11:15:00+05:30,1213.9000244140625,1214.4000244140625,1212.0,1213.4000244140625,369514,0.0,0.0
2026-06-01 11:30:00+05:30,1213.5999755859375,1213.800048828125,1211.199951171875,1211.300048828125,315791,0.0,0.0
2026-06-01 11:45:00+05:30,1211.300048828125,1213.5,1209.300048828125,1209.9000244140625,293761,0.0,0.0
2026-06-01 12:00:00+05:30,1209.699951171875,1213.800048828125,1208.4000244140625,1213.0999755859375,381361,0.0,0.0
2026-06-01 12:15:00+05:30,1213.0999755859375,1217.0,1213.0,1214.699951171875,628865,0.0,0.0
2026-06-01 12:30:00+05:30,1214.9000244140625,1214.9000244140625,1211.5999755859375,1212.4000244140625,206272,0.0,0.0
2026-06-01 12:45:00+05:30,1212.5,1213.699951171875,1212.300048828125,1213.5,350881,0.0,0.0
2026-06-01 13:00:00+05:30,1213.5,1213.800048828125,1210.5999755859375,1213.5,590986,0.0,0.0
2026-06-01 13:15:00+05:30,1213.300048828125,1214.0999755859375,1212.699951171875,1213.9000244140625,332791,0.0,0.0
2026-06-01 13:30:00+05:30,1213.800048828125,1214.300048828125,1212.800048828125,1213.300048828125,368501,0.0,0.0
2026-06-01 13:45:00+05:30,1213.300048828125,1213.699951171875,1212.0,1212.800048828125,318066,0.0,0.0
2026-06-01 14:00:00+05:30,1212.800048828125,1213.0,1210.0,1210.4000244140625,345967,0.0,0.0
2026-06-01 14:15:00+05:30,1210.5,1211.4000244140625,1205.5,1205.9000244140625,416565,0.0,0.0
2026-06-01 14:30:00+05:30,1205.800048828125,1207.5,1204.0,1206.5,518341,0.0,0.0
2026-06-01 14:45:00+05:30,1206.5999755859375,1207.5,1204.5999755859375,1206.300048828125,481127,0.0,0.0
2026-06-01 15:00:00+05:30,1205.5999755859375,1205.800048828125,1200.4000244140625,1202.4000244140625,3053205,0.0,0.0
2026-06-01 15:15:00+05:30,1202.5,1204.0999755859375,1200.199951171875,1203.5,2437530,0.0,0.0
2026-06-02 09:15:00+05:30,1233.5,1251.0,1233.5,1244.4000244140625,2048856,0.0,0.0
2026-06-02 09:30:00+05:30,1244.4000244140625,1255.5,1244.300048828125,1255.199951171875,3597991,0.0,0.0
2026-06-02 09:45:00+05:30,1254.800048828125,1259.699951171875,1252.800048828125,1259.5,2453314,0.0,0.0
2026-06-02 10:00:00+05:30,1259.800048828125,1264.5,1257.5,1260.800048828125,1505598,0.0,0.0
2026-06-02 10:15:00+05:30,1260.800048828125,1267.5,1260.4000244140625,1267.4000244140625,1197998,0.0,0.0
2026-06-02 10:30:00+05:30,1267.4000244140625,1276.9000244140625,1266.5999755859375,1275.0999755859375,2016519,0.0,0.0
2026-06-02 10:45:00+05:30,1274.800048828125,1274.800048828125,1266.300048828125,1266.699951171875,999075,0.0,0.0
2026-06-02 11:00:00+05:30,1266.699951171875,1273.300048828125,1266.699951171875,1272.300048828125,883318,0.0,0.0
2026-06-02 11:15:00+05:30,1272.300048828125,1274.9000244140625,1271.9000244140625,1274.300048828125,884385,0.0,0.0
2026-06-02 11:30:00+05:30,1274.5,1278.0,1273.199951171875,1276.800048828125,1130110,0.0,0.0
2026-06-02 11:45:00+05:30,1277.199951171875,1278.800048828125,1275.4000244140625,1276.800048828125,1115746,0.0,0.0
2026-06-02 12:00:00+05:30,1276.800048828125,1277.4000244140625,1270.800048828125,1271.0,937268,0.0,0.0
2026-06-02 12:15:00+05:30,1271.0999755859375,1272.699951171875,1267.199951171875,1272.0,1119154,0.0,0.0
2026-06-02 12:30:00+05:30,1271.9000244140625,1275.0,1271.9000244140625,1272.4000244140625,708498,0.0,0.0
2026-06-02 12:45:00+05:30,1272.0999755859375,1274.9000244140625,1266.0999755859375,1266.9000244140625,1067151,0.0,0.0
2026-06-02 13:00:00+05:30,1267.0,1269.800048828125,1266.300048828125,1268.0999755859375,712294,0.0,0.0
2026-06-02 13:15:00+05:30,1268.0,1268.0,1264.0999755859375,1264.9000244140625,855302,0.0,0.0
2026-06-02 13:30:00+05:30,1265.0,1266.0,1263.0999755859375,1264.5,897705,0.0,0.0
2026-06-02 13:45:00+05:30,1264.699951171875,1268.4000244140625,1263.0999755859375,1266.0999755859375,1106113,0.0,0.0
2026-06-02 14:00:00+05:30,1265.9000244140625,1271.699951171875,1265.199951171875,1270.9000244140625,1172819,0.0,0.0
2026-06-02 14:15:00+05:30,1270.9000244140625,1270.9000244140625,1266.800048828125,1267.0,1062590,0.0,0.0
2026-06-02 14:30:00+05:30,1267.0,1268.9000244140625,1265.5,1267.5999755859375,648064,0.0,0.0
2026-06-02 14:45:00+05:30,1267.699951171875,1269.9000244140625,1267.0,1267.699951171875,702966,0.0,0.0
2026-06-02 15:00:00+05:30,1267.699951171875,1272.0,1267.5999755859375,1271.9000244140625,1866784,0.0,0.0
2026-06-02 15:15:00+05:30,1271.9000244140625,1273.0,1268.0,1268.0999755859375,2674663,0.0,0.0
2026-06-03 09:15:00+05:30,1243.9000244140625,1246.5,1230.0999755859375,1235.0999755859375,1575586,0.0,0.0
2026-06-03 09:30:00+05:30,1235.199951171875,1235.699951171875,1223.699951171875,1224.300048828125,1387954,0.0,0.0
2026-06-03 09:45:00+05:30,1224.5999755859375,1227.4000244140625,1222.0,1223.5,964289,0.0,0.0
2026-06-03 10:00:00+05:30,1223.5,1224.5999755859375,1219.5,1220.0,783895,0.0,0.0
2026-06-03 10:15:00+05:30,1219.9000244140625,1224.5999755859375,1217.300048828125,1224.300048828125,735243,0.0,0.0
2026-06-03 10:30:00+05:30,1224.4000244140625,1228.5,1221.5999755859375,1224.800048828125,692260,0.0,0.0
2026-06-03 10:45:00+05:30,1224.699951171875,1231.800048828125,1223.699951171875,1228.699951171875,552848,0.0,0.0
2026-06-03 11:00:00+05:30,1228.4000244140625,1229.199951171875,1223.4000244140625,1226.0,513438,0.0,0.0
2026-06-03 11:15:00+05:30,1226.0,1228.0999755859375,1222.4000244140625,1223.800048828125,447064,0.0,0.0
2026-06-03 11:30:00+05:30,1223.800048828125,1225.5,1222.800048828125,1223.300048828125,346108,0.0,0.0
2026-06-03 11:45:00+05:30,1223.699951171875,1225.5,1216.0,1216.4000244140625,596036,0.0,0.0
2026-06-03 12:00:00+05:30,1216.300048828125,1219.9000244140625,1216.0,1216.5999755859375,584202,0.0,0.0
2026-06-03 12:15:00+05:30,1216.5999755859375,1221.5999755859375,1216.5,1220.800048828125,445346,0.0,0.0
2026-06-03 12:30:00+05:30,1221.0,1224.9000244140625,1220.4000244140625,1223.0999755859375,535080,0.0,0.0
2026-06-03 12:45:00+05:30,1222.9000244140625,1223.199951171875,1220.5,1221.199951171875,362366,0.0,0.0
2026-06-03 13:00:00+05:30,1221.199951171875,1222.800048828125,1220.5999755859375,1222.5,331691,0.0,0.0
2026-06-03 13:15:00+05:30,1223.5,1224.300048828125,1221.5999755859375,1223.0,385835,0.0,0.0
2026-06-03 13:30:00+05:30,1223.0,1223.5999755859375,1220.4000244140625,1220.5999755859375,353463,0.0,0.0
2026-06-03 13:45:00+05:30,1220.699951171875,1226.0,1220.5,1222.800048828125,444739,0.0,0.0
2026-06-03 14:00:00+05:30,1222.699951171875,1224.0999755859375,1219.699951171875,1220.9000244140625,486711,0.0,0.0
2026-06-03 14:15:00+05:30,1220.5999755859375,1222.9000244140625,1219.199951171875,1221.0,456801,0.0,0.0
2026-06-03 14:30:00+05:30,1221.0999755859375,1223.0,1220.300048828125,1221.5,441313,0.0,0.0
2026-06-03 14:45:00+05:30,1221.5,1222.699951171875,1220.5,1221.4000244140625,479176,0.0,0.0
2026-06-03 15:00:00+05:30,1221.5,1224.5999755859375,1219.800048828125,1224.5999755859375,1365139,0.0,0.0
2026-06-03 15:15:00+05:30,1224.699951171875,1224.699951171875,1218.800048828125,1220.5,1308945,0.0,0.0
2026-06-04 09:15:00+05:30,1208.0,1214.800048828125,1201.4000244140625,1207.9000244140625,411298,0.0,0.0
2026-06-04 09:30:00+05:30,1207.9000244140625,1210.0,1206.5999755859375,1206.5999755859375,459942,0.0,0.0
2026-06-04 09:45:00+05:30,1207.4000244140625,1208.0,1204.0999755859375,1207.300048828125,534864,0.0,0.0
2026-06-04 10:00:00+05:30,1207.300048828125,1207.300048828125,1203.4000244140625,1204.300048828125,400887,0.0,0.0
2026-06-04 10:15:00+05:30,1204.4000244140625,1205.699951171875,1196.199951171875,1200.199951171875,800087,0.0,0.0
2026-06-04 10:30:00+05:30,1200.199951171875,1203.5999755859375,1199.800048828125,1200.300048828125,279692,0.0,0.0
2026-06-04 10:45:00+05:30,1200.4000244140625,1205.0,1200.4000244140625,1204.300048828125,219192,0.0,0.0
2026-06-04 11:00:00+05:30,1204.300048828125,1204.4000244140625,1202.0999755859375,1203.199951171875,173051,0.0,0.0
2026-06-04 11:15:00+05:30,1203.4000244140625,1203.9000244140625,1202.0999755859375,1203.0999755859375,168111,0.0,0.0
2026-06-04 11:30:00+05:30,1202.5,1206.5,1202.5,1205.0999755859375,280962,0.0,0.0
2026-06-04 11:45:00+05:30,1204.699951171875,1205.5,1203.5,1204.0999755859375,313258,0.0,0.0
2026-06-04 12:00:00+05:30,1203.699951171875,1204.5,1202.4000244140625,1203.5,556736,0.0,0.0
2026-06-04 12:15:00+05:30,1203.5,1204.300048828125,1200.5999755859375,1201.300048828125,391371,0.0,0.0
2026-06-04 12:30:00+05:30,1201.300048828125,1201.300048828125,1199.0999755859375,1199.0999755859375,379486,0.0,0.0
2026-06-04 12:45:00+05:30,1199.199951171875,1205.5,1199.0,1205.5,315085,0.0,0.0
2026-06-04 13:00:00+05:30,1205.5,1205.800048828125,1202.0999755859375,1202.199951171875,361075,0.0,0.0
2026-06-04 13:15:00+05:30,1202.199951171875,1205.300048828125,1201.199951171875,1203.699951171875,882431,0.0,0.0
2026-06-04 13:30:00+05:30,1203.800048828125,1205.5,1202.4000244140625,1203.699951171875,176484,0.0,0.0
2026-06-04 13:45:00+05:30,1203.699951171875,1203.9000244140625,1201.5999755859375,1202.699951171875,342912,0.0,0.0
2026-06-04 14:00:00+05:30,1202.699951171875,1204.5999755859375,1202.699951171875,1203.9000244140625,315925,0.0,0.0
2026-06-04 14:15:00+05:30,1203.9000244140625,1204.5999755859375,1202.9000244140625,1204.5,165421,0.0,0.0
2026-06-04 14:30:00+05:30,1204.5,1206.4000244140625,1203.0,1203.5,372085,0.0,0.0
2026-06-04 14:45:00+05:30,1203.5999755859375,1204.0,1201.300048828125,1203.0,423849,0.0,0.0
2026-06-04 15:00:00+05:30,1202.800048828125,1202.800048828125,1199.0,1201.800048828125,1496637,0.0,0.0
2026-06-04 15:15:00+05:30,1201.800048828125,1206.0,1200.5,1206.0,1491678,0.0,0.0
2026-06-05 09:15:00+05:30,1218.0,1221.800048828125,1206.300048828125,1207.4000244140625,427574,0.0,0.0
2026-06-05 09:30:00+05:30,1207.9000244140625,1208.5999755859375,1205.0,1207.9000244140625,461453,0.0,0.0
2026-06-05 09:45:00+05:30,1208.0,1211.199951171875,1207.5999755859375,1207.5999755859375,177308,0.0,0.0
2026-06-05 10:00:00+05:30,1207.5,1210.0,1206.0999755859375,1209.5,200563,0.0,0.0
2026-06-05 10:15:00+05:30,1209.5,1209.800048828125,1204.9000244140625,1205.300048828125,407771,0.0,0.0
2026-06-05 10:30:00+05:30,1205.300048828125,1206.5999755859375,1202.199951171875,1206.5,242932,0.0,0.0
2026-06-05 10:45:00+05:30,1206.0,1206.5999755859375,1201.0,1202.800048828125,213400,0.0,0.0
2026-06-05 11:00:00+05:30,1203.0,1205.199951171875,1202.0999755859375,1202.800048828125,224909,0.0,0.0
2026-06-05 11:15:00+05:30,1202.800048828125,1202.800048828125,1200.300048828125,1200.699951171875,331432,0.0,0.0
2026-06-05 11:30:00+05:30,1201.4000244140625,1204.800048828125,1201.199951171875,1203.9000244140625,138270,0.0,0.0
2026-06-05 11:45:00+05:30,1204.4000244140625,1204.5999755859375,1201.199951171875,1201.9000244140625,128162,0.0,0.0
2026-06-05 12:00:00+05:30,1202.0,1202.0,1200.4000244140625,1201.800048828125,278543,0.0,0.0
2026-06-05 12:15:00+05:30,1201.800048828125,1202.5,1201.199951171875,1201.699951171875,87708,0.0,0.0
2026-06-05 12:30:00+05:30,1201.699951171875,1201.9000244140625,1199.4000244140625,1200.0,240645,0.0,0.0
2026-06-05 12:45:00+05:30,1200.0,1201.0,1199.300048828125,1199.9000244140625,210200,0.0,0.0
2026-06-05 13:00:00+05:30,1199.699951171875,1201.9000244140625,1199.699951171875,1201.0,92000,0.0,0.0
2026-06-05 13:15:00+05:30,1200.699951171875,1201.9000244140625,1199.5,1199.800048828125,110351,0.0,0.0
2026-06-05 13:30:00+05:30,1199.4000244140625,1201.199951171875,1199.0999755859375,1200.0,152039,0.0,0.0
2026-06-05 13:45:00+05:30,1200.0999755859375,1200.5999755859375,1197.300048828125,1197.699951171875,399835,0.0,0.0
2026-06-05 14:00:00+05:30,1197.800048828125,1198.5999755859375,1196.5,1197.699951171875,159502,0.0,0.0
2026-06-05 14:15:00+05:30,1197.5999755859375,1199.0,1197.199951171875,1198.5999755859375,132420,0.0,0.0
2026-06-05 14:30:00+05:30,1198.9000244140625,1200.800048828125,1194.5,1197.5,560634,0.0,0.0
2026-06-05 14:45:00+05:30,1197.699951171875,1200.0,1197.5,1198.800048828125,239220,0.0,0.0
2026-06-05 15:00:00+05:30,1199.0,1199.199951171875,1195.199951171875,1197.300048828125,1232093,0.0,0.0
2026-06-05 15:15:00+05:30,1197.4000244140625,1199.4000244140625,1196.5999755859375,1199.0,1213663,0.0,0.0
2026-06-08 09:15:00+05:30,1179.0,1187.5,1176.9000244140625,1178.800048828125,408807,0.0,0.0
2026-06-08 09:30:00+05:30,1178.5999755859375,1181.699951171875,1177.0,1179.5999755859375,279009,0.0,0.0
2026-06-08 09:45:00+05:30,1179.5999755859375,1186.699951171875,1179.5999755859375,1186.4000244140625,293054,0.0,0.0
2026-06-08 10:00:00+05:30,1186.4000244140625,1191.0,1186.0,1187.5,399639,0.0,0.0
2026-06-08 10:15:00+05:30,1187.0999755859375,1188.9000244140625,1185.5999755859375,1187.5,111402,0.0,0.0
2026-06-08 10:30:00+05:30,1187.5,1197.5999755859375,1187.0,1197.300048828125,561305,0.0,0.0
2026-06-08 10:45:00+05:30,1197.0,1200.0,1195.0,1199.199951171875,714805,0.0,0.0
2026-06-08 11:00:00+05:30,1199.199951171875,1200.199951171875,1193.0,1193.699951171875,344697,0.0,0.0
2026-06-08 11:15:00+05:30,1194.0,1194.4000244140625,1190.800048828125,1192.9000244140625,290759,0.0,0.0
2026-06-08 11:30:00+05:30,1192.9000244140625,1196.199951171875,1192.9000244140625,1194.800048828125,238339,0.0,0.0
2026-06-08 11:45:00+05:30,1194.800048828125,1197.5999755859375,1194.0,1196.0999755859375,183186,0.0,0.0
2026-06-08 12:00:00+05:30,1196.0999755859375,1197.199951171875,1194.5999755859375,1195.199951171875,116425,0.0,0.0
2026-06-08 12:15:00+05:30,1195.199951171875,1195.800048828125,1194.5,1195.0,133901,0.0,0.0
2026-06-08 12:30:00+05:30,1194.5999755859375,1195.199951171875,1191.5999755859375,1192.0,184639,0.0,0.0
2026-06-08 12:45:00+05:30,1192.300048828125,1194.5999755859375,1191.4000244140625,1191.5,104871,0.0,0.0
2026-06-08 13:00:00+05:30,1191.5,1192.300048828125,1187.5,1191.699951171875,257900,0.0,0.0
2026-06-08 13:15:00+05:30,1191.800048828125,1192.5,1190.800048828125,1191.9000244140625,157894,0.0,0.0
2026-06-08 13:30:00+05:30,1191.9000244140625,1192.4000244140625,1190.699951171875,1190.699951171875,250984,0.0,0.0
2026-06-08 13:45:00+05:30,1190.800048828125,1191.5999755859375,1188.5999755859375,1191.0999755859375,701493,0.0,0.0
2026-06-08 14:00:00+05:30,1191.0999755859375,1191.5999755859375,1188.0999755859375,1188.699951171875,156268,0.0,0.0
2026-06-08 14:15:00+05:30,1188.5999755859375,1188.800048828125,1186.5,1186.5,130390,0.0,0.0
2026-06-08 14:30:00+05:30,1186.300048828125,1188.5,1186.199951171875,1187.800048828125,144959,0.0,0.0
2026-06-08 14:45:00+05:30,1188.199951171875,1191.4000244140625,1187.5,1190.800048828125,204642,0.0,0.0
2026-06-08 15:00:00+05:30,1190.5,1190.5,1185.300048828125,1186.4000244140625,718954,0.0,0.0
2026-06-08 15:15:00+05:30,1186.5999755859375,1191.0,1184.699951171875,1187.0,905788,0.0,0.0
2026-06-09 09:15:00+05:30,1193.5,1193.5,1176.199951171875,1176.699951171875,494329,0.0,0.0
2026-06-09 09:30:00+05:30,1176.4000244140625,1177.5999755859375,1171.5,1171.5,634454,0.0,0.0
2026-06-09 09:45:00+05:30,1171.300048828125,1174.9000244140625,1170.199951171875,1172.9000244140625,375727,0.0,0.0
2026-06-09 10:00:00+05:30,1173.0999755859375,1174.4000244140625,1167.5,1167.9000244140625,341992,0.0,0.0
2026-06-09 10:15:00+05:30,1168.0,1171.300048828125,1167.699951171875,1170.699951171875,305268,0.0,0.0
2026-06-09 10:30:00+05:30,1170.699951171875,1171.9000244140625,1170.0,1171.5999755859375,302806,0.0,0.0
2026-06-09 10:45:00+05:30,1171.800048828125,1172.9000244140625,1170.300048828125,1171.0999755859375,180718,0.0,0.0
2026-06-09 11:00:00+05:30,1171.0999755859375,1176.5999755859375,1170.5,1175.0999755859375,262354,0.0,0.0
2026-06-09 11:15:00+05:30,1175.0999755859375,1176.4000244140625,1173.0999755859375,1174.4000244140625,272202,0.0,0.0
2026-06-09 11:30:00+05:30,1174.300048828125,1175.9000244140625,1173.0,1173.5,387927,0.0,0.0
2026-06-09 11:45:00+05:30,1173.5,1175.9000244140625,1173.0,1174.699951171875,395651,0.0,0.0
2026-06-09 12:00:00+05:30,1174.699951171875,1176.300048828125,1174.5,1175.699951171875,210188,0.0,0.0
2026-06-09 12:15:00+05:30,1175.699951171875,1176.199951171875,1174.0999755859375,1174.0999755859375,230995,0.0,0.0
2026-06-09 12:30:00+05:30,1174.0999755859375,1174.699951171875,1169.0999755859375,1169.5999755859375,331352,0.0,0.0
2026-06-09 12:45:00+05:30,1169.800048828125,1171.800048828125,1169.0,1171.5,231360,0.0,0.0
2026-06-09 13:00:00+05:30,1171.5,1172.9000244140625,1170.5,1172.800048828125,270133,0.0,0.0
2026-06-09 13:15:00+05:30,1172.800048828125,1175.0,1170.9000244140625,1172.0999755859375,372489,0.0,0.0
2026-06-09 13:30:00+05:30,1172.0999755859375,1175.4000244140625,1171.0,1174.0999755859375,275802,0.0,0.0
2026-06-09 13:45:00+05:30,1174.0999755859375,1174.5,1172.4000244140625,1173.199951171875,279317,0.0,0.0
2026-06-09 14:00:00+05:30,1173.5999755859375,1173.5999755859375,1172.0,1173.0,233941,0.0,0.0
2026-06-09 14:15:00+05:30,1173.699951171875,1175.0,1173.0,1174.9000244140625,311372,0.0,0.0
2026-06-09 14:30:00+05:30,1174.9000244140625,1175.5,1173.800048828125,1174.5,282878,0.0,0.0
2026-06-09 14:45:00+05:30,1174.4000244140625,1178.5,1173.9000244140625,1178.199951171875,543753,0.0,0.0
2026-06-09 15:00:00+05:30,1177.699951171875,1183.800048828125,1176.9000244140625,1180.0999755859375,1426865,0.0,0.0
2026-06-09 15:15:00+05:30,1180.0999755859375,1183.0999755859375,1179.5,1181.699951171875,1272104,0.0,0.0
2026-06-10 09:15:00+05:30,1162.0,1166.4000244140625,1159.9000244140625,1161.5,257527,25.0,0.0
2026-06-10 09:30:00+05:30,1161.5,1166.4000244140625,1160.199951171875,1165.300048828125,374157,0.0,0.0
2026-06-10 09:45:00+05:30,1165.199951171875,1171.4000244140625,1165.199951171875,1168.0,682213,0.0,0.0
2026-06-10 10:00:00+05:30,1168.300048828125,1169.199951171875,1163.199951171875,1163.300048828125,339902,0.0,0.0
2026-06-10 10:15:00+05:30,1163.0,1165.4000244140625,1160.5999755859375,1160.5999755859375,233533,0.0,0.0
2026-06-10 10:30:00+05:30,1160.199951171875,1160.4000244140625,1157.699951171875,1158.5,235167,0.0,0.0
2026-06-10 10:45:00+05:30,1158.5,1159.4000244140625,1158.0,1158.5999755859375,138053,0.0,0.0
2026-06-10 11:00:00+05:30,1159.4000244140625,1160.5999755859375,1158.0,1158.800048828125,215890,0.0,0.0
2026-06-10 11:15:00+05:30,1158.800048828125,1160.5999755859375,1154.5,1155.5,398457,0.0,0.0
2026-06-10 11:30:00+05:30,1155.5,1156.300048828125,1155.0,1155.0999755859375,152922,0.0,0.0
2026-06-10 11:45:00+05:30,1155.0999755859375,1157.5,1152.5,1156.800048828125,293237,0.0,0.0
2026-06-10 12:00:00+05:30,1157.199951171875,1157.300048828125,1153.9000244140625,1154.5999755859375,101318,0.0,0.0
2026-06-10 12:15:00+05:30,1154.800048828125,1154.800048828125,1150.9000244140625,1151.5,185092,0.0,0.0
2026-06-10 12:30:00+05:30,1151.5,1152.9000244140625,1150.9000244140625,1151.0999755859375,117831,0.0,0.0
2026-06-10 12:45:00+05:30,1151.0999755859375,1152.5999755859375,1150.0,1151.199951171875,347936,0.0,0.0
2026-06-10 13:00:00+05:30,1151.199951171875,1151.9000244140625,1149.0,1149.300048828125,170113,0.0,0.0
2026-06-10 13:15:00+05:30,1149.300048828125,1150.300048828125,1146.199951171875,1150.300048828125,381883,0.0,0.0
2026-06-10 13:30:00+05:30,1150.5999755859375,1152.9000244140625,1149.199951171875,1150.5,506602,0.0,0.0
2026-06-10 13:45:00+05:30,1150.4000244140625,1150.800048828125,1148.5,1149.800048828125,241141,0.0,0.0
2026-06-10 14:00:00+05:30,1149.699951171875,1150.4000244140625,1148.800048828125,1149.300048828125,112340,0.0,0.0
2026-06-10 14:15:00+05:30,1149.4000244140625,1150.199951171875,1147.5,1148.0,232695,0.0,0.0
2026-06-10 14:30:00+05:30,1148.0,1150.300048828125,1146.0999755859375,1147.0,510569,0.0,0.0
2026-06-10 14:45:00+05:30,1147.0,1147.300048828125,1145.0,1145.5999755859375,235822,0.0,0.0
2026-06-10 15:00:00+05:30,1145.5,1146.5999755859375,1143.5999755859375,1145.0999755859375,870121,0.0,0.0
2026-06-10 15:15:00+05:30,1145.0,1147.300048828125,1143.699951171875,1145.300048828125,891681,0.0,0.0
2026-06-11 09:15:00+05:30,1128.800048828125,1129.9000244140625,1111.300048828125,1114.800048828125,626828,0.0,0.0
2026-06-11 09:30:00+05:30,1114.699951171875,1116.0,1109.300048828125,1112.9000244140625,712446,0.0,0.0
2026-06-11 09:45:00+05:30,1112.800048828125,1116.5,1110.199951171875,1111.5999755859375,532023,0.0,0.0
2026-06-11 10:00:00+05:30,1111.800048828125,1114.199951171875,1110.699951171875,1111.300048828125,383292,0.0,0.0
2026-06-11 10:15:00+05:30,1111.4000244140625,1120.800048828125,1110.199951171875,1116.800048828125,586055,0.0,0.0
2026-06-11 10:30:00+05:30,1116.800048828125,1122.0,1116.5999755859375,1118.4000244140625,496180,0.0,0.0
2026-06-11 10:45:00+05:30,1118.0999755859375,1119.5,1116.300048828125,1118.5,217053,0.0,0.0
2026-06-11 11:00:00+05:30,1118.5,1122.4000244140625,1118.0,1118.0999755859375,237196,0.0,0.0
2026-06-11 11:15:00+05:30,1118.300048828125,1121.4000244140625,1116.0999755859375,1116.699951171875,223761,0.0,0.0
2026-06-11 11:30:00+05:30,1116.800048828125,1121.5,1116.199951171875,1120.4000244140625,236069,0.0,0.0
2026-06-11 11:45:00+05:30,1120.5,1124.9000244140625,1120.0,1123.0999755859375,270072,0.0,0.0
2026-06-11 12:00:00+05:30,1123.0999755859375,1125.5999755859375,1121.5999755859375,1122.5,190431,0.0,0.0
2026-06-11 12:15:00+05:30,1122.5,1124.9000244140625,1120.0,1120.300048828125,152112,0.0,0.0
2026-06-11 12:30:00+05:30,1120.800048828125,1124.800048828125,1120.0,1120.4000244140625,173600,0.0,0.0
2026-06-11 12:45:00+05:30,1120.4000244140625,1121.0,1117.5999755859375,1120.4000244140625,141086,0.0,0.0
2026-06-11 13:00:00+05:30,1120.4000244140625,1121.800048828125,1118.0999755859375,1119.199951171875,102808,0.0,0.0
2026-06-11 13:15:00+05:30,1119.0999755859375,1120.300048828125,1118.0,1119.0,136534,0.0,0.0
2026-06-11 13:30:00+05:30,1119.0,1119.9000244140625,1116.0,1116.0999755859375,159868,0.0,0.0
2026-06-11 13:45:00+05:30,1116.0,1117.0,1114.5,1115.5999755859375,197199,0.0,0.0
2026-06-11 14:00:00+05:30,1115.5999755859375,1116.800048828125,1114.9000244140625,1116.0,199899,0.0,0.0
2026-06-11 14:15:00+05:30,1116.0,1119.699951171875,1115.699951171875,1118.800048828125,205970,0.0,0.0
2026-06-11 14:30:00+05:30,1118.800048828125,1120.0,1116.5999755859375,1116.9000244140625,299960,0.0,0.0
2026-06-11 14:45:00+05:30,1117.0,1117.9000244140625,1115.300048828125,1115.800048828125,406172,0.0,0.0
2026-06-11 15:00:00+05:30,1116.0999755859375,1117.4000244140625,1112.0,1114.0,988468,0.0,0.0
2026-06-11 15:15:00+05:30,1114.0,1119.5999755859375,1113.9000244140625,1119.5,905546,0.0,0.0
2026-06-12 09:15:00+05:30,1121.0999755859375,1123.0999755859375,1114.5999755859375,1116.300048828125,282788,0.0,0.0
2026-06-12 09:30:00+05:30,1116.4000244140625,1118.4000244140625,1114.300048828125,1115.5,229315,0.0,0.0
2026-06-12 09:45:00+05:30,1114.800048828125,1114.800048828125,1111.5999755859375,1112.4000244140625,234290,0.0,0.0
2026-06-12 10:00:00+05:30,1112.5999755859375,1114.5,1111.9000244140625,1114.4000244140625,156191,0.0,0.0
2026-06-12 10:15:00+05:30,1114.5999755859375,1117.300048828125,1113.699951171875,1116.699951171875,211852,0.0,0.0
2026-06-12 10:30:00+05:30,1117.0,1120.800048828125,1115.199951171875,1120.5999755859375,250181,0.0,0.0
2026-06-12 10:45:00+05:30,1120.5,1121.5999755859375,1118.5999755859375,1118.800048828125,183055,0.0,0.0
2026-06-12 11:00:00+05:30,1118.9000244140625,1123.0,1118.5,1120.800048828125,153598,0.0,0.0
2026-06-12 11:15:00+05:30,1120.800048828125,1121.4000244140625,1117.0999755859375,1117.5999755859375,99325,0.0,0.0
2026-06-12 11:30:00+05:30,1117.5999755859375,1118.4000244140625,1117.0,1117.699951171875,78713,0.0,0.0
2026-06-12 11:45:00+05:30,1117.9000244140625,1119.0,1117.5,1118.5999755859375,72278,0.0,0.0
2026-06-12 12:00:00+05:30,1118.5,1119.5,1117.800048828125,1118.0999755859375,142860,0.0,0.0
2026-06-12 12:15:00+05:30,1118.0,1119.300048828125,1117.5999755859375,1118.9000244140625,106783,0.0,0.0
2026-06-12 12:30:00+05:30,1119.0,1119.9000244140625,1117.300048828125,1117.9000244140625,186689,0.0,0.0
2026-06-12 12:45:00+05:30,1117.9000244140625,1118.0999755859375,1116.699951171875,1117.0999755859375,160435,0.0,0.0
2026-06-12 13:00:00+05:30,1117.0,1117.300048828125,1115.4000244140625,1115.5999755859375,156759,0.0,0.0
2026-06-12 13:15:00+05:30,1115.699951171875,1118.5,1114.199951171875,1117.0,120828,0.0,0.0
2026-06-12 13:30:00+05:30,1116.9000244140625,1118.0999755859375,1115.699951171875,1117.199951171875,141424,0.0,0.0
2026-06-12 13:45:00+05:30,1117.9000244140625,1119.4000244140625,1117.199951171875,1118.300048828125,149920,0.0,0.0
2026-06-12 14:00:00+05:30,1118.5,1118.9000244140625,1117.0999755859375,1117.699951171875,114434,0.0,0.0
2026-06-12 14:15:00+05:30,1117.800048828125,1118.5,1113.4000244140625,1114.5,443473,0.0,0.0
2026-06-12 14:30:00+05:30,1114.5999755859375,1115.0,1112.5,1113.800048828125,637423,0.0,0.0
2026-06-12 14:45:00+05:30,1113.800048828125,1115.800048828125,1113.5,1114.9000244140625,591120,0.0,0.0
2026-06-12 15:00:00+05:30,1115.0,1119.5999755859375,1113.800048828125,1116.0,980376,0.0,0.0
2026-06-12 15:15:00+05:30,1115.9000244140625,1119.0,1115.0,1116.4000244140625,1796179,0.0,0.0
2026-06-15 09:15:00+05:30,1130.0,1134.0,1123.5,1127.5999755859375,216456,0.0,0.0
2026-06-15 09:30:00+05:30,1128.199951171875,1129.9000244140625,1124.0,1129.9000244140625,261428,0.0,0.0
2026-06-15 09:45:00+05:30,1129.800048828125,1130.800048828125,1125.5,1126.0,200804,0.0,0.0
2026-06-15 10:00:00+05:30,1126.300048828125,1127.0,1124.5,1125.199951171875,122086,0.0,0.0
2026-06-15 10:15:00+05:30,1125.5,1132.199951171875,1124.5999755859375,1131.5999755859375,328104,0.0,0.0
2026-06-15 10:30:00+05:30,1132.0,1133.5,1130.5,1132.800048828125,304207,0.0,0.0
2026-06-15 10:45:00+05:30,1132.9000244140625,1148.800048828125,1132.0999755859375,1146.0999755859375,630830,0.0,0.0
2026-06-15 11:00:00+05:30,1146.4000244140625,1151.0,1140.800048828125,1147.800048828125,501071,0.0,0.0
2026-06-15 11:15:00+05:30,1147.699951171875,1147.699951171875,1143.300048828125,1143.9000244140625,212818,0.0,0.0
2026-06-15 11:30:00+05:30,1143.9000244140625,1143.9000244140625,1137.699951171875,1138.0,358186,0.0,0.0
2026-06-15 11:45:00+05:30,1137.699951171875,1142.699951171875,1135.699951171875,1140.4000244140625,371412,0.0,0.0
2026-06-15 12:00:00+05:30,1140.800048828125,1141.699951171875,1139.199951171875,1140.699951171875,119778,0.0,0.0
2026-06-15 12:15:00+05:30,1140.699951171875,1140.699951171875,1135.699951171875,1137.0,289382,0.0,0.0
2026-06-15 12:30:00+05:30,1137.0,1138.4000244140625,1136.4000244140625,1138.4000244140625,71877,0.0,0.0
2026-06-15 12:45:00+05:30,1138.4000244140625,1139.9000244140625,1135.300048828125,1136.0,287286,0.0,0.0
2026-06-15 13:00:00+05:30,1136.0,1136.9000244140625,1135.199951171875,1135.5999755859375,509910,0.0,0.0
2026-06-15 13:15:00+05:30,1135.5999755859375,1136.800048828125,1135.0,1136.199951171875,110700,0.0,0.0
2026-06-15 13:30:00+05:30,1136.5999755859375,1137.0999755859375,1135.0,1135.5,206605,0.0,0.0
2026-06-15 13:45:00+05:30,1135.699951171875,1137.5999755859375,1134.199951171875,1136.800048828125,152029,0.0,0.0
2026-06-15 14:00:00+05:30,1137.199951171875,1138.699951171875,1136.800048828125,1137.300048828125,173842,0.0,0.0
2026-06-15 14:15:00+05:30,1137.5,1138.0,1135.5999755859375,1136.300048828125,344183,0.0,0.0
2026-06-15 14:30:00+05:30,1136.699951171875,1137.9000244140625,1135.699951171875,1136.0,194445,0.0,0.0
2026-06-15 14:45:00+05:30,1136.0999755859375,1137.0,1135.300048828125,1135.5,204784,0.0,0.0
2026-06-15 15:00:00+05:30,1136.0999755859375,1137.0,1132.5999755859375,1134.699951171875,684927,0.0,0.0
2026-06-15 15:15:00+05:30,1134.699951171875,1136.800048828125,1134.4000244140625,1134.9000244140625,577495,0.0,0.0
2026-06-16 09:15:00+05:30,1131.5,1139.5,1123.4000244140625,1136.5999755859375,569846,0.0,0.0
2026-06-16 09:30:00+05:30,1136.5999755859375,1145.4000244140625,1136.0,1142.5999755859375,595917,0.0,0.0
2026-06-16 09:45:00+05:30,1142.800048828125,1144.0,1140.4000244140625,1143.0999755859375,292429,0.0,0.0
2026-06-16 10:00:00+05:30,1143.300048828125,1144.800048828125,1140.199951171875,1141.800048828125,214686,0.0,0.0
2026-06-16 10:15:00+05:30,1141.800048828125,1153.300048828125,1141.699951171875,1148.199951171875,535990,0.0,0.0
2026-06-16 10:30:00+05:30,1148.199951171875,1153.699951171875,1144.800048828125,1145.199951171875,274239,0.0,0.0
2026-06-16 10:45:00+05:30,1145.0999755859375,1146.0999755859375,1143.5,1144.800048828125,272282,0.0,0.0
2026-06-16 11:00:00+05:30,1144.9000244140625,1145.800048828125,1142.0,1143.300048828125,199099,0.0,0.0
2026-06-16 11:15:00+05:30,1143.300048828125,1143.800048828125,1136.4000244140625,1136.5999755859375,318743,0.0,0.0
2026-06-16 11:30:00+05:30,1136.5999755859375,1138.800048828125,1134.800048828125,1135.5,377400,0.0,0.0
2026-06-16 11:45:00+05:30,1135.5,1139.5999755859375,1134.0,1137.4000244140625,349981,0.0,0.0
2026-06-16 12:00:00+05:30,1137.300048828125,1138.0,1136.300048828125,1136.9000244140625,122154,0.0,0.0
2026-06-16 12:15:00+05:30,1136.800048828125,1138.4000244140625,1135.800048828125,1138.300048828125,120962,0.0,0.0
2026-06-16 12:30:00+05:30,1138.300048828125,1139.4000244140625,1136.5999755859375,1138.0,211403,0.0,0.0
2026-06-16 12:45:00+05:30,1137.800048828125,1139.5,1137.199951171875,1138.5,105083,0.0,0.0
2026-06-16 13:00:00+05:30,1138.5999755859375,1141.300048828125,1137.4000244140625,1140.0999755859375,1120956,0.0,0.0
2026-06-16 13:15:00+05:30,1140.0999755859375,1142.0999755859375,1139.0,1142.0,278006,0.0,0.0
2026-06-16 13:30:00+05:30,1142.0,1142.5999755859375,1141.0999755859375,1141.5999755859375,190839,0.0,0.0
2026-06-16 13:45:00+05:30,1141.300048828125,1141.800048828125,1139.0,1141.0,124071,0.0,0.0
2026-06-16 14:00:00+05:30,1140.9000244140625,1142.800048828125,1140.5,1142.5,421237,0.0,0.0
2026-06-16 14:15:00+05:30,1142.699951171875,1143.699951171875,1141.800048828125,1143.0999755859375,191586,0.0,0.0
2026-06-16 14:30:00+05:30,1143.0,1148.5999755859375,1142.199951171875,1145.5,384644,0.0,0.0
2026-06-16 14:45:00+05:30,1145.5,1148.0,1144.199951171875,1145.5,464077,0.0,0.0
2026-06-16 15:00:00+05:30,1145.9000244140625,1146.4000244140625,1141.5999755859375,1143.4000244140625,950728,0.0,0.0
2026-06-16 15:15:00+05:30,1143.4000244140625,1146.0,1142.300048828125,1145.0,864949,0.0,0.0
2026-06-17 09:15:00+05:30,1149.199951171875,1160.5,1148.0,1158.199951171875,380843,0.0,0.0
2026-06-17 09:30:00+05:30,1157.300048828125,1162.5,1156.699951171875,1156.699951171875,458524,0.0,0.0
2026-06-17 09:45:00+05:30,1157.0,1158.5999755859375,1154.0999755859375,1157.699951171875,256880,0.0,0.0
2026-06-17 10:00:00+05:30,1158.0,1158.0,1151.4000244140625,1151.9000244140625,229400,0.0,0.0
2026-06-17 10:15:00+05:30,1151.9000244140625,1156.9000244140625,1151.5999755859375,1155.199951171875,160108,0.0,0.0
2026-06-17 10:30:00+05:30,1155.5,1157.9000244140625,1154.9000244140625,1157.800048828125,202342,0.0,0.0
2026-06-17 10:45:00+05:30,1158.199951171875,1162.4000244140625,1157.300048828125,1160.300048828125,293822,0.0,0.0
2026-06-17 11:00:00+05:30,1160.5999755859375,1161.5,1157.0,1158.300048828125,166068,0.0,0.0
2026-06-17 11:15:00+05:30,1158.4000244140625,1158.5,1156.5999755859375,1157.0999755859375,121032,0.0,0.0
2026-06-17 11:30:00+05:30,1157.0999755859375,1159.5,1155.0999755859375,1155.699951171875,162377,0.0,0.0
2026-06-17 11:45:00+05:30,1155.699951171875,1156.800048828125,1154.0999755859375,1155.4000244140625,194802,0.0,0.0
2026-06-17 12:00:00+05:30,1156.0,1156.0,1154.0,1155.9000244140625,145996,0.0,0.0
2026-06-17 12:15:00+05:30,1155.9000244140625,1156.0999755859375,1154.300048828125,1154.9000244140625,117095,0.0,0.0
2026-06-17 12:30:00+05:30,1154.9000244140625,1155.699951171875,1153.5999755859375,1155.5,139751,0.0,0.0
2026-06-17 12:45:00+05:30,1155.4000244140625,1158.0,1155.0999755859375,1157.4000244140625,131980,0.0,0.0
2026-06-17 13:00:00+05:30,1157.9000244140625,1157.9000244140625,1156.4000244140625,1156.5999755859375,81504,0.0,0.0
2026-06-17 13:15:00+05:30,1156.300048828125,1158.699951171875,1156.199951171875,1158.199951171875,102418,0.0,0.0
2026-06-17 13:30:00+05:30,1158.199951171875,1159.199951171875,1157.5,1158.699951171875,91288,0.0,0.0
2026-06-17 13:45:00+05:30,1159.0999755859375,1159.5,1156.5999755859375,1157.5999755859375,140426,0.0,0.0
2026-06-17 14:00:00+05:30,1157.699951171875,1160.0,1157.199951171875,1157.4000244140625,104306,0.0,0.0
2026-06-17 14:15:00+05:30,1157.4000244140625,1158.5,1156.0,1156.0999755859375,143338,0.0,0.0
2026-06-17 14:30:00+05:30,1156.0999755859375,1159.5,1155.5,1159.0,182867,0.0,0.0
2026-06-17 14:45:00+05:30,1158.9000244140625,1160.5,1158.4000244140625,1160.0,609743,0.0,0.0
2026-06-17 15:00:00+05:30,1159.9000244140625,1160.300048828125,1156.5,1157.0999755859375,458023,0.0,0.0
2026-06-17 15:15:00+05:30,1157.0,1157.5,1155.0,1156.4000244140625,434570,0.0,0.0
2026-06-18 09:15:00+05:30,1142.0999755859375,1142.0999755859375,1125.5999755859375,1130.300048828125,923594,0.0,0.0
2026-06-18 09:30:00+05:30,1130.300048828125,1130.800048828125,1127.0,1129.5999755859375,985832,0.0,0.0
2026-06-18 09:45:00+05:30,1129.0999755859375,1133.0,1129.0999755859375,1131.699951171875,509411,0.0,0.0
2026-06-18 10:00:00+05:30,1131.9000244140625,1138.300048828125,1130.5,1135.0,681690,0.0,0.0
2026-06-18 10:15:00+05:30,1135.0,1136.699951171875,1132.5,1136.0999755859375,387548,0.0,0.0
2026-06-18 10:30:00+05:30,1136.0999755859375,1137.0,1134.0,1135.0,337030,0.0,0.0
2026-06-18 10:45:00+05:30,1134.9000244140625,1136.0,1134.0999755859375,1134.9000244140625,196784,0.0,0.0
2026-06-18 11:00:00+05:30,1134.9000244140625,1136.5,1133.0,1133.4000244140625,265966,0.0,0.0
2026-06-18 11:15:00+05:30,1133.699951171875,1133.800048828125,1128.5999755859375,1130.5,691533,0.0,0.0
2026-06-18 11:30:00+05:30,1130.800048828125,1132.199951171875,1130.199951171875,1131.800048828125,683993,0.0,0.0
2026-06-18 11:45:00+05:30,1131.800048828125,1132.800048828125,1131.0999755859375,1132.5,420047,0.0,0.0
2026-06-18 12:00:00+05:30,1132.5,1134.0999755859375,1131.5999755859375,1132.199951171875,299191,0.0,0.0
2026-06-18 12:15:00+05:30,1132.199951171875,1132.5,1131.0,1131.9000244140625,546394,0.0,0.0
2026-06-18 12:30:00+05:30,1132.0,1132.5,1130.0999755859375,1131.5,536394,0.0,0.0
2026-06-18 12:45:00+05:30,1131.5,1132.9000244140625,1130.800048828125,1132.0999755859375,234659,0.0,0.0
2026-06-18 13:00:00+05:30,1132.199951171875,1132.5,1131.300048828125,1132.300048828125,306558,0.0,0.0
2026-06-18 13:15:00+05:30,1132.300048828125,1132.800048828125,1131.5,1131.5,269610,0.0,0.0
2026-06-18 13:30:00+05:30,1131.5999755859375,1132.4000244140625,1130.800048828125,1131.800048828125,395987,0.0,0.0
2026-06-18 13:45:00+05:30,1131.800048828125,1132.9000244140625,1131.4000244140625,1132.300048828125,354679,0.0,0.0
2026-06-18 14:00:00+05:30,1132.300048828125,1132.300048828125,1131.0,1131.4000244140625,406369,0.0,0.0
2026-06-18 14:15:00+05:30,1131.0999755859375,1131.5,1128.199951171875,1128.5,560620,0.0,0.0
2026-06-18 14:30:00+05:30,1128.5999755859375,1129.9000244140625,1127.5,1128.300048828125,596289,0.0,0.0
2026-06-18 14:45:00+05:30,1128.4000244140625,1129.5,1127.699951171875,1127.9000244140625,771162,0.0,0.0
2026-06-18 15:00:00+05:30,1128.0,1128.5999755859375,1126.0,1127.199951171875,2249296,0.0,0.0
2026-06-18 15:15:00+05:30,1127.4000244140625,1128.5,1126.199951171875,1128.0,1754319,0.0,0.0
2026-06-19 09:15:00+05:30,1057.800048828125,1057.800048828125,1032.5,1032.5,4230785,0.0,0.0
2026-06-19 09:30:00+05:30,1032.5,1040.5,1030.0999755859375,1036.9000244140625,3871280,0.0,0.0
2026-06-19 09:45:00+05:30,1036.699951171875,1044.4000244140625,1035.0,1041.0,2544050,0.0,0.0
2026-06-19 10:00:00+05:30,1040.9000244140625,1046.4000244140625,1040.199951171875,1043.5,2110104,0.0,0.0
2026-06-19 10:15:00+05:30,1043.300048828125,1044.4000244140625,1040.0999755859375,1041.0999755859375,1579595,0.0,0.0
2026-06-19 10:30:00+05:30,1041.199951171875,1042.0,1040.0,1040.699951171875,818863,0.0,0.0
2026-06-19 10:45:00+05:30,1040.699951171875,1042.800048828125,1037.0,1037.300048828125,1211996,0.0,0.0
2026-06-19 11:00:00+05:30,1037.300048828125,1040.5,1037.0999755859375,1038.4000244140625,743706,0.0,0.0
2026-06-19 11:15:00+05:30,1038.699951171875,1040.0,1038.0,1038.800048828125,628148,0.0,0.0
2026-06-19 11:30:00+05:30,1039.0,1039.800048828125,1038.0,1039.5,572865,0.0,0.0
2026-06-19 11:45:00+05:30,1039.5,1039.5999755859375,1037.5999755859375,1038.0999755859375,608810,0.0,0.0
2026-06-19 12:00:00+05:30,1038.0,1043.0,1038.0,1042.5999755859375,1025385,0.0,0.0
2026-06-19 12:15:00+05:30,1042.800048828125,1042.9000244140625,1041.199951171875,1041.800048828125,682228,0.0,0.0
2026-06-19 12:30:00+05:30,1041.800048828125,1042.4000244140625,1040.0,1042.0,706442,0.0,0.0
2026-06-19 12:45:00+05:30,1041.9000244140625,1044.0,1040.4000244140625,1041.9000244140625,836652,0.0,0.0
2026-06-19 13:00:00+05:30,1041.5,1041.9000244140625,1039.300048828125,1039.9000244140625,541718,0.0,0.0
2026-06-19 13:15:00+05:30,1039.699951171875,1040.699951171875,1039.0999755859375,1040.0,441211,0.0,0.0
2026-06-19 13:30:00+05:30,1040.300048828125,1040.800048828125,1039.5,1040.5,576908,0.0,0.0
2026-06-19 13:45:00+05:30,1040.5,1043.0,1040.0,1042.5999755859375,798951,0.0,0.0
2026-06-19 14:00:00+05:30,1042.5999755859375,1042.800048828125,1040.5999755859375,1041.5999755859375,610620,0.0,0.0
2026-06-19 14:15:00+05:30,1042.0,1043.300048828125,1041.0,1042.300048828125,634149,0.0,0.0
2026-06-19 14:30:00+05:30,1042.300048828125,1042.9000244140625,1041.300048828125,1042.0,673270,0.0,0.0
2026-06-19 14:45:00+05:30,1042.0999755859375,1043.699951171875,1040.0999755859375,1041.0,1105164,0.0,0.0
2026-06-19 15:00:00+05:30,1040.800048828125,1055.0,1040.800048828125,1054.699951171875,6636132,0.0,0.0
2026-06-19 15:15:00+05:30,1054.699951171875,1056.9000244140625,1052.5999755859375,1054.5999755859375,4973481,0.0,0.0
2026-06-22 09:15:00+05:30,1056.9000244140625,1071.5999755859375,1056.9000244140625,1063.699951171875,672705,0.0,0.0
2026-06-22 09:30:00+05:30,1063.800048828125,1065.0,1059.5,1063.9000244140625,622379,0.0,0.0
2026-06-22 09:45:00+05:30,1064.0,1066.699951171875,1063.0999755859375,1065.5,452193,0.0,0.0
2026-06-22 10:00:00+05:30,1065.300048828125,1065.5,1063.5,1064.5999755859375,189055,0.0,0.0
2026-06-22 10:15:00+05:30,1064.300048828125,1065.0,1063.4000244140625,1063.699951171875,143601,0.0,0.0
2026-06-22 10:30:00+05:30,1063.699951171875,1063.699951171875,1059.5999755859375,1062.0999755859375,256913,0.0,0.0
2026-06-22 10:45:00+05:30,1062.300048828125,1070.0,1061.699951171875,1069.0999755859375,533293,0.0,0.0
2026-06-22 11:00:00+05:30,1069.0,1070.9000244140625,1068.0,1069.5999755859375,415365,0.0,0.0
2026-06-22 11:15:00+05:30,1069.699951171875,1069.699951171875,1067.0999755859375,1068.0999755859375,149431,0.0,0.0
2026-06-22 11:30:00+05:30,1068.0,1068.5,1067.0,1067.199951171875,117922,0.0,0.0
2026-06-22 11:45:00+05:30,1067.300048828125,1067.800048828125,1065.300048828125,1065.9000244140625,108247,0.0,0.0
2026-06-22 12:00:00+05:30,1066.0,1066.5,1065.199951171875,1066.0,103586,0.0,0.0
2026-06-22 12:15:00+05:30,1066.0,1067.699951171875,1064.4000244140625,1066.5999755859375,162323,0.0,0.0
2026-06-22 12:30:00+05:30,1066.5,1069.0,1066.0,1067.5999755859375,156923,0.0,0.0
2026-06-22 12:45:00+05:30,1067.5,1068.300048828125,1066.9000244140625,1067.5,111247,0.0,0.0
2026-06-22 13:00:00+05:30,1067.5999755859375,1067.699951171875,1066.0,1066.4000244140625,107236,0.0,0.0
2026-06-22 13:15:00+05:30,1066.300048828125,1067.300048828125,1066.0,1066.9000244140625,111670,0.0,0.0
2026-06-22 13:30:00+05:30,1067.0,1067.5,1065.0,1066.5999755859375,173744,0.0,0.0
2026-06-22 13:45:00+05:30,1066.9000244140625,1070.0999755859375,1065.9000244140625,1070.0,449153,0.0,0.0
2026-06-22 14:00:00+05:30,1070.0,1075.5999755859375,1069.699951171875,1074.699951171875,730381,0.0,0.0
2026-06-22 14:15:00+05:30,1075.0,1080.0999755859375,1073.5,1080.0,793947,0.0,0.0
2026-06-22 14:30:00+05:30,1080.0999755859375,1080.0999755859375,1072.199951171875,1072.699951171875,615598,0.0,0.0
2026-06-22 14:45:00+05:30,1072.699951171875,1073.5,1070.5,1070.5,253166,0.0,0.0
2026-06-22 15:00:00+05:30,1071.0,1071.199951171875,1064.0999755859375,1064.5999755859375,702061,0.0,0.0
2026-06-22 15:15:00+05:30,1064.5999755859375,1066.0999755859375,1062.0,1065.0,782761,0.0,0.0
2026-06-23 09:15:00+05:30,1053.0,1053.0,1034.300048828125,1040.0999755859375,1183609,0.0,0.0
2026-06-23 09:30:00+05:30,1040.0999755859375,1041.0,1036.699951171875,1037.5,1286966,0.0,0.0
2026-06-23 09:45:00+05:30,1037.4000244140625,1037.5999755859375,1034.300048828125,1035.5999755859375,1431059,0.0,0.0
2026-06-23 10:00:00+05:30,1035.5999755859375,1037.699951171875,1035.5,1035.800048828125,631412,0.0,0.0
2026-06-23 10:15:00+05:30,1035.800048828125,1037.300048828125,1034.5,1035.0,585892,0.0,0.0
2026-06-23 10:30:00+05:30,1035.199951171875,1035.4000244140625,1033.5,1034.300048828125,638707,0.0,0.0
2026-06-23 10:45:00+05:30,1034.300048828125,1034.300048828125,1031.5,1032.5,639155,0.0,0.0
2026-06-23 11:00:00+05:30,1032.5,1035.699951171875,1031.5,1035.300048828125,710398,0.0,0.0
2026-06-23 11:15:00+05:30,1035.300048828125,1038.5,1034.5999755859375,1034.699951171875,755859,0.0,0.0
2026-06-23 11:30:00+05:30,1034.9000244140625,1035.0,1033.300048828125,1034.4000244140625,320986,0.0,0.0
2026-06-23 11:45:00+05:30,1034.4000244140625,1034.699951171875,1032.5,1033.0999755859375,365840,0.0,0.0
2026-06-23 12:00:00+05:30,1033.300048828125,1035.0,1033.300048828125,1033.699951171875,326114,0.0,0.0
2026-06-23 12:15:00+05:30,1033.699951171875,1035.0,1033.4000244140625,1034.699951171875,300185,0.0,0.0
2026-06-23 12:30:00+05:30,1034.699951171875,1034.9000244140625,1033.0,1033.5,253104,0.0,0.0
2026-06-23 12:45:00+05:30,1033.0999755859375,1034.699951171875,1032.5999755859375,1034.300048828125,321411,0.0,0.0
2026-06-23 13:00:00+05:30,1034.5999755859375,1034.800048828125,1032.199951171875,1032.800048828125,312527,0.0,0.0
2026-06-23 13:15:00+05:30,1032.5,1033.300048828125,1032.199951171875,1032.5,273438,0.0,0.0
2026-06-23 13:30:00+05:30,1032.5,1032.5,1031.0,1031.5,404465,0.0,0.0
2026-06-23 13:45:00+05:30,1031.800048828125,1032.5999755859375,1031.0,1032.0,391739,0.0,0.0
2026-06-23 14:00:00+05:30,1031.9000244140625,1035.4000244140625,1031.5999755859375,1034.800048828125,426170,0.0,0.0
2026-06-23 14:15:00+05:30,1034.699951171875,1037.800048828125,1034.199951171875,1037.0,444773,0.0,0.0
2026-06-23 14:30:00+05:30,1036.800048828125,1038.300048828125,1035.300048828125,1036.0,749664,0.0,0.0
2026-06-23 14:45:00+05:30,1036.0,1038.199951171875,1035.0999755859375,1036.300048828125,777453,0.0,0.0
2026-06-23 15:00:00+05:30,1036.199951171875,1036.199951171875,1028.0,1028.199951171875,2144248,0.0,0.0
2026-06-23 15:15:00+05:30,1028.199951171875,1029.800048828125,1026.0999755859375,1029.0,1961949,0.0,0.0
2026-06-24 09:15:00+05:30,1040.800048828125,1046.4000244140625,1038.5,1040.5,619931,0.0,0.0
2026-06-24 09:30:00+05:30,1041.0,1044.5,1039.300048828125,1044.0,589221,0.0,0.0
2026-06-24 09:45:00+05:30,1043.9000244140625,1048.5,1041.5,1042.0,740868,0.0,0.0
2026-06-24 10:00:00+05:30,1042.4000244140625,1044.5,1040.5999755859375,1044.199951171875,233450,0.0,0.0
2026-06-24 10:15:00+05:30,1044.199951171875,1051.5999755859375,1043.9000244140625,1050.5,727659,0.0,0.0
2026-06-24 10:30:00+05:30,1050.5,1053.5999755859375,1049.699951171875,1050.9000244140625,482340,0.0,0.0
2026-06-24 10:45:00+05:30,1050.5,1051.5,1046.300048828125,1048.0,346879,0.0,0.0
2026-06-24 11:00:00+05:30,1048.0,1049.5,1045.5,1049.4000244140625,207921,0.0,0.0
2026-06-24 11:15:00+05:30,1049.199951171875,1050.699951171875,1047.0999755859375,1047.5,262178,0.0,0.0
2026-06-24 11:30:00+05:30,1047.800048828125,1050.5,1047.0,1050.199951171875,208722,0.0,0.0
2026-06-24 11:45:00+05:30,1050.300048828125,1051.5,1048.699951171875,1049.699951171875,186627,0.0,0.0
2026-06-24 12:00:00+05:30,1049.9000244140625,1051.5,1046.5,1046.9000244140625,218969,0.0,0.0
2026-06-24 12:15:00+05:30,1046.800048828125,1047.300048828125,1044.5,1045.199951171875,298589,0.0,0.0
2026-06-24 12:30:00+05:30,1045.199951171875,1045.800048828125,1044.0,1044.800048828125,243031,0.0,0.0
2026-06-24 12:45:00+05:30,1044.800048828125,1047.0,1044.4000244140625,1045.699951171875,257588,0.0,0.0
2026-06-24 13:00:00+05:30,1045.800048828125,1051.0,1045.5999755859375,1050.199951171875,367769,0.0,0.0
2026-06-24 13:15:00+05:30,1050.5,1051.199951171875,1049.0,1049.800048828125,351122,0.0,0.0
2026-06-24 13:30:00+05:30,1049.800048828125,1053.5999755859375,1049.0,1053.199951171875,505277,0.0,0.0
2026-06-24 13:45:00+05:30,1053.199951171875,1057.0,1053.0999755859375,1055.5999755859375,518306,0.0,0.0
2026-06-24 14:00:00+05:30,1055.5,1063.300048828125,1054.699951171875,1063.0,632256,0.0,0.0
2026-06-24 14:15:00+05:30,1063.199951171875,1065.0999755859375,1060.800048828125,1062.300048828125,632125,0.0,0.0
2026-06-24 14:30:00+05:30,1062.4000244140625,1063.0,1059.300048828125,1062.4000244140625,407798,0.0,0.0
2026-06-24 14:45:00+05:30,1062.5999755859375,1063.5999755859375,1058.0,1058.199951171875,487061,0.0,0.0
2026-06-24 15:00:00+05:30,1058.199951171875,1058.9000244140625,1055.800048828125,1056.300048828125,808177,0.0,0.0
2026-06-24 15:15:00+05:30,1056.199951171875,1057.199951171875,1055.0,1056.0,870690,0.0,0.0
2026-06-25 09:15:00+05:30,1064.5,1067.699951171875,1048.199951171875,1048.699951171875,552812,0.0,0.0
2026-06-25 09:30:00+05:30,1048.800048828125,1048.800048828125,1044.0999755859375,1047.5,739888,0.0,0.0
2026-06-25 09:45:00+05:30,1047.5,1050.199951171875,1047.0,1049.5,450110,0.0,0.0
2026-06-25 10:00:00+05:30,1049.5,1058.9000244140625,1049.0,1057.300048828125,782880,0.0,0.0
2026-06-25 10:15:00+05:30,1057.300048828125,1057.300048828125,1052.699951171875,1054.199951171875,315556,0.0,0.0
2026-06-25 10:30:00+05:30,1054.4000244140625,1056.5999755859375,1052.300048828125,1052.800048828125,291303,0.0,0.0
2026-06-25 10:45:00+05:30,1053.0,1053.5,1051.5999755859375,1053.0,243502,0.0,0.0
2026-06-25 11:00:00+05:30,1053.0,1055.0999755859375,1050.0,1054.800048828125,372847,0.0,0.0
2026-06-25 11:15:00+05:30,1055.0,1055.5,1049.9000244140625,1050.5999755859375,376919,0.0,0.0
2026-06-25 11:30:00+05:30,1050.5,1054.199951171875,1050.199951171875,1053.300048828125,392893,0.0,0.0
2026-06-25 11:45:00+05:30,1053.5,1054.5,1052.199951171875,1053.4000244140625,280292,0.0,0.0
2026-06-25 12:00:00+05:30,1053.5,1056.5,1052.5,1053.300048828125,394399,0.0,0.0
2026-06-25 12:15:00+05:30,1053.5,1053.5999755859375,1050.9000244140625,1051.300048828125,327820,0.0,0.0
2026-06-25 12:30:00+05:30,1051.300048828125,1051.5,1047.5999755859375,1048.699951171875,440311,0.0,0.0
2026-06-25 12:45:00+05:30,1048.699951171875,1049.4000244140625,1047.4000244140625,1047.9000244140625,231263,0.0,0.0
2026-06-25 13:00:00+05:30,1047.9000244140625,1048.5,1045.5999755859375,1045.800048828125,445415,0.0,0.0
2026-06-25 13:15:00+05:30,1045.5999755859375,1048.5999755859375,1045.199951171875,1046.5,579490,0.0,0.0
2026-06-25 13:30:00+05:30,1046.5,1048.5,1046.0,1047.699951171875,690487,0.0,0.0
2026-06-25 13:45:00+05:30,1047.800048828125,1050.0,1046.9000244140625,1048.5,971428,0.0,0.0
2026-06-25 14:00:00+05:30,1048.5,1052.4000244140625,1047.800048828125,1049.5999755859375,422236,0.0,0.0
2026-06-25 14:15:00+05:30,1049.800048828125,1050.9000244140625,1042.5999755859375,1043.5,657595,0.0,0.0
2026-06-25 14:30:00+05:30,1043.300048828125,1045.5,1042.5999755859375,1043.0,913683,0.0,0.0
2026-06-25 14:45:00+05:30,1043.0999755859375,1045.5,1043.0,1043.5,844308,0.0,0.0
2026-06-25 15:00:00+05:30,1043.9000244140625,1043.9000244140625,1040.0999755859375,1040.199951171875,1709371,0.0,0.0
2026-06-25 15:15:00+05:30,1040.199951171875,1043.0,1039.0999755859375,1042.9000244140625,1296507,0.0,0.0
2026-06-29 09:15:00+05:30,1039.300048828125,1046.0,1029.4000244140625,1035.800048828125,486006,0.0,0.0
2026-06-29 09:30:00+05:30,1035.5999755859375,1036.5,1033.0,1035.199951171875,389801,0.0,0.0
2026-06-29 09:45:00+05:30,1034.800048828125,1034.9000244140625,1031.4000244140625,1034.9000244140625,331213,0.0,0.0
2026-06-29 10:00:00+05:30,1034.9000244140625,1038.0,1031.699951171875,1032.0,388605,0.0,0.0
2026-06-29 10:15:00+05:30,1031.9000244140625,1040.9000244140625,1031.5999755859375,1037.300048828125,512118,0.0,0.0
2026-06-29 10:30:00+05:30,1037.0999755859375,1037.300048828125,1032.0999755859375,1033.9000244140625,278749,0.0,0.0
2026-06-29 10:45:00+05:30,1033.9000244140625,1034.9000244140625,1033.0,1033.699951171875,183044,0.0,0.0
2026-06-29 11:00:00+05:30,1033.800048828125,1035.4000244140625,1033.800048828125,1034.5,190877,0.0,0.0
2026-06-29 11:15:00+05:30,1034.4000244140625,1036.0,1033.5999755859375,1034.800048828125,212491,0.0,0.0
2026-06-29 11:30:00+05:30,1034.5999755859375,1035.5,1031.5,1032.5999755859375,354773,0.0,0.0
2026-06-29 11:45:00+05:30,1032.5999755859375,1033.300048828125,1031.199951171875,1031.300048828125,300434,0.0,0.0
2026-06-29 12:00:00+05:30,1031.5,1034.300048828125,1031.0,1033.199951171875,324636,0.0,0.0
2026-06-29 12:15:00+05:30,1033.300048828125,1033.5999755859375,1031.199951171875,1032.199951171875,165411,0.0,0.0
2026-06-29 12:30:00+05:30,1032.300048828125,1033.0,1031.199951171875,1032.0,193832,0.0,0.0
2026-06-29 12:45:00+05:30,1032.4000244140625,1034.0,1032.0,1033.5,193736,0.0,0.0
2026-06-29 13:00:00+05:30,1033.699951171875,1034.9000244140625,1031.5999755859375,1031.9000244140625,212475,0.0,0.0
2026-06-29 13:15:00+05:30,1031.699951171875,1032.0,1029.300048828125,1031.800048828125,347444,0.0,0.0
2026-06-29 13:30:00+05:30,1031.699951171875,1035.699951171875,1030.9000244140625,1032.199951171875,802655,0.0,0.0
2026-06-29 13:45:00+05:30,1032.199951171875,1035.0,1032.0999755859375,1032.5,469359,0.0,0.0
2026-06-29 14:00:00+05:30,1032.4000244140625,1034.9000244140625,1032.0999755859375,1033.300048828125,444266,0.0,0.0
2026-06-29 14:15:00+05:30,1033.5999755859375,1036.800048828125,1033.300048828125,1036.0,530930,0.0,0.0
2026-06-29 14:30:00+05:30,1036.300048828125,1036.4000244140625,1032.4000244140625,1034.0999755859375,321597,0.0,0.0
2026-06-29 14:45:00+05:30,1034.199951171875,1035.0,1032.9000244140625,1034.0,429931,0.0,0.0
2026-06-29 15:00:00+05:30,1035.0999755859375,1043.5999755859375,1033.5999755859375,1036.0,2999258,0.0,0.0
2026-06-29 15:15:00+05:30,1036.0,1038.5,1030.199951171875,1034.0,3055600,0.0,0.0
2026-06-30 09:15:00+05:30,1029.9000244140625,1030.0,1014.0,1016.5999755859375,799640,0.0,0.0
2026-06-30 09:30:00+05:30,1016.5,1016.5,1006.2000122070312,1007.7000122070312,1593604,0.0,0.0
2026-06-30 09:45:00+05:30,1007.7999877929688,1012.2000122070312,1006.0,1012.0,833676,0.0,0.0
2026-06-30 10:00:00+05:30,1012.0,1013.2999877929688,1010.4000244140625,1011.4000244140625,618520,0.0,0.0
2026-06-30 10:15:00+05:30,1011.5,1016.5999755859375,1010.9000244140625,1012.5999755859375,784730,0.0,0.0
2026-06-30 10:30:00+05:30,1012.7000122070312,1013.5,1010.4000244140625,1011.5999755859375,338896,0.0,0.0
2026-06-30 10:45:00+05:30,1011.5999755859375,1012.7000122070312,1010.5,1011.5999755859375,277248,0.0,0.0
2026-06-30 11:00:00+05:30,1011.5999755859375,1015.9000244140625,1010.5,1015.2000122070312,397293,0.0,0.0
2026-06-30 11:15:00+05:30,1015.2000122070312,1017.0,1013.0999755859375,1015.0999755859375,563123,0.0,0.0
2026-06-30 11:30:00+05:30,1015.0999755859375,1015.2000122070312,1009.4000244140625,1010.0,587520,0.0,0.0
2026-06-30 11:45:00+05:30,1010.4000244140625,1011.0,1009.0,1010.0,368547,0.0,0.0
2026-06-30 12:00:00+05:30,1010.2000122070312,1010.2000122070312,1007.2999877929688,1007.5,477827,0.0,0.0
2026-06-30 12:15:00+05:30,1007.7000122070312,1010.2999877929688,1007.4000244140625,1010.2000122070312,294772,0.0,0.0
2026-06-30 12:30:00+05:30,1010.2000122070312,1015.0,1010.0,1014.9000244140625,377126,0.0,0.0
2026-06-30 12:45:00+05:30,1015.0,1015.0,1012.2000122070312,1012.7999877929688,598738,0.0,0.0
2026-06-30 13:00:00+05:30,1012.7999877929688,1013.0,1010.7999877929688,1011.2999877929688,350470,0.0,0.0
2026-06-30 13:15:00+05:30,1011.4000244140625,1012.7999877929688,1010.7999877929688,1011.4000244140625,314865,0.0,0.0
2026-06-30 13:30:00+05:30,1011.5999755859375,1012.0,1009.4000244140625,1010.5999755859375,432120,0.0,0.0
2026-06-30 13:45:00+05:30,1010.2999877929688,1011.9000244140625,1009.5999755859375,1010.2000122070312,342141,0.0,0.0
2026-06-30 14:00:00+05:30,1010.2000122070312,1010.4000244140625,1005.0,1005.2999877929688,776210,0.0,0.0
2026-06-30 14:15:00+05:30,1005.2999877929688,1007.7999877929688,1002.7000122070312,1005.5,1124629,0.0,0.0
2026-06-30 14:30:00+05:30,1004.5,1005.9000244140625,1003.0,1004.5,792050,0.0,0.0
2026-06-30 14:45:00+05:30,1004.7000122070312,1004.7000122070312,1000.5,1001.7999877929688,866167,0.0,0.0
2026-06-30 15:00:00+05:30,1001.9000244140625,1001.9000244140625,996.2000122070312,1000.5999755859375,4843787,0.0,0.0
2026-06-30 15:15:00+05:30,1000.5999755859375,1006.0,999.5999755859375,1005.9000244140625,4070421,0.0,0.0
2026-07-01 09:15:00+05:30,1007.0,1013.9000244140625,1005.7999877929688,1009.5999755859375,393423,0.0,0.0
2026-07-01 09:30:00+05:30,1009.0,1009.0,1001.5,1002.4000244140625,615539,0.0,0.0
2026-07-01 09:45:00+05:30,1002.2999877929688,1006.7999877929688,1001.0,1001.2000122070312,537164,0.0,0.0
2026-07-01 10:00:00+05:30,1001.0999755859375,1001.4000244140625,999.2000122070312,1000.2000122070312,714629,0.0,0.0
2026-07-01 10:15:00+05:30,1000.4000244140625,1002.0,997.5,998.0,546736,0.0,0.0
2026-07-01 10:30:00+05:30,998.0,998.7000122070312,996.7000122070312,997.5999755859375,476510,0.0,0.0
2026-07-01 10:45:00+05:30,997.9000244140625,999.4000244140625,997.9000244140625,999.0,207741,0.0,0.0
2026-07-01 11:00:00+05:30,998.9000244140625,999.9000244140625,998.5,999.5999755859375,185774,0.0,0.0
2026-07-01 11:15:00+05:30,999.5999755859375,999.9000244140625,997.7000122070312,998.0,218853,0.0,0.0
2026-07-01 11:30:00+05:30,997.9000244140625,998.4000244140625,996.5,997.7999877929688,248879,0.0,0.0
2026-07-01 11:45:00+05:30,997.7000122070312,999.0,996.5999755859375,997.9000244140625,183710,0.0,0.0
2026-07-01 12:00:00+05:30,997.7000122070312,998.5,994.5999755859375,995.4000244140625,398304,0.0,0.0
2026-07-01 12:15:00+05:30,995.5,995.5,992.0,992.2000122070312,444960,0.0,0.0
2026-07-01 12:30:00+05:30,992.0,995.5,992.0,995.0999755859375,284329,0.0,0.0
2026-07-01 12:45:00+05:30,995.0999755859375,995.0999755859375,992.2999877929688,992.9000244140625,256284,0.0,0.0
2026-07-01 13:00:00+05:30,992.9000244140625,993.4000244140625,992.0999755859375,992.5999755859375,216780,0.0,0.0
2026-07-01 13:15:00+05:30,992.9000244140625,993.0,988.0,988.0999755859375,638209,0.0,0.0
2026-07-01 13:30:00+05:30,988.0999755859375,989.4000244140625,987.0999755859375,988.5999755859375,431710,0.0,0.0
2026-07-01 13:45:00+05:30,988.5999755859375,989.4000244140625,987.5999755859375,988.5,384759,0.0,0.0
2026-07-01 14:00:00+05:30,988.5,989.7999877929688,987.2000122070312,988.7999877929688,390580,0.0,0.0
2026-07-01 14:15:00+05:30,988.7000122070312,991.0,987.7000122070312,988.2000122070312,306679,0.0,0.0
2026-07-01 14:30:00+05:30,987.7999877929688,990.7999877929688,984.4000244140625,990.4000244140625,743466,0.0,0.0
2026-07-01 14:45:00+05:30,990.2999877929688,992.4000244140625,986.5999755859375,988.2999877929688,780067,0.0,0.0
2026-07-01 15:00:00+05:30,989.0,989.7999877929688,984.0999755859375,985.4000244140625,1128802,0.0,0.0
2026-07-01 15:15:00+05:30,985.5999755859375,986.7000122070312,983.2999877929688,986.0,1548519,0.0,0.0
2026-07-02 09:15:00+05:30,1008.7000122070312,1029.0999755859375,1007.9000244140625,1027.300048828125,1685844,0.0,0.0
2026-07-02 09:30:00+05:30,1027.0999755859375,1034.4000244140625,1027.0999755859375,1034.300048828125,1553460,0.0,0.0
2026-07-02 09:45:00+05:30,1034.0,1035.0,1028.800048828125,1034.4000244140625,901640,0.0,0.0
2026-07-02 10:00:00+05:30,1034.4000244140625,1034.5999755859375,1031.0,1033.0,576302,0.0,0.0
2026-07-02 10:15:00+05:30,1033.0,1039.0,1032.5999755859375,1037.199951171875,1007313,0.0,0.0
2026-07-02 10:30:00+05:30,1037.199951171875,1037.800048828125,1033.199951171875,1036.0,576472,0.0,0.0
2026-07-02 10:45:00+05:30,1035.800048828125,1038.300048828125,1033.5999755859375,1036.5,398482,0.0,0.0
2026-07-02 11:00:00+05:30,1036.5,1037.699951171875,1035.0999755859375,1037.4000244140625,247159,0.0,0.0
2026-07-02 11:15:00+05:30,1037.4000244140625,1040.0,1036.699951171875,1037.800048828125,559209,0.0,0.0
2026-07-02 11:30:00+05:30,1037.5999755859375,1038.9000244140625,1035.5999755859375,1036.0999755859375,278811,0.0,0.0
2026-07-02 11:45:00+05:30,1036.199951171875,1039.699951171875,1035.9000244140625,1039.0999755859375,355241,0.0,0.0
2026-07-02 12:00:00+05:30,1039.300048828125,1040.0999755859375,1038.0,1039.9000244140625,443342,0.0,0.0
2026-07-02 12:15:00+05:30,1039.800048828125,1040.0,1038.5,1039.5999755859375,245252,0.0,0.0
2026-07-02 12:30:00+05:30,1039.699951171875,1039.800048828125,1038.5,1038.5999755859375,222582,0.0,0.0
2026-07-02 12:45:00+05:30,1038.5,1040.800048828125,1038.0,1038.5,418824,0.0,0.0
2026-07-02 13:00:00+05:30,1038.5999755859375,1039.9000244140625,1038.0999755859375,1038.9000244140625,291552,0.0,0.0
2026-07-02 13:15:00+05:30,1038.9000244140625,1040.5,1038.5999755859375,1040.300048828125,427800,0.0,0.0
2026-07-02 13:30:00+05:30,1040.4000244140625,1041.300048828125,1039.800048828125,1040.9000244140625,301178,0.0,0.0
2026-07-02 13:45:00+05:30,1040.699951171875,1041.699951171875,1038.699951171875,1039.0999755859375,352908,0.0,0.0
2026-07-02 14:00:00+05:30,1039.0999755859375,1039.800048828125,1037.199951171875,1038.9000244140625,380129,0.0,0.0
2026-07-02 14:15:00+05:30,1039.0,1040.0,1038.199951171875,1039.0,316607,0.0,0.0
2026-07-02 14:30:00+05:30,1038.9000244140625,1041.0,1038.300048828125,1040.9000244140625,412614,0.0,0.0
2026-07-02 14:45:00+05:30,1040.9000244140625,1041.699951171875,1036.4000244140625,1037.0,782065,0.0,0.0
2026-07-02 15:00:00+05:30,1037.0999755859375,1041.5999755859375,1036.699951171875,1040.4000244140625,1688324,0.0,0.0
2026-07-02 15:15:00+05:30,1040.199951171875,1044.4000244140625,1040.0999755859375,1042.199951171875,2087434,0.0,0.0
2026-07-03 09:15:00+05:30,1059.9000244140625,1067.699951171875,1052.4000244140625,1053.5,547493,0.0,0.0
2026-07-03 09:30:00+05:30,1054.0999755859375,1054.199951171875,1045.0,1045.300048828125,687938,0.0,0.0
2026-07-03 09:45:00+05:30,1045.300048828125,1047.4000244140625,1042.0,1045.5999755859375,653402,0.0,0.0
2026-07-03 10:00:00+05:30,1045.800048828125,1049.5,1043.300048828125,1047.0999755859375,568352,0.0,0.0
2026-07-03 10:15:00+05:30,1047.199951171875,1047.800048828125,1044.699951171875,1046.4000244140625,461168,0.0,0.0
2026-07-03 10:30:00+05:30,1046.4000244140625,1049.9000244140625,1045.5,1048.199951171875,396350,0.0,0.0
2026-07-03 10:45:00+05:30,1048.199951171875,1052.699951171875,1047.9000244140625,1051.5999755859375,675810,0.0,0.0
2026-07-03 11:00:00+05:30,1051.800048828125,1057.0999755859375,1051.4000244140625,1053.699951171875,788384,0.0,0.0
2026-07-03 11:15:00+05:30,1053.699951171875,1054.5,1051.9000244140625,1053.0999755859375,280885,0.0,0.0
2026-07-03 11:30:00+05:30,1053.0999755859375,1054.9000244140625,1051.699951171875,1054.300048828125,225824,0.0,0.0
2026-07-03 11:45:00+05:30,1054.300048828125,1054.300048828125,1050.0,1050.5,257579,0.0,0.0
2026-07-03 12:00:00+05:30,1050.5,1053.0,1049.4000244140625,1052.800048828125,272940,0.0,0.0
2026-07-03 12:15:00+05:30,1052.800048828125,1058.5999755859375,1052.699951171875,1056.800048828125,578994,0.0,0.0
2026-07-03 12:30:00+05:30,1056.9000244140625,1057.5,1050.5999755859375,1051.4000244140625,474746,0.0,0.0
2026-07-03 12:45:00+05:30,1051.699951171875,1052.5,1050.9000244140625,1051.300048828125,235403,0.0,0.0
2026-07-03 13:00:00+05:30,1051.5,1051.5999755859375,1049.0999755859375,1050.699951171875,243542,0.0,0.0
2026-07-03 13:15:00+05:30,1050.699951171875,1050.800048828125,1045.699951171875,1046.0,391170,0.0,0.0
2026-07-03 13:30:00+05:30,1046.0,1046.300048828125,1044.5,1045.5999755859375,274074,0.0,0.0
2026-07-03 13:45:00+05:30,1045.800048828125,1046.0,1043.699951171875,1045.0,284700,0.0,0.0
2026-07-03 14:00:00+05:30,1045.0,1047.5,1044.5,1047.0999755859375,237116,0.0,0.0
2026-07-03 14:15:00+05:30,1046.9000244140625,1049.0,1046.199951171875,1048.5999755859375,239326,0.0,0.0
2026-07-03 14:30:00+05:30,1048.5999755859375,1050.0,1047.199951171875,1047.699951171875,202301,0.0,0.0
2026-07-03 14:45:00+05:30,1047.699951171875,1048.5999755859375,1047.0,1047.4000244140625,226517,0.0,0.0
2026-07-03 15:00:00+05:30,1047.199951171875,1049.5999755859375,1046.5,1047.0,462794,0.0,0.0
2026-07-03 15:15:00+05:30,1047.0,1047.699951171875,1045.5,1047.0999755859375,549424,0.0,0.0
2026-07-06 09:15:00+05:30,1051.0999755859375,1051.0999755859375,1041.5,1046.800048828125,197436,0.0,0.0
2026-07-06 09:30:00+05:30,1046.699951171875,1048.699951171875,1043.199951171875,1045.4000244140625,346154,0.0,0.0
2026-07-06 09:45:00+05:30,1045.4000244140625,1045.9000244140625,1037.5,1038.300048828125,540593,0.0,0.0
2026-07-06 10:00:00+05:30,1038.4000244140625,1038.4000244140625,1035.0999755859375,1035.300048828125,575519,0.0,0.0
2026-07-06 10:15:00+05:30,1035.199951171875,1039.9000244140625,1034.300048828125,1039.0,234675,0.0,0.0
2026-07-06 10:30:00+05:30,1039.0,1040.5,1037.0,1038.300048828125,192344,0.0,0.0
2026-07-06 10:45:00+05:30,1038.300048828125,1039.9000244140625,1038.0,1039.0999755859375,136009,0.0,0.0
2026-07-06 11:00:00+05:30,1039.199951171875,1039.199951171875,1033.0,1035.0,251064,0.0,0.0
2026-07-06 11:15:00+05:30,1035.0,1036.300048828125,1034.4000244140625,1035.199951171875,116706,0.0,0.0
2026-07-06 11:30:00+05:30,1035.300048828125,1038.0999755859375,1034.199951171875,1036.199951171875,341515,0.0,0.0
2026-07-06 11:45:00+05:30,1036.5,1037.800048828125,1036.5,1036.699951171875,67598,0.0,0.0
2026-07-06 12:00:00+05:30,1036.699951171875,1037.5,1034.199951171875,1035.199951171875,86609,0.0,0.0
2026-07-06 12:15:00+05:30,1035.199951171875,1036.4000244140625,1034.0,1034.699951171875,118791,0.0,0.0
2026-07-06 12:30:00+05:30,1034.5999755859375,1035.699951171875,1034.300048828125,1035.199951171875,90562,0.0,0.0
2026-07-06 12:45:00+05:30,1035.5999755859375,1036.300048828125,1034.0999755859375,1035.0,87798,0.0,0.0
2026-07-06 13:00:00+05:30,1034.5999755859375,1036.0,1034.5,1035.5,50156,0.0,0.0
2026-07-06 13:15:00+05:30,1035.4000244140625,1036.0,1034.0999755859375,1035.699951171875,72064,0.0,0.0
2026-07-06 13:30:00+05:30,1035.4000244140625,1037.800048828125,1035.199951171875,1037.199951171875,81160,0.0,0.0
2026-07-06 13:45:00+05:30,1037.4000244140625,1037.4000244140625,1034.0,1035.300048828125,107831,0.0,0.0
2026-07-06 14:00:00+05:30,1035.5,1035.699951171875,1033.199951171875,1033.5,126551,0.0,0.0
2026-07-06 14:15:00+05:30,1033.5,1035.699951171875,1033.300048828125,1034.300048828125,95899,0.0,0.0
2026-07-06 14:30:00+05:30,1034.4000244140625,1035.0,1033.300048828125,1034.199951171875,96431,0.0,0.0
2026-07-06 14:45:00+05:30,1034.199951171875,1038.800048828125,1033.800048828125,1038.4000244140625,256323,0.0,0.0
2026-07-06 15:00:00+05:30,1038.9000244140625,1043.0999755859375,1038.800048828125,1042.5,482341,0.0,0.0
2026-07-06 15:15:00+05:30,1042.5999755859375,1045.199951171875,1040.0999755859375,1043.9000244140625,509577,0.0,0.0
2026-07-07 09:15:00+05:30,1043.0,1067.300048828125,1043.0,1059.699951171875,673752,0.0,0.0
2026-07-07 09:30:00+05:30,1061.0999755859375,1069.5,1058.5999755859375,1069.199951171875,1057453,0.0,0.0
2026-07-07 09:45:00+05:30,1069.199951171875,1074.5,1065.800048828125,1069.5,1197710,0.0,0.0
2026-07-07 10:00:00+05:30,1069.0,1077.699951171875,1069.0,1077.0,1751393,0.0,0.0
2026-07-07 10:15:00+05:30,1077.0,1082.5,1075.199951171875,1075.800048828125,2008835,0.0,0.0
2026-07-07 10:30:00+05:30,1075.5999755859375,1076.0,1066.5999755859375,1067.300048828125,883657,0.0,0.0
2026-07-07 10:45:00+05:30,1067.300048828125,1071.4000244140625,1066.9000244140625,1071.0999755859375,245768,0.0,0.0
2026-07-07 11:00:00+05:30,1071.199951171875,1077.0,1071.199951171875,1076.5,659259,0.0,0.0
2026-07-07 11:15:00+05:30,1076.5,1079.4000244140625,1075.5,1078.300048828125,704485,0.0,0.0
2026-07-07 11:30:00+05:30,1078.5,1085.0999755859375,1077.699951171875,1085.0,1636954,0.0,0.0
2026-07-07 11:45:00+05:30,1085.0999755859375,1087.300048828125,1083.800048828125,1085.0,866775,0.0,0.0
2026-07-07 12:00:00+05:30,1084.800048828125,1086.0,1081.0999755859375,1081.5999755859375,444817,0.0,0.0
2026-07-07 12:15:00+05:30,1081.5999755859375,1082.9000244140625,1079.699951171875,1080.199951171875,575324,0.0,0.0
2026-07-07 12:30:00+05:30,1080.199951171875,1080.9000244140625,1078.0,1079.699951171875,481170,0.0,0.0
2026-07-07 12:45:00+05:30,1079.5,1080.0999755859375,1077.300048828125,1078.9000244140625,538316,0.0,0.0
2026-07-07 13:00:00+05:30,1078.5999755859375,1079.699951171875,1077.800048828125,1078.4000244140625,288310,0.0,0.0
2026-07-07 13:15:00+05:30,1078.800048828125,1078.800048828125,1076.5999755859375,1077.9000244140625,285023,0.0,0.0
2026-07-07 13:30:00+05:30,1077.800048828125,1078.5,1076.5999755859375,1077.5999755859375,320557,0.0,0.0
2026-07-07 13:45:00+05:30,1077.800048828125,1080.0,1077.0999755859375,1079.199951171875,376659,0.0,0.0
2026-07-07 14:00:00+05:30,1079.300048828125,1079.800048828125,1077.0999755859375,1079.0,301173,0.0,0.0
2026-07-07 14:15:00+05:30,1078.5999755859375,1079.0999755859375,1074.9000244140625,1075.9000244140625,362840,0.0,0.0
2026-07-07 14:30:00+05:30,1075.800048828125,1077.4000244140625,1073.800048828125,1074.199951171875,363177,0.0,0.0
2026-07-07 14:45:00+05:30,1074.5999755859375,1075.800048828125,1073.5999755859375,1074.199951171875,402132,0.0,0.0
2026-07-07 15:00:00+05:30,1074.199951171875,1074.5999755859375,1070.4000244140625,1072.0,1032099,0.0,0.0
2026-07-07 15:15:00+05:30,1071.800048828125,1072.699951171875,1070.5,1071.5,860976,0.0,0.0
2026-07-08 09:15:00+05:30,1069.199951171875,1079.699951171875,1069.199951171875,1074.300048828125,401516,0.0,0.0
2026-07-08 09:30:00+05:30,1074.0999755859375,1074.0999755859375,1068.0,1070.5,737982,0.0,0.0
2026-07-08 09:45:00+05:30,1070.4000244140625,1072.4000244140625,1068.0,1071.0,263911,0.0,0.0
2026-07-08 10:00:00+05:30,1070.9000244140625,1072.9000244140625,1068.4000244140625,1071.0999755859375,403003,0.0,0.0
2026-07-08 10:15:00+05:30,1071.300048828125,1071.5,1067.0,1068.699951171875,395379,0.0,0.0
2026-07-08 10:30:00+05:30,1068.300048828125,1070.5999755859375,1067.199951171875,1069.5,234340,0.0,0.0
2026-07-08 10:45:00+05:30,1069.0999755859375,1070.800048828125,1066.0,1070.0999755859375,299116,0.0,0.0
2026-07-08 11:00:00+05:30,1070.199951171875,1070.800048828125,1068.5999755859375,1070.4000244140625,222490,0.0,0.0
2026-07-08 11:15:00+05:30,1070.699951171875,1077.5,1070.5999755859375,1073.800048828125,509688,0.0,0.0
2026-07-08 11:30:00+05:30,1073.800048828125,1073.800048828125,1071.5999755859375,1072.699951171875,134342,0.0,0.0
2026-07-08 11:45:00+05:30,1072.699951171875,1074.5999755859375,1071.5,1074.5999755859375,161545,0.0,0.0
2026-07-08 12:00:00+05:30,1074.4000244140625,1074.5999755859375,1071.5999755859375,1073.0999755859375,184222,0.0,0.0
2026-07-08 12:15:00+05:30,1073.0999755859375,1075.0,1071.9000244140625,1074.4000244140625,301259,0.0,0.0
2026-07-08 12:30:00+05:30,1074.4000244140625,1074.800048828125,1073.0,1074.0999755859375,297708,0.0,0.0
2026-07-08 12:45:00+05:30,1074.0999755859375,1074.5,1072.199951171875,1072.9000244140625,262188,0.0,0.0
2026-07-08 13:00:00+05:30,1072.4000244140625,1073.5999755859375,1072.300048828125,1073.5999755859375,282536,0.0,0.0
2026-07-08 13:15:00+05:30,1073.5999755859375,1075.0999755859375,1073.300048828125,1073.9000244140625,254149,0.0,0.0
2026-07-08 13:30:00+05:30,1074.4000244140625,1075.5,1073.800048828125,1075.4000244140625,231239,0.0,0.0
2026-07-08 13:45:00+05:30,1075.4000244140625,1075.4000244140625,1070.0,1070.5999755859375,1123196,0.0,0.0
2026-07-08 14:00:00+05:30,1070.4000244140625,1071.9000244140625,1067.0,1067.4000244140625,1145820,0.0,0.0
2026-07-08 14:15:00+05:30,1067.0,1069.4000244140625,1066.800048828125,1067.699951171875,530270,0.0,0.0
2026-07-08 14:30:00+05:30,1067.5,1068.300048828125,1064.9000244140625,1067.300048828125,877390,0.0,0.0
2026-07-08 14:45:00+05:30,1066.800048828125,1067.9000244140625,1065.300048828125,1066.699951171875,803267,0.0,0.0
2026-07-08 15:00:00+05:30,1066.800048828125,1070.9000244140625,1066.0,1070.5999755859375,1242460,0.0,0.0
2026-07-08 15:15:00+05:30,1070.5999755859375,1071.0,1068.4000244140625,1069.300048828125,1162267,0.0,0.0
2026-07-09 09:15:00+05:30,1059.9000244140625,1059.9000244140625,1040.5999755859375,1045.5,457880,0.0,0.0
2026-07-09 09:30:00+05:30,1045.5,1050.4000244140625,1045.0,1049.800048828125,525303,0.0,0.0
2026-07-09 09:45:00+05:30,1049.699951171875,1051.0,1046.300048828125,1050.0,286096,0.0,0.0
2026-07-09 10:00:00+05:30,1050.0,1053.800048828125,1047.800048828125,1051.0999755859375,697157,0.0,0.0
2026-07-09 10:15:00+05:30,1051.5999755859375,1052.9000244140625,1050.199951171875,1051.4000244140625,181150,0.0,0.0
2026-07-09 10:30:00+05:30,1051.5,1056.4000244140625,1050.0999755859375,1052.9000244140625,341263,0.0,0.0
2026-07-09 10:45:00+05:30,1053.0,1053.800048828125,1047.4000244140625,1048.9000244140625,290992,0.0,0.0
2026-07-09 11:00:00+05:30,1048.4000244140625,1049.0999755859375,1047.0,1048.199951171875,137947,0.0,0.0
2026-07-09 11:15:00+05:30,1048.0999755859375,1049.0999755859375,1047.9000244140625,1048.9000244140625,165149,0.0,0.0
2026-07-09 11:30:00+05:30,1048.800048828125,1049.9000244140625,1047.0,1049.699951171875,159366,0.0,0.0
2026-07-09 11:45:00+05:30,1049.699951171875,1054.199951171875,1049.699951171875,1054.0,193793,0.0,0.0
2026-07-09 12:00:00+05:30,1054.0,1056.5,1052.800048828125,1053.199951171875,209938,0.0,0.0
2026-07-09 12:15:00+05:30,1053.199951171875,1055.0,1052.199951171875,1054.0,140401,0.0,0.0
2026-07-09 12:30:00+05:30,1054.4000244140625,1055.5999755859375,1053.0,1055.300048828125,127084,0.0,0.0
2026-07-09 12:45:00+05:30,1055.0,1059.9000244140625,1054.4000244140625,1057.5,287818,0.0,0.0
2026-07-09 13:00:00+05:30,1057.4000244140625,1058.9000244140625,1056.199951171875,1057.0999755859375,195599,0.0,0.0
2026-07-09 13:15:00+05:30,1057.0,1060.0999755859375,1055.699951171875,1055.800048828125,353719,0.0,0.0
2026-07-09 13:30:00+05:30,1056.0,1059.800048828125,1055.800048828125,1057.5999755859375,173633,0.0,0.0
2026-07-09 13:45:00+05:30,1057.5999755859375,1058.199951171875,1056.5,1057.0999755859375,134531,0.0,0.0
2026-07-09 14:00:00+05:30,1057.0999755859375,1058.800048828125,1056.199951171875,1058.800048828125,224705,0.0,0.0
2026-07-09 14:15:00+05:30,1058.800048828125,1059.5,1057.0,1058.0999755859375,186683,0.0,0.0
2026-07-09 14:30:00+05:30,1058.0999755859375,1061.5999755859375,1054.5,1058.0,858378,0.0,0.0
2026-07-09 14:45:00+05:30,1058.0,1058.9000244140625,1056.9000244140625,1057.9000244140625,234450,0.0,0.0
2026-07-09 15:00:00+05:30,1057.300048828125,1057.300048828125,1047.5999755859375,1048.300048828125,1086372,0.0,0.0
2026-07-09 15:15:00+05:30,1048.0999755859375,1055.9000244140625,1048.0999755859375,1050.800048828125,902163,0.0,0.0
2026-07-10 09:15:00+05:30,1079.699951171875,1090.300048828125,1069.199951171875,1071.800048828125,897483,0.0,0.0
2026-07-10 09:30:00+05:30,1071.199951171875,1071.699951171875,1065.0,1068.800048828125,796135,0.0,0.0
2026-07-10 09:45:00+05:30,1068.5999755859375,1072.9000244140625,1066.0,1069.5999755859375,412171,0.0,0.0
2026-07-10 10:00:00+05:30,1069.699951171875,1070.300048828125,1067.0,1069.0,354337,0.0,0.0
2026-07-10 10:15:00+05:30,1069.300048828125,1071.300048828125,1068.0,1070.0999755859375,252829,0.0,0.0
2026-07-10 10:30:00+05:30,1070.199951171875,1073.800048828125,1066.4000244140625,1073.199951171875,337155,0.0,0.0
2026-07-10 10:45:00+05:30,1073.4000244140625,1073.4000244140625,1069.0999755859375,1070.0999755859375,184129,0.0,0.0
2026-07-10 11:00:00+05:30,1070.0999755859375,1071.0,1068.699951171875,1069.699951171875,239215,0.0,0.0
2026-07-10 11:15:00+05:30,1069.800048828125,1072.0,1069.0,1070.5,167845,0.0,0.0
2026-07-10 11:30:00+05:30,1070.5,1073.4000244140625,1069.4000244140625,1073.0,431969,0.0,0.0
2026-07-10 11:45:00+05:30,1073.199951171875,1074.4000244140625,1066.5,1067.699951171875,513454,0.0,0.0
2026-07-10 12:00:00+05:30,1067.699951171875,1070.800048828125,1067.4000244140625,1070.699951171875,161051,0.0,0.0
2026-07-10 12:15:00+05:30,1070.800048828125,1073.0,1070.5,1073.0,176468,0.0,0.0
2026-07-10 12:30:00+05:30,1073.0,1073.199951171875,1069.5,1069.800048828125,241327,0.0,0.0
2026-07-10 12:45:00+05:30,1069.800048828125,1071.5999755859375,1067.699951171875,1070.800048828125,252807,0.0,0.0
2026-07-10 13:00:00+05:30,1070.300048828125,1073.800048828125,1070.0,1073.5,244560,0.0,0.0
2026-07-10 13:15:00+05:30,1073.5,1073.5,1069.0,1071.4000244140625,262214,0.0,0.0
2026-07-10 13:30:00+05:30,1071.4000244140625,1073.0,1070.199951171875,1071.199951171875,135805,0.0,0.0
2026-07-10 13:45:00+05:30,1071.4000244140625,1072.199951171875,1070.0999755859375,1070.5,141141,0.0,0.0
2026-07-10 14:00:00+05:30,1070.5,1070.5,1068.5999755859375,1069.300048828125,155534,0.0,0.0
2026-07-10 14:15:00+05:30,1069.5999755859375,1070.699951171875,1068.5999755859375,1070.5999755859375,161788,0.0,0.0
2026-07-10 14:30:00+05:30,1070.5999755859375,1070.699951171875,1068.5999755859375,1069.199951171875,192929,0.0,0.0
2026-07-10 14:45:00+05:30,1069.199951171875,1069.300048828125,1066.9000244140625,1067.0,380404,0.0,0.0
2026-07-10 15:00:00+05:30,1067.0,1068.5999755859375,1065.5,1067.9000244140625,819872,0.0,0.0
2026-07-10 15:15:00+05:30,1068.0,1070.0,1067.0999755859375,1068.0,800895,0.0,0.0
