Datetime,Open,High,Low,Close,Volume,Dividends,Stock Splits
2026-04-20 09:15:00+05:30,382.8999938964844,383.8500061035156,380.25,383.20001220703125,538882,0.0,0.0
2026-04-20 09:30:00+05:30,383.20001220703125,383.29998779296875,381.6499938964844,381.6499938964844,238257,0.0,0.0
2026-04-20 09:45:00+05:30,381.5,382.45001220703125,380.8500061035156,382.1000061035156,321199,0.0,0.0
2026-04-20 10:00:00+05:30,382.25,383.0,382.04998779296875,382.6499938964844,72805,0.0,0.0
2026-04-20 15:00:00+05:30,383.6000061035156,383.6000061035156,379.29998779296875,379.5,8540003,0.0,0.0
2026-04-20 15:15:00+05:30,379.5,380.04998779296875,378.1499938964844,380.04998779296875,941045,0.0,0.0
2026-04-21 09:15:00+05:30,380.45001220703125,381.25,378.6000061035156,380.75,304887,0.0,0.0
2026-04-21 09:30:00+05:30,380.6499938964844,380.79998779296875,380.0,380.3500061035156,155928,0.0,0.0
2026-04-21 09:45:00+05:30,380.3500061035156,381.6000061035156,380.3500061035156,381.1499938964844,268441,0.0,0.0
2026-04-21 10:00:00+05:30,381.1499938964844,382.20001220703125,380.79998779296875,381.54998779296875,461725,0.0,0.0
2026-04-21 10:15:00+05:30,381.54998779296875,382.0,380.6499938964844,380.79998779296875,165845,0.0,0.0
2026-04-21 10:30:00+05:30,380.79998779296875,381.79998779296875,380.70001220703125,381.6499938964844,497320,0.0,0.0
2026-04-21 10:45:00+05:30,381.45001220703125,381.70001220703125,380.95001220703125,381.25,306262,0.0,0.0
2026-04-21 11:00:00+05:30,381.3500061035156,381.5,380.8500061035156,380.95001220703125,241314,0.0,0.0
2026-04-21 11:15:00+05:30,380.8999938964844,381.1000061035156,380.5,380.70001220703125,221502,0.0,0.0
2026-04-21 11:30:00+05:30,380.79998779296875,380.8999938964844,380.3500061035156,380.6000061035156,130115,0.0,0.0
2026-04-21 11:45:00+05:30,380.70001220703125,381.0,380.29998779296875,380.75,152353,0.0,0.0
2026-04-21 12:00:00+05:30,380.8999938964844,381.95001220703125,379.20001220703125,381.54998779296875,272054,0.0,0.0
2026-04-21 12:15:00+05:30,381.54998779296875,381.8999938964844,381.04998779296875,381.5,574006,0.0,0.0
2026-04-21 12:30:00+05:30,381.3999938964844,381.6499938964844,380.95001220703125,381.3999938964844,427946,0.0,0.0
2026-04-21 12:45:00+05:30,381.3999938964844,381.79998779296875,381.04998779296875,381.5,595146,0.0,0.0
2026-04-21 13:00:00+05:30,381.45001220703125,381.6000061035156,381.04998779296875,381.29998779296875,207163,0.0,0.0
2026-04-21 13:15:00+05:30,381.29998779296875,381.75,381.04998779296875,381.04998779296875,305576,0.0,0.0
2026-04-21 13:30:00+05:30,381.04998779296875,381.5,380.6000061035156,381.1499938964844,378361,0.0,0.0
2026-04-21 13:45:00+05:30,381.1499938964844,382.6000061035156,381.0,382.5,326699,0.0,0.0
2026-04-21 14:00:00+05:30,382.45001220703125,383.0,381.75,382.45001220703125,1296236,0.0,0.0
2026-04-21 14:15:00+05:30,382.45001220703125,382.6499938964844,382.0,382.04998779296875,325926,0.0,0.0
2026-04-21 14:30:00+05:30,382.0,382.25,381.3500061035156,381.45001220703125,387450,0.0,0.0
2026-04-21 14:45:00+05:30,381.45001220703125,382.1499938964844,380.70001220703125,381.95001220703125,1630933,0.0,0.0
2026-04-21 15:00:00+05:30,382.1499938964844,382.70001220703125,381.8500061035156,382.3500061035156,1253855,0.0,0.0
2026-04-21 15:15:00+05:30,382.3500061035156,382.54998779296875,381.45001220703125,382.1499938964844,894018,0.0,0.0
2026-04-22 09:15:00+05:30,379.04998779296875,382.79998779296875,379.04998779296875,381.20001220703125,439560,0.0,0.0
2026-04-22 09:30:00+05:30,381.1499938964844,381.1499938964844,379.45001220703125,379.8500061035156,261500,0.0,0.0
2026-04-22 09:45:00+05:30,379.75,379.8999938964844,378.20001220703125,378.25,392137,0.0,0.0
2026-04-22 10:00:00+05:30,378.25,379.0,377.95001220703125,378.75,430356,0.0,0.0
2026-04-22 10:15:00+05:30,378.75,379.29998779296875,378.29998779296875,378.6499938964844,268120,0.0,0.0
2026-04-22 10:30:00+05:30,378.6499938964844,380.29998779296875,378.6499938964844,380.04998779296875,290403,0.0,0.0
2026-04-22 10:45:00+05:30,380.1499938964844,381.1000061035156,379.79998779296875,379.8999938964844,422470,0.0,0.0
2026-04-22 11:00:00+05:30,379.8999938964844,379.8999938964844,379.20001220703125,379.6000061035156,271471,0.0,0.0
2026-04-22 11:15:00+05:30,379.54998779296875,379.95001220703125,378.70001220703125,378.70001220703125,255940,0.0,0.0
2026-04-22 11:30:00+05:30,378.6499938964844,378.8500061035156,378.45001220703125,378.75,242894,0.0,0.0
2026-04-22 11:45:00+05:30,378.6499938964844,378.75,378.1499938964844,378.3500061035156,227812,0.0,0.0
2026-04-22 12:00:00+05:30,378.29998779296875,379.5,378.29998779296875,378.5,421137,0.0,0.0
2026-04-22 12:15:00+05:30,378.3500061035156,378.70001220703125,378.1000061035156,378.6499938964844,299714,0.0,0.0
2026-04-22 12:30:00+05:30,378.6499938964844,379.0,378.25,378.3500061035156,723253,0.0,0.0
2026-04-22 12:45:00+05:30,378.6499938964844,379.1499938964844,378.20001220703125,378.29998779296875,745723,0.0,0.0
2026-04-22 13:00:00+05:30,378.29998779296875,378.79998779296875,378.0,378.3999938964844,840319,0.0,0.0
2026-04-22 13:15:00+05:30,378.5,378.6000061035156,377.6000061035156,377.8999938964844,491639,0.0,0.0
2026-04-22 13:30:00+05:30,377.8999938964844,378.1499938964844,377.6499938964844,378.04998779296875,464203,0.0,0.0
2026-04-22 13:45:00+05:30,378.1499938964844,378.6499938964844,377.75,378.25,586136,0.0,0.0
2026-04-22 14:00:00+05:30,378.29998779296875,378.29998779296875,377.25,377.6000061035156,559290,0.0,0.0
2026-04-22 14:15:00+05:30,377.5,377.8999938964844,377.20001220703125,377.29998779296875,592564,0.0,0.0
2026-04-22 14:30:00+05:30,377.29998779296875,378.6000061035156,377.29998779296875,377.8999938964844,870759,0.0,0.0
2026-04-22 14:45:00+05:30,377.8999938964844,378.20001220703125,377.54998779296875,377.70001220703125,870938,0.0,0.0
2026-04-22 15:00:00+05:30,377.54998779296875,377.6499938964844,376.5,376.6499938964844,1400894,0.0,0.0
2026-04-22 15:15:00+05:30,376.70001220703125,377.70001220703125,376.29998779296875,377.70001220703125,1400380,0.0,0.0
2026-04-23 09:15:00+05:30,373.45001220703125,375.25,370.25,374.8999938964844,991697,0.0,0.0
2026-04-23 09:30:00+05:30,374.95001220703125,375.8500061035156,373.8500061035156,374.1000061035156,629359,0.0,0.0
2026-04-23 09:45:00+05:30,374.1000061035156,375.5,373.5,374.04998779296875,962609,0.0,0.0
2026-04-23 10:00:00+05:30,373.95001220703125,374.6499938964844,372.6000061035156,372.8999938964844,987151,0.0,0.0
2026-04-23 10:15:00+05:30,372.79998779296875,372.95001220703125,370.54998779296875,370.6499938964844,1617183,0.0,0.0
2026-04-23 10:30:00+05:30,370.70001220703125,370.79998779296875,369.54998779296875,369.6499938964844,797575,0.0,0.0
2026-04-23 10:45:00+05:30,369.6499938964844,369.8500061035156,368.70001220703125,369.75,984650,0.0,0.0
2026-04-23 11:00:00+05:30,369.70001220703125,370.45001220703125,369.6000061035156,369.8500061035156,484896,0.0,0.0
2026-04-23 11:15:00+05:30,369.8999938964844,370.1499938964844,369.0,369.04998779296875,584393,0.0,0.0
2026-04-23 11:30:00+05:30,369.1499938964844,369.20001220703125,367.75,367.8500061035156,981862,0.0,0.0
2026-04-23 11:45:00+05:30,367.79998779296875,370.0,367.79998779296875,369.8999938964844,1140699,0.0,0.0
2026-04-23 12:00:00+05:30,370.0,370.3999938964844,369.6499938964844,370.1000061035156,513121,0.0,0.0
2026-04-23 12:15:00+05:30,370.04998779296875,370.45001220703125,369.70001220703125,370.0,758744,0.0,0.0
2026-04-23 12:30:00+05:30,369.8999938964844,371.20001220703125,369.6000061035156,370.75,2484100,0.0,0.0
2026-04-23 12:45:00+05:30,370.70001220703125,371.6499938964844,370.3999938964844,370.8500061035156,1981727,0.0,0.0
2026-04-23 13:00:00+05:30,370.8500061035156,371.70001220703125,370.5,371.3999938964844,553567,0.0,0.0
2026-04-23 13:15:00+05:30,371.3999938964844,372.04998779296875,371.0,371.75,717431,0.0,0.0
2026-04-23 13:30:00+05:30,371.75,371.8500061035156,369.95001220703125,370.54998779296875,1203251,0.0,0.0
2026-04-23 13:45:00+05:30,370.6499938964844,371.54998779296875,370.3999938964844,371.3500061035156,559990,0.0,0.0
2026-04-23 14:00:00+05:30,371.45001220703125,371.45001220703125,370.1000061035156,370.25,1084994,0.0,0.0
2026-04-23 14:15:00+05:30,370.3500061035156,370.79998779296875,370.0,370.3500061035156,1179971,0.0,0.0
2026-04-23 14:30:00+05:30,370.29998779296875,370.3500061035156,369.20001220703125,370.04998779296875,1093849,0.0,0.0
2026-04-23 14:45:00+05:30,370.04998779296875,370.79998779296875,369.6499938964844,370.25,806273,0.0,0.0
2026-04-23 15:00:00+05:30,370.3500061035156,370.8999938964844,369.6499938964844,369.95001220703125,1405101,0.0,0.0
2026-04-23 15:15:00+05:30,370.0,371.95001220703125,369.8500061035156,371.45001220703125,1328905,0.0,0.0
2026-04-24 09:15:00+05:30,371.79998779296875,372.6000061035156,369.3500061035156,369.3500061035156,591988,0.0,0.0
2026-04-24 09:30:00+05:30,369.29998779296875,369.3999938964844,368.3500061035156,368.75,351346,0.0,0.0
2026-04-24 09:45:00+05:30,368.75,368.75,367.75,368.1000061035156,295605,0.0,0.0
2026-04-24 10:00:00+05:30,368.1000061035156,369.45001220703125,368.1000061035156,369.25,529713,0.0,0.0
2026-04-24 10:15:00+05:30,369.20001220703125,369.75,368.79998779296875,369.45001220703125,310685,0.0,0.0
2026-04-24 10:30:00+05:30,369.45001220703125,369.8999938964844,369.04998779296875,369.6499938964844,304275,0.0,0.0
2026-04-24 10:45:00+05:30,369.6000061035156,370.54998779296875,369.6000061035156,370.1499938964844,535444,0.0,0.0
2026-04-24 11:00:00+05:30,370.04998779296875,370.3999938964844,369.6000061035156,370.1499938964844,277896,0.0,0.0
2026-04-24 11:15:00+05:30,370.20001220703125,370.6499938964844,370.1000061035156,370.45001220703125,303424,0.0,0.0
2026-04-24 11:30:00+05:30,370.45001220703125,371.45001220703125,370.3500061035156,371.04998779296875,690045,0.0,0.0
2026-04-24 11:45:00+05:30,371.04998779296875,371.25,370.1000061035156,370.20001220703125,1108729,0.0,0.0
2026-04-24 12:00:00+05:30,370.20001220703125,371.0,369.79998779296875,371.0,364705,0.0,0.0
2026-04-24 12:15:00+05:30,371.0,372.04998779296875,370.45001220703125,370.70001220703125,447703,0.0,0.0
2026-04-24 12:30:00+05:30,370.6499938964844,371.20001220703125,370.5,370.5,491566,0.0,0.0
2026-04-24 12:45:00+05:30,370.5,371.1000061035156,370.20001220703125,370.3999938964844,682782,0.0,0.0
2026-04-24 13:00:00+05:30,370.3999938964844,370.75,370.04998779296875,370.6000061035156,891038,0.0,0.0
2026-04-24 13:15:00+05:30,370.54998779296875,371.1499938964844,370.3999938964844,370.95001220703125,1075980,0.0,0.0
2026-04-24 13:30:00+05:30,370.95001220703125,371.04998779296875,370.1499938964844,370.1499938964844,1018938,0.0,0.0
2026-04-24 13:45:00+05:30,370.0,371.04998779296875,368.8500061035156,368.8999938964844,1383689,0.0,0.0
2026-04-24 14:00:00+05:30,369.1499938964844,369.29998779296875,367.8999938964844,368.95001220703125,1072375,0.0,0.0
2026-04-24 14:15:00+05:30,369.0,370.29998779296875,368.8500061035156,370.1000061035156,697218,0.0,0.0
2026-04-24 14:30:00+05:30,370.04998779296875,370.8999938964844,370.04998779296875,370.5,929641,0.0,0.0
2026-04-24 14:45:00+05:30,370.3999938964844,370.8999938964844,370.1499938964844,370.6499938964844,1141143,0.0,0.0
2026-04-24 15:00:00+05:30,370.54998779296875,370.8999938964844,370.3500061035156,370.5,1166512,0.0,0.0
2026-04-24 15:15:00+05:30,370.54998779296875,371.75,370.3999938964844,370.70001220703125,2095196,0.0,0.0
2026-04-27 09:15:00+05:30,375.0,380.0,373.8500061035156,379.3999938964844,709731,0.0,0.0
2026-04-27 09:30:00+05:30,379.45001220703125,379.79998779296875,376.5,377.75,553149,0.0,0.0
2026-04-27 09:45:00+05:30,377.75,380.0,377.3500061035156,378.70001220703125,530660,0.0,0.0
2026-04-27 10:00:00+05:30,378.70001220703125,380.29998779296875,378.1000061035156,379.29998779296875,784371,0.0,0.0
2026-04-27 10:15:00+05:30,379.5,380.45001220703125,378.6000061035156,378.70001220703125,250049,0.0,0.0
2026-04-27 10:30:00+05:30,378.75,378.8500061035156,377.25,378.1000061035156,184384,0.0,0.0
2026-04-27 10:45:00+05:30,378.1499938964844,378.79998779296875,377.20001220703125,377.20001220703125,146434,0.0,0.0
2026-04-27 11:00:00+05:30,377.3500061035156,378.3500061035156,376.75,378.20001220703125,249373,0.0,0.0
2026-04-27 11:15:00+05:30,378.20001220703125,378.5,376.79998779296875,376.79998779296875,143872,0.0,0.0
2026-04-27 11:30:00+05:30,376.79998779296875,377.04998779296875,375.1499938964844,375.79998779296875,298857,0.0,0.0
2026-04-27 11:45:00+05:30,375.79998779296875,376.54998779296875,375.29998779296875,376.3500061035156,313079,0.0,0.0
2026-04-27 12:00:00+05:30,376.25,376.75,376.04998779296875,376.6499938964844,263957,0.0,0.0
2026-04-27 12:15:00+05:30,376.6499938964844,376.75,375.70001220703125,376.1499938964844,227941,0.0,0.0
2026-04-27 12:30:00+05:30,376.25,376.79998779296875,375.79998779296875,375.8999938964844,216355,0.0,0.0
2026-04-27 12:45:00+05:30,375.8500061035156,376.1000061035156,374.95001220703125,375.70001220703125,729190,0.0,0.0
2026-04-27 13:00:00+05:30,375.6000061035156,377.1499938964844,375.6000061035156,377.1499938964844,276421,0.0,0.0
2026-04-27 13:15:00+05:30,377.1499938964844,377.6000061035156,376.3500061035156,377.45001220703125,361406,0.0,0.0
2026-04-27 13:30:00+05:30,377.45001220703125,378.5,377.1499938964844,378.3999938964844,508291,0.0,0.0
2026-04-27 13:45:00+05:30,378.3999938964844,378.8500061035156,378.04998779296875,378.25,607787,0.0,0.0
2026-04-27 14:00:00+05:30,378.25,378.25,377.5,378.04998779296875,359958,0.0,0.0
2026-04-27 14:15:00+05:30,378.04998779296875,378.1499938964844,377.1499938964844,377.1499938964844,151972,0.0,0.0
2026-04-27 14:30:00+05:30,377.20001220703125,377.3500061035156,376.5,377.0,783548,0.0,0.0
2026-04-27 14:45:00+05:30,377.0,377.6000061035156,376.70001220703125,377.1000061035156,443476,0.0,0.0
2026-04-27 15:00:00+05:30,377.04998779296875,377.20001220703125,376.70001220703125,376.75,858178,0.0,0.0
2026-04-27 15:15:00+05:30,376.75,377.5,376.29998779296875,377.0,851973,0.0,0.0
2026-04-28 09:15:00+05:30,373.45001220703125,380.5,373.45001220703125,379.79998779296875,476755,0.0,0.0
2026-04-28 09:30:00+05:30,379.8999938964844,381.29998779296875,379.29998779296875,380.8999938964844,514549,0.0,0.0
2026-04-28 09:45:00+05:30,380.95001220703125,382.04998779296875,380.6000061035156,381.6499938964844,370515,0.0,0.0
2026-04-28 10:00:00+05:30,381.6499938964844,383.20001220703125,381.6000061035156,381.95001220703125,762791,0.0,0.0
2026-04-28 10:15:00+05:30,381.8999938964844,382.3999938964844,380.8500061035156,382.04998779296875,393268,0.0,0.0
2026-04-28 10:30:00+05:30,382.20001220703125,382.29998779296875,381.0,381.8999938964844,560603,0.0,0.0
2026-04-28 10:45:00+05:30,381.8500061035156,382.8999938964844,381.79998779296875,382.29998779296875,222068,0.0,0.0
2026-04-28 11:00:00+05:30,382.20001220703125,382.3999938964844,381.0,381.6499938964844,150846,0.0,0.0
2026-04-28 11:15:00+05:30,381.6499938964844,381.6499938964844,380.20001220703125,380.3999938964844,182303,0.0,0.0
2026-04-28 11:30:00+05:30,380.3999938964844,381.1000061035156,379.75,380.70001220703125,345484,0.0,0.0
2026-04-28 11:45:00+05:30,380.6499938964844,380.6499938964844,379.5,379.5,150100,0.0,0.0
2026-04-28 12:00:00+05:30,379.54998779296875,379.8500061035156,379.1000061035156,379.54998779296875,146553,0.0,0.0
2026-04-28 12:15:00+05:30,379.6499938964844,380.20001220703125,378.79998779296875,378.8500061035156,444994,0.0,0.0
2026-04-28 12:30:00+05:30,378.8500061035156,380.04998779296875,378.3999938964844,380.04998779296875,193510,0.0,0.0
2026-04-28 12:45:00+05:30,380.1000061035156,380.3500061035156,379.1499938964844,379.45001220703125,359264,0.0,0.0
2026-04-28 13:00:00+05:30,379.3999938964844,380.1000061035156,379.29998779296875,380.0,138010,0.0,0.0
2026-04-28 13:15:00+05:30,380.0,380.3500061035156,379.45001220703125,379.79998779296875,459201,0.0,0.0
2026-04-28 13:30:00+05:30,379.75,379.8500061035156,378.3999938964844,378.8500061035156,234887,0.0,0.0
2026-04-28 13:45:00+05:30,378.8500061035156,379.6499938964844,378.29998779296875,378.70001220703125,325525,0.0,0.0
2026-04-28 14:00:00+05:30,378.70001220703125,379.1499938964844,377.95001220703125,378.1499938964844,603329,0.0,0.0
2026-04-28 14:15:00+05:30,378.20001220703125,379.1000061035156,377.75,378.25,938034,0.0,0.0
2026-04-28 14:30:00+05:30,378.25,379.3500061035156,378.25,378.8500061035156,499905,0.0,0.0
2026-04-28 14:45:00+05:30,378.8999938964844,379.3999938964844,378.3999938964844,379.3500061035156,764501,0.0,0.0
2026-04-28 15:00:00+05:30,379.3999938964844,379.75,378.0,378.25,1127677,0.0,0.0
2026-04-28 15:15:00+05:30,378.25,378.25,376.54998779296875,377.25,1238906,0.0,0.0
2026-04-29 09:15:00+05:30,378.3999938964844,380.54998779296875,377.8500061035156,380.20001220703125,183562,0.0,0.0
2026-04-29 09:30:00+05:30,380.3500061035156,380.79998779296875,378.75,380.3999938964844,290369,0.0,0.0
2026-04-29 09:45:00+05:30,380.45001220703125,382.45001220703125,380.45001220703125,381.8999938964844,258453,0.0,0.0
2026-04-29 10:00:00+05:30,382.0,384.1499938964844,381.6499938964844,384.1499938964844,253239,0.0,0.0
2026-04-29 10:15:00+05:30,384.25,384.8500061035156,383.70001220703125,384.3500061035156,269104,0.0,0.0
2026-04-29 10:30:00+05:30,384.29998779296875,384.6000061035156,383.75,384.5,172425,0.0,0.0
2026-04-29 10:45:00+05:30,384.3500061035156,384.54998779296875,383.5,383.70001220703125,410917,0.0,0.0
2026-04-29 11:00:00+05:30,383.8999938964844,383.95001220703125,382.29998779296875,382.45001220703125,250002,0.0,0.0
2026-04-29 11:15:00+05:30,382.29998779296875,383.54998779296875,382.25,382.70001220703125,281236,0.0,0.0
2026-04-29 11:30:00+05:30,382.79998779296875,383.3500061035156,382.3999938964844,382.6000061035156,189375,0.0,0.0
2026-04-29 11:45:00+05:30,382.54998779296875,383.1000061035156,382.3999938964844,382.79998779296875,237767,0.0,0.0
2026-04-29 12:00:00+05:30,382.95001220703125,384.25,382.1000061035156,383.8999938964844,286793,0.0,0.0
2026-04-29 12:15:00+05:30,384.0,385.5,383.8999938964844,385.04998779296875,419994,0.0,0.0
2026-04-29 12:30:00+05:30,385.25,386.04998779296875,384.6499938964844,384.79998779296875,645629,0.0,0.0
2026-04-29 12:45:00+05:30,384.8500061035156,385.1499938964844,384.29998779296875,384.45001220703125,168847,0.0,0.0
2026-04-29 13:00:00+05:30,384.3500061035156,384.95001220703125,383.79998779296875,384.0,198085,0.0,0.0
2026-04-29 13:15:00+05:30,384.04998779296875,384.3999938964844,383.45001220703125,383.70001220703125,459183,0.0,0.0
2026-04-29 13:30:00+05:30,383.8999938964844,383.95001220703125,383.3999938964844,383.3999938964844,174186,0.0,0.0
2026-04-29 13:45:00+05:30,383.5,384.0,383.20001220703125,383.20001220703125,282960,0.0,0.0
2026-04-29 14:00:00+05:30,383.1499938964844,383.3999938964844,382.1000061035156,383.0,269620,0.0,0.0
2026-04-29 14:15:00+05:30,382.8999938964844,383.29998779296875,382.6000061035156,382.8999938964844,204020,0.0,0.0
2026-04-29 14:30:00+05:30,382.8999938964844,383.1499938964844,382.6000061035156,382.95001220703125,179156,0.0,0.0
2026-04-29 14:45:00+05:30,383.0,383.3500061035156,382.3999938964844,382.95001220703125,290021,0.0,0.0
2026-04-29 15:00:00+05:30,383.04998779296875,383.25,381.54998779296875,381.6000061035156,707301,0.0,0.0
2026-04-29 15:15:00+05:30,381.6499938964844,382.0,381.0,382.0,693353,0.0,0.0
2026-04-30 09:15:00+05:30,376.6000061035156,378.8999938964844,376.6000061035156,377.3500061035156,279102,0.0,0.0
2026-04-30 09:30:00+05:30,377.3500061035156,379.6499938964844,376.79998779296875,379.6000061035156,303694,0.0,0.0
2026-04-30 09:45:00+05:30,379.6499938964844,380.3999938964844,378.6499938964844,378.8999938964844,265015,0.0,0.0
2026-04-30 10:00:00+05:30,378.95001220703125,378.95001220703125,378.1000061035156,378.79998779296875,313038,0.0,0.0
2026-04-30 10:15:00+05:30,378.79998779296875,379.6499938964844,377.8999938964844,378.6000061035156,439676,0.0,0.0
2026-04-30 10:30:00+05:30,378.6000061035156,381.6000061035156,378.3999938964844,381.29998779296875,477792,0.0,0.0
2026-04-30 10:45:00+05:30,381.29998779296875,381.70001220703125,380.75,381.54998779296875,358555,0.0,0.0
2026-04-30 11:00:00+05:30,381.54998779296875,381.8999938964844,379.6000061035156,379.75,247066,0.0,0.0
2026-04-30 11:15:00+05:30,379.6000061035156,380.04998779296875,378.54998779296875,379.3500061035156,386869,0.0,0.0
2026-04-30 11:30:00+05:30,379.3500061035156,380.3999938964844,379.04998779296875,379.45001220703125,269145,0.0,0.0
2026-04-30 11:45:00+05:30,379.6000061035156,380.54998779296875,378.45001220703125,378.5,927872,0.0,0.0
2026-04-30 12:00:00+05:30,378.54998779296875,380.3999938964844,377.70001220703125,380.25,2820660,0.0,0.0
2026-04-30 12:15:00+05:30,380.5,380.6000061035156,379.6000061035156,380.45001220703125,546095,0.0,0.0
2026-04-30 12:30:00+05:30,380.54998779296875,380.8999938964844,379.70001220703125,380.3999938964844,272713,0.0,0.0
2026-04-30 12:45:00+05:30,380.54998779296875,381.8500061035156,380.3999938964844,381.3999938964844,293051,0.0,0.0
2026-04-30 13:00:00+05:30,381.25,381.6000061035156,380.25,381.1000061035156,255004,0.0,0.0
2026-04-30 13:15:00+05:30,381.1000061035156,382.8500061035156,380.8999938964844,382.5,598912,0.0,0.0
2026-04-30 13:30:00+05:30,382.45001220703125,383.29998779296875,382.0,383.1499938964844,565492,0.0,0.0
2026-04-30 13:45:00+05:30,383.1000061035156,383.3999938964844,382.54998779296875,383.0,509295,0.0,0.0
2026-04-30 14:00:00+05:30,383.0,383.29998779296875,381.95001220703125,382.3999938964844,766200,0.0,0.0
2026-04-30 14:15:00+05:30,382.3999938964844,382.79998779296875,381.6000061035156,381.8500061035156,720423,0.0,0.0
2026-04-30 14:30:00+05:30,381.8500061035156,382.6499938964844,381.6000061035156,382.29998779296875,707248,0.0,0.0
2026-04-30 14:45:00+05:30,382.29998779296875,383.54998779296875,381.0,383.54998779296875,1412929,0.0,0.0
2026-04-30 15:00:00+05:30,383.45001220703125,384.25,381.29998779296875,382.54998779296875,3158196,0.0,0.0
2026-04-30 15:15:00+05:30,382.54998779296875,386.54998779296875,382.3999938964844,384.5,7423713,0.0,0.0
2026-05-04 09:15:00+05:30,376.75,376.75,363.3500061035156,372.75,5205220,0.0,0.0
2026-05-04 09:30:00+05:30,372.75,373.75,370.45001220703125,373.04998779296875,3826148,0.0,0.0
2026-05-04 09:45:00+05:30,373.1000061035156,375.3500061035156,371.79998779296875,375.0,5211010,0.0,0.0
2026-05-04 10:00:00+05:30,375.0,375.45001220703125,373.29998779296875,374.95001220703125,2706456,0.0,0.0
2026-05-04 10:15:00+05:30,374.95001220703125,376.20001220703125,374.8500061035156,375.95001220703125,2494984,0.0,0.0
2026-05-04 10:30:00+05:30,375.8500061035156,376.1000061035156,374.6000061035156,375.0,2027044,0.0,0.0
2026-05-04 10:45:00+05:30,375.04998779296875,375.45001220703125,374.45001220703125,374.70001220703125,1245477,0.0,0.0
2026-05-04 11:00:00+05:30,374.70001220703125,375.29998779296875,373.79998779296875,375.1000061035156,1956208,0.0,0.0
2026-05-04 11:15:00+05:30,375.04998779296875,375.1000061035156,373.3999938964844,373.6499938964844,13242989,0.0,0.0
2026-05-04 11:30:00+05:30,373.6499938964844,374.45001220703125,372.6000061035156,373.70001220703125,1360780,0.0,0.0
2026-05-04 11:45:00+05:30,373.54998779296875,375.04998779296875,373.04998779296875,375.0,2083966,0.0,0.0
2026-05-04 12:00:00+05:30,375.0,375.1499938964844,373.20001220703125,373.20001220703125,1743707,0.0,0.0
2026-05-04 12:15:00+05:30,373.1499938964844,373.8999938964844,372.0,373.45001220703125,1216622,0.0,0.0
2026-05-04 12:30:00+05:30,373.6499938964844,374.25,373.1000061035156,373.29998779296875,976119,0.0,0.0
2026-05-04 12:45:00+05:30,373.29998779296875,373.6499938964844,371.70001220703125,372.0,1388070,0.0,0.0
2026-05-04 13:00:00+05:30,372.0,372.04998779296875,371.3999938964844,371.8999938964844,524796,0.0,0.0
2026-05-04 13:15:00+05:30,371.8999938964844,372.8500061035156,371.45001220703125,372.3500061035156,1454105,0.0,0.0
2026-05-04 13:30:00+05:30,372.3500061035156,372.6000061035156,370.6499938964844,371.45001220703125,1988117,0.0,0.0
2026-05-04 13:45:00+05:30,371.54998779296875,372.3500061035156,371.45001220703125,371.5,816153,0.0,0.0
2026-05-04 14:00:00+05:30,371.5,371.8999938964844,371.0,371.54998779296875,1000738,0.0,0.0
2026-05-04 14:15:00+05:30,371.3999938964844,372.25,371.3500061035156,372.20001220703125,1554893,0.0,0.0
2026-05-04 14:30:00+05:30,372.1499938964844,372.3500061035156,370.5,370.95001220703125,1739256,0.0,0.0
2026-05-04 14:45:00+05:30,370.8999938964844,372.04998779296875,370.70001220703125,371.1499938964844,1692420,0.0,0.0
2026-05-04 15:00:00+05:30,371.1499938964844,371.95001220703125,370.75,371.8500061035156,2360470,0.0,0.0
2026-05-04 15:15:00+05:30,371.8999938964844,372.1000061035156,370.6499938964844,371.1000061035156,5461889,0.0,0.0
2026-05-05 09:15:00+05:30,371.0,371.3999938964844,369.3999938964844,369.6000061035156,472695,0.0,0.0
2026-05-05 09:30:00+05:30,369.70001220703125,370.3500061035156,368.75,368.8999938964844,644645,0.0,0.0
2026-05-05 09:45:00+05:30,368.79998779296875,370.6000061035156,368.75,370.20001220703125,426571,0.0,0.0
2026-05-05 10:00:00+05:30,370.25,370.8500061035156,369.75,370.1000061035156,599705,0.0,0.0
2026-05-05 10:15:00+05:30,370.1000061035156,370.8500061035156,369.8500061035156,370.20001220703125,1179135,0.0,0.0
2026-05-05 10:30:00+05:30,370.29998779296875,374.20001220703125,370.1499938964844,373.6499938964844,881348,0.0,0.0
2026-05-05 10:45:00+05:30,373.54998779296875,375.3999938964844,373.29998779296875,374.6499938964844,689547,0.0,0.0
2026-05-05 11:00:00+05:30,374.8500061035156,374.8999938964844,373.8500061035156,374.54998779296875,2656624,0.0,0.0
2026-05-05 11:15:00+05:30,374.6000061035156,375.25,374.1499938964844,374.6499938964844,413666,0.0,0.0
2026-05-05 11:30:00+05:30,374.6000061035156,374.75,373.5,374.0,919302,0.0,0.0
2026-05-05 11:45:00+05:30,374.04998779296875,374.25,373.25,373.25,747897,0.0,0.0
2026-05-05 12:00:00+05:30,373.25,373.5,372.6000061035156,373.3999938964844,406218,0.0,0.0
2026-05-05 12:15:00+05:30,373.45001220703125,373.8999938964844,372.95001220703125,372.95001220703125,416752,0.0,0.0
2026-05-05 12:30:00+05:30,373.1499938964844,373.1499938964844,371.95001220703125,371.95001220703125,602517,0.0,0.0
2026-05-05 12:45:00+05:30,371.95001220703125,373.1499938964844,371.5,373.0,613608,0.0,0.0
2026-05-05 13:00:00+05:30,373.04998779296875,374.0,372.95001220703125,373.6000061035156,414290,0.0,0.0
2026-05-05 13:15:00+05:30,373.6499938964844,374.20001220703125,372.8999938964844,373.29998779296875,728301,0.0,0.0
2026-05-05 13:30:00+05:30,373.25,373.3500061035156,372.75,373.1000061035156,435592,0.0,0.0
2026-05-05 13:45:00+05:30,373.1000061035156,373.8999938964844,373.1000061035156,373.20001220703125,1072238,0.0,0.0
2026-05-05 14:00:00+05:30,373.20001220703125,373.5,372.25,372.6000061035156,948635,0.0,0.0
2026-05-05 14:15:00+05:30,372.70001220703125,373.25,372.20001220703125,373.25,848344,0.0,0.0
2026-05-05 14:30:00+05:30,373.25,373.3999938964844,372.04998779296875,372.75,783180,0.0,0.0
2026-05-05 14:45:00+05:30,372.75,372.79998779296875,371.70001220703125,371.79998779296875,642768,0.0,0.0
2026-05-05 15:00:00+05:30,371.70001220703125,371.70001220703125,370.75,371.3500061035156,473084,0.0,0.0
2026-05-05 15:15:00+05:30,371.5,371.95001220703125,371.0,371.25,649329,0.0,0.0
2026-05-06 09:15:00+05:30,374.1000061035156,374.70001220703125,372.70001220703125,373.45001220703125,202410,0.0,0.0
2026-05-06 09:30:00+05:30,373.6499938964844,373.8500061035156,372.29998779296875,373.1000061035156,304520,0.0,0.0
2026-05-06 09:45:00+05:30,373.04998779296875,373.29998779296875,372.54998779296875,373.0,290723,0.0,0.0
2026-05-06 10:00:00+05:30,372.8999938964844,373.3500061035156,372.3999938964844,373.25,206781,0.0,0.0
2026-05-06 10:15:00+05:30,373.29998779296875,373.6499938964844,373.0,373.1499938964844,204332,0.0,0.0
2026-05-06 10:30:00+05:30,373.25,373.25,372.54998779296875,373.0,176074,0.0,0.0
2026-05-06 10:45:00+05:30,372.95001220703125,373.1499938964844,372.29998779296875,372.3500061035156,287914,0.0,0.0
2026-05-06 11:00:00+05:30,372.3500061035156,372.70001220703125,371.3500061035156,372.3999938964844,890512,0.0,0.0
2026-05-06 11:15:00+05:30,372.45001220703125,373.79998779296875,371.70001220703125,373.79998779296875,1666120,0.0,0.0
2026-05-06 11:30:00+05:30,373.75,373.95001220703125,370.70001220703125,371.0,1233535,0.0,0.0
2026-05-06 11:45:00+05:30,371.04998779296875,371.25,370.75,371.0,372074,0.0,0.0
2026-05-06 12:00:00+05:30,370.8999938964844,371.0,370.25,370.75,444613,0.0,0.0
2026-05-06 12:15:00+05:30,370.6000061035156,370.79998779296875,368.3500061035156,369.04998779296875,1531191,0.0,0.0
2026-05-06 12:30:00+05:30,369.0,369.1000061035156,368.25,368.25,517358,0.0,0.0
2026-05-06 12:45:00+05:30,368.20001220703125,368.6499938964844,368.0,368.0,637010,0.0,0.0
2026-05-06 13:00:00+05:30,368.1000061035156,368.1499938964844,365.70001220703125,365.75,2064282,0.0,0.0
2026-05-06 13:15:00+05:30,365.79998779296875,367.8500061035156,365.75,367.54998779296875,1210565,0.0,0.0
2026-05-06 13:30:00+05:30,367.5,368.0,367.25,367.6000061035156,686258,0.0,0.0
2026-05-06 13:45:00+05:30,367.6000061035156,369.1499938964844,367.5,368.54998779296875,667517,0.0,0.0
2026-05-06 14:00:00+05:30,368.5,369.29998779296875,368.29998779296875,368.95001220703125,620824,0.0,0.0
2026-05-06 14:15:00+05:30,369.0,372.79998779296875,368.70001220703125,372.5,3656353,0.0,0.0
2026-05-06 14:30:00+05:30,372.6000061035156,373.5,372.20001220703125,373.0,1755274,0.0,0.0
2026-05-06 14:45:00+05:30,373.0,375.45001220703125,372.0,375.3500061035156,6738263,0.0,0.0
2026-05-06 15:00:00+05:30,375.29998779296875,376.25,373.75,376.04998779296875,3319806,0.0,0.0
2026-05-06 15:15:00+05:30,376.0,379.79998779296875,375.25,377.6000061035156,5933396,0.0,0.0
2026-05-07 09:15:00+05:30,374.29998779296875,377.54998779296875,374.29998779296875,375.70001220703125,792018,0.0,0.0
2026-05-07 09:30:00+05:30,375.54998779296875,376.25,375.3999938964844,375.6499938964844,997966,0.0,0.0
2026-05-07 09:45:00+05:30,375.75,376.8500061035156,374.79998779296875,376.70001220703125,973530,0.0,0.0
2026-05-07 10:00:00+05:30,376.79998779296875,380.0,376.3500061035156,379.6000061035156,1163603,0.0,0.0
2026-05-07 10:15:00+05:30,379.75,381.1000061035156,379.5,379.70001220703125,1748909,0.0,0.0
2026-05-07 10:30:00+05:30,379.70001220703125,379.95001220703125,378.8999938964844,379.5,406539,0.0,0.0
2026-05-07 10:45:00+05:30,379.5,380.1499938964844,379.1000061035156,379.6499938964844,742864,0.0,0.0
2026-05-07 11:00:00+05:30,379.6000061035156,379.79998779296875,379.1499938964844,379.3999938964844,850091,0.0,0.0
2026-05-07 11:15:00+05:30,379.45001220703125,380.0,378.45001220703125,378.5,595898,0.0,0.0
2026-05-07 11:30:00+05:30,378.5,379.45001220703125,378.3500061035156,378.5,1446704,0.0,0.0
2026-05-07 11:45:00+05:30,378.5,379.79998779296875,377.8999938964844,379.6000061035156,1151509,0.0,0.0
2026-05-07 12:00:00+05:30,379.75,380.8999938964844,376.6000061035156,380.25,866632,0.0,0.0
2026-05-07 12:15:00+05:30,380.29998779296875,380.8999938964844,379.95001220703125,379.95001220703125,553542,0.0,0.0
2026-05-07 12:30:00+05:30,380.1499938964844,382.3999938964844,379.75,381.3999938964844,818618,0.0,0.0
2026-05-07 12:45:00+05:30,381.5,382.0,380.3999938964844,380.70001220703125,449971,0.0,0.0
2026-05-07 13:00:00+05:30,380.75,381.79998779296875,380.3500061035156,380.45001220703125,277726,0.0,0.0
2026-05-07 13:15:00+05:30,380.54998779296875,380.70001220703125,379.1499938964844,380.20001220703125,397104,0.0,0.0
2026-05-07 13:30:00+05:30,380.1000061035156,380.6499938964844,379.3999938964844,380.25,1957858,0.0,0.0
2026-05-07 13:45:00+05:30,380.25,380.5,379.70001220703125,380.1499938964844,1336081,0.0,0.0
2026-05-07 14:00:00+05:30,380.1499938964844,380.3999938964844,379.3500061035156,379.6499938964844,647613,0.0,0.0
2026-05-07 14:15:00+05:30,379.54998779296875,380.25,379.1499938964844,380.0,471921,0.0,0.0
2026-05-07 14:30:00+05:30,380.0,380.6000061035156,379.1499938964844,379.20001220703125,612839,0.0,0.0
2026-05-07 14:45:00+05:30,379.25,380.1499938964844,378.95001220703125,379.8999938964844,421106,0.0,0.0
2026-05-07 15:00:00+05:30,379.75,379.75,378.6499938964844,379.20001220703125,2055293,0.0,0.0
2026-05-07 15:15:00+05:30,379.25,380.6000061035156,379.1499938964844,380.5,1727005,0.0,0.0
2026-05-08 09:15:00+05:30,378.95001220703125,378.95001220703125,374.0,378.29998779296875,580486,0.0,0.0
2026-05-08 09:30:00+05:30,378.29998779296875,378.5,376.8999938964844,377.1499938964844,1199989,0.0,0.0
2026-05-08 09:45:00+05:30,377.25,377.25,374.8999938964844,376.3999938964844,538399,0.0,0.0
2026-05-08 10:00:00+05:30,376.25,376.70001220703125,375.8500061035156,376.5,266807,0.0,0.0
2026-05-08 10:15:00+05:30,376.3500061035156,376.75,375.70001220703125,376.3999938964844,589760,0.0,0.0
2026-05-08 10:30:00+05:30,376.3999938964844,376.8500061035156,376.1499938964844,376.6000061035156,148051,0.0,0.0
2026-05-08 10:45:00+05:30,376.6000061035156,377.25,376.0,377.04998779296875,331140,0.0,0.0
2026-05-08 11:00:00+05:30,377.20001220703125,377.54998779296875,376.8500061035156,377.5,488016,0.0,0.0
2026-05-08 11:15:00+05:30,377.5,377.8500061035156,377.29998779296875,377.29998779296875,390103,0.0,0.0
2026-05-08 11:30:00+05:30,377.3999938964844,378.20001220703125,377.04998779296875,378.1000061035156,380603,0.0,0.0
2026-05-08 11:45:00+05:30,377.8500061035156,379.20001220703125,377.8500061035156,379.0,1277221,0.0,0.0
2026-05-08 12:00:00+05:30,379.0,379.8999938964844,378.75,378.8500061035156,686108,0.0,0.0
2026-05-08 12:15:00+05:30,379.0,379.8999938964844,378.5,379.8999938964844,2786724,0.0,0.0
2026-05-08 12:30:00+05:30,379.8999938964844,379.8999938964844,377.8500061035156,377.8500061035156,956361,0.0,0.0
2026-05-08 12:45:00+05:30,377.79998779296875,378.1499938964844,377.25,377.29998779296875,300299,0.0,0.0
2026-05-08 13:00:00+05:30,377.3500061035156,377.5,376.75,377.04998779296875,179892,0.0,0.0
2026-05-08 13:15:00+05:30,377.1499938964844,377.8500061035156,376.75,377.79998779296875,114052,0.0,0.0
2026-05-08 13:30:00+05:30,377.8999938964844,378.0,377.04998779296875,377.3999938964844,182410,0.0,0.0
2026-05-08 13:45:00+05:30,377.5,377.75,376.54998779296875,377.1499938964844,185654,0.0,0.0
2026-05-08 14:00:00+05:30,377.1499938964844,378.20001220703125,376.6000061035156,377.45001220703125,195398,0.0,0.0
2026-05-08 14:15:00+05:30,377.45001220703125,378.75,377.3999938964844,378.3999938964844,208440,0.0,0.0
2026-05-08 14:30:00+05:30,378.29998779296875,379.95001220703125,378.1499938964844,379.8999938964844,286009,0.0,0.0
2026-05-08 14:45:00+05:30,379.8999938964844,380.3999938964844,379.20001220703125,379.8500061035156,635788,0.0,0.0
2026-05-08 15:00:00+05:30,380.04998779296875,381.20001220703125,379.1499938964844,381.04998779296875,1234988,0.0,0.0
2026-05-08 15:15:00+05:30,381.0,381.5,380.70001220703125,381.20001220703125,1148873,0.0,0.0
2026-05-11 09:15:00+05:30,377.1000061035156,379.6000061035156,376.45001220703125,379.29998779296875,416086,0.0,0.0
2026-05-11 09:30:00+05:30,379.3500061035156,379.3999938964844,377.5,377.5,298426,0.0,0.0
2026-05-11 09:45:00+05:30,377.75,378.04998779296875,376.5,376.6499938964844,482226,0.0,0.0
2026-05-11 10:00:00+05:30,376.6000061035156,377.04998779296875,376.3500061035156,376.6000061035156,997631,0.0,0.0
2026-05-11 10:15:00+05:30,376.6000061035156,376.6000061035156,375.8500061035156,376.0,240336,0.0,0.0
2026-05-11 10:30:00+05:30,376.0,376.04998779296875,375.0,375.1499938964844,444954,0.0,0.0
2026-05-11 10:45:00+05:30,375.1000061035156,377.6499938964844,374.45001220703125,377.6499938964844,698773,0.0,0.0
2026-05-11 11:00:00+05:30,377.6499938964844,381.0,377.6499938964844,380.6499938964844,846500,0.0,0.0
2026-05-11 11:15:00+05:30,380.6499938964844,381.3999938964844,380.29998779296875,381.0,940451,0.0,0.0
2026-05-11 11:30:00+05:30,381.0,381.3999938964844,380.3500061035156,381.1499938964844,626933,0.0,0.0
2026-05-11 11:45:00+05:30,381.1000061035156,381.20001220703125,380.5,381.1499938964844,700837,0.0,0.0
2026-05-11 12:00:00+05:30,381.04998779296875,381.8999938964844,381.04998779296875,381.8999938964844,542255,0.0,0.0
2026-05-11 12:15:00+05:30,381.8500061035156,381.95001220703125,380.79998779296875,381.6000061035156,899739,0.0,0.0
2026-05-11 12:30:00+05:30,381.6000061035156,383.04998779296875,381.25,383.0,729634,0.0,0.0
2026-05-11 12:45:00+05:30,383.0,384.70001220703125,382.70001220703125,384.1000061035156,922348,0.0,0.0
2026-05-11 13:00:00+05:30,384.1000061035156,384.8999938964844,383.0,384.8999938964844,1181297,0.0,0.0
2026-05-11 13:15:00+05:30,384.79998779296875,385.3999938964844,384.6000061035156,385.04998779296875,1091712,0.0,0.0
2026-05-11 13:30:00+05:30,385.0,385.8999938964844,384.75,385.6000061035156,728796,0.0,0.0
2026-05-11 13:45:00+05:30,385.45001220703125,386.0,385.04998779296875,385.04998779296875,701830,0.0,0.0
2026-05-11 14:00:00+05:30,385.1000061035156,385.95001220703125,385.04998779296875,385.3999938964844,1283188,0.0,0.0
2026-05-11 14:15:00+05:30,385.3500061035156,385.45001220703125,383.3999938964844,383.5,956116,0.0,0.0
2026-05-11 14:30:00+05:30,383.5,384.29998779296875,383.1499938964844,383.3500061035156,1047445,0.0,0.0
2026-05-11 14:45:00+05:30,383.3500061035156,383.54998779296875,382.6000061035156,382.8999938964844,839894,0.0,0.0
2026-05-11 15:00:00+05:30,382.8999938964844,382.8999938964844,380.8999938964844,381.1000061035156,1476214,0.0,0.0
2026-05-11 15:15:00+05:30,381.04998779296875,381.45001220703125,379.75,380.45001220703125,1635005,0.0,0.0
2026-05-12 09:15:00+05:30,380.45001220703125,380.8999938964844,378.5,378.8999938964844,684747,0.0,0.0
2026-05-12 09:30:00+05:30,378.75,379.3999938964844,378.1000061035156,378.6499938964844,585607,0.0,0.0
2026-05-12 09:45:00+05:30,378.6499938964844,378.8999938964844,377.3500061035156,378.20001220703125,451019,0.0,0.0
2026-05-12 10:00:00+05:30,378.25,378.79998779296875,378.1000061035156,378.5,310445,0.0,0.0
2026-05-12 10:15:00+05:30,378.29998779296875,379.20001220703125,378.25,378.54998779296875,294900,0.0,0.0
2026-05-12 10:30:00+05:30,378.6000061035156,378.6000061035156,377.70001220703125,378.0,316319,0.0,0.0
2026-05-12 10:45:00+05:30,378.04998779296875,378.54998779296875,377.75,378.29998779296875,282626,0.0,0.0
2026-05-12 11:00:00+05:30,378.25,378.8500061035156,378.0,378.5,337886,0.0,0.0
2026-05-12 11:15:00+05:30,378.5,378.6499938964844,377.5,377.95001220703125,617314,0.0,0.0
2026-05-12 11:30:00+05:30,378.04998779296875,378.75,377.5,378.6499938964844,355266,0.0,0.0
2026-05-12 11:45:00+05:30,378.6499938964844,379.45001220703125,378.20001220703125,378.6499938964844,494505,0.0,0.0
2026-05-12 12:00:00+05:30,378.6000061035156,379.29998779296875,378.6000061035156,378.95001220703125,495747,0.0,0.0
2026-05-12 12:15:00+05:30,378.95001220703125,380.3999938964844,378.8999938964844,380.0,490386,0.0,0.0
2026-05-12 12:30:00+05:30,380.04998779296875,380.1499938964844,377.6000061035156,378.3999938964844,557188,0.0,0.0
2026-05-12 12:45:00+05:30,378.04998779296875,378.45001220703125,377.04998779296875,377.95001220703125,387623,0.0,0.0
2026-05-12 13:00:00+05:30,377.8500061035156,378.5,376.8500061035156,377.6000061035156,291545,0.0,0.0
2026-05-12 13:15:00+05:30,377.75,378.6000061035156,377.75,378.04998779296875,241567,0.0,0.0
2026-05-12 13:30:00+05:30,378.0,378.54998779296875,377.1000061035156,377.20001220703125,238321,0.0,0.0
2026-05-12 13:45:00+05:30,377.20001220703125,377.29998779296875,376.29998779296875,376.6000061035156,175905,0.0,0.0
2026-05-12 14:00:00+05:30,376.6499938964844,377.1000061035156,375.75,375.79998779296875,457308,0.0,0.0
2026-05-12 14:15:00+05:30,375.8500061035156,376.70001220703125,375.70001220703125,376.54998779296875,119575,0.0,0.0
2026-05-12 14:30:00+05:30,376.54998779296875,377.25,375.6499938964844,376.54998779296875,560854,0.0,0.0
2026-05-12 14:45:00+05:30,376.54998779296875,376.95001220703125,375.3999938964844,375.5,387897,0.0,0.0
2026-05-12 15:00:00+05:30,375.54998779296875,375.6499938964844,374.6000061035156,375.54998779296875,1338877,0.0,0.0
2026-05-12 15:15:00+05:30,375.54998779296875,377.0,375.1499938964844,376.0,1929178,0.0,0.0
2026-05-13 09:15:00+05:30,377.79998779296875,380.0,377.75,378.95001220703125,706365,0.0,0.0
2026-05-13 09:30:00+05:30,378.8500061035156,379.25,378.0,378.45001220703125,379242,0.0,0.0
2026-05-13 09:45:00+05:30,378.5,379.45001220703125,377.8999938964844,378.79998779296875,435414,0.0,0.0
2026-05-13 10:00:00+05:30,378.8999938964844,380.45001220703125,378.75,380.29998779296875,532945,0.0,0.0
2026-05-13 10:15:00+05:30,380.20001220703125,382.45001220703125,380.1499938964844,381.79998779296875,682305,0.0,0.0
2026-05-13 10:30:00+05:30,381.8500061035156,382.75,381.6000061035156,382.3500061035156,571197,0.0,0.0
2026-05-13 10:45:00+05:30,382.3500061035156,382.45001220703125,380.29998779296875,380.3999938964844,716734,0.0,0.0
2026-05-13 11:00:00+05:30,380.3999938964844,381.6000061035156,380.25,381.5,612233,0.0,0.0
2026-05-13 11:15:00+05:30,381.6000061035156,381.75,379.70001220703125,379.95001220703125,348964,0.0,0.0
2026-05-13 11:30:00+05:30,379.79998779296875,382.0,379.1499938964844,382.0,1099078,0.0,0.0
2026-05-13 11:45:00+05:30,382.1000061035156,383.0,382.1000061035156,382.6499938964844,748438,0.0,0.0
2026-05-13 12:00:00+05:30,382.6499938964844,384.0,382.6499938964844,383.70001220703125,1230066,0.0,0.0
2026-05-13 12:15:00+05:30,383.75,383.8999938964844,382.54998779296875,383.04998779296875,1513592,0.0,0.0
2026-05-13 12:30:00+05:30,383.04998779296875,383.04998779296875,380.29998779296875,381.1000061035156,467807,0.0,0.0
2026-05-13 12:45:00+05:30,381.1000061035156,383.29998779296875,381.04998779296875,383.20001220703125,374433,0.0,0.0
2026-05-13 13:00:00+05:30,383.1000061035156,383.1499938964844,381.79998779296875,381.79998779296875,260328,0.0,0.0
2026-05-13 13:15:00+05:30,381.8500061035156,381.8500061035156,380.75,381.1000061035156,378924,0.0,0.0
2026-05-13 13:30:00+05:30,381.04998779296875,381.5,380.8500061035156,381.1499938964844,425337,0.0,0.0
2026-05-13 13:45:00+05:30,381.1499938964844,381.3999938964844,380.29998779296875,380.6499938964844,322410,0.0,0.0
2026-05-13 14:00:00+05:30,380.6499938964844,380.95001220703125,380.20001220703125,380.95001220703125,504081,0.0,0.0
2026-05-13 14:15:00+05:30,380.95001220703125,381.04998779296875,380.0,380.3500061035156,393582,0.0,0.0
2026-05-13 14:30:00+05:30,380.29998779296875,380.8500061035156,379.0,379.25,497593,0.0,0.0
2026-05-13 14:45:00+05:30,379.20001220703125,379.5,378.70001220703125,379.1000061035156,323298,0.0,0.0
2026-05-13 15:00:00+05:30,379.04998779296875,379.04998779296875,376.8999938964844,377.8999938964844,949823,0.0,0.0
2026-05-13 15:15:00+05:30,377.8999938964844,378.95001220703125,377.1000061035156,378.95001220703125,761123,0.0,0.0
2026-05-14 09:15:00+05:30,378.54998779296875,380.8999938964844,378.54998779296875,380.0,262989,0.0,0.0
2026-05-14 09:30:00+05:30,380.04998779296875,380.1499938964844,378.79998779296875,378.79998779296875,360565,0.0,0.0
2026-05-14 09:45:00+05:30,378.79998779296875,379.25,377.70001220703125,378.25,172329,0.0,0.0
2026-05-14 10:00:00+05:30,378.29998779296875,378.5,377.6000061035156,378.1499938964844,179185,0.0,0.0
2026-05-14 10:15:00+05:30,378.25,378.75,377.8999938964844,378.45001220703125,199202,0.0,0.0
2026-05-14 10:30:00+05:30,378.45001220703125,379.29998779296875,378.29998779296875,378.3500061035156,162213,0.0,0.0
2026-05-14 10:45:00+05:30,378.3500061035156,378.3500061035156,376.25,376.45001220703125,325487,0.0,0.0
2026-05-14 11:00:00+05:30,376.5,377.5,375.75,377.5,329212,0.0,0.0
2026-05-14 11:15:00+05:30,377.45001220703125,379.25,377.04998779296875,379.1499938964844,550763,0.0,0.0
2026-05-14 11:30:00+05:30,379.20001220703125,382.75,379.1499938964844,382.70001220703125,366100,0.0,0.0
2026-05-14 11:45:00+05:30,382.70001220703125,383.3999938964844,382.1000061035156,383.0,612458,0.0,0.0
2026-05-14 12:00:00+05:30,383.20001220703125,383.70001220703125,382.0,382.6499938964844,564686,0.0,0.0
2026-05-14 12:15:00+05:30,382.6499938964844,384.29998779296875,382.6000061035156,384.0,383051,0.0,0.0
2026-05-14 12:30:00+05:30,384.0,384.75,384.0,384.6499938964844,249820,0.0,0.0
2026-05-14 12:45:00+05:30,384.75,384.75,383.3500061035156,383.8999938964844,563513,0.0,0.0
2026-05-14 13:00:00+05:30,383.95001220703125,384.95001220703125,383.3500061035156,383.70001220703125,498105,0.0,0.0
2026-05-14 13:15:00+05:30,383.70001220703125,384.3999938964844,383.6000061035156,383.79998779296875,296413,0.0,0.0
2026-05-14 13:30:00+05:30,383.79998779296875,384.6499938964844,383.6000061035156,383.95001220703125,257725,0.0,0.0
2026-05-14 13:45:00+05:30,384.0,384.20001220703125,382.6499938964844,383.25,261569,0.0,0.0
2026-05-14 14:00:00+05:30,383.1000061035156,383.95001220703125,383.1000061035156,383.75,294563,0.0,0.0
2026-05-14 14:15:00+05:30,383.79998779296875,385.0,383.3999938964844,384.75,551821,0.0,0.0
2026-05-14 14:30:00+05:30,384.95001220703125,384.95001220703125,383.8999938964844,384.1499938964844,595723,0.0,0.0
2026-05-14 14:45:00+05:30,384.1000061035156,384.1000061035156,382.95001220703125,383.8999938964844,596266,0.0,0.0
2026-05-14 15:00:00+05:30,383.8500061035156,383.8500061035156,382.6000061035156,383.1499938964844,950106,0.0,0.0
2026-05-14 15:15:00+05:30,383.1499938964844,383.45001220703125,382.70001220703125,383.25,655634,0.0,0.0
2026-05-15 09:15:00+05:30,383.79998779296875,384.8999938964844,380.79998779296875,384.79998779296875,724483,0.0,0.0
2026-05-15 09:30:00+05:30,384.75,389.95001220703125,384.45001220703125,389.70001220703125,1646710,0.0,0.0
2026-05-15 09:45:00+05:30,389.8999938964844,390.75,388.3999938964844,389.8500061035156,881816,0.0,0.0
2026-05-15 10:00:00+05:30,389.8500061035156,390.1000061035156,388.6499938964844,389.20001220703125,618912,0.0,0.0
2026-05-15 10:15:00+05:30,389.1000061035156,391.70001220703125,388.70001220703125,391.6000061035156,825806,0.0,0.0
2026-05-15 10:30:00+05:30,391.70001220703125,393.0,390.8999938964844,391.1499938964844,1350572,0.0,0.0
2026-05-15 10:45:00+05:30,391.1499938964844,393.29998779296875,390.79998779296875,392.25,830971,0.0,0.0
2026-05-15 11:00:00+05:30,392.25,392.5,390.45001220703125,391.1499938964844,502989,0.0,0.0
2026-05-15 11:15:00+05:30,391.20001220703125,391.45001220703125,389.45001220703125,389.75,763387,0.0,0.0
2026-05-15 11:30:00+05:30,389.5,390.1000061035156,389.0,389.8500061035156,698237,0.0,0.0
2026-05-15 11:45:00+05:30,389.8500061035156,390.5,388.95001220703125,390.25,523175,0.0,0.0
2026-05-15 12:00:00+05:30,390.25,391.29998779296875,389.45001220703125,390.3500061035156,366738,0.0,0.0
2026-05-15 12:15:00+05:30,390.3500061035156,390.5,389.3999938964844,389.45001220703125,196939,0.0,0.0
2026-05-15 12:30:00+05:30,389.54998779296875,390.3999938964844,388.5,390.3500061035156,566126,0.0,0.0
2026-05-15 12:45:00+05:30,390.20001220703125,391.0,389.95001220703125,390.70001220703125,210914,0.0,0.0
2026-05-15 13:00:00+05:30,390.70001220703125,390.95001220703125,390.1499938964844,390.45001220703125,177258,0.0,0.0
2026-05-15 13:15:00+05:30,390.45001220703125,391.5,390.29998779296875,391.5,204956,0.0,0.0
2026-05-15 13:30:00+05:30,391.5,391.6000061035156,390.3999938964844,390.8500061035156,434514,0.0,0.0
2026-05-15 13:45:00+05:30,390.75,391.04998779296875,389.45001220703125,389.79998779296875,458597,0.0,0.0
2026-05-15 14:00:00+05:30,389.8999938964844,390.45001220703125,389.1499938964844,390.45001220703125,716066,0.0,0.0
2026-05-15 14:15:00+05:30,390.5,390.5,387.5,387.95001220703125,1435009,0.0,0.0
2026-05-15 14:30:00+05:30,387.95001220703125,388.75,387.54998779296875,387.95001220703125,1034292,0.0,0.0
2026-05-15 14:45:00+05:30,387.95001220703125,387.95001220703125,386.04998779296875,387.25,1251225,0.0,0.0
2026-05-15 15:00:00+05:30,387.20001220703125,387.5,386.3999938964844,387.3999938964844,1153141,0.0,0.0
2026-05-15 15:15:00+05:30,387.5,388.5,386.45001220703125,387.25,1499167,0.0,0.0
2026-05-18 09:15:00+05:30,383.1000061035156,385.0,382.3500061035156,382.3500061035156,265536,0.0,0.0
2026-05-18 09:30:00+05:30,382.1499938964844,383.5,381.79998779296875,382.0,287929,0.0,0.0
2026-05-18 09:45:00+05:30,381.79998779296875,382.04998779296875,381.0,382.04998779296875,278696,0.0,0.0
2026-05-18 10:00:00+05:30,382.04998779296875,382.04998779296875,380.8999938964844,381.1499938964844,233632,0.0,0.0
2026-05-18 10:15:00+05:30,381.1000061035156,381.75,380.54998779296875,380.8999938964844,298265,0.0,0.0
2026-05-18 10:30:00+05:30,380.95001220703125,382.0,380.70001220703125,381.6499938964844,244477,0.0,0.0
2026-05-18 10:45:00+05:30,381.6499938964844,382.45001220703125,381.3500061035156,382.3500061035156,223003,0.0,0.0
2026-05-18 11:00:00+05:30,382.3999938964844,382.95001220703125,381.6499938964844,382.79998779296875,303230,0.0,0.0
2026-05-18 11:15:00+05:30,382.70001220703125,383.5,382.20001220703125,383.3999938964844,364606,0.0,0.0
2026-05-18 11:30:00+05:30,383.3999938964844,385.8999938964844,383.1499938964844,385.20001220703125,437854,0.0,0.0
2026-05-18 11:45:00+05:30,385.20001220703125,385.45001220703125,383.25,383.25,297096,0.0,0.0
2026-05-18 12:00:00+05:30,383.3500061035156,386.25,383.04998779296875,386.25,573288,0.0,0.0
2026-05-18 12:15:00+05:30,386.1000061035156,387.45001220703125,385.70001220703125,387.1499938964844,1279154,0.0,0.0
2026-05-18 12:30:00+05:30,387.1499938964844,388.6000061035156,386.70001220703125,387.75,1001099,0.0,0.0
2026-05-18 12:45:00+05:30,387.6499938964844,389.8999938964844,387.29998779296875,389.8500061035156,572474,0.0,0.0
2026-05-18 13:00:00+05:30,390.20001220703125,391.3500061035156,389.1499938964844,390.0,669144,0.0,0.0
2026-05-18 13:15:00+05:30,389.8999938964844,392.1499938964844,389.6000061035156,391.6000061035156,610853,0.0,0.0
2026-05-18 13:30:00+05:30,391.6000061035156,392.29998779296875,390.75,391.6499938964844,524463,0.0,0.0
2026-05-18 13:45:00+05:30,391.75,393.0,391.3999938964844,392.25,621322,0.0,0.0
2026-05-18 14:00:00+05:30,392.25,392.25,391.0,391.8500061035156,775386,0.0,0.0
2026-05-18 14:15:00+05:30,391.75,391.75,390.6000061035156,391.1499938964844,750032,0.0,0.0
2026-05-18 14:30:00+05:30,391.1000061035156,391.8999938964844,390.1499938964844,390.95001220703125,443807,0.0,0.0
2026-05-18 14:45:00+05:30,390.95001220703125,391.20001220703125,390.1499938964844,390.6499938964844,803711,0.0,0.0
2026-05-18 15:00:00+05:30,390.8500061035156,392.6000061035156,390.8500061035156,391.70001220703125,1214668,0.0,0.0
2026-05-18 15:15:00+05:30,391.70001220703125,391.8500061035156,390.95001220703125,391.6499938964844,1069702,0.0,0.0
2026-05-19 09:15:00+05:30,390.54998779296875,391.75,388.8500061035156,389.6000061035156,479847,0.0,0.0
2026-05-19 09:30:00+05:30,389.79998779296875,390.20001220703125,387.6000061035156,389.8999938964844,570624,0.0,0.0
2026-05-19 09:45:00+05:30,390.1000061035156,390.1000061035156,388.6499938964844,388.79998779296875,361218,0.0,0.0
2026-05-19 10:00:00+05:30,388.8500061035156,389.45001220703125,388.54998779296875,389.1499938964844,359870,0.0,0.0
2026-05-19 10:15:00+05:30,389.1499938964844,389.3999938964844,388.29998779296875,388.45001220703125,334811,0.0,0.0
2026-05-19 10:30:00+05:30,388.6000061035156,388.95001220703125,388.29998779296875,388.70001220703125,335404,0.0,0.0
2026-05-19 10:45:00+05:30,388.75,389.29998779296875,388.20001220703125,388.5,597051,0.0,0.0
2026-05-19 11:00:00+05:30,388.6000061035156,389.3999938964844,387.29998779296875,387.29998779296875,779491,0.0,0.0
2026-05-19 11:15:00+05:30,387.29998779296875,387.3500061035156,386.29998779296875,386.6499938964844,522613,0.0,0.0
2026-05-19 11:30:00+05:30,386.6499938964844,387.1499938964844,386.3999938964844,386.75,522467,0.0,0.0
2026-05-19 11:45:00+05:30,386.79998779296875,387.5,386.5,386.8999938964844,756802,0.0,0.0
2026-05-19 12:00:00+05:30,387.0,387.1000061035156,386.5,386.54998779296875,236420,0.0,0.0
2026-05-19 12:15:00+05:30,386.5,387.1000061035156,385.54998779296875,386.0,653632,0.0,0.0
2026-05-19 12:30:00+05:30,386.1499938964844,386.29998779296875,385.0,385.0,577892,0.0,0.0
2026-05-19 12:45:00+05:30,385.25,385.25,384.5,385.1000061035156,745011,0.0,0.0
2026-05-19 13:00:00+05:30,385.1000061035156,386.25,384.8999938964844,385.04998779296875,436891,0.0,0.0
2026-05-19 13:15:00+05:30,385.04998779296875,385.29998779296875,384.75,385.0,405469,0.0,0.0
2026-05-19 13:30:00+05:30,385.04998779296875,385.70001220703125,384.1499938964844,384.1499938964844,640598,0.0,0.0
2026-05-19 13:45:00+05:30,384.1499938964844,384.8500061035156,383.45001220703125,383.79998779296875,578322,0.0,0.0
2026-05-19 14:00:00+05:30,383.8500061035156,384.3500061035156,383.6499938964844,384.0,1005751,0.0,0.0
2026-05-19 14:15:00+05:30,383.95001220703125,385.25,383.70001220703125,383.70001220703125,835608,0.0,0.0
2026-05-19 14:30:00+05:30,383.70001220703125,383.79998779296875,381.79998779296875,382.1499938964844,2548204,0.0,0.0
2026-05-19 14:45:00+05:30,382.1499938964844,382.1499938964844,380.25,381.20001220703125,1330524,0.0,0.0
2026-05-19 15:00:00+05:30,381.20001220703125,381.8999938964844,380.70001220703125,381.3999938964844,2427872,0.0,0.0
2026-05-19 15:15:00+05:30,381.3500061035156,383.45001220703125,381.1000061035156,382.3999938964844,3780336,0.0,0.0
2026-05-20 09:15:00+05:30,377.5,379.6499938964844,376.75,378.6499938964844,433780,0.0,0.0
2026-05-20 09:30:00+05:30,378.54998779296875,380.25,378.5,380.25,418884,0.0,0.0
2026-05-20 09:45:00+05:30,380.1499938964844,380.3999938964844,379.1000061035156,379.70001220703125,430858,0.0,0.0
2026-05-20 10:00:00+05:30,379.70001220703125,379.75,377.6000061035156,378.0,270807,0.0,0.0
2026-05-20 10:15:00+05:30,377.75,378.95001220703125,377.54998779296875,378.95001220703125,250260,0.0,0.0
2026-05-20 10:30:00+05:30,378.95001220703125,379.95001220703125,378.79998779296875,378.79998779296875,400358,0.0,0.0
2026-05-20 10:45:00+05:30,378.8999938964844,379.54998779296875,378.29998779296875,379.54998779296875,194381,0.0,0.0
2026-05-20 11:00:00+05:30,380.0,380.45001220703125,379.6499938964844,380.0,671733,0.0,0.0
2026-05-20 11:15:00+05:30,380.0,381.3500061035156,379.6499938964844,381.29998779296875,218251,0.0,0.0
2026-05-20 11:30:00+05:30,381.25,382.20001220703125,381.1499938964844,381.79998779296875,715426,0.0,0.0
2026-05-20 11:45:00+05:30,381.8500061035156,382.75,381.75,382.20001220703125,232904,0.0,0.0
2026-05-20 12:00:00+05:30,382.20001220703125,382.45001220703125,381.6000061035156,382.1499938964844,371511,0.0,0.0
2026-05-20 12:15:00+05:30,382.20001220703125,382.70001220703125,382.0,382.29998779296875,163868,0.0,0.0
2026-05-20 12:30:00+05:30,382.45001220703125,383.25,382.29998779296875,382.75,268074,0.0,0.0
2026-05-20 12:45:00+05:30,382.75,383.25,382.45001220703125,383.04998779296875,130029,0.0,0.0
2026-05-20 13:00:00+05:30,383.04998779296875,383.45001220703125,382.54998779296875,383.1499938964844,286807,0.0,0.0
2026-05-20 13:15:00+05:30,383.1499938964844,383.20001220703125,381.25,381.5,483279,0.0,0.0
2026-05-20 13:30:00+05:30,381.54998779296875,381.6499938964844,380.95001220703125,381.1000061035156,348010,0.0,0.0
2026-05-20 13:45:00+05:30,381.1000061035156,381.8999938964844,380.6499938964844,381.8999938964844,249821,0.0,0.0
2026-05-20 14:00:00+05:30,382.1499938964844,383.20001220703125,381.95001220703125,382.79998779296875,359923,0.0,0.0
2026-05-20 14:15:00+05:30,382.8999938964844,384.0,382.75,383.45001220703125,370763,0.0,0.0
2026-05-20 14:30:00+05:30,383.5,383.8500061035156,383.04998779296875,383.45001220703125,367803,0.0,0.0
2026-05-20 14:45:00+05:30,383.6000061035156,383.79998779296875,382.95001220703125,383.3999938964844,583390,0.0,0.0
2026-05-20 15:00:00+05:30,383.3999938964844,383.75,382.54998779296875,383.6499938964844,1328383,0.0,0.0
2026-05-20 15:15:00+05:30,383.6000061035156,383.8999938964844,382.1499938964844,383.20001220703125,1740491,0.0,0.0
2026-05-21 09:15:00+05:30,385.0,385.8500061035156,383.1000061035156,383.29998779296875,250515,0.0,0.0
2026-05-21 09:30:00+05:30,383.29998779296875,383.95001220703125,382.29998779296875,383.79998779296875,304873,0.0,0.0
2026-05-21 09:45:00+05:30,383.6000061035156,384.8999938964844,383.1499938964844,383.8500061035156,278243,0.0,0.0
2026-05-21 10:00:00+05:30,383.79998779296875,384.6000061035156,382.70001220703125,383.29998779296875,296152,0.0,0.0
2026-05-21 10:15:00+05:30,383.29998779296875,384.5,383.1499938964844,383.70001220703125,261902,0.0,0.0
2026-05-21 10:30:00+05:30,383.70001220703125,383.8500061035156,382.8500061035156,383.29998779296875,514310,0.0,0.0
2026-05-21 10:45:00+05:30,383.29998779296875,383.8999938964844,382.5,383.25,499206,0.0,0.0
2026-05-21 11:00:00+05:30,383.25,383.25,382.04998779296875,382.1000061035156,311978,0.0,0.0
2026-05-21 11:15:00+05:30,382.04998779296875,383.0,380.8500061035156,382.79998779296875,694258,0.0,0.0
2026-05-21 11:30:00+05:30,383.0,383.3500061035156,382.1499938964844,382.54998779296875,299001,0.0,0.0
2026-05-21 11:45:00+05:30,382.5,383.45001220703125,382.25,382.54998779296875,504286,0.0,0.0
2026-05-21 12:00:00+05:30,382.5,382.79998779296875,381.6000061035156,381.6499938964844,633641,0.0,0.0
2026-05-21 12:15:00+05:30,381.6499938964844,381.75,379.45001220703125,379.75,365435,0.0,0.0
2026-05-21 12:30:00+05:30,379.8500061035156,380.0,379.25,379.6000061035156,446716,0.0,0.0
2026-05-21 12:45:00+05:30,379.54998779296875,379.8999938964844,378.6499938964844,378.8999938964844,301752,0.0,0.0
2026-05-21 13:00:00+05:30,378.95001220703125,378.95001220703125,378.1000061035156,378.45001220703125,225713,0.0,0.0
2026-05-21 13:15:00+05:30,378.5,378.8500061035156,378.25,378.5,106370,0.0,0.0
2026-05-21 13:30:00+05:30,378.5,379.79998779296875,378.3999938964844,379.6000061035156,156009,0.0,0.0
2026-05-21 13:45:00+05:30,379.6000061035156,380.3999938964844,378.54998779296875,379.1000061035156,229188,0.0,0.0
2026-05-21 14:00:00+05:30,378.95001220703125,379.5,378.1000061035156,379.20001220703125,363408,0.0,0.0
2026-05-21 14:15:00+05:30,379.0,380.3999938964844,378.75,380.1499938964844,529508,0.0,0.0
2026-05-21 14:30:00+05:30,380.1499938964844,381.70001220703125,380.1499938964844,381.1499938964844,218248,0.0,0.0
2026-05-21 14:45:00+05:30,381.1499938964844,381.8999938964844,380.79998779296875,381.1000061035156,331306,0.0,0.0
2026-05-21 15:00:00+05:30,381.1000061035156,381.54998779296875,380.20001220703125,381.04998779296875,989574,0.0,0.0
2026-05-21 15:15:00+05:30,380.95001220703125,381.54998779296875,380.29998779296875,380.8500061035156,814127,0.0,0.0
2026-05-22 09:15:00+05:30,383.0,384.95001220703125,381.75,384.3500061035156,198817,0.0,0.0
2026-05-22 09:30:00+05:30,384.29998779296875,385.70001220703125,384.0,384.75,487502,0.0,0.0
2026-05-22 09:45:00+05:30,384.75,385.1499938964844,384.29998779296875,384.6000061035156,217919,0.0,0.0
2026-05-22 10:00:00+05:30,384.70001220703125,386.0,384.3500061035156,385.75,354116,0.0,0.0
2026-05-22 10:15:00+05:30,385.79998779296875,386.1000061035156,384.95001220703125,385.1000061035156,291009,0.0,0.0
2026-05-22 10:30:00+05:30,385.1000061035156,385.8500061035156,384.75,385.04998779296875,143504,0.0,0.0
2026-05-22 10:45:00+05:30,385.1000061035156,385.25,384.3500061035156,384.5,145394,0.0,0.0
2026-05-22 11:00:00+05:30,384.54998779296875,384.6499938964844,383.8999938964844,384.20001220703125,224347,0.0,0.0
2026-05-22 11:15:00+05:30,384.1499938964844,384.25,383.1000061035156,383.29998779296875,246723,0.0,0.0
2026-05-22 11:30:00+05:30,383.20001220703125,383.75,382.70001220703125,383.70001220703125,242980,0.0,0.0
2026-05-22 11:45:00+05:30,383.70001220703125,384.79998779296875,383.6499938964844,384.25,356097,0.0,0.0
2026-05-22 12:00:00+05:30,384.25,384.5,383.8500061035156,384.20001220703125,313372,0.0,0.0
2026-05-22 12:15:00+05:30,384.3500061035156,384.70001220703125,383.5,383.5,333955,0.0,0.0
2026-05-22 12:30:00+05:30,383.5,383.8500061035156,382.8999938964844,383.54998779296875,512363,0.0,0.0
2026-05-22 12:45:00+05:30,383.54998779296875,386.1000061035156,383.3500061035156,385.45001220703125,818461,0.0,0.0
2026-05-22 13:00:00+05:30,385.54998779296875,385.79998779296875,384.6000061035156,384.6499938964844,374093,0.0,0.0
2026-05-22 13:15:00+05:30,384.75,385.29998779296875,384.45001220703125,385.1000061035156,419829,0.0,0.0
2026-05-22 13:30:00+05:30,385.20001220703125,385.8500061035156,385.0,385.5,728476,0.0,0.0
2026-05-22 13:45:00+05:30,385.54998779296875,386.29998779296875,385.0,385.25,670451,0.0,0.0
2026-05-22 14:00:00+05:30,385.3500061035156,385.5,384.0,384.79998779296875,455060,0.0,0.0
2026-05-22 14:15:00+05:30,384.79998779296875,384.95001220703125,383.29998779296875,383.3500061035156,363424,0.0,0.0
2026-05-22 14:30:00+05:30,383.3999938964844,383.8999938964844,383.0,383.20001220703125,311066,0.0,0.0
2026-05-22 14:45:00+05:30,383.20001220703125,383.5,383.0,383.20001220703125,202779,0.0,0.0
2026-05-22 15:00:00+05:30,383.20001220703125,384.3500061035156,383.0,384.3500061035156,832129,0.0,0.0
2026-05-22 15:15:00+05:30,384.3500061035156,385.25,384.1000061035156,384.1499938964844,910197,0.0,0.0
2026-05-25 09:15:00+05:30,388.3500061035156,391.04998779296875,388.29998779296875,390.8500061035156,993360,0.0,0.0
2026-05-25 09:30:00+05:30,391.04998779296875,391.95001220703125,390.04998779296875,391.79998779296875,930013,0.0,0.0
2026-05-25 09:45:00+05:30,391.79998779296875,392.0,391.0,391.3500061035156,437314,0.0,0.0
2026-05-25 10:00:00+05:30,391.3500061035156,392.0,391.0,391.79998779296875,415077,0.0,0.0
2026-05-25 10:15:00+05:30,391.79998779296875,391.8999938964844,390.79998779296875,391.0,250856,0.0,0.0
2026-05-25 10:30:00+05:30,391.0,392.45001220703125,391.0,392.1000061035156,823747,0.0,0.0
2026-05-25 10:45:00+05:30,392.0,392.3500061035156,391.79998779296875,392.0,758309,0.0,0.0
2026-05-25 11:00:00+05:30,392.0,392.04998779296875,391.29998779296875,391.8500061035156,728521,0.0,0.0
2026-05-25 11:15:00+05:30,391.8500061035156,392.0,391.20001220703125,391.95001220703125,690794,0.0,0.0
2026-05-25 11:30:00+05:30,392.0,392.75,391.6000061035156,392.70001220703125,624856,0.0,0.0
2026-05-25 11:45:00+05:30,392.70001220703125,394.6499938964844,392.54998779296875,394.1499938964844,815207,0.0,0.0
2026-05-25 12:00:00+05:30,394.3999938964844,394.8999938964844,393.3500061035156,394.54998779296875,559260,0.0,0.0
2026-05-25 12:15:00+05:30,394.6499938964844,395.04998779296875,392.45001220703125,392.6499938964844,585368,0.0,0.0
2026-05-25 12:30:00+05:30,392.75,392.8500061035156,391.5,391.8500061035156,388188,0.0,0.0
2026-05-25 12:45:00+05:30,391.8999938964844,391.95001220703125,391.29998779296875,391.5,254511,0.0,0.0
2026-05-25 13:00:00+05:30,391.5,392.75,391.20001220703125,392.5,636845,0.0,0.0
2026-05-25 13:15:00+05:30,392.5,392.70001220703125,392.04998779296875,392.20001220703125,353127,0.0,0.0
2026-05-25 13:30:00+05:30,392.20001220703125,392.25,391.79998779296875,391.95001220703125,382286,0.0,0.0
2026-05-25 13:45:00+05:30,391.95001220703125,392.3999938964844,391.8999938964844,391.95001220703125,341862,0.0,0.0
2026-05-25 14:00:00+05:30,392.04998779296875,392.25,391.54998779296875,391.6000061035156,363040,0.0,0.0
2026-05-25 14:15:00+05:30,391.54998779296875,391.8999938964844,391.1000061035156,391.45001220703125,885747,0.0,0.0
2026-05-25 14:30:00+05:30,391.3999938964844,391.5,390.54998779296875,391.1499938964844,403562,0.0,0.0
2026-05-25 14:45:00+05:30,391.1499938964844,392.75,391.1499938964844,391.95001220703125,620028,0.0,0.0
2026-05-25 15:00:00+05:30,391.8999938964844,393.25,391.70001220703125,392.6499938964844,429264,0.0,0.0
2026-05-25 15:15:00+05:30,392.70001220703125,394.29998779296875,392.5,393.29998779296875,1052652,0.0,0.0
2026-05-26 09:15:00+05:30,393.0,393.0,390.5,391.04998779296875,199014,0.0,0.0
2026-05-26 09:30:00+05:30,391.04998779296875,391.5,390.3500061035156,390.95001220703125,288950,0.0,0.0
2026-05-26 09:45:00+05:30,390.8999938964844,390.8999938964844,388.45001220703125,389.20001220703125,390336,0.0,0.0
2026-05-26 10:00:00+05:30,389.1000061035156,389.6499938964844,388.75,389.6000061035156,300183,0.0,0.0
2026-05-26 10:15:00+05:30,389.6000061035156,391.0,388.8500061035156,390.70001220703125,444098,0.0,0.0
2026-05-26 10:30:00+05:30,390.8500061035156,391.3999938964844,390.70001220703125,391.1499938964844,433384,0.0,0.0
2026-05-26 10:45:00+05:30,391.25,391.70001220703125,390.79998779296875,391.3999938964844,344280,0.0,0.0
2026-05-26 11:00:00+05:30,391.3500061035156,391.6000061035156,390.6499938964844,390.95001220703125,560220,0.0,0.0
2026-05-26 11:15:00+05:30,390.8999938964844,391.25,389.8500061035156,389.95001220703125,412018,0.0,0.0
2026-05-26 11:30:00+05:30,390.1499938964844,390.79998779296875,389.45001220703125,390.29998779296875,589801,0.0,0.0
2026-05-26 11:45:00+05:30,390.29998779296875,390.6499938964844,389.29998779296875,389.6000061035156,813088,0.0,0.0
2026-05-26 12:00:00+05:30,389.79998779296875,389.8999938964844,388.8500061035156,389.0,511910,0.0,0.0
2026-05-26 12:15:00+05:30,389.1000061035156,389.29998779296875,388.04998779296875,388.1499938964844,357347,0.0,0.0
2026-05-26 12:30:00+05:30,388.20001220703125,388.95001220703125,387.3500061035156,387.8500061035156,567657,0.0,0.0
2026-05-26 12:45:00+05:30,388.04998779296875,388.3999938964844,387.29998779296875,388.0,418512,0.0,0.0
2026-05-26 13:00:00+05:30,388.04998779296875,388.20001220703125,387.0,387.3500061035156,550734,0.0,0.0
2026-05-26 13:15:00+05:30,387.3500061035156,388.75,387.1499938964844,388.25,423705,0.0,0.0
2026-05-26 13:30:00+05:30,388.3500061035156,389.0,387.79998779296875,387.8500061035156,808577,0.0,0.0
2026-05-26 13:45:00+05:30,387.8500061035156,388.3500061035156,387.25,387.6000061035156,523734,0.0,0.0
2026-05-26 14:00:00+05:30,387.75,388.20001220703125,387.3999938964844,388.0,649144,0.0,0.0
2026-05-26 14:15:00+05:30,387.95001220703125,388.45001220703125,387.45001220703125,388.1499938964844,696253,0.0,0.0
2026-05-26 14:30:00+05:30,388.3500061035156,388.3999938964844,387.54998779296875,388.0,570873,0.0,0.0
2026-05-26 14:45:00+05:30,388.1499938964844,388.20001220703125,387.3999938964844,387.95001220703125,428626,0.0,0.0
2026-05-26 15:00:00+05:30,388.1499938964844,388.6499938964844,387.29998779296875,388.3999938964844,1706606,0.0,0.0
2026-05-26 15:15:00+05:30,388.3999938964844,390.0,388.3999938964844,388.6499938964844,1744715,0.0,0.0
2026-05-27 09:15:00+05:30,388.8999938964844,389.1499938964844,387.0,388.3500061035156,100305,0.0,0.0
2026-05-27 09:30:00+05:30,388.29998779296875,388.45001220703125,387.45001220703125,388.20001220703125,294464,0.0,0.0
2026-05-27 09:45:00+05:30,388.20001220703125,388.20001220703125,387.04998779296875,387.1000061035156,116876,0.0,0.0
2026-05-27 10:00:00+05:30,387.20001220703125,389.6499938964844,386.8500061035156,389.6000061035156,249642,0.0,0.0
2026-05-27 10:15:00+05:30,389.6000061035156,390.45001220703125,389.25,389.6000061035156,292433,0.0,0.0
2026-05-27 10:30:00+05:30,389.5,389.95001220703125,389.1499938964844,389.6499938964844,285409,0.0,0.0
2026-05-27 10:45:00+05:30,389.6499938964844,390.0,388.45001220703125,389.04998779296875,212171,0.0,0.0
2026-05-27 11:00:00+05:30,389.1000061035156,389.75,388.6000061035156,389.3999938964844,248021,0.0,0.0
2026-05-27 11:15:00+05:30,389.25,390.04998779296875,389.25,389.5,119031,0.0,0.0
2026-05-27 11:30:00+05:30,389.45001220703125,389.75,388.3500061035156,388.3500061035156,165845,0.0,0.0
2026-05-27 11:45:00+05:30,388.3500061035156,389.3999938964844,388.29998779296875,389.25,366043,0.0,0.0
2026-05-27 12:00:00+05:30,389.29998779296875,389.3500061035156,388.1000061035156,388.5,291813,0.0,0.0
2026-05-27 12:15:00+05:30,388.54998779296875,389.6000061035156,388.29998779296875,388.79998779296875,232258,0.0,0.0
2026-05-27 12:30:00+05:30,388.95001220703125,389.45001220703125,388.70001220703125,388.95001220703125,97704,0.0,0.0
2026-05-27 12:45:00+05:30,389.0,389.04998779296875,388.20001220703125,388.3500061035156,66153,0.0,0.0
2026-05-27 13:00:00+05:30,388.3500061035156,388.8500061035156,387.8999938964844,388.5,589664,0.0,0.0
2026-05-27 13:15:00+05:30,388.29998779296875,388.8500061035156,388.1499938964844,388.54998779296875,152327,0.0,0.0
2026-05-27 13:30:00+05:30,388.6000061035156,388.6499938964844,387.79998779296875,388.25,165302,0.0,0.0
2026-05-27 13:45:00+05:30,388.25,389.20001220703125,387.6000061035156,389.0,478714,0.0,0.0
2026-05-27 14:00:00+05:30,389.1000061035156,389.8999938964844,388.8999938964844,389.3500061035156,1179053,0.0,0.0
2026-05-27 14:15:00+05:30,389.5,390.0,389.20001220703125,389.5,491771,0.0,0.0
2026-05-27 14:30:00+05:30,389.5,389.6000061035156,388.3500061035156,388.6499938964844,591712,0.0,0.0
2026-05-27 14:45:00+05:30,388.54998779296875,388.8999938964844,387.8999938964844,388.6499938964844,536700,0.0,0.0
2026-05-27 15:00:00+05:30,388.54998779296875,388.8500061035156,387.75,388.29998779296875,828124,0.0,0.0
2026-05-27 15:15:00+05:30,388.20001220703125,389.6499938964844,388.1000061035156,389.3999938964844,816636,0.0,0.0
2026-05-29 09:15:00+05:30,390.0,390.0,386.20001220703125,387.20001220703125,334715,0.0,0.0
2026-05-29 09:30:00+05:30,387.1499938964844,387.3999938964844,385.0,385.0,395988,0.0,0.0
2026-05-29 09:45:00+05:30,385.04998779296875,387.29998779296875,385.0,387.25,300851,0.0,0.0
2026-05-29 10:00:00+05:30,387.25,390.29998779296875,387.1000061035156,390.29998779296875,295047,0.0,0.0
2026-05-29 10:15:00+05:30,390.3500061035156,391.20001220703125,390.1499938964844,390.25,264607,0.0,0.0
2026-05-29 10:30:00+05:30,390.29998779296875,390.3999938964844,389.70001220703125,390.04998779296875,198192,0.0,0.0
2026-05-29 10:45:00+05:30,390.0,390.75,390.0,390.5,196219,0.0,0.0
2026-05-29 11:00:00+05:30,390.5,390.79998779296875,390.1000061035156,390.3999938964844,188634,0.0,0.0
2026-05-29 11:15:00+05:30,390.6000061035156,391.6499938964844,390.45001220703125,391.45001220703125,265571,0.0,0.0
2026-05-29 11:30:00+05:30,391.45001220703125,391.70001220703125,391.0,391.45001220703125,173320,0.0,0.0
2026-05-29 11:45:00+05:30,391.45001220703125,392.3999938964844,391.45001220703125,392.1499938964844,369370,0.0,0.0
2026-05-29 12:00:00+05:30,392.20001220703125,392.20001220703125,388.54998779296875,388.75,712155,0.0,0.0
2026-05-29 12:15:00+05:30,388.79998779296875,389.8500061035156,387.8500061035156,389.75,342144,0.0,0.0
2026-05-29 12:30:00+05:30,389.79998779296875,390.95001220703125,389.6499938964844,390.20001220703125,286600,0.0,0.0
2026-05-29 12:45:00+05:30,390.1000061035156,390.29998779296875,389.3500061035156,389.75,632021,0.0,0.0
2026-05-29 13:00:00+05:30,389.79998779296875,389.79998779296875,387.8999938964844,388.29998779296875,559731,0.0,0.0
2026-05-29 13:15:00+05:30,388.25,388.54998779296875,386.6000061035156,387.0,968670,0.0,0.0
2026-05-29 13:30:00+05:30,387.0,387.5,385.8500061035156,386.75,935075,0.0,0.0
2026-05-29 13:45:00+05:30,386.79998779296875,387.04998779296875,386.0,386.75,434299,0.0,0.0
2026-05-29 14:00:00+05:30,386.79998779296875,387.20001220703125,386.5,386.70001220703125,189755,0.0,0.0
2026-05-29 14:15:00+05:30,386.75,387.3999938964844,386.29998779296875,387.1499938964844,420201,0.0,0.0
2026-05-29 14:30:00+05:30,387.25,388.3500061035156,387.20001220703125,387.8500061035156,371318,0.0,0.0
2026-05-29 14:45:00+05:30,387.8500061035156,388.20001220703125,386.45001220703125,387.04998779296875,783357,0.0,0.0
2026-05-29 15:00:00+05:30,386.8999938964844,386.8999938964844,382.0,384.75,16931582,0.0,0.0
2026-05-29 15:15:00+05:30,384.6499938964844,387.3999938964844,381.95001220703125,384.20001220703125,12761540,0.0,0.0
2026-06-01 09:15:00+05:30,385.25,385.79998779296875,381.0,383.0,640493,0.0,0.0
2026-06-01 09:30:00+05:30,383.0,384.0,382.20001220703125,382.54998779296875,506307,0.0,0.0
2026-06-01 09:45:00+05:30,382.6000061035156,383.3999938964844,382.20001220703125,382.20001220703125,241872,0.0,0.0
2026-06-01 10:00:00+05:30,382.1000061035156,383.0,381.54998779296875,381.79998779296875,488225,0.0,0.0
2026-06-01 10:15:00+05:30,381.75,382.45001220703125,379.75,379.8999938964844,494829,0.0,0.0
2026-06-01 10:30:00+05:30,379.8999938964844,380.6000061035156,379.6499938964844,380.3500061035156,321995,0.0,0.0
2026-06-01 10:45:00+05:30,380.3500061035156,381.75,380.1000061035156,380.25,1343961,0.0,0.0
2026-06-01 11:00:00+05:30,380.3999938964844,380.79998779296875,380.1000061035156,380.6000061035156,312491,0.0,0.0
2026-06-01 11:15:00+05:30,380.70001220703125,380.70001220703125,379.29998779296875,379.29998779296875,293308,0.0,0.0
2026-06-01 11:30:00+05:30,379.25,379.95001220703125,379.1000061035156,379.70001220703125,258289,0.0,0.0
2026-06-01 11:45:00+05:30,379.6000061035156,379.95001220703125,378.1000061035156,378.1499938964844,322657,0.0,0.0
2026-06-01 12:00:00+05:30,378.1499938964844,379.29998779296875,378.1000061035156,379.20001220703125,604049,0.0,0.0
2026-06-01 12:15:00+05:30,379.1000061035156,380.04998779296875,378.95001220703125,379.70001220703125,395524,0.0,0.0
2026-06-01 12:30:00+05:30,379.70001220703125,380.1499938964844,379.3999938964844,379.3999938964844,472783,0.0,0.0
2026-06-01 12:45:00+05:30,379.5,380.1499938964844,379.04998779296875,379.20001220703125,115256,0.0,0.0
2026-06-01 13:00:00+05:30,379.3500061035156,379.3500061035156,377.6499938964844,377.95001220703125,198487,0.0,0.0
2026-06-01 13:15:00+05:30,377.8500061035156,378.6499938964844,377.25,377.8999938964844,246455,0.0,0.0
2026-06-01 13:30:00+05:30,377.79998779296875,378.0,377.25,377.3999938964844,132952,0.0,0.0
2026-06-01 13:45:00+05:30,377.20001220703125,377.45001220703125,376.8500061035156,377.45001220703125,243636,0.0,0.0
2026-06-01 14:00:00+05:30,377.3999938964844,378.0,376.8500061035156,377.1000061035156,538673,0.0,0.0
2026-06-01 14:15:00+05:30,377.1000061035156,377.3500061035156,376.6000061035156,376.70001220703125,349848,0.0,0.0
2026-06-01 14:30:00+05:30,376.70001220703125,377.0,376.20001220703125,376.6000061035156,613209,0.0,0.0
2026-06-01 14:45:00+05:30,376.6499938964844,376.95001220703125,375.75,376.0,707195,0.0,0.0
2026-06-01 15:00:00+05:30,376.0,378.25,376.0,377.04998779296875,823092,0.0,0.0
2026-06-01 15:15:00+05:30,377.0,378.0,376.8999938964844,378.0,815485,0.0,0.0
2026-06-02 09:15:00+05:30,374.0,375.6000061035156,372.70001220703125,375.3999938964844,383137,0.0,0.0
2026-06-02 09:30:00+05:30,375.29998779296875,376.20001220703125,374.20001220703125,374.8999938964844,534329,0.0,0.0
2026-06-02 09:45:00+05:30,374.95001220703125,375.95001220703125,374.75,375.54998779296875,406013,0.0,0.0
2026-06-02 10:00:00+05:30,375.70001220703125,376.25,375.29998779296875,375.3999938964844,397914,0.0,0.0
2026-06-02 10:15:00+05:30,375.3500061035156,378.6499938964844,375.1000061035156,378.25,472167,0.0,0.0
2026-06-02 10:30:00+05:30,378.25,378.5,377.5,377.79998779296875,434462,0.0,0.0
2026-06-02 10:45:00+05:30,377.79998779296875,378.6499938964844,377.5,378.6000061035156,373986,0.0,0.0
2026-06-02 11:00:00+05:30,378.54998779296875,378.8500061035156,377.70001220703125,378.25,442522,0.0,0.0
2026-06-02 11:15:00+05:30,378.25,379.1000061035156,377.1000061035156,377.75,375655,0.0,0.0
2026-06-02 11:30:00+05:30,377.8999938964844,378.5,376.54998779296875,377.04998779296875,320025,0.0,0.0
2026-06-02 11:45:00+05:30,377.0,377.3500061035156,376.3999938964844,376.54998779296875,266700,0.0,0.0
2026-06-02 12:00:00+05:30,376.54998779296875,377.6000061035156,376.3500061035156,376.95001220703125,320198,0.0,0.0
2026-06-02 12:15:00+05:30,376.95001220703125,377.5,376.6499938964844,376.75,275936,0.0,0.0
2026-06-02 12:30:00+05:30,376.70001220703125,378.95001220703125,376.54998779296875,378.8500061035156,393527,0.0,0.0
2026-06-02 12:45:00+05:30,378.8500061035156,381.3500061035156,378.8500061035156,380.8999938964844,698150,0.0,0.0
2026-06-02 13:00:00+05:30,380.8500061035156,381.5,380.20001220703125,380.8999938964844,496057,0.0,0.0
2026-06-02 13:15:00+05:30,380.8500061035156,381.1000061035156,380.29998779296875,381.0,619285,0.0,0.0
2026-06-02 13:30:00+05:30,381.0,381.5,380.5,380.8500061035156,305801,0.0,0.0
2026-06-02 13:45:00+05:30,380.8500061035156,381.25,380.54998779296875,381.0,338305,0.0,0.0
2026-06-02 14:00:00+05:30,381.1000061035156,381.5,380.6499938964844,381.45001220703125,329463,0.0,0.0
2026-06-02 14:15:00+05:30,381.45001220703125,381.5,380.04998779296875,380.29998779296875,549379,0.0,0.0
2026-06-02 14:30:00+05:30,380.45001220703125,380.5,380.0,380.1000061035156,583046,0.0,0.0
2026-06-02 14:45:00+05:30,380.1000061035156,380.3999938964844,380.0,380.0,574188,0.0,0.0
2026-06-02 15:00:00+05:30,380.04998779296875,380.6499938964844,380.0,380.20001220703125,1097868,0.0,0.0
2026-06-02 15:15:00+05:30,380.1499938964844,380.5,376.95001220703125,380.0,3096495,0.0,0.0
2026-06-03 09:15:00+05:30,378.6499938964844,378.6499938964844,375.54998779296875,376.45001220703125,163670,0.0,0.0
2026-06-03 09:30:00+05:30,376.54998779296875,377.6499938964844,375.25,377.5,335430,0.0,0.0
2026-06-03 09:45:00+05:30,377.6000061035156,379.29998779296875,377.5,378.8500061035156,175268,0.0,0.0
2026-06-03 10:00:00+05:30,378.8999938964844,379.79998779296875,378.45001220703125,378.79998779296875,144756,0.0,0.0
2026-06-03 10:15:00+05:30,378.8500061035156,379.3999938964844,378.1499938964844,378.8999938964844,235205,0.0,0.0
2026-06-03 10:30:00+05:30,378.79998779296875,378.79998779296875,377.25,377.3500061035156,317432,0.0,0.0
2026-06-03 10:45:00+05:30,377.3500061035156,377.75,377.04998779296875,377.25,291111,0.0,0.0
2026-06-03 11:00:00+05:30,377.25,378.04998779296875,376.8999938964844,377.20001220703125,318660,0.0,0.0
2026-06-03 11:15:00+05:30,377.20001220703125,377.6499938964844,376.8999938964844,377.1000061035156,284135,0.0,0.0
2026-06-03 11:30:00+05:30,376.8999938964844,377.75,375.79998779296875,375.95001220703125,380192,0.0,0.0
2026-06-03 11:45:00+05:30,376.0,377.79998779296875,375.6499938964844,376.1000061035156,958716,0.0,0.0
2026-06-03 12:00:00+05:30,376.20001220703125,376.5,375.1000061035156,375.6499938964844,533373,0.0,0.0
2026-06-03 12:15:00+05:30,375.6499938964844,377.54998779296875,375.3500061035156,377.54998779296875,531427,0.0,0.0
2026-06-03 12:30:00+05:30,377.54998779296875,381.0,377.3500061035156,380.3999938964844,1188519,0.0,0.0
2026-06-03 12:45:00+05:30,380.45001220703125,380.95001220703125,378.8500061035156,379.3500061035156,818566,0.0,0.0
2026-06-03 13:00:00+05:30,379.3500061035156,379.5,378.70001220703125,379.25,449145,0.0,0.0
2026-06-03 13:15:00+05:30,379.54998779296875,380.29998779296875,379.04998779296875,379.75,594579,0.0,0.0
2026-06-03 13:30:00+05:30,379.79998779296875,380.45001220703125,379.29998779296875,379.3999938964844,757577,0.0,0.0
2026-06-03 13:45:00+05:30,379.5,382.0,379.3500061035156,380.3999938964844,569208,0.0,0.0
2026-06-03 14:00:00+05:30,380.3999938964844,381.6000061035156,380.3999938964844,381.45001220703125,453798,0.0,0.0
2026-06-03 14:15:00+05:30,381.45001220703125,383.0,381.25,382.0,609632,0.0,0.0
2026-06-03 14:30:00+05:30,382.04998779296875,383.3999938964844,381.8500061035156,382.29998779296875,431782,0.0,0.0
2026-06-03 14:45:00+05:30,382.29998779296875,382.79998779296875,380.8999938964844,381.5,709781,0.0,0.0
2026-06-03 15:00:00+05:30,381.54998779296875,381.70001220703125,379.6499938964844,380.5,1524053,0.0,0.0
2026-06-03 15:15:00+05:30,380.45001220703125,382.54998779296875,380.3500061035156,381.0,1765317,0.0,0.0
2026-06-04 09:15:00+05:30,379.70001220703125,380.1499938964844,377.95001220703125,378.5,388789,0.0,0.0
2026-06-04 09:30:00+05:30,378.3999938964844,380.0,378.0,379.8500061035156,1176333,0.0,0.0
2026-06-04 09:45:00+05:30,380.1000061035156,382.3999938964844,380.1000061035156,382.04998779296875,378216,0.0,0.0
2026-06-04 10:00:00+05:30,381.8999938964844,382.79998779296875,381.75,382.70001220703125,244493,0.0,0.0
2026-06-04 10:15:00+05:30,382.70001220703125,383.5,382.25,383.04998779296875,173078,0.0,0.0
2026-06-04 10:30:00+05:30,383.0,383.1000061035156,381.6000061035156,381.8500061035156,298199,0.0,0.0
2026-06-04 10:45:00+05:30,381.95001220703125,383.79998779296875,381.95001220703125,383.1000061035156,524771,0.0,0.0
2026-06-04 11:00:00+05:30,383.0,383.29998779296875,380.8500061035156,381.3999938964844,966183,0.0,0.0
2026-06-04 11:15:00+05:30,381.29998779296875,381.5,380.6499938964844,380.8999938964844,251783,0.0,0.0
2026-06-04 11:30:00+05:30,380.8999938964844,382.25,380.1499938964844,381.75,518860,0.0,0.0
2026-06-04 11:45:00+05:30,381.95001220703125,382.0,380.70001220703125,381.5,239716,0.0,0.0
2026-06-04 12:00:00+05:30,381.45001220703125,382.5,381.3999938964844,382.3500061035156,465366,0.0,0.0
2026-06-04 12:15:00+05:30,382.3500061035156,384.0,382.0,383.79998779296875,1186093,0.0,0.0
2026-06-04 12:30:00+05:30,383.79998779296875,384.0,380.8999938964844,381.6499938964844,1209650,0.0,0.0
2026-06-04 12:45:00+05:30,381.75,381.8500061035156,381.0,381.70001220703125,444355,0.0,0.0
2026-06-04 13:00:00+05:30,381.70001220703125,381.70001220703125,379.25,379.29998779296875,287246,0.0,0.0
2026-06-04 13:15:00+05:30,379.25,380.1000061035156,378.6499938964844,379.79998779296875,376741,0.0,0.0
2026-06-04 13:30:00+05:30,379.6000061035156,380.5,379.3500061035156,380.1000061035156,242175,0.0,0.0
2026-06-04 13:45:00+05:30,379.95001220703125,380.5,379.6000061035156,380.20001220703125,317758,0.0,0.0
2026-06-04 14:00:00+05:30,380.1000061035156,381.6499938964844,380.1000061035156,381.3500061035156,312982,0.0,0.0
2026-06-04 14:15:00+05:30,381.3999938964844,382.29998779296875,381.3500061035156,382.20001220703125,302522,0.0,0.0
2026-06-04 14:30:00+05:30,382.20001220703125,383.1499938964844,382.0,382.54998779296875,493704,0.0,0.0
2026-06-04 14:45:00+05:30,382.54998779296875,383.1499938964844,380.95001220703125,381.1499938964844,402827,0.0,0.0
2026-06-04 15:00:00+05:30,381.1499938964844,381.75,380.54998779296875,381.75,919209,0.0,0.0
2026-06-04 15:15:00+05:30,381.75,382.70001220703125,381.3999938964844,382.70001220703125,1000040,0.0,0.0
2026-06-05 09:15:00+05:30,381.8500061035156,383.3999938964844,380.0,380.8500061035156,90292,0.0,0.0
2026-06-05 09:30:00+05:30,380.79998779296875,381.70001220703125,380.6000061035156,381.3500061035156,192897,0.0,0.0
2026-06-05 09:45:00+05:30,381.20001220703125,382.6499938964844,379.8500061035156,381.3500061035156,934026,0.0,0.0
2026-06-05 10:00:00+05:30,381.5,382.3999938964844,380.20001220703125,380.5,186006,0.0,0.0
2026-06-05 10:15:00+05:30,380.6000061035156,382.3999938964844,380.25,381.70001220703125,135023,0.0,0.0
2026-06-05 10:30:00+05:30,381.75,381.75,378.54998779296875,379.3500061035156,196969,0.0,0.0
2026-06-05 10:45:00+05:30,379.25,379.79998779296875,378.25,379.79998779296875,151700,0.0,0.0
2026-06-05 11:00:00+05:30,379.70001220703125,382.1000061035156,379.54998779296875,380.5,706713,0.0,0.0
2026-06-05 11:15:00+05:30,380.45001220703125,380.45001220703125,378.8999938964844,379.54998779296875,201608,0.0,0.0
2026-06-05 11:30:00+05:30,379.54998779296875,381.20001220703125,379.3999938964844,381.0,728616,0.0,0.0
2026-06-05 11:45:00+05:30,380.8500061035156,381.70001220703125,380.29998779296875,380.5,422047,0.0,0.0
2026-06-05 12:00:00+05:30,380.3999938964844,381.0,380.20001220703125,380.6000061035156,150765,0.0,0.0
2026-06-05 12:15:00+05:30,380.6000061035156,380.75,379.95001220703125,380.3500061035156,203606,0.0,0.0
2026-06-05 12:30:00+05:30,380.29998779296875,380.29998779296875,378.70001220703125,379.0,191351,0.0,0.0
2026-06-05 12:45:00+05:30,379.0,379.1000061035156,377.95001220703125,378.29998779296875,341667,0.0,0.0
2026-06-05 13:00:00+05:30,378.3500061035156,378.3500061035156,377.79998779296875,378.0,185300,0.0,0.0
2026-06-05 13:15:00+05:30,377.8999938964844,378.25,376.79998779296875,376.79998779296875,148813,0.0,0.0
2026-06-05 13:30:00+05:30,376.8999938964844,377.45001220703125,376.54998779296875,377.04998779296875,131291,0.0,0.0
2026-06-05 13:45:00+05:30,377.1000061035156,377.6499938964844,376.8999938964844,377.5,966698,0.0,0.0
2026-06-05 14:00:00+05:30,377.3999938964844,377.5,375.54998779296875,375.79998779296875,234600,0.0,0.0
2026-06-05 14:15:00+05:30,375.79998779296875,376.5,374.70001220703125,376.0,699207,0.0,0.0
2026-06-05 14:30:00+05:30,376.04998779296875,377.5,375.0,377.3500061035156,311934,0.0,0.0
2026-06-05 14:45:00+05:30,377.5,378.5,376.70001220703125,377.0,275193,0.0,0.0
2026-06-05 15:00:00+05:30,377.0,377.75,376.1499938964844,377.5,1006486,0.0,0.0
2026-06-05 15:15:00+05:30,377.54998779296875,378.75,376.3500061035156,376.95001220703125,1027869,0.0,0.0
2026-06-08 09:15:00+05:30,372.8999938964844,375.8999938964844,372.8500061035156,375.29998779296875,372902,0.0,0.0
2026-06-08 09:30:00+05:30,375.29998779296875,375.6000061035156,374.5,374.75,265254,0.0,0.0
2026-06-08 09:45:00+05:30,374.95001220703125,375.5,374.0,375.3999938964844,481469,0.0,0.0
2026-06-08 10:00:00+05:30,375.3999938964844,376.3500061035156,374.54998779296875,375.95001220703125,318462,0.0,0.0
2026-06-08 10:15:00+05:30,375.95001220703125,376.70001220703125,375.5,376.6000061035156,271022,0.0,0.0
2026-06-08 10:30:00+05:30,376.6000061035156,377.25,376.5,376.54998779296875,241891,0.0,0.0
2026-06-08 10:45:00+05:30,376.5,377.0,376.3999938964844,376.8500061035156,274160,0.0,0.0
2026-06-08 11:00:00+05:30,376.8999938964844,377.1000061035156,376.5,376.79998779296875,565135,0.0,0.0
2026-06-08 11:15:00+05:30,376.79998779296875,376.8999938964844,375.75,376.6499938964844,643125,0.0,0.0
2026-06-08 11:30:00+05:30,376.6499938964844,377.04998779296875,376.20001220703125,376.3500061035156,689905,0.0,0.0
2026-06-08 11:45:00+05:30,376.3500061035156,377.29998779296875,376.20001220703125,376.95001220703125,659806,0.0,0.0
2026-06-08 12:00:00+05:30,376.95001220703125,377.1499938964844,376.45001220703125,377.04998779296875,755364,0.0,0.0
2026-06-08 12:15:00+05:30,377.04998779296875,377.29998779296875,376.79998779296875,377.29998779296875,430824,0.0,0.0
2026-06-08 12:30:00+05:30,377.29998779296875,377.95001220703125,377.20001220703125,377.8500061035156,460786,0.0,0.0
2026-06-08 12:45:00+05:30,377.8999938964844,378.8500061035156,377.3500061035156,377.3999938964844,699175,0.0,0.0
2026-06-08 13:00:00+05:30,377.3999938964844,377.8999938964844,376.5,377.0,1181638,0.0,0.0
2026-06-08 13:15:00+05:30,377.1499938964844,377.25,376.8500061035156,377.1499938964844,571775,0.0,0.0
2026-06-08 13:30:00+05:30,377.25,377.3999938964844,376.6000061035156,376.6499938964844,285457,0.0,0.0
2026-06-08 13:45:00+05:30,376.70001220703125,377.0,376.45001220703125,376.79998779296875,430085,0.0,0.0
2026-06-08 14:00:00+05:30,376.79998779296875,377.0,376.0,376.1499938964844,614902,0.0,0.0
2026-06-08 14:15:00+05:30,376.1499938964844,376.95001220703125,376.04998779296875,376.6000061035156,358087,0.0,0.0
2026-06-08 14:30:00+05:30,376.5,377.25,376.29998779296875,377.25,484871,0.0,0.0
2026-06-08 14:45:00+05:30,377.1499938964844,377.8500061035156,376.79998779296875,377.54998779296875,479470,0.0,0.0
2026-06-08 15:00:00+05:30,377.70001220703125,377.70001220703125,376.54998779296875,377.29998779296875,939543,0.0,0.0
2026-06-08 15:15:00+05:30,377.29998779296875,378.04998779296875,376.1000061035156,377.1000061035156,1190885,0.0,0.0
2026-06-09 09:15:00+05:30,379.0,381.0,377.3999938964844,380.54998779296875,447216,0.0,0.0
2026-06-09 09:30:00+05:30,380.8999938964844,381.3999938964844,380.1000061035156,380.75,822050,0.0,0.0
2026-06-09 09:45:00+05:30,380.79998779296875,381.6000061035156,380.3999938964844,381.25,194480,0.0,0.0
2026-06-09 10:00:00+05:30,381.29998779296875,382.29998779296875,381.29998779296875,382.1499938964844,420277,0.0,0.0
2026-06-09 10:15:00+05:30,382.1499938964844,382.25,381.25,381.5,203119,0.0,0.0
2026-06-09 10:30:00+05:30,381.6499938964844,381.6499938964844,379.5,379.5,656807,0.0,0.0
2026-06-09 10:45:00+05:30,379.45001220703125,379.6499938964844,378.45001220703125,379.1000061035156,323481,0.0,0.0
2026-06-09 11:00:00+05:30,378.95001220703125,379.0,378.1499938964844,378.45001220703125,119723,0.0,0.0
2026-06-09 11:15:00+05:30,378.3500061035156,378.45001220703125,377.6499938964844,378.3500061035156,387785,0.0,0.0
2026-06-09 11:30:00+05:30,378.20001220703125,379.5,378.20001220703125,379.0,424961,0.0,0.0
2026-06-09 11:45:00+05:30,379.0,380.1499938964844,378.54998779296875,378.79998779296875,251001,0.0,0.0
2026-06-09 12:00:00+05:30,378.8500061035156,379.20001220703125,378.29998779296875,378.3500061035156,153725,0.0,0.0
2026-06-09 12:15:00+05:30,378.5,379.70001220703125,378.5,379.29998779296875,211089,0.0,0.0
2026-06-09 12:30:00+05:30,379.3500061035156,380.3999938964844,379.29998779296875,380.04998779296875,697803,0.0,0.0
2026-06-09 12:45:00+05:30,380.04998779296875,380.29998779296875,379.79998779296875,380.04998779296875,1106550,0.0,0.0
2026-06-09 13:00:00+05:30,380.1000061035156,380.20001220703125,379.54998779296875,379.8999938964844,1633901,0.0,0.0
2026-06-09 13:15:00+05:30,379.95001220703125,380.0,379.04998779296875,379.20001220703125,229443,0.0,0.0
2026-06-09 13:30:00+05:30,379.25,379.8500061035156,378.75,379.75,519179,0.0,0.0
2026-06-09 13:45:00+05:30,379.75,379.8500061035156,378.5,378.79998779296875,265758,0.0,0.0
2026-06-09 14:00:00+05:30,378.8500061035156,379.6000061035156,378.6499938964844,379.54998779296875,235765,0.0,0.0
2026-06-09 14:15:00+05:30,379.54998779296875,379.70001220703125,378.95001220703125,379.6000061035156,220842,0.0,0.0
2026-06-09 14:30:00+05:30,379.6499938964844,381.8999938964844,379.29998779296875,381.70001220703125,473390,0.0,0.0
2026-06-09 14:45:00+05:30,381.70001220703125,382.1000061035156,381.3500061035156,381.6000061035156,857036,0.0,0.0
2026-06-09 15:00:00+05:30,381.25,382.04998779296875,381.0,381.3999938964844,1684179,0.0,0.0
2026-06-09 15:15:00+05:30,381.3500061035156,382.3999938964844,381.25,381.70001220703125,1070367,0.0,0.0
2026-06-10 09:15:00+05:30,381.1000061035156,387.0,381.1000061035156,386.8500061035156,826808,0.0,0.0
2026-06-10 09:30:00+05:30,386.8500061035156,387.3500061035156,385.5,385.5,683454,0.0,0.0
2026-06-10 09:45:00+05:30,385.3500061035156,387.5,385.3500061035156,387.20001220703125,473982,0.0,0.0
2026-06-10 10:00:00+05:30,387.1000061035156,387.25,385.79998779296875,386.29998779296875,281933,0.0,0.0
2026-06-10 10:15:00+05:30,386.20001220703125,387.1000061035156,385.95001220703125,386.75,269012,0.0,0.0
2026-06-10 10:30:00+05:30,386.8500061035156,387.75,386.70001220703125,387.1499938964844,384908,0.0,0.0
2026-06-10 10:45:00+05:30,387.20001220703125,389.29998779296875,386.3999938964844,389.20001220703125,513025,0.0,0.0
2026-06-10 11:00:00+05:30,389.29998779296875,389.70001220703125,388.20001220703125,388.3999938964844,601176,0.0,0.0
2026-06-10 11:15:00+05:30,388.3999938964844,390.0,387.8999938964844,389.95001220703125,708885,0.0,0.0
2026-06-10 11:30:00+05:30,389.95001220703125,391.1000061035156,389.29998779296875,390.8999938964844,1477544,0.0,0.0
2026-06-10 11:45:00+05:30,390.8999938964844,391.0,389.70001220703125,389.79998779296875,593152,0.0,0.0
2026-06-10 12:00:00+05:30,389.70001220703125,389.75,388.75,389.5,281958,0.0,0.0
2026-06-10 12:15:00+05:30,389.5,390.20001220703125,389.04998779296875,389.3500061035156,694797,0.0,0.0
2026-06-10 12:30:00+05:30,389.3500061035156,389.5,388.3999938964844,388.79998779296875,321966,0.0,0.0
2026-06-10 12:45:00+05:30,388.8500061035156,389.6000061035156,388.3999938964844,389.3500061035156,348352,0.0,0.0
2026-06-10 13:00:00+05:30,389.3500061035156,390.5,389.1000061035156,390.5,1032722,0.0,0.0
2026-06-10 13:15:00+05:30,390.45001220703125,390.5,389.3500061035156,389.8500061035156,1666182,0.0,0.0
2026-06-10 13:30:00+05:30,389.79998779296875,390.1000061035156,389.29998779296875,390.0,1509711,0.0,0.0
2026-06-10 13:45:00+05:30,390.04998779296875,390.1000061035156,389.3500061035156,389.75,434786,0.0,0.0
2026-06-10 14:00:00+05:30,389.75,389.8999938964844,388.3999938964844,388.5,377958,0.0,0.0
2026-06-10 14:15:00+05:30,388.54998779296875,389.45001220703125,388.3500061035156,389.04998779296875,452524,0.0,0.0
2026-06-10 14:30:00+05:30,389.04998779296875,389.04998779296875,387.8500061035156,387.8999938964844,608947,0.0,0.0
2026-06-10 14:45:00+05:30,388.04998779296875,388.45001220703125,386.8500061035156,388.25,2264592,0.0,0.0
2026-06-10 15:00:00+05:30,388.20001220703125,388.45001220703125,387.29998779296875,388.1000061035156,2841145,0.0,0.0
2026-06-10 15:15:00+05:30,388.04998779296875,388.6499938964844,387.29998779296875,388.1000061035156,1062850,0.0,0.0
2026-06-11 09:15:00+05:30,385.75,387.6499938964844,385.25,386.95001220703125,96523,0.0,0.0
2026-06-11 09:30:00+05:30,386.95001220703125,389.0,386.5,389.0,158628,0.0,0.0
2026-06-11 09:45:00+05:30,388.8500061035156,389.8500061035156,388.1000061035156,388.25,199538,0.0,0.0
2026-06-11 10:00:00+05:30,388.25,390.0,388.1000061035156,389.3999938964844,222306,0.0,0.0
2026-06-11 10:15:00+05:30,389.3500061035156,390.6000061035156,389.20001220703125,390.1000061035156,218426,0.0,0.0
2026-06-11 10:30:00+05:30,390.1499938964844,390.6499938964844,389.70001220703125,390.0,298933,0.0,0.0
2026-06-11 10:45:00+05:30,390.04998779296875,390.04998779296875,388.20001220703125,389.1499938964844,228865,0.0,0.0
2026-06-11 11:00:00+05:30,389.1499938964844,391.6000061035156,388.8999938964844,390.6499938964844,872939,0.0,0.0
2026-06-11 11:15:00+05:30,390.70001220703125,391.8999938964844,390.6000061035156,391.8999938964844,205178,0.0,0.0
2026-06-11 11:30:00+05:30,391.79998779296875,392.5,391.3500061035156,392.3999938964844,400523,0.0,0.0
2026-06-11 11:45:00+05:30,392.54998779296875,394.6000061035156,392.45001220703125,394.0,783294,0.0,0.0
2026-06-11 12:00:00+05:30,394.0,395.54998779296875,393.8999938964844,395.1499938964844,814643,0.0,0.0
2026-06-11 12:15:00+05:30,395.3500061035156,397.0,394.6499938964844,396.8999938964844,1367049,0.0,0.0
2026-06-11 12:30:00+05:30,396.8999938964844,398.3500061035156,396.25,398.0,1975007,0.0,0.0
2026-06-11 12:45:00+05:30,398.0,399.25,398.0,399.25,1103541,0.0,0.0
2026-06-11 13:00:00+05:30,399.3500061035156,399.8999938964844,396.04998779296875,396.5,1398084,0.0,0.0
2026-06-11 13:15:00+05:30,396.54998779296875,396.75,395.1000061035156,396.0,525726,0.0,0.0
2026-06-11 13:30:00+05:30,396.0,396.70001220703125,395.6499938964844,396.1499938964844,523742,0.0,0.0
2026-06-11 13:45:00+05:30,396.1499938964844,396.95001220703125,395.8999938964844,396.3999938964844,395592,0.0,0.0
2026-06-11 14:00:00+05:30,396.5,396.70001220703125,395.25,395.6499938964844,318250,0.0,0.0
2026-06-11 14:15:00+05:30,395.70001220703125,396.20001220703125,395.20001220703125,395.95001220703125,473419,0.0,0.0
2026-06-11 14:30:00+05:30,395.75,395.75,394.3999938964844,394.6000061035156,496463,0.0,0.0
2026-06-11 14:45:00+05:30,394.6000061035156,395.0,393.95001220703125,394.3500061035156,500455,0.0,0.0
2026-06-11 15:00:00+05:30,394.3999938964844,394.54998779296875,392.20001220703125,393.0,1209016,0.0,0.0
2026-06-11 15:15:00+05:30,393.0,394.79998779296875,392.5,393.3500061035156,1061459,0.0,0.0
2026-06-12 09:15:00+05:30,398.1000061035156,399.54998779296875,395.6499938964844,399.45001220703125,416773,0.0,0.0
2026-06-12 09:30:00+05:30,399.29998779296875,399.8999938964844,397.0,397.8999938964844,764163,0.0,0.0
2026-06-12 09:45:00+05:30,397.70001220703125,398.45001220703125,397.29998779296875,397.70001220703125,235778,0.0,0.0
2026-06-12 10:00:00+05:30,397.8500061035156,398.0,396.25,396.8500061035156,312615,0.0,0.0
2026-06-12 10:15:00+05:30,396.8500061035156,397.54998779296875,396.1000061035156,396.75,267377,0.0,0.0
2026-06-12 10:30:00+05:30,396.6499938964844,397.1000061035156,395.54998779296875,395.70001220703125,208634,0.0,0.0
2026-06-12 10:45:00+05:30,395.6000061035156,396.29998779296875,395.29998779296875,396.0,262035,0.0,0.0
2026-06-12 11:00:00+05:30,395.95001220703125,397.20001220703125,395.54998779296875,396.8500061035156,334754,0.0,0.0
2026-06-12 11:15:00+05:30,396.95001220703125,399.79998779296875,396.8500061035156,399.5,3391486,0.0,0.0
2026-06-12 11:30:00+05:30,399.3999938964844,399.3999938964844,398.5,398.54998779296875,1407045,0.0,0.0
2026-06-12 11:45:00+05:30,398.5,399.6499938964844,398.5,398.75,394680,0.0,0.0
2026-06-12 12:00:00+05:30,398.75,399.0,398.5,398.6499938964844,234387,0.0,0.0
2026-06-12 12:15:00+05:30,398.54998779296875,398.8500061035156,398.04998779296875,398.45001220703125,221180,0.0,0.0
2026-06-12 12:30:00+05:30,398.54998779296875,398.8999938964844,398.20001220703125,398.54998779296875,190009,0.0,0.0
2026-06-12 12:45:00+05:30,398.54998779296875,398.6000061035156,397.1000061035156,397.75,334340,0.0,0.0
2026-06-12 13:00:00+05:30,397.75,398.1499938964844,397.6499938964844,398.1000061035156,226583,0.0,0.0
2026-06-12 13:15:00+05:30,398.04998779296875,399.5,397.8999938964844,399.5,349245,0.0,0.0
2026-06-12 13:30:00+05:30,399.3999938964844,401.1000061035156,399.1499938964844,401.04998779296875,567241,0.0,0.0
2026-06-12 13:45:00+05:30,401.04998779296875,402.1000061035156,400.79998779296875,401.79998779296875,820995,0.0,0.0
2026-06-12 14:00:00+05:30,401.75,403.54998779296875,401.1000061035156,403.54998779296875,1761406,0.0,0.0
2026-06-12 14:15:00+05:30,403.5,404.1000061035156,402.79998779296875,403.3500061035156,735077,0.0,0.0
2026-06-12 14:30:00+05:30,403.3500061035156,403.79998779296875,402.6000061035156,403.04998779296875,470650,0.0,0.0
2026-06-12 14:45:00+05:30,403.0,404.1000061035156,402.75,403.3500061035156,686044,0.0,0.0
2026-06-12 15:00:00+05:30,403.5,404.04998779296875,402.54998779296875,403.70001220703125,1342915,0.0,0.0
2026-06-12 15:15:00+05:30,403.70001220703125,403.95001220703125,402.5,403.5,928912,0.0,0.0
2026-06-15 09:15:00+05:30,408.20001220703125,410.3999938964844,405.1000061035156,406.20001220703125,1184271,0.0,0.0
2026-06-15 09:30:00+05:30,406.29998779296875,407.5,406.0,407.5,595043,0.0,0.0
2026-06-15 09:45:00+05:30,407.5,408.1000061035156,407.04998779296875,407.3500061035156,481087,0.0,0.0
2026-06-15 10:00:00+05:30,407.29998779296875,407.95001220703125,406.75,407.29998779296875,553492,0.0,0.0
2026-06-15 10:15:00+05:30,407.04998779296875,407.70001220703125,406.5,407.04998779296875,335436,0.0,0.0
2026-06-15 10:30:00+05:30,407.04998779296875,407.5,406.79998779296875,407.1499938964844,248399,0.0,0.0
2026-06-15 10:45:00+05:30,407.20001220703125,408.3999938964844,406.70001220703125,406.70001220703125,342456,0.0,0.0
2026-06-15 11:00:00+05:30,406.8999938964844,406.8999938964844,406.0,406.0,409723,0.0,0.0
2026-06-15 11:15:00+05:30,406.1499938964844,406.3500061035156,405.25,405.8500061035156,305771,0.0,0.0
2026-06-15 11:30:00+05:30,405.6499938964844,405.8999938964844,405.1000061035156,405.45001220703125,154144,0.0,0.0
2026-06-15 11:45:00+05:30,405.20001220703125,405.8999938964844,405.20001220703125,405.70001220703125,177391,0.0,0.0
2026-06-15 12:00:00+05:30,405.75,405.8999938964844,403.75,403.8500061035156,372607,0.0,0.0
2026-06-15 12:15:00+05:30,403.95001220703125,404.0,402.8999938964844,403.20001220703125,239489,0.0,0.0
2026-06-15 12:30:00+05:30,403.20001220703125,404.3500061035156,402.95001220703125,404.3500061035156,156012,0.0,0.0
2026-06-15 12:45:00+05:30,404.3500061035156,404.3500061035156,403.1499938964844,403.6000061035156,172781,0.0,0.0
2026-06-15 13:00:00+05:30,403.54998779296875,404.6499938964844,403.29998779296875,403.95001220703125,177990,0.0,0.0
2026-06-15 13:15:00+05:30,403.95001220703125,405.04998779296875,403.6499938964844,405.04998779296875,208792,0.0,0.0
2026-06-15 13:30:00+05:30,404.8999938964844,405.20001220703125,402.8500061035156,403.0,541890,0.0,0.0
2026-06-15 13:45:00+05:30,403.0,404.75,402.75,404.6499938964844,1423566,0.0,0.0
2026-06-15 14:00:00+05:30,404.6499938964844,404.6499938964844,402.6499938964844,404.20001220703125,925515,0.0,0.0
2026-06-15 14:15:00+05:30,404.20001220703125,406.1000061035156,403.8999938964844,405.54998779296875,533226,0.0,0.0
2026-06-15 14:30:00+05:30,405.75,407.1000061035156,405.75,406.54998779296875,836744,0.0,0.0
2026-06-15 14:45:00+05:30,406.5,406.8500061035156,405.79998779296875,406.3500061035156,911779,0.0,0.0
2026-06-15 15:00:00+05:30,406.3500061035156,406.3999938964844,405.29998779296875,406.1499938964844,1189921,0.0,0.0
2026-06-15 15:15:00+05:30,406.1499938964844,406.45001220703125,404.3999938964844,404.8500061035156,1052796,0.0,0.0
2026-06-16 09:15:00+05:30,406.1000061035156,406.8500061035156,405.54998779296875,405.95001220703125,175957,0.0,0.0
2026-06-16 09:30:00+05:30,405.95001220703125,406.75,405.75,405.8999938964844,298760,0.0,0.0
2026-06-16 09:45:00+05:30,405.8999938964844,406.3999938964844,404.79998779296875,404.79998779296875,215940,0.0,0.0
2026-06-16 10:00:00+05:30,404.8999938964844,405.3999938964844,404.54998779296875,405.0,149631,0.0,0.0
2026-06-16 10:15:00+05:30,405.0,406.6499938964844,405.0,406.1000061035156,398369,0.0,0.0
2026-06-16 10:30:00+05:30,406.1000061035156,406.75,405.79998779296875,405.95001220703125,153798,0.0,0.0
2026-06-16 10:45:00+05:30,405.8999938964844,406.75,405.8999938964844,406.25,199676,0.0,0.0
2026-06-16 11:00:00+05:30,406.20001220703125,407.45001220703125,406.0,407.1499938964844,371056,0.0,0.0
2026-06-16 11:15:00+05:30,407.20001220703125,407.45001220703125,406.6499938964844,407.1499938964844,235055,0.0,0.0
2026-06-16 11:30:00+05:30,407.20001220703125,407.95001220703125,407.0,407.45001220703125,380001,0.0,0.0
2026-06-16 11:45:00+05:30,407.3999938964844,407.75,406.8999938964844,407.29998779296875,512008,0.0,0.0
2026-06-16 12:00:00+05:30,407.29998779296875,407.5,406.04998779296875,407.29998779296875,314281,0.0,0.0
2026-06-16 12:15:00+05:30,407.1000061035156,407.8500061035156,407.1000061035156,407.8500061035156,293753,0.0,0.0
2026-06-16 12:30:00+05:30,407.8500061035156,408.20001220703125,407.3999938964844,407.95001220703125,359454,0.0,0.0
2026-06-16 12:45:00+05:30,407.8999938964844,408.04998779296875,406.8999938964844,407.70001220703125,342604,0.0,0.0
2026-06-16 13:00:00+05:30,407.6499938964844,407.79998779296875,406.8500061035156,406.8500061035156,161614,0.0,0.0
2026-06-16 13:15:00+05:30,407.0,407.25,406.6499938964844,407.0,281623,0.0,0.0
2026-06-16 13:30:00+05:30,406.95001220703125,407.79998779296875,406.70001220703125,407.5,264356,0.0,0.0
2026-06-16 13:45:00+05:30,407.3500061035156,407.79998779296875,406.8999938964844,407.1499938964844,289952,0.0,0.0
2026-06-16 14:00:00+05:30,407.04998779296875,408.45001220703125,406.8999938964844,408.3999938964844,262877,0.0,0.0
2026-06-16 14:15:00+05:30,408.3500061035156,408.5,407.70001220703125,407.79998779296875,400927,0.0,0.0
2026-06-16 14:30:00+05:30,407.8500061035156,408.3999938964844,407.6000061035156,408.0,552098,0.0,0.0
2026-06-16 14:45:00+05:30,408.0,408.3999938964844,407.75,408.1499938964844,455899,0.0,0.0
2026-06-16 15:00:00+05:30,408.1499938964844,408.20001220703125,407.45001220703125,407.5,881779,0.0,0.0
2026-06-16 15:15:00+05:30,407.54998779296875,408.0,407.5,407.95001220703125,981270,0.0,0.0
2026-06-17 09:15:00+05:30,407.8500061035156,408.75,406.1000061035156,407.3999938964844,274957,0.0,0.0
2026-06-17 09:30:00+05:30,407.29998779296875,408.1499938964844,407.1499938964844,407.6000061035156,110250,0.0,0.0
2026-06-17 09:45:00+05:30,407.6000061035156,408.70001220703125,407.20001220703125,408.3999938964844,142091,0.0,0.0
2026-06-17 10:00:00+05:30,408.5,408.54998779296875,406.8999938964844,407.0,110635,0.0,0.0
2026-06-17 10:15:00+05:30,406.8500061035156,407.54998779296875,406.54998779296875,406.95001220703125,129216,0.0,0.0
2026-06-17 10:30:00+05:30,407.0,407.1000061035156,406.29998779296875,406.8999938964844,284787,0.0,0.0
2026-06-17 10:45:00+05:30,407.0,408.3500061035156,406.8999938964844,407.6499938964844,253659,0.0,0.0
2026-06-17 11:00:00+05:30,407.6499938964844,407.8500061035156,407.1000061035156,407.45001220703125,151397,0.0,0.0
2026-06-17 11:15:00+05:30,407.45001220703125,408.0,407.25,407.54998779296875,138925,0.0,0.0
2026-06-17 11:30:00+05:30,407.3500061035156,407.6499938964844,406.54998779296875,406.79998779296875,425928,0.0,0.0
2026-06-17 11:45:00+05:30,406.79998779296875,406.8500061035156,406.1000061035156,406.3500061035156,128471,0.0,0.0
2026-06-17 12:00:00+05:30,406.3500061035156,406.8500061035156,406.20001220703125,406.29998779296875,131150,0.0,0.0
2026-06-17 12:15:00+05:30,406.29998779296875,406.3999938964844,405.3500061035156,405.54998779296875,145344,0.0,0.0
2026-06-17 12:30:00+05:30,405.54998779296875,405.54998779296875,404.1000061035156,404.1000061035156,147371,0.0,0.0
2026-06-17 12:45:00+05:30,404.25,404.95001220703125,403.6499938964844,403.75,465769,0.0,0.0
2026-06-17 13:00:00+05:30,403.75,404.0,403.29998779296875,403.54998779296875,216494,0.0,0.0
2026-06-17 13:15:00+05:30,403.5,404.0,403.1000061035156,403.25,463908,0.0,0.0
2026-06-17 13:30:00+05:30,403.3999938964844,403.6499938964844,402.95001220703125,403.0,4586446,0.0,0.0
2026-06-17 13:45:00+05:30,403.0,404.04998779296875,402.6499938964844,403.8999938964844,294555,0.0,0.0
2026-06-17 14:00:00+05:30,403.8500061035156,404.0,403.29998779296875,403.5,219381,0.0,0.0
2026-06-17 14:15:00+05:30,403.5,403.54998779296875,402.8999938964844,403.0,247286,0.0,0.0
2026-06-17 14:30:00+05:30,402.95001220703125,403.20001220703125,402.79998779296875,402.95001220703125,227888,0.0,0.0
2026-06-17 14:45:00+05:30,403.04998779296875,403.5,402.70001220703125,403.3999938964844,302893,0.0,0.0
2026-06-17 15:00:00+05:30,403.3500061035156,404.8500061035156,403.3500061035156,404.3999938964844,940263,0.0,0.0
2026-06-17 15:15:00+05:30,404.45001220703125,404.8999938964844,403.1000061035156,404.0,874481,0.0,0.0
2026-06-18 09:15:00+05:30,403.3999938964844,404.04998779296875,402.75,403.25,574514,0.0,0.0
2026-06-18 09:30:00+05:30,403.25,403.6000061035156,402.45001220703125,402.8500061035156,771326,0.0,0.0
2026-06-18 09:45:00+05:30,403.04998779296875,403.8999938964844,402.3500061035156,402.54998779296875,585044,0.0,0.0
2026-06-18 10:00:00+05:30,402.75,403.3999938964844,402.5,403.3999938964844,148185,0.0,0.0
2026-06-18 10:15:00+05:30,403.3500061035156,403.45001220703125,402.3500061035156,403.25,171730,0.0,0.0
2026-06-18 10:30:00+05:30,403.3500061035156,403.3999938964844,402.0,402.0,205174,0.0,0.0
2026-06-18 10:45:00+05:30,402.04998779296875,402.1499938964844,401.0,401.5,405498,0.0,0.0
2026-06-18 11:00:00+05:30,401.54998779296875,402.5,401.29998779296875,401.8999938964844,225840,0.0,0.0
2026-06-18 11:15:00+05:30,401.8500061035156,402.04998779296875,400.5,400.6000061035156,168730,0.0,0.0
2026-06-18 11:30:00+05:30,400.70001220703125,400.79998779296875,400.04998779296875,400.3999938964844,193223,0.0,0.0
2026-06-18 11:45:00+05:30,400.1499938964844,401.45001220703125,399.70001220703125,401.45001220703125,329231,0.0,0.0
2026-06-18 12:00:00+05:30,401.45001220703125,401.95001220703125,401.20001220703125,401.79998779296875,274659,0.0,0.0
2026-06-18 12:15:00+05:30,401.79998779296875,403.1499938964844,401.75,402.95001220703125,156290,0.0,0.0
2026-06-18 12:30:00+05:30,403.04998779296875,403.1499938964844,402.25,402.3500061035156,143638,0.0,0.0
2026-06-18 12:45:00+05:30,402.45001220703125,402.6000061035156,402.04998779296875,402.3500061035156,150445,0.0,0.0
2026-06-18 13:00:00+05:30,402.5,403.3500061035156,402.20001220703125,403.3500061035156,147359,0.0,0.0
2026-06-18 13:15:00+05:30,403.3500061035156,403.3500061035156,402.25,403.1000061035156,233985,0.0,0.0
2026-06-18 13:30:00+05:30,403.3500061035156,403.5,402.5,402.79998779296875,269405,0.0,0.0
2026-06-18 13:45:00+05:30,402.79998779296875,403.0,402.6499938964844,402.75,356377,0.0,0.0
2026-06-18 14:00:00+05:30,403.0,403.0,402.5,402.75,174231,0.0,0.0
2026-06-18 14:15:00+05:30,402.8999938964844,403.0,402.1499938964844,402.75,166058,0.0,0.0
2026-06-18 14:30:00+05:30,402.6499938964844,402.79998779296875,402.29998779296875,402.6000061035156,232671,0.0,0.0
2026-06-18 14:45:00+05:30,402.79998779296875,403.0,402.20001220703125,402.8500061035156,338227,0.0,0.0
2026-06-18 15:00:00+05:30,402.6499938964844,403.6000061035156,402.6000061035156,402.79998779296875,1418831,0.0,0.0
2026-06-18 15:15:00+05:30,402.79998779296875,403.0,402.5,403.0,1124208,0.0,0.0
2026-06-19 09:15:00+05:30,402.8999938964844,403.3500061035156,400.75,400.75,221468,0.0,0.0
2026-06-19 09:30:00+05:30,400.70001220703125,401.29998779296875,400.25,400.45001220703125,390680,0.0,0.0
2026-06-19 09:45:00+05:30,400.5,400.95001220703125,400.3999938964844,400.79998779296875,118143,0.0,0.0
2026-06-19 10:00:00+05:30,400.8999938964844,400.95001220703125,400.3999938964844,400.8500061035156,227282,0.0,0.0
2026-06-19 10:15:00+05:30,400.95001220703125,401.0,400.3999938964844,400.3999938964844,143845,0.0,0.0
2026-06-19 10:30:00+05:30,400.54998779296875,400.6499938964844,400.1000061035156,400.3500061035156,175965,0.0,0.0
2026-06-19 10:45:00+05:30,400.29998779296875,400.54998779296875,399.8999938964844,400.29998779296875,240558,0.0,0.0
2026-06-19 11:00:00+05:30,400.1499938964844,400.29998779296875,399.70001220703125,399.95001220703125,170293,0.0,0.0
2026-06-19 11:15:00+05:30,400.0,401.0,399.70001220703125,400.8999938964844,465863,0.0,0.0
2026-06-19 11:30:00+05:30,401.45001220703125,401.6000061035156,400.20001220703125,400.54998779296875,466027,0.0,0.0
2026-06-19 11:45:00+05:30,400.3999938964844,400.70001220703125,399.79998779296875,400.0,486631,0.0,0.0
2026-06-19 12:00:00+05:30,400.0,400.3999938964844,399.8500061035156,400.04998779296875,181547,0.0,0.0
2026-06-19 12:15:00+05:30,400.1499938964844,400.54998779296875,399.95001220703125,400.0,112128,0.0,0.0
2026-06-19 12:30:00+05:30,400.04998779296875,400.1499938964844,399.1000061035156,399.3500061035156,214649,0.0,0.0
2026-06-19 12:45:00+05:30,399.5,399.75,399.0,399.1000061035156,135451,0.0,0.0
2026-06-19 13:00:00+05:30,399.20001220703125,399.3999938964844,398.75,399.1499938964844,189480,0.0,0.0
2026-06-19 13:15:00+05:30,399.29998779296875,399.75,399.0,399.5,115414,0.0,0.0
2026-06-19 13:30:00+05:30,399.6499938964844,400.3999938964844,399.25,399.79998779296875,422241,0.0,0.0
2026-06-19 13:45:00+05:30,399.95001220703125,400.3999938964844,399.79998779296875,400.3999938964844,380848,0.0,0.0
2026-06-19 14:00:00+05:30,400.3999938964844,401.20001220703125,399.95001220703125,400.70001220703125,1216331,0.0,0.0
2026-06-19 14:15:00+05:30,400.8500061035156,401.0,399.8500061035156,400.5,743121,0.0,0.0
2026-06-19 14:30:00+05:30,400.6499938964844,400.75,399.8500061035156,400.0,543343,0.0,0.0
2026-06-19 14:45:00+05:30,399.8999938964844,400.1499938964844,398.29998779296875,398.8500061035156,1354542,0.0,0.0
2026-06-19 15:00:00+05:30,398.25,400.3999938964844,398.25,398.70001220703125,5166343,0.0,0.0
2026-06-19 15:15:00+05:30,398.79998779296875,399.8999938964844,398.5,399.25,3463598,0.0,0.0
2026-06-22 09:15:00+05:30,399.5,401.29998779296875,398.75,399.79998779296875,114684,0.0,0.0
2026-06-22 09:30:00+05:30,399.79998779296875,401.3500061035156,399.75,400.0,260582,0.0,0.0
2026-06-22 09:45:00+05:30,400.04998779296875,400.3999938964844,399.6499938964844,400.04998779296875,312147,0.0,0.0
2026-06-22 10:00:00+05:30,400.04998779296875,400.75,399.79998779296875,400.3500061035156,146580,0.0,0.0
2026-06-22 10:15:00+05:30,400.45001220703125,400.75,400.1000061035156,400.45001220703125,126026,0.0,0.0
2026-06-22 10:30:00+05:30,400.45001220703125,400.6499938964844,399.8500061035156,399.95001220703125,205678,0.0,0.0
2026-06-22 10:45:00+05:30,399.8500061035156,400.20001220703125,399.79998779296875,399.8500061035156,142076,0.0,0.0
2026-06-22 11:00:00+05:30,400.0,401.0,399.8500061035156,399.8999938964844,395789,0.0,0.0
2026-06-22 11:15:00+05:30,400.0,400.6499938964844,399.8999938964844,400.54998779296875,194680,0.0,0.0
2026-06-22 11:30:00+05:30,400.5,400.8999938964844,399.8500061035156,399.8500061035156,298802,0.0,0.0
2026-06-22 11:45:00+05:30,399.8999938964844,400.0,399.45001220703125,399.95001220703125,247032,0.0,0.0
2026-06-22 12:00:00+05:30,399.95001220703125,400.0,399.54998779296875,399.8500061035156,147306,0.0,0.0
2026-06-22 12:15:00+05:30,399.8500061035156,400.1499938964844,399.70001220703125,399.95001220703125,231067,0.0,0.0
2026-06-22 12:30:00+05:30,400.0,400.0,399.79998779296875,400.0,203114,0.0,0.0
2026-06-22 12:45:00+05:30,399.95001220703125,401.5,399.8500061035156,401.1000061035156,239128,0.0,0.0
2026-06-22 13:00:00+05:30,401.20001220703125,401.20001220703125,400.5,400.70001220703125,185397,0.0,0.0
2026-06-22 13:15:00+05:30,400.70001220703125,401.3999938964844,400.6000061035156,401.1499938964844,297235,0.0,0.0
2026-06-22 13:30:00+05:30,401.20001220703125,401.45001220703125,400.70001220703125,401.04998779296875,285932,0.0,0.0
2026-06-22 13:45:00+05:30,401.1000061035156,401.45001220703125,400.8999938964844,401.20001220703125,206755,0.0,0.0
2026-06-22 14:00:00+05:30,401.20001220703125,402.29998779296875,401.0,401.8999938964844,171873,0.0,0.0
2026-06-22 14:15:00+05:30,402.1000061035156,402.5,401.75,402.45001220703125,138111,0.0,0.0
2026-06-22 14:30:00+05:30,402.3999938964844,402.8500061035156,402.3999938964844,402.75,246911,0.0,0.0
2026-06-22 14:45:00+05:30,402.75,403.0,402.5,402.79998779296875,210953,0.0,0.0
2026-06-22 15:00:00+05:30,402.75,403.1000061035156,401.75,402.1000061035156,1014158,0.0,0.0
2026-06-22 15:15:00+05:30,402.04998779296875,402.54998779296875,401.0,401.0,983591,0.0,0.0
2026-06-23 09:15:00+05:30,401.29998779296875,402.1000061035156,399.6499938964844,401.70001220703125,476600,0.0,0.0
2026-06-23 09:30:00+05:30,401.8500061035156,403.70001220703125,401.3999938964844,403.70001220703125,239465,0.0,0.0
2026-06-23 09:45:00+05:30,403.6499938964844,404.25,403.3999938964844,403.8500061035156,225319,0.0,0.0
2026-06-23 10:00:00+05:30,403.8500061035156,404.1000061035156,403.0,403.5,209867,0.0,0.0
2026-06-23 10:15:00+05:30,403.6000061035156,403.79998779296875,403.29998779296875,403.79998779296875,114910,0.0,0.0
2026-06-23 10:30:00+05:30,403.6499938964844,404.3500061035156,403.54998779296875,403.54998779296875,228000,0.0,0.0
2026-06-23 10:45:00+05:30,403.70001220703125,404.04998779296875,402.95001220703125,403.3999938964844,300684,0.0,0.0
2026-06-23 11:00:00+05:30,403.75,404.8999938964844,403.54998779296875,404.70001220703125,269627,0.0,0.0
2026-06-23 11:15:00+05:30,404.79998779296875,404.8500061035156,403.75,403.75,189254,0.0,0.0
2026-06-23 11:30:00+05:30,403.8500061035156,404.0,403.5,403.79998779296875,180826,0.0,0.0
2026-06-23 11:45:00+05:30,403.70001220703125,403.75,401.25,401.5,323864,0.0,0.0
2026-06-23 12:00:00+05:30,401.45001220703125,402.3999938964844,401.1499938964844,402.3500061035156,398000,0.0,0.0
2026-06-23 12:15:00+05:30,402.20001220703125,402.70001220703125,400.75,402.1000061035156,202474,0.0,0.0
2026-06-23 12:30:00+05:30,402.04998779296875,402.29998779296875,401.54998779296875,401.95001220703125,226895,0.0,0.0
2026-06-23 12:45:00+05:30,401.95001220703125,402.1499938964844,401.29998779296875,401.8999938964844,267776,0.0,0.0
2026-06-23 13:00:00+05:30,401.79998779296875,403.0,401.25,402.6499938964844,442295,0.0,0.0
2026-06-23 13:15:00+05:30,402.54998779296875,403.1499938964844,401.8500061035156,402.79998779296875,277487,0.0,0.0
2026-06-23 13:30:00+05:30,402.54998779296875,402.6000061035156,401.6000061035156,401.8999938964844,435825,0.0,0.0
2026-06-23 13:45:00+05:30,401.95001220703125,402.1000061035156,401.29998779296875,401.6499938964844,309671,0.0,0.0
2026-06-23 14:00:00+05:30,401.70001220703125,402.25,401.45001220703125,401.95001220703125,299472,0.0,0.0
2026-06-23 14:15:00+05:30,401.8500061035156,402.25,401.54998779296875,402.20001220703125,294339,0.0,0.0
2026-06-23 14:30:00+05:30,402.1499938964844,402.29998779296875,401.25,401.95001220703125,424083,0.0,0.0
2026-06-23 14:45:00+05:30,402.0,402.54998779296875,401.6000061035156,401.75,592460,0.0,0.0
2026-06-23 15:00:00+05:30,402.0,402.25,400.8999938964844,401.5,1067892,0.0,0.0
2026-06-23 15:15:00+05:30,401.54998779296875,401.8999938964844,401.45001220703125,401.8999938964844,1096981,0.0,0.0
2026-06-24 09:15:00+05:30,401.79998779296875,404.75,400.3500061035156,404.29998779296875,437582,0.0,0.0
2026-06-24 09:30:00+05:30,404.70001220703125,404.95001220703125,404.0,404.04998779296875,302459,0.0,0.0
2026-06-24 09:45:00+05:30,404.20001220703125,404.95001220703125,403.3999938964844,403.8500061035156,272825,0.0,0.0
2026-06-24 10:00:00+05:30,403.8500061035156,406.1000061035156,403.8500061035156,405.8500061035156,282814,0.0,0.0
2026-06-24 10:15:00+05:30,405.79998779296875,406.5,405.5,406.20001220703125,318640,0.0,0.0
2026-06-24 10:30:00+05:30,406.25,406.8999938964844,405.8999938964844,405.8999938964844,262078,0.0,0.0
2026-06-24 10:45:00+05:30,405.95001220703125,406.54998779296875,405.25,405.5,1136737,0.0,0.0
2026-06-24 11:00:00+05:30,405.5,406.29998779296875,405.5,405.8999938964844,263428,0.0,0.0
2026-06-24 11:15:00+05:30,405.8500061035156,407.0,405.25,406.8999938964844,458047,0.0,0.0
2026-06-24 11:30:00+05:30,406.95001220703125,407.70001220703125,406.6000061035156,407.6499938964844,338311,0.0,0.0
2026-06-24 11:45:00+05:30,407.6000061035156,407.8999938964844,406.0,406.1000061035156,787680,0.0,0.0
2026-06-24 12:00:00+05:30,406.0,406.1499938964844,405.1499938964844,405.29998779296875,337276,0.0,0.0
2026-06-24 12:15:00+05:30,405.3500061035156,406.5,405.3500061035156,406.0,490219,0.0,0.0
2026-06-24 12:30:00+05:30,405.79998779296875,405.8999938964844,405.1000061035156,405.79998779296875,171799,0.0,0.0
2026-06-24 12:45:00+05:30,405.8500061035156,406.5,405.70001220703125,406.45001220703125,486316,0.0,0.0
2026-06-24 13:00:00+05:30,406.45001220703125,406.54998779296875,405.20001220703125,405.25,237527,0.0,0.0
2026-06-24 13:15:00+05:30,405.25,406.0,405.25,405.8999938964844,151188,0.0,0.0
2026-06-24 13:30:00+05:30,405.95001220703125,406.6000061035156,405.79998779296875,406.6000061035156,158763,0.0,0.0
2026-06-24 13:45:00+05:30,406.6499938964844,407.20001220703125,405.8500061035156,406.20001220703125,347883,0.0,0.0
2026-06-24 14:00:00+05:30,406.04998779296875,407.0,405.95001220703125,406.95001220703125,574758,0.0,0.0
2026-06-24 14:15:00+05:30,406.70001220703125,407.45001220703125,406.3999938964844,406.3999938964844,626167,0.0,0.0
2026-06-24 14:30:00+05:30,406.5,406.79998779296875,406.45001220703125,406.6000061035156,355420,0.0,0.0
2026-06-24 14:45:00+05:30,406.6000061035156,406.95001220703125,406.1499938964844,406.25,423689,0.0,0.0
2026-06-24 15:00:00+05:30,405.8500061035156,406.20001220703125,405.5,405.6499938964844,735733,0.0,0.0
2026-06-24 15:15:00+05:30,405.6000061035156,407.04998779296875,405.45001220703125,406.0,1390097,0.0,0.0
2026-06-25 09:15:00+05:30,409.6499938964844,409.70001220703125,407.54998779296875,408.8999938964844,288480,0.0,0.0
2026-06-25 09:30:00+05:30,408.79998779296875,408.79998779296875,407.8999938964844,408.1499938964844,267077,0.0,0.0
2026-06-25 09:45:00+05:30,408.29998779296875,408.70001220703125,407.6000061035156,408.3999938964844,174460,0.0,0.0
2026-06-25 10:00:00+05:30,408.3999938964844,408.8500061035156,407.75,408.79998779296875,2379805,0.0,0.0
2026-06-25 10:15:00+05:30,408.6000061035156,409.79998779296875,408.29998779296875,409.79998779296875,195557,0.0,0.0
2026-06-25 10:30:00+05:30,409.79998779296875,411.0,409.54998779296875,410.95001220703125,576130,0.0,0.0
2026-06-25 10:45:00+05:30,411.0,411.20001220703125,410.75,411.20001220703125,256250,0.0,0.0
2026-06-25 11:00:00+05:30,411.29998779296875,412.0,409.8500061035156,411.3999938964844,370586,0.0,0.0
2026-06-25 11:15:00+05:30,411.29998779296875,411.75,410.79998779296875,410.8500061035156,237364,0.0,0.0
2026-06-25 11:30:00+05:30,410.75,411.29998779296875,410.5,411.29998779296875,301265,0.0,0.0
2026-06-25 11:45:00+05:30,411.29998779296875,412.0,411.1499938964844,411.8500061035156,232367,0.0,0.0
2026-06-25 12:00:00+05:30,411.70001220703125,412.0,410.6000061035156,411.6000061035156,288581,0.0,0.0
2026-06-25 12:15:00+05:30,411.54998779296875,413.25,411.45001220703125,412.6499938964844,535484,0.0,0.0
2026-06-25 12:30:00+05:30,412.6499938964844,412.8500061035156,412.1000061035156,412.6000061035156,244470,0.0,0.0
2026-06-25 12:45:00+05:30,412.6499938964844,412.8999938964844,412.5,412.75,132113,0.0,0.0
2026-06-25 13:00:00+05:30,412.70001220703125,412.8500061035156,412.29998779296875,412.3999938964844,302184,0.0,0.0
2026-06-25 13:15:00+05:30,412.3999938964844,413.0,411.6499938964844,412.54998779296875,529882,0.0,0.0
2026-06-25 13:30:00+05:30,412.54998779296875,412.8999938964844,412.25,412.79998779296875,194389,0.0,0.0
2026-06-25 13:45:00+05:30,412.79998779296875,413.54998779296875,411.20001220703125,411.20001220703125,2334170,0.0,0.0
2026-06-25 14:00:00+05:30,411.20001220703125,411.45001220703125,409.3500061035156,409.75,311931,0.0,0.0
2026-06-25 14:15:00+05:30,409.75,410.1499938964844,409.20001220703125,410.1499938964844,605028,0.0,0.0
2026-06-25 14:30:00+05:30,409.95001220703125,410.6499938964844,408.5,408.6499938964844,722890,0.0,0.0
2026-06-25 14:45:00+05:30,408.6499938964844,410.0,408.45001220703125,409.3500061035156,676242,0.0,0.0
2026-06-25 15:00:00+05:30,409.29998779296875,409.8999938964844,408.3500061035156,408.8999938964844,1969072,0.0,0.0
2026-06-25 15:15:00+05:30,408.8999938964844,410.0,408.1499938964844,409.0,2075175,0.0,0.0
2026-06-29 09:15:00+05:30,403.5,404.6000061035156,397.70001220703125,398.95001220703125,2784099,0.0,0.0
2026-06-29 09:30:00+05:30,399.0,400.0,396.25,399.8999938964844,3753985,0.0,0.0
2026-06-29 09:45:00+05:30,399.8999938964844,402.45001220703125,399.54998779296875,400.5,1923562,0.0,0.0
2026-06-29 10:00:00+05:30,400.45001220703125,402.0,400.20001220703125,401.25,1406579,0.0,0.0
2026-06-29 10:15:00+05:30,401.3999938964844,401.3999938964844,399.3999938964844,401.0,769852,0.0,0.0
2026-06-29 10:30:00+05:30,401.1499938964844,402.25,400.45001220703125,401.70001220703125,685898,0.0,0.0
2026-06-29 10:45:00+05:30,401.6000061035156,401.75,400.0,400.79998779296875,518169,0.0,0.0
2026-06-29 11:00:00+05:30,400.8999938964844,401.04998779296875,399.29998779296875,399.6000061035156,608967,0.0,0.0
2026-06-29 11:15:00+05:30,399.6000061035156,399.8500061035156,398.3500061035156,398.95001220703125,985511,0.0,0.0
2026-06-29 11:30:00+05:30,398.70001220703125,399.45001220703125,398.1499938964844,399.20001220703125,809566,0.0,0.0
2026-06-29 11:45:00+05:30,399.20001220703125,400.0,398.75,399.3500061035156,1019215,0.0,0.0
2026-06-29 12:00:00+05:30,399.3500061035156,399.79998779296875,398.1499938964844,398.5,1069338,0.0,0.0
2026-06-29 12:15:00+05:30,398.6000061035156,398.8999938964844,397.45001220703125,397.70001220703125,1147112,0.0,0.0
2026-06-29 12:30:00+05:30,397.6499938964844,399.0,397.3500061035156,397.45001220703125,859319,0.0,0.0
2026-06-29 12:45:00+05:30,397.54998779296875,398.6000061035156,397.45001220703125,398.6000061035156,935221,0.0,0.0
2026-06-29 13:00:00+05:30,398.3999938964844,398.54998779296875,397.8999938964844,398.0,457820,0.0,0.0
2026-06-29 13:15:00+05:30,398.0,398.20001220703125,396.3999938964844,397.20001220703125,630813,0.0,0.0
2026-06-29 13:30:00+05:30,397.25,397.54998779296875,396.0,396.3500061035156,555075,0.0,0.0
2026-06-29 13:45:00+05:30,396.3999938964844,396.6000061035156,395.25,395.5,774925,0.0,0.0
2026-06-29 14:00:00+05:30,395.54998779296875,397.6000061035156,395.29998779296875,397.3500061035156,1272307,0.0,0.0
2026-06-29 14:15:00+05:30,397.5,398.29998779296875,397.1000061035156,397.70001220703125,720778,0.0,0.0
2026-06-29 14:30:00+05:30,397.75,398.54998779296875,397.3999938964844,398.3500061035156,679615,0.0,0.0
2026-06-29 14:45:00+05:30,398.3500061035156,398.5,396.5,396.79998779296875,970204,0.0,0.0
2026-06-29 15:00:00+05:30,396.79998779296875,397.04998779296875,395.1000061035156,395.29998779296875,4384412,0.0,0.0
2026-06-29 15:15:00+05:30,395.20001220703125,397.29998779296875,394.20001220703125,397.0,4634718,0.0,0.0
2026-06-30 09:15:00+05:30,396.3500061035156,396.3500061035156,392.75,393.79998779296875,571114,0.0,0.0
2026-06-30 09:30:00+05:30,394.29998779296875,394.45001220703125,390.95001220703125,391.45001220703125,1276522,0.0,0.0
2026-06-30 09:45:00+05:30,391.5,392.0,390.6000061035156,391.6499938964844,583935,0.0,0.0
2026-06-30 10:00:00+05:30,391.45001220703125,393.45001220703125,391.45001220703125,392.75,775722,0.0,0.0
2026-06-30 10:15:00+05:30,392.8999938964844,393.5,392.20001220703125,393.20001220703125,415445,0.0,0.0
2026-06-30 10:30:00+05:30,393.45001220703125,394.04998779296875,393.25,393.79998779296875,431726,0.0,0.0
2026-06-30 10:45:00+05:30,393.79998779296875,393.79998779296875,392.3500061035156,392.3500061035156,1829801,0.0,0.0
2026-06-30 11:00:00+05:30,392.29998779296875,394.1000061035156,392.25,393.75,417724,0.0,0.0
2026-06-30 11:15:00+05:30,393.75,394.1000061035156,393.04998779296875,393.6000061035156,373032,0.0,0.0
2026-06-30 11:30:00+05:30,393.5,393.6000061035156,392.6000061035156,392.8500061035156,573683,0.0,0.0
2026-06-30 11:45:00+05:30,392.8500061035156,393.3999938964844,392.6499938964844,393.1499938964844,317346,0.0,0.0
2026-06-30 12:00:00+05:30,393.29998779296875,393.29998779296875,392.20001220703125,392.8500061035156,360277,0.0,0.0
2026-06-30 12:15:00+05:30,392.8500061035156,394.6499938964844,392.45001220703125,394.3999938964844,467570,0.0,0.0
2026-06-30 12:30:00+05:30,394.3999938964844,396.5,393.6000061035156,396.25,785266,0.0,0.0
2026-06-30 12:45:00+05:30,395.95001220703125,396.1499938964844,393.79998779296875,394.54998779296875,892094,0.0,0.0
2026-06-30 13:00:00+05:30,394.29998779296875,394.45001220703125,392.79998779296875,392.79998779296875,489236,0.0,0.0
2026-06-30 13:15:00+05:30,392.79998779296875,392.8999938964844,391.3500061035156,392.04998779296875,826318,0.0,0.0
2026-06-30 13:30:00+05:30,392.04998779296875,392.3999938964844,391.3999938964844,391.75,960062,0.0,0.0
2026-06-30 13:45:00+05:30,391.75,392.20001220703125,391.1499938964844,392.1000061035156,527570,0.0,0.0
2026-06-30 14:00:00+05:30,392.0,392.3999938964844,391.1000061035156,391.25,722221,0.0,0.0
2026-06-30 14:15:00+05:30,391.25,393.04998779296875,390.79998779296875,392.75,1076072,0.0,0.0
2026-06-30 14:30:00+05:30,392.79998779296875,392.8500061035156,391.79998779296875,391.79998779296875,746502,0.0,0.0
2026-06-30 14:45:00+05:30,391.95001220703125,392.3500061035156,391.0,391.20001220703125,1163779,0.0,0.0
2026-06-30 15:00:00+05:30,391.1499938964844,392.1000061035156,389.8999938964844,392.04998779296875,3557315,0.0,0.0
2026-06-30 15:15:00+05:30,392.04998779296875,396.6000061035156,391.8999938964844,396.0,3952588,0.0,0.0
2026-07-01 09:15:00+05:30,395.79998779296875,398.20001220703125,393.45001220703125,393.70001220703125,789656,0.0,0.0
2026-07-01 09:30:00+05:30,393.75,395.20001220703125,393.25,394.95001220703125,2237303,0.0,0.0
2026-07-01 09:45:00+05:30,395.0,395.0,393.5,394.3999938964844,493722,0.0,0.0
2026-07-01 10:00:00+05:30,394.3500061035156,395.0,393.8500061035156,394.79998779296875,584745,0.0,0.0
2026-07-01 10:15:00+05:30,394.8999938964844,395.79998779296875,394.75,394.95001220703125,398339,0.0,0.0
2026-07-01 10:30:00+05:30,394.79998779296875,395.04998779296875,394.3500061035156,394.6499938964844,191940,0.0,0.0
2026-07-01 10:45:00+05:30,394.75,395.1499938964844,394.5,394.75,182093,0.0,0.0
2026-07-01 11:00:00+05:30,394.75,395.1000061035156,394.6000061035156,394.95001220703125,129321,0.0,0.0
2026-07-01 11:15:00+05:30,394.95001220703125,395.3500061035156,394.5,394.6499938964844,170110,0.0,0.0
2026-07-01 11:30:00+05:30,394.6000061035156,396.04998779296875,393.6499938964844,396.0,941502,0.0,0.0
2026-07-01 11:45:00+05:30,396.0,398.1499938964844,396.0,397.29998779296875,1568917,0.0,0.0
2026-07-01 12:00:00+05:30,397.25,397.29998779296875,396.54998779296875,396.6000061035156,303025,0.0,0.0
2026-07-01 12:15:00+05:30,396.70001220703125,398.0,396.20001220703125,396.25,496758,0.0,0.0
2026-07-01 12:30:00+05:30,396.25,397.79998779296875,395.5,395.8500061035156,522816,0.0,0.0
2026-07-01 12:45:00+05:30,395.8500061035156,396.29998779296875,395.25,395.3999938964844,432220,0.0,0.0
2026-07-01 13:00:00+05:30,395.45001220703125,395.95001220703125,395.1000061035156,395.8500061035156,430548,0.0,0.0
2026-07-01 13:15:00+05:30,395.8500061035156,396.1499938964844,395.3999938964844,395.75,371233,0.0,0.0
2026-07-01 13:30:00+05:30,395.75,401.0,395.6000061035156,399.5,2387365,0.0,0.0
2026-07-01 13:45:00+05:30,399.5,399.5,398.6499938964844,398.95001220703125,582256,0.0,0.0
2026-07-01 14:00:00+05:30,398.8500061035156,400.70001220703125,398.6000061035156,400.25,678738,0.0,0.0
2026-07-01 14:15:00+05:30,400.29998779296875,400.45001220703125,399.1000061035156,399.25,493778,0.0,0.0
2026-07-01 14:30:00+05:30,399.25,399.5,398.25,399.3999938964844,527698,0.0,0.0
2026-07-01 14:45:00+05:30,399.3999938964844,400.95001220703125,398.79998779296875,400.6000061035156,909308,0.0,0.0
2026-07-01 15:00:00+05:30,400.75,401.3999938964844,400.25,400.25,1954314,0.0,0.0
2026-07-01 15:15:00+05:30,400.1000061035156,400.25,398.79998779296875,399.0,1636146,0.0,0.0
2026-07-02 09:15:00+05:30,400.45001220703125,404.0,400.45001220703125,403.1499938964844,318830,0.0,0.0
2026-07-02 09:30:00+05:30,403.1499938964844,404.95001220703125,403.04998779296875,404.3999938964844,520478,0.0,0.0
2026-07-02 09:45:00+05:30,404.45001220703125,404.54998779296875,399.6000061035156,400.0,719990,0.0,0.0
2026-07-02 10:00:00+05:30,400.0,400.29998779296875,398.8999938964844,398.8999938964844,275951,0.0,0.0
2026-07-02 10:15:00+05:30,399.0,399.1499938964844,398.25,398.3999938964844,236464,0.0,0.0
2026-07-02 10:30:00+05:30,398.3999938964844,399.79998779296875,398.3999938964844,399.3500061035156,293146,0.0,0.0
2026-07-02 10:45:00+05:30,399.3500061035156,399.75,399.1499938964844,399.6499938964844,156856,0.0,0.0
2026-07-02 11:00:00+05:30,399.6499938964844,400.0,398.29998779296875,398.5,445911,0.0,0.0
2026-07-02 11:15:00+05:30,398.5,398.6499938964844,397.6499938964844,397.6499938964844,273250,0.0,0.0
2026-07-02 11:30:00+05:30,397.70001220703125,398.0,397.29998779296875,398.0,191178,0.0,0.0
2026-07-02 11:45:00+05:30,398.0,400.25,397.95001220703125,400.0,1456637,0.0,0.0
2026-07-02 12:00:00+05:30,400.04998779296875,400.79998779296875,400.0,400.25,515304,0.0,0.0
2026-07-02 12:15:00+05:30,400.29998779296875,400.8500061035156,400.0,400.6000061035156,346768,0.0,0.0
2026-07-02 12:30:00+05:30,400.5,400.6000061035156,400.04998779296875,400.20001220703125,186924,0.0,0.0
2026-07-02 12:45:00+05:30,400.04998779296875,400.45001220703125,399.3500061035156,399.6000061035156,358105,0.0,0.0
2026-07-02 13:00:00+05:30,399.54998779296875,400.45001220703125,399.3999938964844,400.3500061035156,312356,0.0,0.0
2026-07-02 13:15:00+05:30,400.3500061035156,400.70001220703125,400.3500061035156,400.6000061035156,649362,0.0,0.0
2026-07-02 13:30:00+05:30,400.3999938964844,400.8999938964844,400.04998779296875,400.45001220703125,594395,0.0,0.0
2026-07-02 13:45:00+05:30,400.45001220703125,400.45001220703125,399.25,399.29998779296875,438117,0.0,0.0
2026-07-02 14:00:00+05:30,399.29998779296875,399.3999938964844,398.45001220703125,398.75,389309,0.0,0.0
2026-07-02 14:15:00+05:30,398.75,399.20001220703125,398.54998779296875,398.8500061035156,217808,0.0,0.0
2026-07-02 14:30:00+05:30,398.8500061035156,399.0,398.5,398.6000061035156,233666,0.0,0.0
2026-07-02 14:45:00+05:30,398.5,399.20001220703125,398.3500061035156,399.1000061035156,379185,0.0,0.0
2026-07-02 15:00:00+05:30,399.20001220703125,400.04998779296875,398.95001220703125,399.5,1670954,0.0,0.0
2026-07-02 15:15:00+05:30,399.45001220703125,399.5,398.1000061035156,399.29998779296875,1106256,0.0,0.0
2026-07-03 09:15:00+05:30,400.29998779296875,400.5,398.8999938964844,399.75,321219,0.0,0.0
2026-07-03 09:30:00+05:30,399.75,400.3500061035156,399.3500061035156,399.3999938964844,504688,0.0,0.0
2026-07-03 09:45:00+05:30,399.5,399.6000061035156,398.1000061035156,398.20001220703125,416861,0.0,0.0
2026-07-03 10:00:00+05:30,398.20001220703125,398.5,397.5,397.75,412428,0.0,0.0
2026-07-03 10:15:00+05:30,397.6499938964844,398.54998779296875,397.3500061035156,398.25,330351,0.0,0.0
2026-07-03 10:30:00+05:30,398.25,398.3500061035156,397.25,397.3500061035156,488944,0.0,0.0
2026-07-03 10:45:00+05:30,397.3999938964844,397.54998779296875,396.79998779296875,396.95001220703125,512161,0.0,0.0
2026-07-03 11:00:00+05:30,397.0,397.3999938964844,396.79998779296875,396.79998779296875,314042,0.0,0.0
2026-07-03 11:15:00+05:30,396.79998779296875,397.1000061035156,396.5,396.8500061035156,397807,0.0,0.0
2026-07-03 11:30:00+05:30,396.79998779296875,397.3500061035156,396.70001220703125,396.95001220703125,363672,0.0,0.0
2026-07-03 11:45:00+05:30,396.95001220703125,398.04998779296875,396.95001220703125,397.5,1064695,0.0,0.0
2026-07-03 12:00:00+05:30,397.5,397.54998779296875,396.75,397.1499938964844,518050,0.0,0.0
2026-07-03 12:15:00+05:30,397.1000061035156,397.3500061035156,396.8500061035156,397.0,207626,0.0,0.0
2026-07-03 12:30:00+05:30,397.04998779296875,397.70001220703125,396.8500061035156,397.20001220703125,756533,0.0,0.0
2026-07-03 12:45:00+05:30,397.20001220703125,397.29998779296875,396.6499938964844,396.79998779296875,667513,0.0,0.0
2026-07-03 13:00:00+05:30,396.79998779296875,396.95001220703125,396.04998779296875,396.79998779296875,562901,0.0,0.0
2026-07-03 13:15:00+05:30,396.70001220703125,397.04998779296875,396.3999938964844,396.8500061035156,553918,0.0,0.0
2026-07-03 13:30:00+05:30,396.79998779296875,397.0,396.6499938964844,396.8999938964844,483449,0.0,0.0
2026-07-03 13:45:00+05:30,396.8999938964844,396.8999938964844,395.5,395.54998779296875,463643,0.0,0.0
2026-07-03 14:00:00+05:30,395.54998779296875,396.1000061035156,395.5,395.6499938964844,371421,0.0,0.0
2026-07-03 14:15:00+05:30,395.54998779296875,395.79998779296875,394.6499938964844,395.6499938964844,552155,0.0,0.0
2026-07-03 14:30:00+05:30,395.6499938964844,396.6000061035156,395.5,395.6000061035156,1485815,0.0,0.0
2026-07-03 14:45:00+05:30,395.70001220703125,396.6499938964844,395.45001220703125,395.79998779296875,451191,0.0,0.0
2026-07-03 15:00:00+05:30,395.8500061035156,397.0,395.79998779296875,396.8999938964844,697531,0.0,0.0
2026-07-03 15:15:00+05:30,396.8500061035156,397.04998779296875,396.54998779296875,396.79998779296875,813430,0.0,0.0
2026-07-06 09:15:00+05:30,387.75,388.6499938964844,383.5,385.6499938964844,1458299,0.0,0.0
2026-07-06 09:30:00+05:30,385.6499938964844,386.04998779296875,381.3500061035156,381.3500061035156,2188074,0.0,0.0
2026-07-06 09:45:00+05:30,381.5,384.1000061035156,381.3999938964844,383.95001220703125,2650347,0.0,0.0
2026-07-06 10:00:00+05:30,383.8999938964844,384.29998779296875,383.0,383.25,1481925,0.0,0.0
2026-07-06 10:15:00+05:30,383.25,384.95001220703125,383.0,384.25,1375603,0.0,0.0
2026-07-06 10:30:00+05:30,384.1000061035156,384.1000061035156,381.1000061035156,383.0,2792459,0.0,0.0
2026-07-06 10:45:00+05:30,383.0,383.5,382.25,383.0,1752713,0.0,0.0
2026-07-06 11:00:00+05:30,383.1000061035156,383.8500061035156,382.6000061035156,383.25,1113948,0.0,0.0
2026-07-06 11:15:00+05:30,383.3500061035156,386.0,382.8500061035156,385.45001220703125,1316981,0.0,0.0
2026-07-06 11:30:00+05:30,385.3999938964844,385.8500061035156,384.8999938964844,385.1499938964844,785515,0.0,0.0
2026-07-06 11:45:00+05:30,385.1499938964844,385.25,383.5,384.20001220703125,990021,0.0,0.0
2026-07-06 12:00:00+05:30,384.1499938964844,385.5,384.0,385.1000061035156,451728,0.0,0.0
2026-07-06 12:15:00+05:30,385.25,385.6000061035156,385.0,385.1499938964844,435140,0.0,0.0
2026-07-06 12:30:00+05:30,385.1499938964844,385.8500061035156,385.04998779296875,385.1000061035156,630623,0.0,0.0
2026-07-06 12:45:00+05:30,385.29998779296875,385.29998779296875,382.8999938964844,383.1499938964844,943432,0.0,0.0
2026-07-06 13:00:00+05:30,383.25,383.3999938964844,381.75,382.25,1905339,0.0,0.0
2026-07-06 13:15:00+05:30,382.25,382.45001220703125,381.70001220703125,382.29998779296875,861788,0.0,0.0
2026-07-06 13:30:00+05:30,382.3999938964844,382.8500061035156,381.95001220703125,382.04998779296875,695470,0.0,0.0
2026-07-06 13:45:00+05:30,382.1000061035156,382.1499938964844,381.1499938964844,381.3500061035156,876098,0.0,0.0
2026-07-06 14:00:00+05:30,381.3500061035156,381.8999938964844,381.1499938964844,381.6000061035156,744155,0.0,0.0
2026-07-06 14:15:00+05:30,381.6000061035156,382.29998779296875,381.5,382.1000061035156,692224,0.0,0.0
2026-07-06 14:30:00+05:30,382.20001220703125,382.6000061035156,381.95001220703125,382.1000061035156,703344,0.0,0.0
2026-07-06 14:45:00+05:30,382.04998779296875,382.04998779296875,381.45001220703125,381.6000061035156,882095,0.0,0.0
2026-07-06 15:00:00+05:30,381.70001220703125,381.75,381.20001220703125,381.3500061035156,1934206,0.0,0.0
2026-07-06 15:15:00+05:30,381.3999938964844,381.79998779296875,380.79998779296875,381.1000061035156,2610830,0.0,0.0
2026-07-07 09:15:00+05:30,382.0,382.0,379.54998779296875,379.95001220703125,470700,0.0,0.0
2026-07-07 09:30:00+05:30,379.75,379.79998779296875,379.04998779296875,379.3500061035156,408177,0.0,0.0
2026-07-07 09:45:00+05:30,379.3999938964844,379.79998779296875,378.75,379.79998779296875,593295,0.0,0.0
2026-07-07 10:00:00+05:30,379.79998779296875,381.25,379.6000061035156,380.8500061035156,767134,0.0,0.0
2026-07-07 10:15:00+05:30,380.95001220703125,381.3999938964844,380.29998779296875,381.3500061035156,874889,0.0,0.0
2026-07-07 10:30:00+05:30,381.3500061035156,381.5,380.0,380.20001220703125,728899,0.0,0.0
2026-07-07 10:45:00+05:30,380.1499938964844,381.95001220703125,379.95001220703125,381.8500061035156,656916,0.0,0.0
2026-07-07 11:00:00+05:30,381.75,382.1499938964844,380.8500061035156,381.04998779296875,769988,0.0,0.0
2026-07-07 11:15:00+05:30,381.0,381.20001220703125,380.04998779296875,380.45001220703125,629720,0.0,0.0
2026-07-07 11:30:00+05:30,380.45001220703125,380.45001220703125,379.79998779296875,380.0,465571,0.0,0.0
2026-07-07 11:45:00+05:30,380.0,380.29998779296875,379.3500061035156,379.8500061035156,1016751,0.0,0.0
2026-07-07 12:00:00+05:30,379.79998779296875,380.70001220703125,379.79998779296875,380.04998779296875,514494,0.0,0.0
2026-07-07 12:15:00+05:30,380.04998779296875,380.5,380.0,380.1499938964844,663694,0.0,0.0
2026-07-07 12:30:00+05:30,380.1000061035156,381.25,380.0,381.1000061035156,1080302,0.0,0.0
2026-07-07 12:45:00+05:30,381.0,382.70001220703125,380.95001220703125,382.45001220703125,1486825,0.0,0.0
2026-07-07 13:00:00+05:30,382.45001220703125,382.54998779296875,381.25,381.45001220703125,686968,0.0,0.0
2026-07-07 13:15:00+05:30,381.75,382.0,381.3500061035156,381.79998779296875,426237,0.0,0.0
2026-07-07 13:30:00+05:30,381.79998779296875,382.0,381.5,381.6499938964844,424945,0.0,0.0
2026-07-07 13:45:00+05:30,381.79998779296875,382.3999938964844,381.54998779296875,382.3999938964844,1007999,0.0,0.0
2026-07-07 14:00:00+05:30,382.3999938964844,382.79998779296875,382.1000061035156,382.54998779296875,523285,0.0,0.0
2026-07-07 14:15:00+05:30,382.5,382.5,381.45001220703125,381.75,468831,0.0,0.0
2026-07-07 14:30:00+05:30,381.79998779296875,382.04998779296875,381.1499938964844,381.8999938964844,752145,0.0,0.0
2026-07-07 14:45:00+05:30,381.8999938964844,382.0,381.1000061035156,381.1000061035156,896055,0.0,0.0
2026-07-07 15:00:00+05:30,381.25,382.20001220703125,380.6499938964844,381.95001220703125,2972821,0.0,0.0
2026-07-07 15:15:00+05:30,382.0,382.45001220703125,381.79998779296875,382.1499938964844,2947565,0.0,0.0
2026-07-08 09:15:00+05:30,379.75,381.70001220703125,378.25,378.6000061035156,435998,0.0,0.0
2026-07-08 09:30:00+05:30,378.6000061035156,378.6000061035156,377.3999938964844,377.79998779296875,309845,0.0,0.0
2026-07-08 09:45:00+05:30,377.8500061035156,378.75,377.54998779296875,378.25,200272,0.0,0.0
2026-07-08 10:00:00+05:30,378.1499938964844,378.54998779296875,377.70001220703125,377.79998779296875,175008,0.0,0.0
2026-07-08 10:15:00+05:30,377.6000061035156,378.04998779296875,377.25,377.54998779296875,248383,0.0,0.0
2026-07-08 10:30:00+05:30,377.6499938964844,380.0,377.6000061035156,379.3500061035156,324946,0.0,0.0
2026-07-08 10:45:00+05:30,379.3500061035156,379.8999938964844,378.25,378.8999938964844,609168,0.0,0.0
2026-07-08 11:00:00+05:30,378.8999938964844,379.3999938964844,378.5,379.04998779296875,371673,0.0,0.0
2026-07-08 11:15:00+05:30,379.25,379.25,378.04998779296875,378.29998779296875,861866,0.0,0.0
2026-07-08 11:30:00+05:30,378.29998779296875,378.29998779296875,377.6499938964844,378.1000061035156,464679,0.0,0.0
2026-07-08 11:45:00+05:30,378.1000061035156,378.5,378.0,378.25,264154,0.0,0.0
2026-07-08 12:00:00+05:30,378.3500061035156,378.3500061035156,377.70001220703125,377.75,585648,0.0,0.0
2026-07-08 12:15:00+05:30,377.75,378.1000061035156,377.20001220703125,377.45001220703125,295150,0.0,0.0
2026-07-08 12:30:00+05:30,377.45001220703125,377.54998779296875,376.1000061035156,376.5,695706,0.0,0.0
2026-07-08 12:45:00+05:30,376.3500061035156,376.79998779296875,375.75,376.0,514776,0.0,0.0
2026-07-08 13:00:00+05:30,376.1000061035156,376.45001220703125,375.3999938964844,375.54998779296875,670377,0.0,0.0
2026-07-08 13:15:00+05:30,375.54998779296875,375.6499938964844,374.95001220703125,375.1000061035156,695572,0.0,0.0
2026-07-08 13:30:00+05:30,375.1000061035156,375.6000061035156,374.54998779296875,374.6499938964844,925241,0.0,0.0
2026-07-08 13:45:00+05:30,374.6000061035156,374.8500061035156,373.04998779296875,373.3999938964844,850451,0.0,0.0
2026-07-08 14:00:00+05:30,373.45001220703125,373.70001220703125,371.45001220703125,371.54998779296875,822137,0.0,0.0
2026-07-08 14:15:00+05:30,371.54998779296875,372.5,371.25,371.3999938964844,928937,0.0,0.0
2026-07-08 14:30:00+05:30,371.3999938964844,372.1000061035156,371.0,371.6499938964844,1026365,0.0,0.0
2026-07-08 14:45:00+05:30,371.6499938964844,372.3500061035156,371.3500061035156,372.1000061035156,1008400,0.0,0.0
2026-07-08 15:00:00+05:30,372.1499938964844,372.75,369.1499938964844,369.20001220703125,5348300,0.0,0.0
2026-07-08 15:15:00+05:30,369.20001220703125,370.95001220703125,369.20001220703125,370.45001220703125,3279133,0.0,0.0
2026-07-09 09:15:00+05:30,371.5,373.0,370.8500061035156,371.6499938964844,252617,0.0,0.0
2026-07-09 09:30:00+05:30,371.6499938964844,372.29998779296875,371.45001220703125,372.04998779296875,225387,0.0,0.0
2026-07-09 09:45:00+05:30,372.04998779296875,372.8999938964844,371.6499938964844,371.8999938964844,199017,0.0,0.0
2026-07-09 10:00:00+05:30,371.8500061035156,372.95001220703125,371.8500061035156,372.54998779296875,277363,0.0,0.0
2026-07-09 10:15:00+05:30,372.54998779296875,372.8999938964844,371.79998779296875,372.29998779296875,342577,0.0,0.0
2026-07-09 10:30:00+05:30,372.3999938964844,372.3999938964844,370.3999938964844,371.6499938964844,1124687,0.0,0.0
2026-07-09 10:45:00+05:30,371.54998779296875,371.6000061035156,369.29998779296875,370.5,616123,0.0,0.0
2026-07-09 11:00:00+05:30,370.5,372.04998779296875,370.20001220703125,371.75,937665,0.0,0.0
2026-07-09 11:15:00+05:30,371.75,372.6499938964844,371.1499938964844,372.54998779296875,375268,0.0,0.0
2026-07-09 11:30:00+05:30,372.6000061035156,373.04998779296875,371.54998779296875,371.54998779296875,1416291,0.0,0.0
2026-07-09 11:45:00+05:30,371.6499938964844,371.95001220703125,370.95001220703125,371.5,629583,0.0,0.0
2026-07-09 12:00:00+05:30,371.5,371.54998779296875,370.6000061035156,371.0,881350,0.0,0.0
2026-07-09 12:15:00+05:30,371.0,371.1000061035156,370.0,370.70001220703125,476357,0.0,0.0
2026-07-09 12:30:00+05:30,370.79998779296875,370.79998779296875,368.79998779296875,368.95001220703125,1386487,0.0,0.0
2026-07-09 12:45:00+05:30,369.0,369.54998779296875,368.5,369.1499938964844,1366572,0.0,0.0
2026-07-09 13:00:00+05:30,369.1499938964844,371.1000061035156,368.95001220703125,369.95001220703125,1159262,0.0,0.0
2026-07-09 13:15:00+05:30,369.95001220703125,371.25,369.75,371.1499938964844,761259,0.0,0.0
2026-07-09 13:30:00+05:30,371.1499938964844,373.25,370.79998779296875,372.95001220703125,3672185,0.0,0.0
2026-07-09 13:45:00+05:30,373.0,374.3999938964844,372.3999938964844,372.8999938964844,1956483,0.0,0.0
2026-07-09 14:00:00+05:30,372.70001220703125,373.5,372.5,373.29998779296875,581366,0.0,0.0
2026-07-09 14:15:00+05:30,373.29998779296875,374.25,373.1499938964844,373.95001220703125,467549,0.0,0.0
2026-07-09 14:30:00+05:30,373.95001220703125,374.3999938964844,372.3999938964844,373.95001220703125,1699916,0.0,0.0
2026-07-09 14:45:00+05:30,373.95001220703125,377.1000061035156,373.45001220703125,376.95001220703125,1592097,0.0,0.0
2026-07-09 15:00:00+05:30,376.8999938964844,377.6499938964844,375.3500061035156,377.5,4737883,0.0,0.0
2026-07-09 15:15:00+05:30,377.5,377.95001220703125,376.8999938964844,377.25,3285974,0.0,0.0
2026-07-10 09:15:00+05:30,377.75,381.0,377.75,380.1000061035156,1181084,0.0,0.0
2026-07-10 09:30:00+05:30,380.20001220703125,381.1000061035156,379.8500061035156,380.0,1107713,0.0,0.0
2026-07-10 09:45:00+05:30,380.04998779296875,380.6000061035156,379.5,380.1000061035156,1228357,0.0,0.0
2026-07-10 10:00:00+05:30,379.79998779296875,380.20001220703125,379.25,379.79998779296875,408563,0.0,0.0
2026-07-10 10:15:00+05:30,379.79998779296875,379.95001220703125,379.25,379.54998779296875,242036,0.0,0.0
2026-07-10 10:30:00+05:30,379.54998779296875,380.1499938964844,379.20001220703125,380.0,420996,0.0,0.0
2026-07-10 10:45:00+05:30,380.1499938964844,380.6000061035156,380.04998779296875,380.1499938964844,265643,0.0,0.0
2026-07-10 11:00:00+05:30,380.29998779296875,380.3999938964844,379.6000061035156,380.1000061035156,241942,0.0,0.0
2026-07-10 11:15:00+05:30,380.1000061035156,380.25,378.75,378.95001220703125,274827,0.0,0.0
2026-07-10 11:30:00+05:30,378.95001220703125,380.0,378.79998779296875,379.54998779296875,337390,0.0,0.0
2026-07-10 11:45:00+05:30,379.54998779296875,380.04998779296875,379.25,379.3999938964844,241813,0.0,0.0
2026-07-10 12:00:00+05:30,379.45001220703125,380.04998779296875,379.25,379.6499938964844,222002,0.0,0.0
2026-07-10 12:15:00+05:30,379.5,380.20001220703125,379.45001220703125,380.1499938964844,237093,0.0,0.0
2026-07-10 12:30:00+05:30,380.1000061035156,380.29998779296875,380.0,380.04998779296875,260362,0.0,0.0
2026-07-10 12:45:00+05:30,380.04998779296875,380.1000061035156,379.1000061035156,379.54998779296875,433724,0.0,0.0
2026-07-10 13:00:00+05:30,379.6499938964844,379.8500061035156,379.1000061035156,379.3999938964844,405229,0.0,0.0
2026-07-10 13:15:00+05:30,379.3500061035156,379.8500061035156,378.79998779296875,379.3999938964844,359282,0.0,0.0
2026-07-10 13:30:00+05:30,379.45001220703125,379.75,378.79998779296875,379.6499938964844,217553,0.0,0.0
2026-07-10 13:45:00+05:30,379.70001220703125,380.0,379.45001220703125,379.70001220703125,279791,0.0,0.0
2026-07-10 14:00:00+05:30,379.75,379.79998779296875,378.45001220703125,379.1000061035156,344846,0.0,0.0
2026-07-10 14:15:00+05:30,379.1499938964844,379.8500061035156,378.8500061035156,379.5,453515,0.0,0.0
2026-07-10 14:30:00+05:30,379.6000061035156,379.70001220703125,378.8500061035156,379.3999938964844,308277,0.0,0.0
2026-07-10 14:45:00+05:30,379.45001220703125,379.6499938964844,377.25,377.3500061035156,1609742,0.0,0.0
2026-07-10 15:00:00+05:30,377.3500061035156,377.8999938964844,377.04998779296875,377.70001220703125,1951201,0.0,0.0
2026-07-10 15:15:00+05:30,377.70001220703125,378.8999938964844,377.3500061035156,378.1499938964844,2024165,0.0,0.0
