Datetime,Open,High,Low,Close,Volume,Dividends,Stock Splits
2026-04-20 09:15:00+05:30,1362.800048828125,1364.699951171875,1352.9000244140625,1364.199951171875,542137,0.0,0.0
2026-04-20 09:30:00+05:30,1364.199951171875,1365.0,1357.5,1357.9000244140625,619516,0.0,0.0
2026-04-20 09:45:00+05:30,1358.5999755859375,1360.199951171875,1355.699951171875,1359.4000244140625,547608,0.0,0.0
2026-04-20 10:00:00+05:30,1359.5,1360.800048828125,1358.300048828125,1360.800048828125,131141,0.0,0.0
2026-04-20 15:00:00+05:30,1365.0,1365.0,1363.0999755859375,1364.0,9996455,0.0,0.0
2026-04-20 15:15:00+05:30,1363.9000244140625,1364.699951171875,1360.0999755859375,1362.9000244140625,1179225,0.0,0.0
2026-04-21 09:15:00+05:30,1360.800048828125,1367.699951171875,1360.800048828125,1361.5,316210,0.0,0.0
2026-04-21 09:30:00+05:30,1361.199951171875,1362.0,1359.0,1360.5999755859375,551699,0.0,0.0
2026-04-21 09:45:00+05:30,1360.5999755859375,1363.199951171875,1360.5999755859375,1362.0,536282,0.0,0.0
2026-04-21 10:00:00+05:30,1362.0,1364.5999755859375,1361.800048828125,1363.300048828125,466250,0.0,0.0
2026-04-21 10:15:00+05:30,1363.300048828125,1364.0,1360.4000244140625,1361.0999755859375,457392,0.0,0.0
2026-04-21 10:30:00+05:30,1361.5,1363.0,1360.4000244140625,1362.5,394065,0.0,0.0
2026-04-21 10:45:00+05:30,1362.5,1367.199951171875,1361.0,1367.199951171875,717410,0.0,0.0
2026-04-21 11:00:00+05:30,1367.300048828125,1369.800048828125,1365.800048828125,1366.800048828125,732778,0.0,0.0
2026-04-21 11:15:00+05:30,1367.0,1367.0,1361.199951171875,1361.5999755859375,459560,0.0,0.0
2026-04-21 11:30:00+05:30,1361.5999755859375,1361.5999755859375,1357.5999755859375,1360.5999755859375,964293,0.0,0.0
2026-04-21 11:45:00+05:30,1360.4000244140625,1362.699951171875,1358.199951171875,1360.0,637058,0.0,0.0
2026-04-21 12:00:00+05:30,1360.0,1363.300048828125,1358.5,1359.199951171875,755902,0.0,0.0
2026-04-21 12:15:00+05:30,1359.300048828125,1359.9000244140625,1357.0,1357.199951171875,792426,0.0,0.0
2026-04-21 12:30:00+05:30,1357.199951171875,1359.0,1355.5999755859375,1356.5999755859375,1179939,0.0,0.0
2026-04-21 12:45:00+05:30,1356.699951171875,1357.699951171875,1355.0999755859375,1356.9000244140625,827321,0.0,0.0
2026-04-21 13:00:00+05:30,1356.9000244140625,1357.300048828125,1354.300048828125,1354.800048828125,1452092,0.0,0.0
2026-04-21 13:15:00+05:30,1354.9000244140625,1356.199951171875,1352.4000244140625,1355.199951171875,1049117,0.0,0.0
2026-04-21 13:30:00+05:30,1355.300048828125,1356.800048828125,1353.0,1353.0999755859375,889416,0.0,0.0
2026-04-21 13:45:00+05:30,1353.5,1355.0,1352.300048828125,1353.699951171875,962138,0.0,0.0
2026-04-21 14:00:00+05:30,1353.9000244140625,1354.4000244140625,1351.300048828125,1352.0999755859375,1336310,0.0,0.0
2026-04-21 14:15:00+05:30,1352.199951171875,1355.9000244140625,1351.5,1355.5999755859375,1273463,0.0,0.0
2026-04-21 14:30:00+05:30,1355.699951171875,1356.4000244140625,1353.5,1353.5,768755,0.0,0.0
2026-04-21 14:45:00+05:30,1353.800048828125,1355.0,1352.800048828125,1353.5,758722,0.0,0.0
2026-04-21 15:00:00+05:30,1353.699951171875,1355.800048828125,1350.4000244140625,1352.800048828125,6373290,0.0,0.0
2026-04-21 15:15:00+05:30,1352.9000244140625,1356.0,1352.5,1353.300048828125,1867958,0.0,0.0
2026-04-22 09:15:00+05:30,1353.4000244140625,1357.9000244140625,1351.5,1351.5,333395,0.0,0.0
2026-04-22 09:30:00+05:30,1351.300048828125,1355.0,1351.300048828125,1354.0999755859375,226610,0.0,0.0
2026-04-22 09:45:00+05:30,1354.0999755859375,1354.199951171875,1350.699951171875,1352.0,314052,0.0,0.0
2026-04-22 10:00:00+05:30,1351.5999755859375,1356.5999755859375,1350.199951171875,1356.0,389898,0.0,0.0
2026-04-22 10:15:00+05:30,1355.9000244140625,1359.5999755859375,1355.9000244140625,1358.0,361876,0.0,0.0
2026-04-22 10:30:00+05:30,1357.800048828125,1360.300048828125,1357.0999755859375,1359.800048828125,250596,0.0,0.0
2026-04-22 10:45:00+05:30,1359.800048828125,1363.199951171875,1359.5999755859375,1362.199951171875,452481,0.0,0.0
2026-04-22 11:00:00+05:30,1362.300048828125,1365.300048828125,1361.4000244140625,1363.9000244140625,631134,0.0,0.0
2026-04-22 11:15:00+05:30,1364.0,1364.4000244140625,1362.5999755859375,1363.300048828125,332832,0.0,0.0
2026-04-22 11:30:00+05:30,1363.199951171875,1363.5999755859375,1361.5,1362.5999755859375,257715,0.0,0.0
2026-04-22 11:45:00+05:30,1362.300048828125,1363.699951171875,1361.5,1363.699951171875,210466,0.0,0.0
2026-04-22 12:00:00+05:30,1363.5999755859375,1364.5999755859375,1362.0999755859375,1363.5999755859375,268404,0.0,0.0
2026-04-22 12:15:00+05:30,1363.199951171875,1364.0,1361.699951171875,1362.300048828125,308568,0.0,0.0
2026-04-22 12:30:00+05:30,1362.300048828125,1364.0,1361.5999755859375,1362.9000244140625,256756,0.0,0.0
2026-04-22 12:45:00+05:30,1362.699951171875,1364.300048828125,1361.5999755859375,1363.5,245805,0.0,0.0
2026-04-22 13:00:00+05:30,1363.300048828125,1364.4000244140625,1362.0999755859375,1363.4000244140625,302299,0.0,0.0
2026-04-22 13:15:00+05:30,1363.5,1363.699951171875,1359.5999755859375,1361.699951171875,361035,0.0,0.0
2026-04-22 13:30:00+05:30,1361.699951171875,1362.0,1360.4000244140625,1361.4000244140625,237679,0.0,0.0
2026-04-22 13:45:00+05:30,1361.4000244140625,1361.800048828125,1359.4000244140625,1361.0,225296,0.0,0.0
2026-04-22 14:00:00+05:30,1361.0999755859375,1361.699951171875,1359.0,1360.0999755859375,315309,0.0,0.0
2026-04-22 14:15:00+05:30,1360.5999755859375,1360.9000244140625,1358.5999755859375,1359.9000244140625,361134,0.0,0.0
2026-04-22 14:30:00+05:30,1359.9000244140625,1361.0,1359.4000244140625,1360.699951171875,332135,0.0,0.0
2026-04-22 14:45:00+05:30,1360.699951171875,1363.0,1360.4000244140625,1362.300048828125,464900,0.0,0.0
2026-04-22 15:00:00+05:30,1362.199951171875,1363.5,1360.0,1363.5,865460,0.0,0.0
2026-04-22 15:15:00+05:30,1363.4000244140625,1365.9000244140625,1360.0999755859375,1362.0,815977,0.0,0.0
2026-04-23 09:15:00+05:30,1352.199951171875,1355.300048828125,1347.699951171875,1354.9000244140625,544870,0.0,0.0
2026-04-23 09:30:00+05:30,1354.9000244140625,1354.9000244140625,1352.300048828125,1353.699951171875,562534,0.0,0.0
2026-04-23 09:45:00+05:30,1353.0,1354.699951171875,1352.199951171875,1352.5,362952,0.0,0.0
2026-04-23 10:00:00+05:30,1352.800048828125,1353.9000244140625,1352.0,1352.9000244140625,488086,0.0,0.0
2026-04-23 10:15:00+05:30,1353.0,1354.4000244140625,1351.5999755859375,1352.0,328697,0.0,0.0
2026-04-23 10:30:00+05:30,1351.5999755859375,1352.0,1347.0999755859375,1347.5999755859375,640457,0.0,0.0
2026-04-23 10:45:00+05:30,1347.800048828125,1348.300048828125,1344.0999755859375,1348.199951171875,680261,0.0,0.0
2026-04-23 11:00:00+05:30,1348.199951171875,1348.5,1346.4000244140625,1346.699951171875,454955,0.0,0.0
2026-04-23 11:15:00+05:30,1346.699951171875,1347.800048828125,1345.300048828125,1345.800048828125,408479,0.0,0.0
2026-04-23 11:30:00+05:30,1345.800048828125,1347.5,1345.199951171875,1346.0,302993,0.0,0.0
2026-04-23 11:45:00+05:30,1346.0,1348.800048828125,1345.699951171875,1347.699951171875,277496,0.0,0.0
2026-04-23 12:00:00+05:30,1347.699951171875,1351.800048828125,1347.0,1351.5,378732,0.0,0.0
2026-04-23 12:15:00+05:30,1351.5,1352.0,1348.0999755859375,1348.5,325003,0.0,0.0
2026-04-23 12:30:00+05:30,1348.9000244140625,1349.9000244140625,1346.199951171875,1349.0,456853,0.0,0.0
2026-04-23 12:45:00+05:30,1349.199951171875,1351.5999755859375,1347.0,1351.300048828125,234987,0.0,0.0
2026-04-23 13:00:00+05:30,1351.5,1352.699951171875,1350.5,1352.199951171875,182899,0.0,0.0
2026-04-23 13:15:00+05:30,1352.199951171875,1355.0,1351.0999755859375,1352.800048828125,673879,0.0,0.0
2026-04-23 13:30:00+05:30,1352.5999755859375,1353.0,1349.0999755859375,1350.300048828125,1029976,0.0,0.0
2026-04-23 13:45:00+05:30,1350.300048828125,1353.300048828125,1349.800048828125,1352.5,220249,0.0,0.0
2026-04-23 14:00:00+05:30,1352.5999755859375,1352.5999755859375,1349.0,1349.4000244140625,737865,0.0,0.0
2026-04-23 14:15:00+05:30,1349.0999755859375,1351.199951171875,1345.5999755859375,1346.199951171875,578237,0.0,0.0
2026-04-23 14:30:00+05:30,1346.199951171875,1347.0,1343.0,1343.699951171875,483132,0.0,0.0
2026-04-23 14:45:00+05:30,1343.699951171875,1345.199951171875,1342.5,1343.9000244140625,628687,0.0,0.0
2026-04-23 15:00:00+05:30,1343.5999755859375,1346.5999755859375,1340.800048828125,1341.9000244140625,2972400,0.0,0.0
2026-04-23 15:15:00+05:30,1342.0,1344.5999755859375,1340.699951171875,1344.4000244140625,1335880,0.0,0.0
2026-04-24 09:15:00+05:30,1341.0999755859375,1345.0,1337.4000244140625,1338.4000244140625,503394,0.0,0.0
2026-04-24 09:30:00+05:30,1338.199951171875,1340.5,1335.5,1335.5,537337,0.0,0.0
2026-04-24 09:45:00+05:30,1335.800048828125,1338.5,1334.300048828125,1337.699951171875,362427,0.0,0.0
2026-04-24 10:00:00+05:30,1337.699951171875,1338.9000244140625,1337.300048828125,1338.300048828125,460325,0.0,0.0
2026-04-24 10:15:00+05:30,1337.699951171875,1338.199951171875,1333.0,1335.800048828125,786737,0.0,0.0
2026-04-24 10:30:00+05:30,1335.5,1336.199951171875,1333.0,1333.5,222934,0.0,0.0
2026-04-24 10:45:00+05:30,1333.5,1334.199951171875,1331.300048828125,1331.699951171875,323435,0.0,0.0
2026-04-24 11:00:00+05:30,1331.699951171875,1332.4000244140625,1329.4000244140625,1332.0999755859375,321969,0.0,0.0
2026-04-24 11:15:00+05:30,1332.0999755859375,1335.800048828125,1330.5,1335.5,428112,0.0,0.0
2026-04-24 11:30:00+05:30,1335.5999755859375,1336.0999755859375,1332.5,1334.5,416073,0.0,0.0
2026-04-24 11:45:00+05:30,1334.5,1335.699951171875,1331.4000244140625,1331.5999755859375,316370,0.0,0.0
2026-04-24 12:00:00+05:30,1332.0,1333.300048828125,1331.300048828125,1332.800048828125,172162,0.0,0.0
2026-04-24 12:15:00+05:30,1333.0,1333.699951171875,1327.5,1327.699951171875,333294,0.0,0.0
2026-04-24 12:30:00+05:30,1327.699951171875,1330.5,1326.800048828125,1329.199951171875,420094,0.0,0.0
2026-04-24 12:45:00+05:30,1329.199951171875,1331.4000244140625,1328.5,1330.0,197961,0.0,0.0
2026-04-24 13:00:00+05:30,1330.199951171875,1330.199951171875,1327.699951171875,1328.9000244140625,367942,0.0,0.0
2026-04-24 13:15:00+05:30,1328.9000244140625,1333.0,1328.199951171875,1332.699951171875,410269,0.0,0.0
2026-04-24 13:30:00+05:30,1332.5999755859375,1332.9000244140625,1328.699951171875,1330.0,465649,0.0,0.0
2026-04-24 13:45:00+05:30,1330.0,1331.0999755859375,1329.699951171875,1329.800048828125,543652,0.0,0.0
2026-04-24 14:00:00+05:30,1329.800048828125,1330.0999755859375,1327.699951171875,1328.199951171875,380650,0.0,0.0
2026-04-24 14:15:00+05:30,1327.9000244140625,1329.5,1327.5,1329.300048828125,179940,0.0,0.0
2026-04-24 14:30:00+05:30,1329.0999755859375,1330.300048828125,1327.5999755859375,1328.5,386763,0.0,0.0
2026-04-24 14:45:00+05:30,1328.5,1328.800048828125,1327.699951171875,1328.300048828125,420947,0.0,0.0
2026-04-24 15:00:00+05:30,1328.199951171875,1328.5,1325.5,1327.5,809024,0.0,0.0
2026-04-24 15:15:00+05:30,1327.5,1331.9000244140625,1327.4000244140625,1331.0,813063,0.0,0.0
2026-04-27 09:15:00+05:30,1312.300048828125,1330.9000244140625,1311.0999755859375,1326.699951171875,907037,0.0,0.0
2026-04-27 09:30:00+05:30,1326.699951171875,1327.699951171875,1324.199951171875,1324.699951171875,906820,0.0,0.0
2026-04-27 09:45:00+05:30,1325.4000244140625,1342.699951171875,1325.4000244140625,1342.4000244140625,1592015,0.0,0.0
2026-04-27 10:00:00+05:30,1342.800048828125,1344.800048828125,1338.4000244140625,1339.300048828125,781938,0.0,0.0
2026-04-27 10:15:00+05:30,1339.0,1341.5,1336.300048828125,1336.9000244140625,447105,0.0,0.0
2026-04-27 10:30:00+05:30,1337.0999755859375,1337.0999755859375,1332.9000244140625,1335.800048828125,636992,0.0,0.0
2026-04-27 10:45:00+05:30,1335.800048828125,1340.5999755859375,1334.4000244140625,1337.300048828125,1366055,0.0,0.0
2026-04-27 11:00:00+05:30,1337.0999755859375,1337.699951171875,1335.0,1336.699951171875,425375,0.0,0.0
2026-04-27 11:15:00+05:30,1336.800048828125,1339.300048828125,1336.4000244140625,1337.0999755859375,420385,0.0,0.0
2026-04-27 11:30:00+05:30,1337.0,1337.4000244140625,1334.0,1335.0999755859375,573193,0.0,0.0
2026-04-27 11:45:00+05:30,1335.199951171875,1340.5,1333.5,1340.0999755859375,528986,0.0,0.0
2026-04-27 12:00:00+05:30,1340.0999755859375,1342.0,1338.199951171875,1341.0999755859375,623177,0.0,0.0
2026-04-27 12:15:00+05:30,1341.5999755859375,1345.5,1340.199951171875,1343.699951171875,585045,0.0,0.0
2026-04-27 12:30:00+05:30,1343.699951171875,1351.0,1343.0999755859375,1349.699951171875,785192,0.0,0.0
2026-04-27 12:45:00+05:30,1349.5999755859375,1349.9000244140625,1346.4000244140625,1347.4000244140625,425901,0.0,0.0
2026-04-27 13:00:00+05:30,1347.4000244140625,1348.4000244140625,1345.0999755859375,1347.5,552086,0.0,0.0
2026-04-27 13:15:00+05:30,1347.5999755859375,1350.9000244140625,1347.0999755859375,1350.0,545937,0.0,0.0
2026-04-27 13:30:00+05:30,1350.0,1354.0,1348.699951171875,1354.0,387519,0.0,0.0
2026-04-27 13:45:00+05:30,1354.199951171875,1357.199951171875,1351.9000244140625,1356.0,863214,0.0,0.0
2026-04-27 14:00:00+05:30,1355.9000244140625,1358.199951171875,1354.199951171875,1356.0,735205,0.0,0.0
2026-04-27 14:15:00+05:30,1355.800048828125,1356.800048828125,1354.0,1356.5999755859375,850656,0.0,0.0
2026-04-27 14:30:00+05:30,1356.699951171875,1360.699951171875,1354.0,1360.4000244140625,1257294,0.0,0.0
2026-04-27 14:45:00+05:30,1360.4000244140625,1368.0,1358.199951171875,1365.300048828125,1840615,0.0,0.0
2026-04-27 15:00:00+05:30,1365.0999755859375,1365.699951171875,1363.5,1365.0999755859375,2383586,0.0,0.0
2026-04-27 15:15:00+05:30,1365.0999755859375,1371.5,1364.5999755859375,1370.5,2194648,0.0,0.0
2026-04-28 09:15:00+05:30,1358.9000244140625,1367.5999755859375,1357.0999755859375,1363.800048828125,1221567,0.0,0.0
2026-04-28 09:30:00+05:30,1363.800048828125,1367.699951171875,1361.699951171875,1367.4000244140625,985101,0.0,0.0
2026-04-28 09:45:00+05:30,1367.300048828125,1368.699951171875,1361.800048828125,1368.4000244140625,1058580,0.0,0.0
2026-04-28 10:00:00+05:30,1368.300048828125,1369.699951171875,1362.5,1362.9000244140625,3375771,0.0,0.0
2026-04-28 10:15:00+05:30,1362.5999755859375,1379.5,1362.300048828125,1375.0,1729617,0.0,0.0
2026-04-28 10:30:00+05:30,1375.0,1376.9000244140625,1373.5999755859375,1375.9000244140625,658764,0.0,0.0
2026-04-28 10:45:00+05:30,1375.9000244140625,1383.4000244140625,1375.5,1382.5999755859375,858464,0.0,0.0
2026-04-28 11:00:00+05:30,1383.0999755859375,1387.699951171875,1381.5,1386.5,1133890,0.0,0.0
2026-04-28 11:15:00+05:30,1386.5999755859375,1386.5999755859375,1374.199951171875,1374.699951171875,560871,0.0,0.0
2026-04-28 11:30:00+05:30,1374.5999755859375,1381.5,1372.699951171875,1381.0999755859375,1339891,0.0,0.0
2026-04-28 11:45:00+05:30,1381.199951171875,1383.300048828125,1379.0,1379.0,955244,0.0,0.0
2026-04-28 12:00:00+05:30,1379.199951171875,1383.800048828125,1378.0999755859375,1383.300048828125,692329,0.0,0.0
2026-04-28 12:15:00+05:30,1383.199951171875,1383.300048828125,1377.0999755859375,1377.199951171875,660251,0.0,0.0
2026-04-28 12:30:00+05:30,1377.0,1380.199951171875,1374.199951171875,1380.0,844688,0.0,0.0
2026-04-28 12:45:00+05:30,1380.0,1380.800048828125,1377.800048828125,1380.0,768338,0.0,0.0
2026-04-28 13:00:00+05:30,1380.0999755859375,1380.0999755859375,1375.800048828125,1379.0999755859375,1852370,0.0,0.0
2026-04-28 13:15:00+05:30,1379.0999755859375,1383.9000244140625,1379.0,1381.9000244140625,484052,0.0,0.0
2026-04-28 13:30:00+05:30,1382.0,1386.5,1378.5999755859375,1385.5,1531657,0.0,0.0
2026-04-28 13:45:00+05:30,1385.5,1385.5,1380.0,1383.0999755859375,831577,0.0,0.0
2026-04-28 14:00:00+05:30,1383.0999755859375,1384.5,1380.300048828125,1380.5999755859375,1142719,0.0,0.0
2026-04-28 14:15:00+05:30,1380.300048828125,1385.5,1379.5999755859375,1384.9000244140625,1667654,0.0,0.0
2026-04-28 14:30:00+05:30,1384.9000244140625,1390.4000244140625,1384.9000244140625,1390.0,2930016,0.0,0.0
2026-04-28 14:45:00+05:30,1390.0999755859375,1393.699951171875,1390.0,1391.0,2832838,0.0,0.0
2026-04-28 15:00:00+05:30,1391.0,1392.300048828125,1386.300048828125,1387.0,6060314,0.0,0.0
2026-04-28 15:15:00+05:30,1387.0,1394.0,1386.0,1394.0,3467851,0.0,0.0
2026-04-29 09:15:00+05:30,1392.0,1409.5,1392.0,1400.9000244140625,1100586,0.0,0.0
2026-04-29 09:30:00+05:30,1401.0,1406.800048828125,1400.9000244140625,1405.0,1079680,0.0,0.0
2026-04-29 09:45:00+05:30,1405.0,1406.699951171875,1403.4000244140625,1405.9000244140625,446915,0.0,0.0
2026-04-29 10:00:00+05:30,1405.9000244140625,1412.199951171875,1405.5999755859375,1411.5999755859375,1544806,0.0,0.0
2026-04-29 10:15:00+05:30,1411.699951171875,1427.5999755859375,1410.4000244140625,1424.9000244140625,1962460,0.0,0.0
2026-04-29 10:30:00+05:30,1425.0,1427.4000244140625,1420.0,1420.300048828125,815766,0.0,0.0
2026-04-29 10:45:00+05:30,1420.5,1422.5,1419.699951171875,1422.0,1057569,0.0,0.0
2026-04-29 11:00:00+05:30,1422.0,1423.800048828125,1421.800048828125,1423.199951171875,604589,0.0,0.0
2026-04-29 11:15:00+05:30,1423.0999755859375,1423.199951171875,1417.5999755859375,1420.199951171875,1047588,0.0,0.0
2026-04-29 11:30:00+05:30,1420.5,1422.5,1420.0,1420.300048828125,458279,0.0,0.0
2026-04-29 11:45:00+05:30,1420.5,1422.5,1419.4000244140625,1420.5,483668,0.0,0.0
2026-04-29 12:00:00+05:30,1420.5999755859375,1423.0,1419.699951171875,1420.9000244140625,807886,0.0,0.0
2026-04-29 12:15:00+05:30,1420.9000244140625,1422.4000244140625,1419.0999755859375,1420.199951171875,908408,0.0,0.0
2026-04-29 12:30:00+05:30,1420.5999755859375,1422.300048828125,1415.699951171875,1416.9000244140625,1121477,0.0,0.0
2026-04-29 12:45:00+05:30,1416.9000244140625,1417.4000244140625,1413.5,1415.0999755859375,762296,0.0,0.0
2026-04-29 13:00:00+05:30,1415.300048828125,1418.300048828125,1414.5,1417.5,383852,0.0,0.0
2026-04-29 13:15:00+05:30,1417.5,1419.300048828125,1416.5,1417.0999755859375,344569,0.0,0.0
2026-04-29 13:30:00+05:30,1417.199951171875,1418.699951171875,1415.5,1417.5,1396785,0.0,0.0
2026-04-29 13:45:00+05:30,1417.5,1418.300048828125,1414.300048828125,1415.5,1617407,0.0,0.0
2026-04-29 14:00:00+05:30,1415.5,1416.300048828125,1411.5,1415.300048828125,1375705,0.0,0.0
2026-04-29 14:15:00+05:30,1415.300048828125,1417.0999755859375,1414.0999755859375,1414.9000244140625,689876,0.0,0.0
2026-04-29 14:30:00+05:30,1414.9000244140625,1417.4000244140625,1414.9000244140625,1416.699951171875,655255,0.0,0.0
2026-04-29 14:45:00+05:30,1416.800048828125,1419.4000244140625,1415.0999755859375,1419.300048828125,938735,0.0,0.0
2026-04-29 15:00:00+05:30,1419.199951171875,1425.300048828125,1415.699951171875,1425.0999755859375,2425031,0.0,0.0
2026-04-29 15:15:00+05:30,1425.0999755859375,1432.300048828125,1424.0999755859375,1430.0999755859375,5338395,0.0,0.0
2026-04-30 09:15:00+05:30,1412.800048828125,1415.699951171875,1407.4000244140625,1409.300048828125,886222,0.0,0.0
2026-04-30 09:30:00+05:30,1409.199951171875,1410.0,1406.0,1406.4000244140625,448900,0.0,0.0
2026-04-30 09:45:00+05:30,1406.5999755859375,1407.0,1400.199951171875,1401.0999755859375,667677,0.0,0.0
2026-04-30 10:00:00+05:30,1401.0999755859375,1402.800048828125,1398.4000244140625,1398.5999755859375,629705,0.0,0.0
2026-04-30 10:15:00+05:30,1398.5999755859375,1400.300048828125,1396.5999755859375,1398.4000244140625,709211,0.0,0.0
2026-04-30 10:30:00+05:30,1398.300048828125,1398.9000244140625,1395.0999755859375,1395.5999755859375,482825,0.0,0.0
2026-04-30 10:45:00+05:30,1395.5999755859375,1399.0,1393.0999755859375,1398.800048828125,697964,0.0,0.0
2026-04-30 11:00:00+05:30,1398.800048828125,1400.199951171875,1397.5999755859375,1400.199951171875,709498,0.0,0.0
2026-04-30 11:15:00+05:30,1400.199951171875,1408.4000244140625,1399.699951171875,1407.5999755859375,1546219,0.0,0.0
2026-04-30 11:30:00+05:30,1407.199951171875,1408.0999755859375,1403.4000244140625,1403.5,2271756,0.0,0.0
2026-04-30 11:45:00+05:30,1403.800048828125,1407.0999755859375,1402.0999755859375,1406.0,1686970,0.0,0.0
2026-04-30 12:00:00+05:30,1406.0,1412.699951171875,1402.199951171875,1411.5999755859375,2210734,0.0,0.0
2026-04-30 12:15:00+05:30,1411.699951171875,1416.800048828125,1410.300048828125,1416.800048828125,670408,0.0,0.0
2026-04-30 12:30:00+05:30,1416.5999755859375,1418.699951171875,1415.199951171875,1417.800048828125,606881,0.0,0.0
2026-04-30 12:45:00+05:30,1417.699951171875,1419.800048828125,1415.9000244140625,1416.4000244140625,440942,0.0,0.0
2026-04-30 13:00:00+05:30,1416.4000244140625,1421.5,1415.5999755859375,1420.5,1120729,0.0,0.0
2026-04-30 13:15:00+05:30,1420.5,1423.5,1418.0999755859375,1422.199951171875,771869,0.0,0.0
2026-04-30 13:30:00+05:30,1422.0,1427.0,1420.9000244140625,1426.800048828125,1217372,0.0,0.0
2026-04-30 13:45:00+05:30,1426.800048828125,1429.5999755859375,1424.300048828125,1427.699951171875,929412,0.0,0.0
2026-04-30 14:00:00+05:30,1427.5999755859375,1428.300048828125,1425.5999755859375,1425.9000244140625,561075,0.0,0.0
2026-04-30 14:15:00+05:30,1425.699951171875,1428.800048828125,1425.199951171875,1426.199951171875,990326,0.0,0.0
2026-04-30 14:30:00+05:30,1426.800048828125,1435.5,1426.0,1434.0,1239381,0.0,0.0
2026-04-30 14:45:00+05:30,1433.800048828125,1434.0999755859375,1428.0999755859375,1430.0,1483473,0.0,0.0
2026-04-30 15:00:00+05:30,1430.5,1432.5,1426.5,1431.199951171875,4409317,0.0,0.0
2026-04-30 15:15:00+05:30,1431.199951171875,1436.300048828125,1430.0,1436.0,2007440,0.0,0.0
2026-05-04 09:15:00+05:30,1433.699951171875,1446.4000244140625,1433.699951171875,1438.5,526469,0.0,0.0
2026-05-04 09:30:00+05:30,1438.5,1445.699951171875,1438.5,1443.4000244140625,576278,0.0,0.0
2026-05-04 09:45:00+05:30,1443.800048828125,1444.0,1438.300048828125,1441.800048828125,447482,0.0,0.0
2026-05-04 10:00:00+05:30,1441.800048828125,1443.5999755859375,1436.0999755859375,1437.0,475592,0.0,0.0
2026-05-04 10:15:00+05:30,1437.199951171875,1441.9000244140625,1437.199951171875,1441.9000244140625,459905,0.0,0.0
2026-05-04 10:30:00+05:30,1442.199951171875,1448.5,1442.0,1446.199951171875,1067777,0.0,0.0
2026-05-04 10:45:00+05:30,1446.0999755859375,1446.9000244140625,1443.699951171875,1445.0999755859375,822344,0.0,0.0
2026-05-04 11:00:00+05:30,1445.0999755859375,1449.0,1444.800048828125,1448.5,653655,0.0,0.0
2026-05-04 11:15:00+05:30,1448.0999755859375,1450.699951171875,1447.699951171875,1448.699951171875,655609,0.0,0.0
2026-05-04 11:30:00+05:30,1448.699951171875,1450.0,1447.199951171875,1449.5999755859375,423129,0.0,0.0
2026-05-04 11:45:00+05:30,1449.699951171875,1452.699951171875,1448.300048828125,1450.699951171875,490854,0.0,0.0
2026-05-04 12:00:00+05:30,1450.699951171875,1451.300048828125,1446.5,1446.800048828125,963625,0.0,0.0
2026-05-04 12:15:00+05:30,1447.0,1451.0,1446.699951171875,1450.300048828125,1079195,0.0,0.0
2026-05-04 12:30:00+05:30,1450.300048828125,1455.300048828125,1449.5,1453.5,1592852,0.0,0.0
2026-05-04 12:45:00+05:30,1454.0,1464.0,1454.0,1461.699951171875,1591600,0.0,0.0
2026-05-04 13:00:00+05:30,1461.0,1461.699951171875,1456.800048828125,1460.0999755859375,939802,0.0,0.0
2026-05-04 13:15:00+05:30,1460.0999755859375,1460.5,1455.0999755859375,1455.199951171875,872456,0.0,0.0
2026-05-04 13:30:00+05:30,1455.4000244140625,1460.5,1454.699951171875,1460.199951171875,1152780,0.0,0.0
2026-05-04 13:45:00+05:30,1460.199951171875,1461.800048828125,1458.9000244140625,1460.9000244140625,879167,0.0,0.0
2026-05-04 14:00:00+05:30,1461.0,1463.0,1459.0999755859375,1461.0999755859375,908851,0.0,0.0
2026-05-04 14:15:00+05:30,1461.4000244140625,1462.199951171875,1459.300048828125,1461.800048828125,644523,0.0,0.0
2026-05-04 14:30:00+05:30,1461.9000244140625,1463.0,1457.800048828125,1459.199951171875,1146322,0.0,0.0
2026-05-04 14:45:00+05:30,1459.0999755859375,1461.9000244140625,1457.800048828125,1459.5,1141613,0.0,0.0
2026-05-04 15:00:00+05:30,1459.5,1463.5,1459.199951171875,1461.0999755859375,1359320,0.0,0.0
2026-05-04 15:15:00+05:30,1461.4000244140625,1467.199951171875,1461.0999755859375,1467.0,2342586,0.0,0.0
2026-05-05 09:15:00+05:30,1457.0,1469.0999755859375,1457.0,1467.0,738129,0.0,0.0
2026-05-05 09:30:00+05:30,1467.0,1473.0999755859375,1465.4000244140625,1467.300048828125,736191,0.0,0.0
2026-05-05 09:45:00+05:30,1467.5999755859375,1469.0,1465.0999755859375,1467.5,606403,0.0,0.0
2026-05-05 10:00:00+05:30,1467.4000244140625,1469.0,1464.0,1465.699951171875,758266,0.0,0.0
2026-05-05 10:15:00+05:30,1465.699951171875,1465.9000244140625,1454.199951171875,1455.5999755859375,954195,0.0,0.0
2026-05-05 10:30:00+05:30,1455.300048828125,1456.0,1451.0,1454.300048828125,892618,0.0,0.0
2026-05-05 10:45:00+05:30,1454.5,1457.800048828125,1452.800048828125,1452.800048828125,492010,0.0,0.0
2026-05-05 11:00:00+05:30,1452.800048828125,1456.0,1452.0999755859375,1452.300048828125,826983,0.0,0.0
2026-05-05 11:15:00+05:30,1452.9000244140625,1453.0999755859375,1450.0,1451.699951171875,447112,0.0,0.0
2026-05-05 11:30:00+05:30,1452.0,1456.699951171875,1451.5,1454.4000244140625,439885,0.0,0.0
2026-05-05 11:45:00+05:30,1454.699951171875,1456.0,1453.199951171875,1454.0999755859375,566842,0.0,0.0
2026-05-05 12:00:00+05:30,1454.4000244140625,1460.699951171875,1453.800048828125,1460.0999755859375,1186277,0.0,0.0
2026-05-05 12:15:00+05:30,1460.199951171875,1462.800048828125,1458.0999755859375,1460.300048828125,710445,0.0,0.0
2026-05-05 12:30:00+05:30,1460.0999755859375,1462.0,1459.0,1460.300048828125,1006386,0.0,0.0
2026-05-05 12:45:00+05:30,1459.5,1465.699951171875,1459.5,1465.199951171875,711867,0.0,0.0
2026-05-05 13:00:00+05:30,1465.300048828125,1467.199951171875,1464.4000244140625,1466.0,1111365,0.0,0.0
2026-05-05 13:15:00+05:30,1465.9000244140625,1466.800048828125,1461.5,1464.9000244140625,1368774,0.0,0.0
2026-05-05 13:30:00+05:30,1464.300048828125,1465.0,1461.0999755859375,1462.4000244140625,935194,0.0,0.0
2026-05-05 13:45:00+05:30,1462.5999755859375,1464.5999755859375,1458.4000244140625,1463.0999755859375,946112,0.0,0.0
2026-05-05 14:00:00+05:30,1462.9000244140625,1464.300048828125,1459.0999755859375,1460.4000244140625,521933,0.0,0.0
2026-05-05 14:15:00+05:30,1460.4000244140625,1463.0,1459.199951171875,1461.800048828125,802421,0.0,0.0
2026-05-05 14:30:00+05:30,1462.199951171875,1462.9000244140625,1459.0999755859375,1461.0999755859375,945964,0.0,0.0
2026-05-05 14:45:00+05:30,1461.5,1461.9000244140625,1459.0999755859375,1460.0,714436,0.0,0.0
2026-05-05 15:00:00+05:30,1459.9000244140625,1464.9000244140625,1459.9000244140625,1464.4000244140625,2850421,0.0,0.0
2026-05-05 15:15:00+05:30,1464.5,1467.0999755859375,1460.300048828125,1463.0,1180169,0.0,0.0
2026-05-06 09:15:00+05:30,1466.5999755859375,1473.0999755859375,1465.0,1465.9000244140625,281427,0.0,0.0
2026-05-06 09:30:00+05:30,1465.9000244140625,1467.0,1463.0999755859375,1463.699951171875,271810,0.0,0.0
2026-05-06 09:45:00+05:30,1463.699951171875,1465.5,1461.0999755859375,1461.800048828125,435850,0.0,0.0
2026-05-06 10:00:00+05:30,1461.800048828125,1461.800048828125,1453.0,1455.5,485177,0.0,0.0
2026-05-06 10:15:00+05:30,1455.300048828125,1456.0999755859375,1451.9000244140625,1453.800048828125,307680,0.0,0.0
2026-05-06 10:30:00+05:30,1454.0,1454.699951171875,1450.0,1454.4000244140625,226805,0.0,0.0
2026-05-06 10:45:00+05:30,1454.4000244140625,1454.4000244140625,1444.300048828125,1445.199951171875,473781,0.0,0.0
2026-05-06 11:00:00+05:30,1445.5,1448.699951171875,1445.0,1447.300048828125,360686,0.0,0.0
2026-05-06 11:15:00+05:30,1448.0,1450.4000244140625,1447.5999755859375,1450.0,220048,0.0,0.0
2026-05-06 11:30:00+05:30,1450.0,1450.0,1445.5,1447.300048828125,240720,0.0,0.0
2026-05-06 11:45:00+05:30,1447.5,1448.4000244140625,1445.300048828125,1445.5999755859375,192485,0.0,0.0
2026-05-06 12:00:00+05:30,1445.5999755859375,1447.0,1445.0999755859375,1446.0,115778,0.0,0.0
2026-05-06 12:15:00+05:30,1446.300048828125,1446.4000244140625,1438.5,1440.5999755859375,501450,0.0,0.0
2026-05-06 12:30:00+05:30,1440.5999755859375,1441.199951171875,1431.199951171875,1432.0,339592,0.0,0.0
2026-05-06 12:45:00+05:30,1432.0,1433.0,1427.5,1432.800048828125,348697,0.0,0.0
2026-05-06 13:00:00+05:30,1432.800048828125,1434.699951171875,1430.9000244140625,1433.0,211548,0.0,0.0
2026-05-06 13:15:00+05:30,1433.0,1436.300048828125,1431.300048828125,1433.800048828125,467027,0.0,0.0
2026-05-06 13:30:00+05:30,1433.800048828125,1435.199951171875,1431.5,1433.5,494578,0.0,0.0
2026-05-06 13:45:00+05:30,1433.5,1435.5999755859375,1431.5,1434.9000244140625,662367,0.0,0.0
2026-05-06 14:00:00+05:30,1434.9000244140625,1437.199951171875,1433.300048828125,1436.800048828125,366812,0.0,0.0
2026-05-06 14:15:00+05:30,1436.800048828125,1450.9000244140625,1436.800048828125,1450.0,1166927,0.0,0.0
2026-05-06 14:30:00+05:30,1450.5,1450.9000244140625,1442.9000244140625,1445.4000244140625,780064,0.0,0.0
2026-05-06 14:45:00+05:30,1445.4000244140625,1445.699951171875,1440.699951171875,1442.699951171875,607966,0.0,0.0
2026-05-06 15:00:00+05:30,1443.0,1443.699951171875,1436.0,1438.199951171875,2235259,0.0,0.0
2026-05-06 15:15:00+05:30,1438.199951171875,1439.800048828125,1435.699951171875,1438.699951171875,1613377,0.0,0.0
2026-05-07 09:15:00+05:30,1442.0,1442.0,1430.5,1435.800048828125,393546,0.0,0.0
2026-05-07 09:30:00+05:30,1436.0,1443.4000244140625,1434.699951171875,1442.199951171875,539727,0.0,0.0
2026-05-07 09:45:00+05:30,1442.300048828125,1444.5,1440.0,1444.0,565039,0.0,0.0
2026-05-07 10:00:00+05:30,1443.9000244140625,1445.800048828125,1436.5999755859375,1438.5,457670,0.0,0.0
2026-05-07 10:15:00+05:30,1438.5,1442.300048828125,1437.4000244140625,1441.0,437071,0.0,0.0
2026-05-07 10:30:00+05:30,1441.0,1443.800048828125,1440.0999755859375,1443.199951171875,259134,0.0,0.0
2026-05-07 10:45:00+05:30,1443.300048828125,1443.800048828125,1436.5999755859375,1437.0,442474,0.0,0.0
2026-05-07 11:00:00+05:30,1437.199951171875,1437.5999755859375,1433.699951171875,1435.300048828125,396661,0.0,0.0
2026-05-07 11:15:00+05:30,1435.300048828125,1436.300048828125,1433.4000244140625,1435.300048828125,302700,0.0,0.0
2026-05-07 11:30:00+05:30,1435.300048828125,1438.5,1434.4000244140625,1434.5,311076,0.0,0.0
2026-05-07 11:45:00+05:30,1434.5,1440.0,1433.5999755859375,1439.300048828125,333330,0.0,0.0
2026-05-07 12:00:00+05:30,1438.800048828125,1442.5,1437.9000244140625,1441.800048828125,373793,0.0,0.0
2026-05-07 12:15:00+05:30,1442.4000244140625,1444.0,1441.4000244140625,1441.5,460136,0.0,0.0
2026-05-07 12:30:00+05:30,1441.4000244140625,1449.5,1439.0,1448.0,909706,0.0,0.0
2026-05-07 12:45:00+05:30,1448.0,1448.800048828125,1441.5,1442.0,621970,0.0,0.0
2026-05-07 13:00:00+05:30,1442.4000244140625,1445.699951171875,1441.4000244140625,1442.0,299060,0.0,0.0
2026-05-07 13:15:00+05:30,1441.9000244140625,1443.199951171875,1437.699951171875,1440.0,429666,0.0,0.0
2026-05-07 13:30:00+05:30,1440.0,1440.699951171875,1437.5999755859375,1438.4000244140625,306496,0.0,0.0
2026-05-07 13:45:00+05:30,1438.4000244140625,1441.0,1437.5999755859375,1440.300048828125,372888,0.0,0.0
2026-05-07 14:00:00+05:30,1440.199951171875,1440.4000244140625,1437.199951171875,1439.800048828125,411761,0.0,0.0
2026-05-07 14:15:00+05:30,1439.5999755859375,1444.199951171875,1438.0,1442.5,1193350,0.0,0.0
2026-05-07 14:30:00+05:30,1442.699951171875,1444.0,1436.5999755859375,1438.0,1363950,0.0,0.0
2026-05-07 14:45:00+05:30,1438.5,1439.0,1435.4000244140625,1436.0999755859375,361441,0.0,0.0
2026-05-07 15:00:00+05:30,1436.0999755859375,1441.9000244140625,1431.0,1434.5,6539162,0.0,0.0
2026-05-07 15:15:00+05:30,1434.5999755859375,1437.0,1433.5,1435.5,1177230,0.0,0.0
2026-05-08 09:15:00+05:30,1428.0,1428.0,1418.0,1427.0,273773,0.0,0.0
2026-05-08 09:30:00+05:30,1426.300048828125,1426.300048828125,1419.4000244140625,1419.5,403638,0.0,0.0
2026-05-08 09:45:00+05:30,1419.199951171875,1423.9000244140625,1418.0,1423.699951171875,366874,0.0,0.0
2026-05-08 10:00:00+05:30,1423.9000244140625,1428.9000244140625,1423.0999755859375,1428.5,269370,0.0,0.0
2026-05-08 10:15:00+05:30,1428.4000244140625,1433.0,1426.199951171875,1432.0,306193,0.0,0.0
2026-05-08 10:30:00+05:30,1432.0,1432.0,1429.5,1431.300048828125,185997,0.0,0.0
2026-05-08 10:45:00+05:30,1431.300048828125,1431.300048828125,1426.0999755859375,1426.199951171875,194201,0.0,0.0
2026-05-08 11:00:00+05:30,1426.199951171875,1431.4000244140625,1426.0999755859375,1429.199951171875,282404,0.0,0.0
2026-05-08 11:15:00+05:30,1429.199951171875,1429.699951171875,1426.0999755859375,1426.5999755859375,147201,0.0,0.0
2026-05-08 11:30:00+05:30,1426.699951171875,1429.199951171875,1425.800048828125,1427.300048828125,121250,0.0,0.0
2026-05-08 11:45:00+05:30,1426.699951171875,1427.0999755859375,1423.5,1424.5999755859375,184640,0.0,0.0
2026-05-08 12:00:00+05:30,1424.5999755859375,1424.5999755859375,1422.4000244140625,1423.9000244140625,214684,0.0,0.0
2026-05-08 12:15:00+05:30,1424.0,1426.800048828125,1423.300048828125,1425.5,335596,0.0,0.0
2026-05-08 12:30:00+05:30,1425.800048828125,1425.800048828125,1423.5999755859375,1424.4000244140625,115450,0.0,0.0
2026-05-08 12:45:00+05:30,1424.199951171875,1424.9000244140625,1422.0999755859375,1422.0999755859375,177888,0.0,0.0
2026-05-08 13:00:00+05:30,1422.5999755859375,1423.699951171875,1421.699951171875,1422.699951171875,239988,0.0,0.0
2026-05-08 13:15:00+05:30,1422.699951171875,1427.5,1422.300048828125,1427.0,452460,0.0,0.0
2026-05-08 13:30:00+05:30,1427.0,1427.300048828125,1425.0999755859375,1425.800048828125,150604,0.0,0.0
2026-05-08 13:45:00+05:30,1425.800048828125,1426.199951171875,1424.5999755859375,1424.9000244140625,213176,0.0,0.0
2026-05-08 14:00:00+05:30,1425.0,1427.300048828125,1423.5999755859375,1426.0,279933,0.0,0.0
2026-05-08 14:15:00+05:30,1426.0,1427.5999755859375,1425.5999755859375,1427.4000244140625,203612,0.0,0.0
2026-05-08 14:30:00+05:30,1427.4000244140625,1441.699951171875,1427.4000244140625,1440.0,895721,0.0,0.0
2026-05-08 14:45:00+05:30,1440.5,1442.800048828125,1437.699951171875,1438.5,316059,0.0,0.0
2026-05-08 15:00:00+05:30,1438.199951171875,1438.4000244140625,1433.300048828125,1434.5999755859375,794671,0.0,0.0
2026-05-08 15:15:00+05:30,1434.5999755859375,1437.4000244140625,1434.4000244140625,1436.0,798655,0.0,0.0
2026-05-11 09:15:00+05:30,1424.699951171875,1426.0,1418.0,1421.0999755859375,438108,0.0,0.0
2026-05-11 09:30:00+05:30,1421.5999755859375,1422.5,1415.300048828125,1415.300048828125,739651,0.0,0.0
2026-05-11 09:45:00+05:30,1415.0999755859375,1420.800048828125,1415.0,1419.800048828125,279967,0.0,0.0
2026-05-11 10:00:00+05:30,1419.9000244140625,1420.9000244140625,1417.4000244140625,1420.199951171875,228487,0.0,0.0
2026-05-11 10:15:00+05:30,1420.199951171875,1420.4000244140625,1415.5,1415.699951171875,345495,0.0,0.0
2026-05-11 10:30:00+05:30,1416.0,1417.0,1414.199951171875,1415.5999755859375,301579,0.0,0.0
2026-05-11 10:45:00+05:30,1415.5999755859375,1419.0999755859375,1414.5,1418.4000244140625,395489,0.0,0.0
2026-05-11 11:00:00+05:30,1418.5,1420.0,1418.0,1418.699951171875,157040,0.0,0.0
2026-05-11 11:15:00+05:30,1418.699951171875,1419.4000244140625,1417.4000244140625,1418.0,242491,0.0,0.0
2026-05-11 11:30:00+05:30,1418.0,1418.0,1415.0999755859375,1416.5999755859375,221758,0.0,0.0
2026-05-11 11:45:00+05:30,1416.800048828125,1417.300048828125,1411.300048828125,1412.300048828125,587217,0.0,0.0
2026-05-11 12:00:00+05:30,1412.9000244140625,1413.0,1410.4000244140625,1411.0,298900,0.0,0.0
2026-05-11 12:15:00+05:30,1411.0,1412.0,1409.0999755859375,1409.5999755859375,335335,0.0,0.0
2026-05-11 12:30:00+05:30,1409.0999755859375,1409.5,1405.0,1405.300048828125,580877,0.0,0.0
2026-05-11 12:45:00+05:30,1405.300048828125,1405.5,1400.5999755859375,1402.9000244140625,875919,0.0,0.0
2026-05-11 13:00:00+05:30,1403.0,1403.5,1399.300048828125,1401.9000244140625,894891,0.0,0.0
2026-05-11 13:15:00+05:30,1401.9000244140625,1402.699951171875,1400.9000244140625,1402.4000244140625,253246,0.0,0.0
2026-05-11 13:30:00+05:30,1402.9000244140625,1403.5,1398.4000244140625,1400.0,587285,0.0,0.0
2026-05-11 13:45:00+05:30,1399.699951171875,1401.5,1399.5,1399.699951171875,390945,0.0,0.0
2026-05-11 14:00:00+05:30,1399.5999755859375,1400.5,1397.199951171875,1397.5,568384,0.0,0.0
2026-05-11 14:15:00+05:30,1397.800048828125,1400.5,1397.5,1399.300048828125,601044,0.0,0.0
2026-05-11 14:30:00+05:30,1399.4000244140625,1400.300048828125,1397.4000244140625,1397.9000244140625,331590,0.0,0.0
2026-05-11 14:45:00+05:30,1397.9000244140625,1399.199951171875,1394.300048828125,1394.5,631729,0.0,0.0
2026-05-11 15:00:00+05:30,1394.5,1394.699951171875,1387.4000244140625,1387.800048828125,1881784,0.0,0.0
2026-05-11 15:15:00+05:30,1387.699951171875,1389.0,1382.5999755859375,1385.0,2494661,0.0,0.0
2026-05-12 09:15:00+05:30,1392.0,1392.300048828125,1381.199951171875,1382.800048828125,1299858,0.0,0.0
2026-05-12 09:30:00+05:30,1382.800048828125,1384.699951171875,1381.199951171875,1382.9000244140625,565702,0.0,0.0
2026-05-12 09:45:00+05:30,1382.9000244140625,1388.300048828125,1382.5999755859375,1383.5,753449,0.0,0.0
2026-05-12 10:00:00+05:30,1383.5,1383.9000244140625,1377.5,1380.300048828125,471048,0.0,0.0
2026-05-12 10:15:00+05:30,1380.300048828125,1383.800048828125,1380.0999755859375,1382.0999755859375,364747,0.0,0.0
2026-05-12 10:30:00+05:30,1382.0999755859375,1383.9000244140625,1382.0,1382.4000244140625,591804,0.0,0.0
2026-05-12 10:45:00+05:30,1382.4000244140625,1383.9000244140625,1381.5,1383.9000244140625,294855,0.0,0.0
2026-05-12 11:00:00+05:30,1383.9000244140625,1386.5,1382.5999755859375,1386.0,753739,0.0,0.0
2026-05-12 11:15:00+05:30,1386.4000244140625,1393.4000244140625,1385.9000244140625,1388.699951171875,746994,0.0,0.0
2026-05-12 11:30:00+05:30,1388.0,1389.699951171875,1386.199951171875,1388.800048828125,416541,0.0,0.0
2026-05-12 11:45:00+05:30,1389.0,1390.5,1387.9000244140625,1389.0,607436,0.0,0.0
2026-05-12 12:00:00+05:30,1388.9000244140625,1390.0,1380.800048828125,1383.0,498259,0.0,0.0
2026-05-12 12:15:00+05:30,1382.5,1384.0,1379.199951171875,1381.0999755859375,534429,0.0,0.0
2026-05-12 12:30:00+05:30,1381.199951171875,1381.199951171875,1377.0999755859375,1380.0,568336,0.0,0.0
2026-05-12 12:45:00+05:30,1380.0,1381.800048828125,1378.699951171875,1379.9000244140625,527561,0.0,0.0
2026-05-12 13:00:00+05:30,1380.0,1380.4000244140625,1376.4000244140625,1378.300048828125,671180,0.0,0.0
2026-05-12 13:15:00+05:30,1378.300048828125,1380.300048828125,1373.5999755859375,1374.4000244140625,1039637,0.0,0.0
2026-05-12 13:30:00+05:30,1374.4000244140625,1376.800048828125,1372.4000244140625,1374.699951171875,668284,0.0,0.0
2026-05-12 13:45:00+05:30,1375.0,1376.4000244140625,1372.0,1372.199951171875,594535,0.0,0.0
2026-05-12 14:00:00+05:30,1372.0999755859375,1374.9000244140625,1370.800048828125,1373.0,886565,0.0,0.0
2026-05-12 14:15:00+05:30,1373.0,1374.5,1370.199951171875,1371.0999755859375,1120926,0.0,0.0
2026-05-12 14:30:00+05:30,1371.4000244140625,1371.4000244140625,1367.5999755859375,1369.5,1027668,0.0,0.0
2026-05-12 14:45:00+05:30,1369.5999755859375,1370.9000244140625,1365.199951171875,1366.9000244140625,1622594,0.0,0.0
2026-05-12 15:00:00+05:30,1366.9000244140625,1367.5,1360.5,1361.4000244140625,4734480,0.0,0.0
2026-05-12 15:15:00+05:30,1361.699951171875,1367.0,1360.300048828125,1366.9000244140625,1561251,0.0,0.0
2026-05-13 09:15:00+05:30,1363.300048828125,1372.300048828125,1357.0999755859375,1357.0999755859375,502746,0.0,0.0
2026-05-13 09:30:00+05:30,1357.699951171875,1363.0,1354.199951171875,1356.4000244140625,514008,0.0,0.0
2026-05-13 09:45:00+05:30,1356.4000244140625,1358.4000244140625,1352.699951171875,1355.9000244140625,412952,0.0,0.0
2026-05-13 10:00:00+05:30,1355.699951171875,1359.800048828125,1354.4000244140625,1356.9000244140625,406328,0.0,0.0
2026-05-13 10:15:00+05:30,1357.0,1360.0,1355.5,1356.0,485721,0.0,0.0
2026-05-13 10:30:00+05:30,1356.300048828125,1358.199951171875,1354.199951171875,1357.199951171875,364897,0.0,0.0
2026-05-13 10:45:00+05:30,1357.300048828125,1358.0,1354.0,1354.0999755859375,341253,0.0,0.0
2026-05-13 11:00:00+05:30,1354.199951171875,1359.300048828125,1353.0,1355.300048828125,393040,0.0,0.0
2026-05-13 11:15:00+05:30,1355.300048828125,1356.199951171875,1353.199951171875,1353.300048828125,248357,0.0,0.0
2026-05-13 11:30:00+05:30,1353.5999755859375,1361.5999755859375,1353.0,1360.699951171875,556932,0.0,0.0
2026-05-13 11:45:00+05:30,1360.699951171875,1363.800048828125,1358.5999755859375,1359.199951171875,403626,0.0,0.0
2026-05-13 12:00:00+05:30,1359.300048828125,1360.800048828125,1358.199951171875,1360.199951171875,245321,0.0,0.0
2026-05-13 12:15:00+05:30,1360.199951171875,1362.300048828125,1359.5999755859375,1362.300048828125,280921,0.0,0.0
2026-05-13 12:30:00+05:30,1362.0999755859375,1362.9000244140625,1358.0999755859375,1360.5999755859375,570085,0.0,0.0
2026-05-13 12:45:00+05:30,1361.0999755859375,1370.0,1360.5,1369.199951171875,534207,0.0,0.0
2026-05-13 13:00:00+05:30,1369.5999755859375,1370.0,1365.199951171875,1366.0999755859375,659442,0.0,0.0
2026-05-13 13:15:00+05:30,1366.0999755859375,1366.0999755859375,1362.5999755859375,1364.699951171875,369265,0.0,0.0
2026-05-13 13:30:00+05:30,1364.0,1368.0,1364.0,1366.4000244140625,291392,0.0,0.0
2026-05-13 13:45:00+05:30,1366.5,1367.199951171875,1363.0,1364.699951171875,436592,0.0,0.0
2026-05-13 14:00:00+05:30,1365.199951171875,1366.699951171875,1363.800048828125,1365.0,310333,0.0,0.0
2026-05-13 14:15:00+05:30,1365.0999755859375,1366.4000244140625,1361.4000244140625,1362.699951171875,534306,0.0,0.0
2026-05-13 14:30:00+05:30,1363.0999755859375,1364.0,1360.0,1360.0,871845,0.0,0.0
2026-05-13 14:45:00+05:30,1360.0999755859375,1361.5,1358.699951171875,1361.0,692508,0.0,0.0
2026-05-13 15:00:00+05:30,1361.199951171875,1361.199951171875,1356.9000244140625,1358.5999755859375,1415463,0.0,0.0
2026-05-13 15:15:00+05:30,1358.699951171875,1362.0,1357.9000244140625,1361.199951171875,1349137,0.0,0.0
2026-05-14 09:15:00+05:30,1368.699951171875,1369.5,1365.199951171875,1368.5999755859375,371689,0.0,0.0
2026-05-14 09:30:00+05:30,1368.0999755859375,1368.5999755859375,1363.0999755859375,1363.5999755859375,392396,0.0,0.0
2026-05-14 09:45:00+05:30,1363.4000244140625,1364.5,1360.300048828125,1361.300048828125,252215,0.0,0.0
2026-05-14 10:00:00+05:30,1361.699951171875,1362.4000244140625,1358.5,1361.9000244140625,264414,0.0,0.0
2026-05-14 10:15:00+05:30,1361.800048828125,1363.0999755859375,1360.199951171875,1362.199951171875,270229,0.0,0.0
2026-05-14 10:30:00+05:30,1362.199951171875,1366.0,1361.800048828125,1362.699951171875,573143,0.0,0.0
2026-05-14 10:45:00+05:30,1362.699951171875,1362.9000244140625,1359.300048828125,1361.4000244140625,384617,0.0,0.0
2026-05-14 11:00:00+05:30,1361.4000244140625,1362.5999755859375,1360.800048828125,1362.199951171875,205342,0.0,0.0
2026-05-14 11:15:00+05:30,1362.4000244140625,1368.199951171875,1362.4000244140625,1366.199951171875,588393,0.0,0.0
2026-05-14 11:30:00+05:30,1366.199951171875,1372.0,1364.0999755859375,1372.0,777960,0.0,0.0
2026-05-14 11:45:00+05:30,1371.5999755859375,1377.800048828125,1370.4000244140625,1373.0,935585,0.0,0.0
2026-05-14 12:00:00+05:30,1372.9000244140625,1373.0,1368.300048828125,1369.5999755859375,465137,0.0,0.0
2026-05-14 12:15:00+05:30,1369.5999755859375,1376.199951171875,1369.5999755859375,1374.0,468897,0.0,0.0
2026-05-14 12:30:00+05:30,1374.0,1376.0,1369.9000244140625,1371.300048828125,604582,0.0,0.0
2026-05-14 12:45:00+05:30,1371.4000244140625,1372.0999755859375,1368.0999755859375,1368.4000244140625,535754,0.0,0.0
2026-05-14 13:00:00+05:30,1368.4000244140625,1371.5,1367.5999755859375,1368.300048828125,588962,0.0,0.0
2026-05-14 13:15:00+05:30,1368.5999755859375,1369.5,1365.5999755859375,1368.5,639152,0.0,0.0
2026-05-14 13:30:00+05:30,1368.5,1370.5,1366.5,1370.300048828125,924481,0.0,0.0
2026-05-14 13:45:00+05:30,1370.199951171875,1371.0999755859375,1366.800048828125,1368.0,1045293,0.0,0.0
2026-05-14 14:00:00+05:30,1367.9000244140625,1369.199951171875,1366.300048828125,1366.300048828125,397049,0.0,0.0
2026-05-14 14:15:00+05:30,1366.4000244140625,1367.300048828125,1364.0999755859375,1365.699951171875,617792,0.0,0.0
2026-05-14 14:30:00+05:30,1365.699951171875,1365.9000244140625,1362.0,1362.199951171875,707954,0.0,0.0
2026-05-14 14:45:00+05:30,1362.0999755859375,1363.4000244140625,1359.300048828125,1359.5,582833,0.0,0.0
2026-05-14 15:00:00+05:30,1360.0999755859375,1363.800048828125,1358.5999755859375,1362.5999755859375,3100643,0.0,0.0
2026-05-14 15:15:00+05:30,1362.800048828125,1368.5999755859375,1360.9000244140625,1368.5999755859375,1217318,0.0,0.0
2026-05-15 09:15:00+05:30,1361.800048828125,1361.800048828125,1348.5999755859375,1350.699951171875,1572622,0.0,0.0
2026-05-15 09:30:00+05:30,1350.5,1351.0,1341.5,1342.5,1181909,0.0,0.0
2026-05-15 09:45:00+05:30,1342.5,1348.0,1341.0,1347.0999755859375,963486,0.0,0.0
2026-05-15 10:00:00+05:30,1347.0999755859375,1347.5999755859375,1345.0,1345.0999755859375,313362,0.0,0.0
2026-05-15 10:15:00+05:30,1345.0999755859375,1345.300048828125,1338.5999755859375,1342.300048828125,476523,0.0,0.0
2026-05-15 10:30:00+05:30,1342.300048828125,1342.4000244140625,1338.4000244140625,1339.9000244140625,499604,0.0,0.0
2026-05-15 10:45:00+05:30,1339.800048828125,1341.0,1339.5999755859375,1340.0,528063,0.0,0.0
2026-05-15 11:00:00+05:30,1340.0,1340.0,1336.300048828125,1339.300048828125,347173,0.0,0.0
2026-05-15 11:15:00+05:30,1339.5999755859375,1339.9000244140625,1338.199951171875,1338.699951171875,172733,0.0,0.0
2026-05-15 11:30:00+05:30,1338.4000244140625,1340.5,1336.5,1338.0999755859375,259735,0.0,0.0
2026-05-15 11:45:00+05:30,1338.0,1338.4000244140625,1335.0,1335.300048828125,699901,0.0,0.0
2026-05-15 12:00:00+05:30,1335.4000244140625,1337.5,1335.300048828125,1335.5999755859375,354069,0.0,0.0
2026-05-15 12:15:00+05:30,1335.5,1337.300048828125,1334.5,1335.9000244140625,748622,0.0,0.0
2026-05-15 12:30:00+05:30,1335.9000244140625,1337.0,1335.5999755859375,1337.0,974541,0.0,0.0
2026-05-15 12:45:00+05:30,1337.0,1338.300048828125,1335.800048828125,1335.9000244140625,1052732,0.0,0.0
2026-05-15 13:00:00+05:30,1335.9000244140625,1337.4000244140625,1335.800048828125,1336.0,1095641,0.0,0.0
2026-05-15 13:15:00+05:30,1335.9000244140625,1337.199951171875,1335.5,1336.5,1307156,0.0,0.0
2026-05-15 13:30:00+05:30,1336.5,1337.4000244140625,1335.5,1337.4000244140625,844145,0.0,0.0
2026-05-15 13:45:00+05:30,1337.4000244140625,1337.4000244140625,1332.5999755859375,1334.0999755859375,1165961,0.0,0.0
2026-05-15 14:00:00+05:30,1334.199951171875,1336.5,1334.0999755859375,1336.0,417150,0.0,0.0
2026-05-15 14:15:00+05:30,1336.199951171875,1336.5,1334.699951171875,1335.800048828125,397062,0.0,0.0
2026-05-15 14:30:00+05:30,1335.800048828125,1336.699951171875,1335.0,1335.5999755859375,652899,0.0,0.0
2026-05-15 14:45:00+05:30,1335.5999755859375,1335.5999755859375,1329.4000244140625,1331.199951171875,900805,0.0,0.0
2026-05-15 15:00:00+05:30,1331.0999755859375,1337.9000244140625,1330.5,1337.300048828125,1283411,0.0,0.0
2026-05-15 15:15:00+05:30,1337.300048828125,1340.0,1336.0,1339.0,1072862,0.0,0.0
2026-05-18 09:15:00+05:30,1333.0,1333.699951171875,1322.5999755859375,1324.300048828125,313201,0.0,0.0
2026-05-18 09:30:00+05:30,1324.199951171875,1324.199951171875,1319.5,1323.5,340318,0.0,0.0
2026-05-18 09:45:00+05:30,1323.9000244140625,1323.9000244140625,1319.0999755859375,1320.0,452541,0.0,0.0
2026-05-18 10:00:00+05:30,1320.0,1325.800048828125,1320.0,1322.9000244140625,317678,0.0,0.0
2026-05-18 10:15:00+05:30,1322.9000244140625,1327.9000244140625,1321.800048828125,1327.0999755859375,240936,0.0,0.0
2026-05-18 10:30:00+05:30,1327.0,1334.300048828125,1325.0999755859375,1332.4000244140625,320016,0.0,0.0
2026-05-18 10:45:00+05:30,1332.4000244140625,1336.5999755859375,1330.9000244140625,1336.5,443610,0.0,0.0
2026-05-18 11:00:00+05:30,1336.5,1338.9000244140625,1335.0999755859375,1336.9000244140625,262084,0.0,0.0
2026-05-18 11:15:00+05:30,1336.9000244140625,1339.5999755859375,1336.5999755859375,1339.0,529276,0.0,0.0
2026-05-18 11:30:00+05:30,1338.9000244140625,1341.9000244140625,1338.4000244140625,1339.300048828125,288268,0.0,0.0
2026-05-18 11:45:00+05:30,1339.199951171875,1339.5,1337.0,1337.0999755859375,186316,0.0,0.0
2026-05-18 12:00:00+05:30,1337.5,1337.5999755859375,1333.4000244140625,1335.0,1554570,0.0,0.0
2026-05-18 12:15:00+05:30,1335.0,1335.0,1333.699951171875,1334.9000244140625,306117,0.0,0.0
2026-05-18 12:30:00+05:30,1335.0,1339.0,1335.0,1338.300048828125,280564,0.0,0.0
2026-05-18 12:45:00+05:30,1338.300048828125,1340.5,1337.0,1337.4000244140625,251581,0.0,0.0
2026-05-18 13:00:00+05:30,1337.800048828125,1338.9000244140625,1332.699951171875,1333.9000244140625,1580502,0.0,0.0
2026-05-18 13:15:00+05:30,1333.800048828125,1335.699951171875,1333.800048828125,1334.800048828125,237733,0.0,0.0
2026-05-18 13:30:00+05:30,1334.699951171875,1335.9000244140625,1333.0,1335.0,243691,0.0,0.0
2026-05-18 13:45:00+05:30,1335.0,1336.0999755859375,1334.0,1334.699951171875,189592,0.0,0.0
2026-05-18 14:00:00+05:30,1335.0,1336.0,1332.0,1333.5999755859375,446302,0.0,0.0
2026-05-18 14:15:00+05:30,1333.9000244140625,1334.0,1331.199951171875,1333.199951171875,369127,0.0,0.0
2026-05-18 14:30:00+05:30,1333.199951171875,1333.5,1330.0999755859375,1332.0999755859375,403685,0.0,0.0
2026-05-18 14:45:00+05:30,1332.4000244140625,1333.0,1331.800048828125,1332.5,378488,0.0,0.0
2026-05-18 15:00:00+05:30,1332.699951171875,1339.4000244140625,1332.199951171875,1335.0,1855358,0.0,0.0
2026-05-18 15:15:00+05:30,1334.800048828125,1335.0,1334.0,1335.0,773084,0.0,0.0
2026-05-19 09:15:00+05:30,1339.699951171875,1344.0,1336.300048828125,1341.199951171875,576884,0.0,0.0
2026-05-19 09:30:00+05:30,1341.199951171875,1342.5,1335.0999755859375,1341.800048828125,592586,0.0,0.0
2026-05-19 09:45:00+05:30,1341.800048828125,1342.0999755859375,1338.5999755859375,1338.5999755859375,719765,0.0,0.0
2026-05-19 10:00:00+05:30,1338.699951171875,1342.9000244140625,1338.5,1341.9000244140625,585227,0.0,0.0
2026-05-19 10:15:00+05:30,1342.0,1343.0,1337.800048828125,1339.0,578662,0.0,0.0
2026-05-19 10:30:00+05:30,1339.0,1342.0,1337.800048828125,1341.0,558691,0.0,0.0
2026-05-19 10:45:00+05:30,1341.4000244140625,1341.5,1338.0999755859375,1340.4000244140625,343805,0.0,0.0
2026-05-19 11:00:00+05:30,1340.4000244140625,1341.0999755859375,1339.0,1339.199951171875,396368,0.0,0.0
2026-05-19 11:15:00+05:30,1339.199951171875,1339.300048828125,1336.199951171875,1337.4000244140625,311098,0.0,0.0
2026-05-19 11:30:00+05:30,1337.4000244140625,1337.4000244140625,1333.5999755859375,1335.800048828125,789863,0.0,0.0
2026-05-19 11:45:00+05:30,1335.9000244140625,1337.699951171875,1335.300048828125,1337.0999755859375,290825,0.0,0.0
2026-05-19 12:00:00+05:30,1337.0999755859375,1337.199951171875,1334.5,1335.5999755859375,872376,0.0,0.0
2026-05-19 12:15:00+05:30,1335.5999755859375,1337.5999755859375,1333.5999755859375,1337.5999755859375,654665,0.0,0.0
2026-05-19 12:30:00+05:30,1337.5999755859375,1337.5999755859375,1332.9000244140625,1334.5,536999,0.0,0.0
2026-05-19 12:45:00+05:30,1334.5999755859375,1334.5999755859375,1332.9000244140625,1333.300048828125,539844,0.0,0.0
2026-05-19 13:00:00+05:30,1333.4000244140625,1335.0,1332.5999755859375,1333.199951171875,343072,0.0,0.0
2026-05-19 13:15:00+05:30,1333.4000244140625,1334.9000244140625,1332.699951171875,1333.699951171875,380470,0.0,0.0
2026-05-19 13:30:00+05:30,1333.9000244140625,1335.0,1331.0999755859375,1333.4000244140625,736869,0.0,0.0
2026-05-19 13:45:00+05:30,1333.199951171875,1334.4000244140625,1331.800048828125,1333.5,1159417,0.0,0.0
2026-05-19 14:00:00+05:30,1333.4000244140625,1336.5,1332.5999755859375,1335.199951171875,1021489,0.0,0.0
2026-05-19 14:15:00+05:30,1335.199951171875,1337.0999755859375,1332.5,1333.0,1277114,0.0,0.0
2026-05-19 14:30:00+05:30,1332.9000244140625,1333.0,1327.9000244140625,1328.5,1115624,0.0,0.0
2026-05-19 14:45:00+05:30,1328.300048828125,1329.4000244140625,1325.800048828125,1326.0999755859375,1732126,0.0,0.0
2026-05-19 15:00:00+05:30,1326.5,1326.699951171875,1320.800048828125,1321.300048828125,3552659,0.0,0.0
2026-05-19 15:15:00+05:30,1321.300048828125,1323.0999755859375,1319.9000244140625,1322.5,1439283,0.0,0.0
2026-05-20 09:15:00+05:30,1317.0,1323.800048828125,1312.699951171875,1323.300048828125,385585,0.0,0.0
2026-05-20 09:30:00+05:30,1323.699951171875,1326.5999755859375,1321.0,1322.5,569039,0.0,0.0
2026-05-20 09:45:00+05:30,1322.699951171875,1323.800048828125,1321.800048828125,1322.4000244140625,228030,0.0,0.0
2026-05-20 10:00:00+05:30,1322.699951171875,1323.800048828125,1320.0999755859375,1323.5,354227,0.0,0.0
2026-05-20 10:15:00+05:30,1323.800048828125,1325.199951171875,1322.0,1324.9000244140625,282591,0.0,0.0
2026-05-20 10:30:00+05:30,1325.0,1335.699951171875,1324.699951171875,1331.699951171875,682610,0.0,0.0
2026-05-20 10:45:00+05:30,1332.4000244140625,1335.9000244140625,1329.4000244140625,1333.699951171875,317623,0.0,0.0
2026-05-20 11:00:00+05:30,1333.699951171875,1335.300048828125,1333.199951171875,1333.9000244140625,170036,0.0,0.0
2026-05-20 11:15:00+05:30,1333.9000244140625,1337.5,1333.199951171875,1334.5,411187,0.0,0.0
2026-05-20 11:30:00+05:30,1334.9000244140625,1346.300048828125,1333.199951171875,1346.300048828125,1363708,0.0,0.0
2026-05-20 11:45:00+05:30,1346.199951171875,1349.199951171875,1346.0,1347.300048828125,653779,0.0,0.0
2026-05-20 12:00:00+05:30,1347.699951171875,1347.699951171875,1345.199951171875,1346.300048828125,235575,0.0,0.0
2026-05-20 12:15:00+05:30,1346.199951171875,1349.4000244140625,1346.0999755859375,1347.699951171875,374140,0.0,0.0
2026-05-20 12:30:00+05:30,1347.800048828125,1355.5999755859375,1346.4000244140625,1355.0,642944,0.0,0.0
2026-05-20 12:45:00+05:30,1355.0,1357.199951171875,1352.199951171875,1354.5,512336,0.0,0.0
2026-05-20 13:00:00+05:30,1354.5999755859375,1355.800048828125,1351.199951171875,1353.5,360868,0.0,0.0
2026-05-20 13:15:00+05:30,1353.5,1355.199951171875,1352.0,1352.5,326271,0.0,0.0
2026-05-20 13:30:00+05:30,1352.5,1357.300048828125,1352.199951171875,1354.9000244140625,438036,0.0,0.0
2026-05-20 13:45:00+05:30,1355.4000244140625,1357.4000244140625,1354.300048828125,1355.800048828125,313704,0.0,0.0
2026-05-20 14:00:00+05:30,1356.0999755859375,1359.0,1354.699951171875,1358.0,692075,0.0,0.0
2026-05-20 14:15:00+05:30,1358.0999755859375,1358.9000244140625,1356.5,1358.0,646630,0.0,0.0
2026-05-20 14:30:00+05:30,1358.300048828125,1358.800048828125,1357.4000244140625,1358.5,406070,0.0,0.0
2026-05-20 14:45:00+05:30,1358.800048828125,1360.4000244140625,1358.199951171875,1360.0999755859375,578644,0.0,0.0
2026-05-20 15:00:00+05:30,1360.0,1360.5999755859375,1357.300048828125,1360.199951171875,936305,0.0,0.0
2026-05-20 15:15:00+05:30,1360.300048828125,1362.0,1359.5,1360.9000244140625,802849,0.0,0.0
2026-05-21 09:15:00+05:30,1370.800048828125,1370.800048828125,1358.4000244140625,1359.699951171875,392818,0.0,0.0
2026-05-21 09:30:00+05:30,1359.699951171875,1360.300048828125,1356.199951171875,1359.0,588158,0.0,0.0
2026-05-21 09:45:00+05:30,1359.0,1360.4000244140625,1356.0,1356.0999755859375,589632,0.0,0.0
2026-05-21 10:00:00+05:30,1356.199951171875,1357.800048828125,1354.0,1356.4000244140625,447185,0.0,0.0
2026-05-21 10:15:00+05:30,1356.5,1359.300048828125,1355.4000244140625,1356.0,401248,0.0,0.0
2026-05-21 10:30:00+05:30,1356.0999755859375,1356.699951171875,1351.5,1355.300048828125,536405,0.0,0.0
2026-05-21 10:45:00+05:30,1355.800048828125,1356.300048828125,1351.0,1351.0999755859375,465299,0.0,0.0
2026-05-21 11:00:00+05:30,1351.0,1351.5999755859375,1349.300048828125,1350.0,471931,0.0,0.0
2026-05-21 11:15:00+05:30,1350.0,1353.9000244140625,1348.5999755859375,1353.5,463335,0.0,0.0
2026-05-21 11:30:00+05:30,1353.199951171875,1354.0,1351.800048828125,1353.5,475538,0.0,0.0
2026-05-21 11:45:00+05:30,1353.5999755859375,1357.0,1353.0999755859375,1355.5999755859375,468094,0.0,0.0
2026-05-21 12:00:00+05:30,1355.699951171875,1358.9000244140625,1354.199951171875,1354.300048828125,473329,0.0,0.0
2026-05-21 12:15:00+05:30,1354.199951171875,1354.800048828125,1348.5999755859375,1349.9000244140625,1005358,0.0,0.0
2026-05-21 12:30:00+05:30,1350.0999755859375,1350.9000244140625,1345.4000244140625,1348.800048828125,670288,0.0,0.0
2026-05-21 12:45:00+05:30,1348.199951171875,1348.9000244140625,1345.300048828125,1348.0,384130,0.0,0.0
2026-05-21 13:00:00+05:30,1348.0999755859375,1352.199951171875,1346.199951171875,1351.0,597045,0.0,0.0
2026-05-21 13:15:00+05:30,1351.0999755859375,1352.9000244140625,1350.0,1351.4000244140625,508352,0.0,0.0
2026-05-21 13:30:00+05:30,1351.9000244140625,1355.0,1350.5,1354.699951171875,306162,0.0,0.0
2026-05-21 13:45:00+05:30,1354.800048828125,1355.0,1351.5999755859375,1354.0,257804,0.0,0.0
2026-05-21 14:00:00+05:30,1354.199951171875,1354.199951171875,1351.0,1352.0999755859375,579515,0.0,0.0
2026-05-21 14:15:00+05:30,1352.0,1353.699951171875,1350.199951171875,1351.9000244140625,461207,0.0,0.0
2026-05-21 14:30:00+05:30,1351.9000244140625,1355.5999755859375,1350.300048828125,1353.5,1054363,0.0,0.0
2026-05-21 14:45:00+05:30,1353.800048828125,1355.5,1351.0999755859375,1351.800048828125,1010935,0.0,0.0
2026-05-21 15:00:00+05:30,1351.800048828125,1352.9000244140625,1347.9000244140625,1348.0,2858651,0.0,0.0
2026-05-21 15:15:00+05:30,1348.300048828125,1349.300048828125,1346.4000244140625,1349.0,1151384,0.0,0.0
2026-05-22 09:15:00+05:30,1351.0,1357.800048828125,1349.0999755859375,1356.800048828125,409393,0.0,0.0
2026-05-22 09:30:00+05:30,1356.699951171875,1357.800048828125,1353.0999755859375,1353.9000244140625,283565,0.0,0.0
2026-05-22 09:45:00+05:30,1353.5,1356.699951171875,1351.5,1356.0999755859375,236176,0.0,0.0
2026-05-22 10:00:00+05:30,1356.0999755859375,1356.5,1353.800048828125,1355.199951171875,152492,0.0,0.0
2026-05-22 10:15:00+05:30,1355.0,1355.5,1352.5,1353.5,152667,0.0,0.0
2026-05-22 10:30:00+05:30,1353.5,1355.199951171875,1353.0,1355.0,173704,0.0,0.0
2026-05-22 10:45:00+05:30,1355.0999755859375,1357.300048828125,1354.0,1357.0999755859375,218606,0.0,0.0
2026-05-22 11:00:00+05:30,1357.199951171875,1357.199951171875,1355.0,1355.0999755859375,124286,0.0,0.0
2026-05-22 11:15:00+05:30,1355.5,1355.800048828125,1353.0,1354.699951171875,154795,0.0,0.0
2026-05-22 11:30:00+05:30,1354.5999755859375,1358.300048828125,1354.0,1358.199951171875,220653,0.0,0.0
2026-05-22 11:45:00+05:30,1358.199951171875,1359.4000244140625,1357.0,1359.199951171875,291212,0.0,0.0
2026-05-22 12:00:00+05:30,1359.0,1360.9000244140625,1357.800048828125,1360.0999755859375,371713,0.0,0.0
2026-05-22 12:15:00+05:30,1360.0999755859375,1360.199951171875,1358.0,1358.699951171875,96816,0.0,0.0
2026-05-22 12:30:00+05:30,1358.800048828125,1361.699951171875,1358.0,1360.5,183508,0.0,0.0
2026-05-22 12:45:00+05:30,1360.800048828125,1365.5,1360.5999755859375,1364.0,417462,0.0,0.0
2026-05-22 13:00:00+05:30,1364.199951171875,1367.4000244140625,1363.5,1364.300048828125,238476,0.0,0.0
2026-05-22 13:15:00+05:30,1364.800048828125,1364.800048828125,1362.199951171875,1362.199951171875,220921,0.0,0.0
2026-05-22 13:30:00+05:30,1362.5999755859375,1363.300048828125,1361.0999755859375,1361.300048828125,227240,0.0,0.0
2026-05-22 13:45:00+05:30,1361.699951171875,1362.5999755859375,1360.0,1360.4000244140625,228061,0.0,0.0
2026-05-22 14:00:00+05:30,1360.4000244140625,1361.0,1357.199951171875,1359.5999755859375,239522,0.0,0.0
2026-05-22 14:15:00+05:30,1359.5,1359.800048828125,1355.9000244140625,1358.0,440698,0.0,0.0
2026-05-22 14:30:00+05:30,1357.5,1358.199951171875,1356.0,1356.300048828125,312472,0.0,0.0
2026-05-22 14:45:00+05:30,1356.300048828125,1357.800048828125,1354.4000244140625,1354.9000244140625,126292,0.0,0.0
2026-05-22 15:00:00+05:30,1355.0,1355.4000244140625,1352.4000244140625,1353.300048828125,568617,0.0,0.0
2026-05-22 15:15:00+05:30,1353.300048828125,1358.699951171875,1353.300048828125,1354.5,541445,0.0,0.0
2026-05-25 09:15:00+05:30,1365.5,1370.9000244140625,1360.300048828125,1360.5999755859375,285733,0.0,0.0
2026-05-25 09:30:00+05:30,1360.5999755859375,1361.0999755859375,1358.0999755859375,1359.4000244140625,341427,0.0,0.0
2026-05-25 09:45:00+05:30,1359.5999755859375,1362.0,1359.199951171875,1360.0999755859375,276653,0.0,0.0
2026-05-25 10:00:00+05:30,1360.5,1363.0999755859375,1360.0,1362.0999755859375,161181,0.0,0.0
2026-05-25 10:15:00+05:30,1362.0999755859375,1364.4000244140625,1360.5,1361.0,201719,0.0,0.0
2026-05-25 10:30:00+05:30,1360.5,1362.5,1359.5,1362.0,152447,0.0,0.0
2026-05-25 10:45:00+05:30,1362.0,1362.0,1360.199951171875,1361.300048828125,162124,0.0,0.0
2026-05-25 11:00:00+05:30,1361.300048828125,1362.800048828125,1360.800048828125,1362.0999755859375,154852,0.0,0.0
2026-05-25 11:15:00+05:30,1362.0999755859375,1362.4000244140625,1359.4000244140625,1360.699951171875,217771,0.0,0.0
2026-05-25 11:30:00+05:30,1360.699951171875,1360.699951171875,1358.199951171875,1359.300048828125,156304,0.0,0.0
2026-05-25 11:45:00+05:30,1359.300048828125,1361.0,1359.0,1359.4000244140625,147321,0.0,0.0
2026-05-25 12:00:00+05:30,1359.4000244140625,1361.0999755859375,1358.0,1360.699951171875,227441,0.0,0.0
2026-05-25 12:15:00+05:30,1360.9000244140625,1361.800048828125,1360.0,1360.9000244140625,283846,0.0,0.0
2026-05-25 12:30:00+05:30,1361.0,1361.5,1359.0,1359.5999755859375,256083,0.0,0.0
2026-05-25 12:45:00+05:30,1359.5999755859375,1360.0,1357.5,1359.800048828125,216993,0.0,0.0
2026-05-25 13:00:00+05:30,1359.5999755859375,1364.0,1358.300048828125,1363.9000244140625,343917,0.0,0.0
2026-05-25 13:15:00+05:30,1363.800048828125,1365.5,1363.5999755859375,1364.5,300608,0.0,0.0
2026-05-25 13:30:00+05:30,1364.5,1365.300048828125,1362.699951171875,1362.699951171875,279381,0.0,0.0
2026-05-25 13:45:00+05:30,1363.0,1364.0,1362.300048828125,1363.0,185217,0.0,0.0
2026-05-25 14:00:00+05:30,1362.9000244140625,1364.5,1362.9000244140625,1363.0999755859375,211628,0.0,0.0
2026-05-25 14:15:00+05:30,1363.0,1364.9000244140625,1362.800048828125,1364.5,179850,0.0,0.0
2026-05-25 14:30:00+05:30,1364.5999755859375,1365.300048828125,1362.5999755859375,1365.0,222721,0.0,0.0
2026-05-25 14:45:00+05:30,1365.0999755859375,1367.5,1365.0999755859375,1366.5999755859375,350426,0.0,0.0
2026-05-25 15:00:00+05:30,1366.800048828125,1368.699951171875,1366.199951171875,1368.699951171875,507648,0.0,0.0
2026-05-25 15:15:00+05:30,1368.5999755859375,1368.800048828125,1365.300048828125,1366.5,484007,0.0,0.0
2026-05-26 09:15:00+05:30,1360.199951171875,1364.4000244140625,1357.699951171875,1361.800048828125,321908,0.0,0.0
2026-05-26 09:30:00+05:30,1362.300048828125,1363.800048828125,1361.5,1362.0,269774,0.0,0.0
2026-05-26 09:45:00+05:30,1362.5,1365.5,1361.800048828125,1365.0,297001,0.0,0.0
2026-05-26 10:00:00+05:30,1365.4000244140625,1367.0,1363.9000244140625,1365.9000244140625,454628,0.0,0.0
2026-05-26 10:15:00+05:30,1365.800048828125,1367.4000244140625,1365.0,1366.5999755859375,353072,0.0,0.0
2026-05-26 10:30:00+05:30,1367.0,1368.5,1366.0,1366.300048828125,223728,0.0,0.0
2026-05-26 10:45:00+05:30,1366.0,1366.300048828125,1363.300048828125,1363.5,235798,0.0,0.0
2026-05-26 11:00:00+05:30,1363.300048828125,1363.800048828125,1361.699951171875,1362.199951171875,187666,0.0,0.0
2026-05-26 11:15:00+05:30,1362.199951171875,1362.5999755859375,1360.5,1361.300048828125,162074,0.0,0.0
2026-05-26 11:30:00+05:30,1361.0,1363.300048828125,1360.5,1361.5999755859375,197092,0.0,0.0
2026-05-26 11:45:00+05:30,1361.5999755859375,1364.0,1361.4000244140625,1362.5,349964,0.0,0.0
2026-05-26 12:00:00+05:30,1362.5,1363.300048828125,1361.4000244140625,1362.0,238167,0.0,0.0
2026-05-26 12:15:00+05:30,1361.5,1362.800048828125,1360.300048828125,1360.4000244140625,110146,0.0,0.0
2026-05-26 12:30:00+05:30,1360.9000244140625,1361.699951171875,1358.4000244140625,1359.199951171875,255977,0.0,0.0
2026-05-26 12:45:00+05:30,1359.199951171875,1360.800048828125,1355.0,1360.800048828125,444660,0.0,0.0
2026-05-26 13:00:00+05:30,1360.699951171875,1361.800048828125,1358.199951171875,1361.4000244140625,477404,0.0,0.0
2026-05-26 13:15:00+05:30,1361.300048828125,1362.9000244140625,1359.0999755859375,1362.300048828125,1078251,0.0,0.0
2026-05-26 13:30:00+05:30,1362.300048828125,1363.4000244140625,1360.199951171875,1360.199951171875,384615,0.0,0.0
2026-05-26 13:45:00+05:30,1361.0,1361.5,1357.0999755859375,1358.0,313372,0.0,0.0
2026-05-26 14:00:00+05:30,1358.0,1358.800048828125,1355.0999755859375,1356.199951171875,1035861,0.0,0.0
2026-05-26 14:15:00+05:30,1356.4000244140625,1359.0999755859375,1356.0,1357.9000244140625,470571,0.0,0.0
2026-05-26 14:30:00+05:30,1357.9000244140625,1358.0,1354.0,1355.4000244140625,877738,0.0,0.0
2026-05-26 14:45:00+05:30,1355.5,1356.0999755859375,1354.0,1355.300048828125,316413,0.0,0.0
2026-05-26 15:00:00+05:30,1355.0,1360.199951171875,1353.0,1354.800048828125,3340876,0.0,0.0
2026-05-26 15:15:00+05:30,1354.9000244140625,1358.4000244140625,1354.699951171875,1357.0,1009913,0.0,0.0
2026-05-27 09:15:00+05:30,1358.0,1358.0,1351.4000244140625,1356.699951171875,384928,0.0,0.0
2026-05-27 09:30:00+05:30,1355.800048828125,1357.0,1350.9000244140625,1357.0,519329,0.0,0.0
2026-05-27 09:45:00+05:30,1356.699951171875,1359.9000244140625,1355.0999755859375,1355.5,456279,0.0,0.0
2026-05-27 10:00:00+05:30,1355.4000244140625,1358.699951171875,1354.199951171875,1357.5,311343,0.0,0.0
2026-05-27 10:15:00+05:30,1357.800048828125,1357.9000244140625,1354.0999755859375,1355.0,274797,0.0,0.0
2026-05-27 10:30:00+05:30,1355.5,1359.4000244140625,1354.9000244140625,1356.199951171875,283297,0.0,0.0
2026-05-27 10:45:00+05:30,1356.0999755859375,1359.0,1352.5,1358.0,982628,0.0,0.0
2026-05-27 11:00:00+05:30,1358.300048828125,1358.9000244140625,1356.9000244140625,1358.300048828125,276012,0.0,0.0
2026-05-27 11:15:00+05:30,1358.4000244140625,1360.9000244140625,1357.4000244140625,1358.199951171875,494490,0.0,0.0
2026-05-27 11:30:00+05:30,1358.5999755859375,1359.199951171875,1355.199951171875,1357.0999755859375,382541,0.0,0.0
2026-05-27 11:45:00+05:30,1357.5,1358.9000244140625,1355.5999755859375,1356.5,243858,0.0,0.0
2026-05-27 12:00:00+05:30,1356.0999755859375,1356.699951171875,1354.5,1354.800048828125,209288,0.0,0.0
2026-05-27 12:15:00+05:30,1355.0,1358.5,1354.699951171875,1355.199951171875,650868,0.0,0.0
2026-05-27 12:30:00+05:30,1354.800048828125,1355.9000244140625,1353.9000244140625,1354.4000244140625,146510,0.0,0.0
2026-05-27 12:45:00+05:30,1354.4000244140625,1354.5999755859375,1352.199951171875,1353.300048828125,107370,0.0,0.0
2026-05-27 13:00:00+05:30,1353.300048828125,1355.800048828125,1352.699951171875,1353.5999755859375,385260,0.0,0.0
2026-05-27 13:15:00+05:30,1353.5999755859375,1355.5,1352.5999755859375,1355.4000244140625,227441,0.0,0.0
2026-05-27 13:30:00+05:30,1355.4000244140625,1359.5999755859375,1355.0999755859375,1355.0999755859375,589459,0.0,0.0
2026-05-27 13:45:00+05:30,1355.0999755859375,1358.0,1354.5,1357.300048828125,280656,0.0,0.0
2026-05-27 14:00:00+05:30,1357.4000244140625,1358.0,1355.199951171875,1355.199951171875,411313,0.0,0.0
2026-05-27 14:15:00+05:30,1355.199951171875,1358.0999755859375,1351.5999755859375,1352.5999755859375,1481386,0.0,0.0
2026-05-27 14:30:00+05:30,1352.5999755859375,1354.300048828125,1350.0,1350.9000244140625,935564,0.0,0.0
2026-05-27 14:45:00+05:30,1350.800048828125,1351.800048828125,1349.0,1350.5,805681,0.0,0.0
2026-05-27 15:00:00+05:30,1350.300048828125,1352.199951171875,1348.5999755859375,1350.699951171875,1085720,0.0,0.0
2026-05-27 15:15:00+05:30,1350.5999755859375,1354.0,1350.0,1352.9000244140625,824631,0.0,0.0
2026-05-29 09:15:00+05:30,1364.0,1368.5,1348.699951171875,1351.0,1233782,0.0,0.0
2026-05-29 09:30:00+05:30,1351.199951171875,1352.0999755859375,1348.5999755859375,1349.300048828125,710131,0.0,0.0
2026-05-29 09:45:00+05:30,1349.4000244140625,1351.5,1349.0,1350.4000244140625,395373,0.0,0.0
2026-05-29 10:00:00+05:30,1350.4000244140625,1353.4000244140625,1349.199951171875,1350.0,1197543,0.0,0.0
2026-05-29 10:15:00+05:30,1350.0999755859375,1350.4000244140625,1344.5,1345.0999755859375,1073689,0.0,0.0
2026-05-29 10:30:00+05:30,1345.0,1349.800048828125,1344.199951171875,1345.199951171875,788668,0.0,0.0
2026-05-29 10:45:00+05:30,1345.300048828125,1345.4000244140625,1340.4000244140625,1342.199951171875,760314,0.0,0.0
2026-05-29 11:00:00+05:30,1342.199951171875,1342.9000244140625,1341.300048828125,1342.5,292207,0.0,0.0
2026-05-29 11:15:00+05:30,1342.5,1344.199951171875,1339.5,1339.699951171875,504238,0.0,0.0
2026-05-29 11:30:00+05:30,1339.699951171875,1341.699951171875,1338.0,1338.0,2710026,0.0,0.0
2026-05-29 11:45:00+05:30,1338.0999755859375,1339.5,1335.4000244140625,1336.800048828125,762772,0.0,0.0
2026-05-29 12:00:00+05:30,1336.199951171875,1336.800048828125,1335.199951171875,1335.5,406324,0.0,0.0
2026-05-29 12:15:00+05:30,1335.5,1336.699951171875,1334.300048828125,1336.5999755859375,455199,0.0,0.0
2026-05-29 12:30:00+05:30,1336.5999755859375,1336.5999755859375,1335.0,1335.5,500167,0.0,0.0
2026-05-29 12:45:00+05:30,1335.5999755859375,1336.699951171875,1334.800048828125,1335.800048828125,393506,0.0,0.0
2026-05-29 13:00:00+05:30,1335.800048828125,1335.800048828125,1331.0,1331.699951171875,2048451,0.0,0.0
2026-05-29 13:15:00+05:30,1331.699951171875,1334.0,1329.0,1329.4000244140625,634623,0.0,0.0
2026-05-29 13:30:00+05:30,1329.300048828125,1332.5,1329.0999755859375,1332.4000244140625,478545,0.0,0.0
2026-05-29 13:45:00+05:30,1332.300048828125,1332.5999755859375,1326.300048828125,1330.199951171875,847528,0.0,0.0
2026-05-29 14:00:00+05:30,1330.0999755859375,1330.4000244140625,1327.699951171875,1329.0999755859375,338871,0.0,0.0
2026-05-29 14:15:00+05:30,1329.0,1330.699951171875,1327.4000244140625,1330.4000244140625,495085,0.0,0.0
2026-05-29 14:30:00+05:30,1330.199951171875,1331.5,1330.0,1330.800048828125,300747,0.0,0.0
2026-05-29 14:45:00+05:30,1330.699951171875,1331.0,1326.699951171875,1327.5,713127,0.0,0.0
2026-05-29 15:00:00+05:30,1327.5,1328.5,1318.800048828125,1319.5999755859375,12055377,0.0,0.0
2026-05-29 15:15:00+05:30,1319.699951171875,1323.5999755859375,1317.199951171875,1321.9000244140625,11023243,0.0,0.0
2026-06-01 09:15:00+05:30,1331.5999755859375,1334.5,1321.199951171875,1325.0,488059,0.0,0.0
2026-06-01 09:30:00+05:30,1325.0,1332.800048828125,1325.0,1327.699951171875,508202,0.0,0.0
2026-06-01 09:45:00+05:30,1327.9000244140625,1328.800048828125,1326.4000244140625,1327.5,173372,0.0,0.0
2026-06-01 10:00:00+05:30,1327.0999755859375,1327.9000244140625,1325.300048828125,1326.699951171875,204304,0.0,0.0
2026-06-01 10:15:00+05:30,1326.5,1327.699951171875,1325.199951171875,1325.5,138722,0.0,0.0
2026-06-01 10:30:00+05:30,1325.5999755859375,1325.5999755859375,1322.0,1322.199951171875,244957,0.0,0.0
2026-06-01 10:45:00+05:30,1322.199951171875,1324.9000244140625,1320.699951171875,1323.4000244140625,289499,0.0,0.0
2026-06-01 11:00:00+05:30,1323.4000244140625,1328.699951171875,1323.4000244140625,1328.5999755859375,296062,0.0,0.0
2026-06-01 11:15:00+05:30,1328.0999755859375,1328.0999755859375,1326.0999755859375,1327.4000244140625,175378,0.0,0.0
2026-06-01 11:30:00+05:30,1327.4000244140625,1327.4000244140625,1325.300048828125,1326.5999755859375,199823,0.0,0.0
2026-06-01 11:45:00+05:30,1326.5999755859375,1330.300048828125,1325.5,1326.699951171875,455304,0.0,0.0
2026-06-01 12:00:00+05:30,1326.699951171875,1328.800048828125,1324.0,1326.5,822837,0.0,0.0
2026-06-01 12:15:00+05:30,1326.5,1326.5,1322.0999755859375,1323.199951171875,415454,0.0,0.0
2026-06-01 12:30:00+05:30,1323.199951171875,1328.4000244140625,1322.800048828125,1327.300048828125,318403,0.0,0.0
2026-06-01 12:45:00+05:30,1327.300048828125,1328.800048828125,1327.0999755859375,1328.300048828125,219717,0.0,0.0
2026-06-01 13:00:00+05:30,1328.5,1328.9000244140625,1322.4000244140625,1323.199951171875,305276,0.0,0.0
2026-06-01 13:15:00+05:30,1323.0,1325.0,1322.699951171875,1323.9000244140625,209589,0.0,0.0
2026-06-01 13:30:00+05:30,1323.699951171875,1324.9000244140625,1323.0,1324.4000244140625,260029,0.0,0.0
2026-06-01 13:45:00+05:30,1324.4000244140625,1324.9000244140625,1320.199951171875,1323.5,603859,0.0,0.0
2026-06-01 14:00:00+05:30,1323.5,1323.5999755859375,1320.0,1321.0,305803,0.0,0.0
2026-06-01 14:15:00+05:30,1321.0,1322.0,1318.5999755859375,1319.4000244140625,556922,0.0,0.0
2026-06-01 14:30:00+05:30,1319.199951171875,1321.800048828125,1319.0,1321.5,343465,0.0,0.0
2026-06-01 14:45:00+05:30,1321.800048828125,1323.0999755859375,1319.9000244140625,1320.800048828125,488185,0.0,0.0
2026-06-01 15:00:00+05:30,1320.800048828125,1321.0,1319.0,1319.800048828125,816821,0.0,0.0
2026-06-01 15:15:00+05:30,1319.699951171875,1321.5999755859375,1318.5,1320.9000244140625,869793,0.0,0.0
2026-06-02 09:15:00+05:30,1307.800048828125,1320.0999755859375,1307.800048828125,1318.5999755859375,489184,0.0,0.0
2026-06-02 09:30:00+05:30,1318.199951171875,1318.699951171875,1315.699951171875,1317.5999755859375,556177,0.0,0.0
2026-06-02 09:45:00+05:30,1317.5,1321.699951171875,1316.4000244140625,1317.199951171875,985547,0.0,0.0
2026-06-02 10:00:00+05:30,1317.9000244140625,1317.9000244140625,1312.0,1312.4000244140625,461767,0.0,0.0
2026-06-02 10:15:00+05:30,1312.4000244140625,1315.800048828125,1311.4000244140625,1314.5,596980,0.0,0.0
2026-06-02 10:30:00+05:30,1314.9000244140625,1314.9000244140625,1312.300048828125,1312.300048828125,569791,0.0,0.0
2026-06-02 10:45:00+05:30,1312.0,1312.4000244140625,1306.199951171875,1307.699951171875,880244,0.0,0.0
2026-06-02 11:00:00+05:30,1307.699951171875,1307.699951171875,1305.199951171875,1307.0999755859375,449062,0.0,0.0
2026-06-02 11:15:00+05:30,1307.0999755859375,1308.5,1305.5,1307.0999755859375,399820,0.0,0.0
2026-06-02 11:30:00+05:30,1307.0999755859375,1307.0999755859375,1301.5,1303.5,765225,0.0,0.0
2026-06-02 11:45:00+05:30,1303.4000244140625,1304.199951171875,1300.4000244140625,1300.5999755859375,1039029,0.0,0.0
2026-06-02 12:00:00+05:30,1300.800048828125,1304.5,1300.5,1302.4000244140625,477162,0.0,0.0
2026-06-02 12:15:00+05:30,1302.4000244140625,1306.0,1301.800048828125,1302.0999755859375,860273,0.0,0.0
2026-06-02 12:30:00+05:30,1302.0999755859375,1305.5999755859375,1301.0,1304.199951171875,1139125,0.0,0.0
2026-06-02 12:45:00+05:30,1304.199951171875,1313.5,1304.0,1312.699951171875,1092653,0.0,0.0
2026-06-02 13:00:00+05:30,1312.5999755859375,1318.800048828125,1311.199951171875,1317.5,576402,0.0,0.0
2026-06-02 13:15:00+05:30,1317.5999755859375,1324.0999755859375,1317.5999755859375,1323.199951171875,755209,0.0,0.0
2026-06-02 13:30:00+05:30,1322.9000244140625,1327.800048828125,1322.199951171875,1322.4000244140625,730769,0.0,0.0
2026-06-02 13:45:00+05:30,1322.4000244140625,1323.5,1320.4000244140625,1321.9000244140625,449778,0.0,0.0
2026-06-02 14:00:00+05:30,1321.699951171875,1323.9000244140625,1321.300048828125,1322.5999755859375,449962,0.0,0.0
2026-06-02 14:15:00+05:30,1322.300048828125,1324.0,1318.0999755859375,1320.800048828125,1908732,0.0,0.0
2026-06-02 14:30:00+05:30,1320.699951171875,1321.199951171875,1313.0999755859375,1313.800048828125,1105098,0.0,0.0
2026-06-02 14:45:00+05:30,1313.800048828125,1315.0,1312.5,1313.199951171875,790424,0.0,0.0
2026-06-02 15:00:00+05:30,1313.5,1315.5999755859375,1311.9000244140625,1313.9000244140625,3495095,0.0,0.0
2026-06-02 15:15:00+05:30,1313.800048828125,1321.0,1313.4000244140625,1321.0,1389802,0.0,0.0
2026-06-03 09:15:00+05:30,1318.800048828125,1323.5999755859375,1305.4000244140625,1307.699951171875,518042,0.0,0.0
2026-06-03 09:30:00+05:30,1307.699951171875,1309.800048828125,1306.0999755859375,1309.0999755859375,451674,0.0,0.0
2026-06-03 09:45:00+05:30,1308.9000244140625,1309.199951171875,1304.699951171875,1305.9000244140625,486317,0.0,0.0
2026-06-03 10:00:00+05:30,1306.0999755859375,1306.699951171875,1303.4000244140625,1305.5,394026,0.0,0.0
2026-06-03 10:15:00+05:30,1306.0,1311.699951171875,1305.4000244140625,1308.800048828125,639053,0.0,0.0
2026-06-03 10:30:00+05:30,1308.9000244140625,1309.199951171875,1307.0,1308.0999755859375,353408,0.0,0.0
2026-06-03 10:45:00+05:30,1308.4000244140625,1308.9000244140625,1306.0,1306.0999755859375,319115,0.0,0.0
2026-06-03 11:00:00+05:30,1306.199951171875,1306.5,1304.0,1304.5,580645,0.0,0.0
2026-06-03 11:15:00+05:30,1304.5999755859375,1305.0,1303.199951171875,1303.5,717516,0.0,0.0
2026-06-03 11:30:00+05:30,1303.5,1304.5999755859375,1301.0999755859375,1303.199951171875,610708,0.0,0.0
2026-06-03 11:45:00+05:30,1303.699951171875,1304.699951171875,1302.0,1303.0,491259,0.0,0.0
2026-06-03 12:00:00+05:30,1303.0,1304.199951171875,1301.300048828125,1302.800048828125,336380,0.0,0.0
2026-06-03 12:15:00+05:30,1302.800048828125,1303.4000244140625,1301.199951171875,1302.9000244140625,1134997,0.0,0.0
2026-06-03 12:30:00+05:30,1303.0,1310.0,1302.800048828125,1308.4000244140625,957057,0.0,0.0
2026-06-03 12:45:00+05:30,1308.5,1309.0,1305.5999755859375,1306.5999755859375,448831,0.0,0.0
2026-06-03 13:00:00+05:30,1306.5,1307.5,1305.0,1306.5999755859375,438851,0.0,0.0
2026-06-03 13:15:00+05:30,1307.5999755859375,1309.0,1305.5999755859375,1309.0,1095300,0.0,0.0
2026-06-03 13:30:00+05:30,1308.9000244140625,1310.9000244140625,1306.199951171875,1307.300048828125,731188,0.0,0.0
2026-06-03 13:45:00+05:30,1307.300048828125,1314.699951171875,1307.199951171875,1310.9000244140625,977162,0.0,0.0
2026-06-03 14:00:00+05:30,1311.0,1315.699951171875,1310.9000244140625,1314.800048828125,586890,0.0,0.0
2026-06-03 14:15:00+05:30,1314.9000244140625,1317.800048828125,1313.699951171875,1315.9000244140625,823073,0.0,0.0
2026-06-03 14:30:00+05:30,1316.0,1317.4000244140625,1312.699951171875,1315.5,974638,0.0,0.0
2026-06-03 14:45:00+05:30,1315.5,1317.300048828125,1313.5,1314.300048828125,1601783,0.0,0.0
2026-06-03 15:00:00+05:30,1314.300048828125,1315.300048828125,1310.5,1313.5999755859375,1238527,0.0,0.0
2026-06-03 15:15:00+05:30,1313.4000244140625,1314.5,1311.9000244140625,1312.5999755859375,1839569,0.0,0.0
2026-06-04 09:15:00+05:30,1304.699951171875,1309.5999755859375,1300.5,1306.4000244140625,477208,0.0,0.0
2026-06-04 09:30:00+05:30,1306.5,1307.0,1304.199951171875,1306.5,320123,0.0,0.0
2026-06-04 09:45:00+05:30,1307.0,1310.800048828125,1306.0,1308.800048828125,490688,0.0,0.0
2026-06-04 10:00:00+05:30,1308.5999755859375,1310.800048828125,1307.0999755859375,1307.5999755859375,458799,0.0,0.0
2026-06-04 10:15:00+05:30,1307.5999755859375,1307.800048828125,1305.0,1305.300048828125,434699,0.0,0.0
2026-06-04 10:30:00+05:30,1305.0999755859375,1305.300048828125,1301.699951171875,1303.5999755859375,583564,0.0,0.0
2026-06-04 10:45:00+05:30,1303.5999755859375,1305.199951171875,1303.0,1303.9000244140625,351280,0.0,0.0
2026-06-04 11:00:00+05:30,1303.9000244140625,1304.0,1302.0999755859375,1303.5999755859375,326458,0.0,0.0
2026-06-04 11:15:00+05:30,1303.9000244140625,1303.9000244140625,1302.0,1303.0,385284,0.0,0.0
2026-06-04 11:30:00+05:30,1303.0,1307.4000244140625,1302.0,1307.0,658368,0.0,0.0
2026-06-04 11:45:00+05:30,1307.4000244140625,1308.5,1304.199951171875,1304.199951171875,1268824,0.0,0.0
2026-06-04 12:00:00+05:30,1304.5999755859375,1308.4000244140625,1304.0,1304.300048828125,1302611,0.0,0.0
2026-06-04 12:15:00+05:30,1304.300048828125,1305.5999755859375,1303.199951171875,1303.800048828125,471119,0.0,0.0
2026-06-04 12:30:00+05:30,1303.800048828125,1304.0999755859375,1301.0,1301.0999755859375,584494,0.0,0.0
2026-06-04 12:45:00+05:30,1301.199951171875,1303.0999755859375,1301.0,1301.5,952786,0.0,0.0
2026-06-04 13:00:00+05:30,1301.5999755859375,1302.9000244140625,1295.0999755859375,1295.0999755859375,1316496,0.0,0.0
2026-06-04 13:15:00+05:30,1295.0999755859375,1298.300048828125,1293.199951171875,1298.0,1694689,0.0,0.0
2026-06-04 13:30:00+05:30,1298.0,1299.300048828125,1297.0,1298.0,240369,0.0,0.0
2026-06-04 13:45:00+05:30,1297.9000244140625,1301.300048828125,1296.699951171875,1300.0,518239,0.0,0.0
2026-06-04 14:00:00+05:30,1300.4000244140625,1304.300048828125,1299.9000244140625,1302.9000244140625,1093668,0.0,0.0
2026-06-04 14:15:00+05:30,1302.5999755859375,1303.5999755859375,1301.4000244140625,1302.5,464701,0.0,0.0
2026-06-04 14:30:00+05:30,1302.5,1306.800048828125,1302.0999755859375,1305.4000244140625,767345,0.0,0.0
2026-06-04 14:45:00+05:30,1305.4000244140625,1307.0,1301.5,1302.0999755859375,982354,0.0,0.0
2026-06-04 15:00:00+05:30,1302.0,1306.5,1299.9000244140625,1306.199951171875,3812912,0.0,0.0
2026-06-04 15:15:00+05:30,1306.800048828125,1308.5,1304.699951171875,1308.5,1465486,0.0,0.0
2026-06-05 09:15:00+05:30,1304.5,1305.5999755859375,1298.4000244140625,1299.800048828125,391096,6.0,0.0
2026-06-05 09:30:00+05:30,1299.699951171875,1302.4000244140625,1299.0999755859375,1300.5999755859375,869618,0.0,0.0
2026-06-05 09:45:00+05:30,1300.0,1300.5999755859375,1299.5999755859375,1299.9000244140625,555554,0.0,0.0
2026-06-05 10:00:00+05:30,1299.9000244140625,1301.0999755859375,1298.0999755859375,1300.0,432722,0.0,0.0
2026-06-05 10:15:00+05:30,1300.0,1300.4000244140625,1299.199951171875,1299.4000244140625,279516,0.0,0.0
2026-06-05 10:30:00+05:30,1299.199951171875,1299.5999755859375,1294.0,1294.800048828125,544194,0.0,0.0
2026-06-05 10:45:00+05:30,1294.800048828125,1295.9000244140625,1293.4000244140625,1293.9000244140625,586738,0.0,0.0
2026-06-05 11:00:00+05:30,1294.0,1299.699951171875,1293.699951171875,1297.0,847379,0.0,0.0
2026-06-05 11:15:00+05:30,1296.800048828125,1297.0,1293.800048828125,1295.5,477285,0.0,0.0
2026-06-05 11:30:00+05:30,1295.300048828125,1295.9000244140625,1293.699951171875,1294.199951171875,519681,0.0,0.0
2026-06-05 11:45:00+05:30,1294.4000244140625,1294.9000244140625,1293.800048828125,1294.300048828125,315450,0.0,0.0
2026-06-05 12:00:00+05:30,1294.0999755859375,1296.5,1294.0,1296.5,753629,0.0,0.0
2026-06-05 12:15:00+05:30,1296.0,1301.0,1296.0,1300.199951171875,639971,0.0,0.0
2026-06-05 12:30:00+05:30,1300.0,1301.0999755859375,1294.5999755859375,1295.800048828125,1670652,0.0,0.0
2026-06-05 12:45:00+05:30,1295.0999755859375,1296.0999755859375,1294.199951171875,1295.300048828125,324578,0.0,0.0
2026-06-05 13:00:00+05:30,1295.300048828125,1295.9000244140625,1290.0,1290.9000244140625,928088,0.0,0.0
2026-06-05 13:15:00+05:30,1290.9000244140625,1293.4000244140625,1289.300048828125,1289.9000244140625,676611,0.0,0.0
2026-06-05 13:30:00+05:30,1289.800048828125,1291.5999755859375,1288.0999755859375,1290.0,1487591,0.0,0.0
2026-06-05 13:45:00+05:30,1290.4000244140625,1292.699951171875,1290.0,1292.0,575997,0.0,0.0
2026-06-05 14:00:00+05:30,1291.800048828125,1292.199951171875,1291.0,1292.0,396959,0.0,0.0
2026-06-05 14:15:00+05:30,1291.5999755859375,1293.0999755859375,1290.5999755859375,1293.0999755859375,516542,0.0,0.0
2026-06-05 14:30:00+05:30,1293.0,1294.5999755859375,1291.0,1294.4000244140625,440945,0.0,0.0
2026-06-05 14:45:00+05:30,1294.5,1295.4000244140625,1291.0,1291.300048828125,629519,0.0,0.0
2026-06-05 15:00:00+05:30,1291.5,1292.0,1289.4000244140625,1291.800048828125,1194844,0.0,0.0
2026-06-05 15:15:00+05:30,1291.699951171875,1292.9000244140625,1290.4000244140625,1291.5,1101526,0.0,0.0
2026-06-08 09:15:00+05:30,1278.800048828125,1281.5,1273.5,1274.9000244140625,638109,0.0,0.0
2026-06-08 09:30:00+05:30,1275.0,1279.5999755859375,1274.800048828125,1278.300048828125,823158,0.0,0.0
2026-06-08 09:45:00+05:30,1278.300048828125,1282.5999755859375,1277.0,1281.4000244140625,524518,0.0,0.0
2026-06-08 10:00:00+05:30,1281.5,1281.800048828125,1279.0999755859375,1279.300048828125,339443,0.0,0.0
2026-06-08 10:15:00+05:30,1279.300048828125,1279.800048828125,1275.0999755859375,1275.300048828125,1079466,0.0,0.0
2026-06-08 10:30:00+05:30,1275.300048828125,1277.0,1275.0,1275.199951171875,538771,0.0,0.0
2026-06-08 10:45:00+05:30,1275.0,1276.800048828125,1274.199951171875,1276.4000244140625,597527,0.0,0.0
2026-06-08 11:00:00+05:30,1276.300048828125,1277.0,1275.5,1276.0,416767,0.0,0.0
2026-06-08 11:15:00+05:30,1276.0,1276.699951171875,1274.199951171875,1275.699951171875,376855,0.0,0.0
2026-06-08 11:30:00+05:30,1275.5999755859375,1276.699951171875,1275.199951171875,1275.5999755859375,258598,0.0,0.0
2026-06-08 11:45:00+05:30,1275.5999755859375,1276.800048828125,1274.300048828125,1275.0999755859375,460899,0.0,0.0
2026-06-08 12:00:00+05:30,1275.0999755859375,1276.0999755859375,1274.300048828125,1275.199951171875,254670,0.0,0.0
2026-06-08 12:15:00+05:30,1275.0999755859375,1276.199951171875,1274.9000244140625,1275.0,252831,0.0,0.0
2026-06-08 12:30:00+05:30,1275.0,1276.199951171875,1275.0,1275.9000244140625,329799,0.0,0.0
2026-06-08 12:45:00+05:30,1275.9000244140625,1277.699951171875,1275.4000244140625,1277.199951171875,417475,0.0,0.0
2026-06-08 13:00:00+05:30,1277.0999755859375,1277.199951171875,1274.0,1274.0999755859375,301411,0.0,0.0
2026-06-08 13:15:00+05:30,1274.0,1274.800048828125,1270.699951171875,1272.0,491848,0.0,0.0
2026-06-08 13:30:00+05:30,1271.9000244140625,1272.5,1270.699951171875,1272.0,999706,0.0,0.0
2026-06-08 13:45:00+05:30,1272.0,1272.9000244140625,1271.0999755859375,1272.800048828125,492462,0.0,0.0
2026-06-08 14:00:00+05:30,1272.800048828125,1272.800048828125,1270.300048828125,1270.5999755859375,444656,0.0,0.0
2026-06-08 14:15:00+05:30,1270.5999755859375,1271.0,1267.0,1267.0999755859375,512419,0.0,0.0
2026-06-08 14:30:00+05:30,1267.0,1270.9000244140625,1267.0,1270.5999755859375,355740,0.0,0.0
2026-06-08 14:45:00+05:30,1270.5999755859375,1270.5999755859375,1265.300048828125,1265.699951171875,833233,0.0,0.0
2026-06-08 15:00:00+05:30,1265.699951171875,1265.9000244140625,1263.0999755859375,1265.0999755859375,1482314,0.0,0.0
2026-06-08 15:15:00+05:30,1265.0999755859375,1265.0999755859375,1259.199951171875,1262.800048828125,2453825,0.0,0.0
2026-06-09 09:15:00+05:30,1267.800048828125,1274.199951171875,1265.5999755859375,1269.9000244140625,301142,0.0,0.0
2026-06-09 09:30:00+05:30,1270.0,1271.9000244140625,1269.0999755859375,1270.0999755859375,886298,0.0,0.0
2026-06-09 09:45:00+05:30,1270.0,1271.5,1269.199951171875,1269.800048828125,217783,0.0,0.0
2026-06-09 10:00:00+05:30,1269.800048828125,1270.0,1268.0999755859375,1269.5,206387,0.0,0.0
2026-06-09 10:15:00+05:30,1269.4000244140625,1269.5999755859375,1266.699951171875,1268.199951171875,234300,0.0,0.0
2026-06-09 10:30:00+05:30,1268.199951171875,1268.199951171875,1265.5999755859375,1266.4000244140625,326433,0.0,0.0
2026-06-09 10:45:00+05:30,1266.4000244140625,1267.0,1262.199951171875,1263.0,455835,0.0,0.0
2026-06-09 11:00:00+05:30,1263.0,1264.800048828125,1262.800048828125,1264.699951171875,426931,0.0,0.0
2026-06-09 11:15:00+05:30,1264.199951171875,1264.9000244140625,1262.800048828125,1264.0999755859375,508753,0.0,0.0
2026-06-09 11:30:00+05:30,1264.0,1266.199951171875,1261.5999755859375,1263.0999755859375,1157134,0.0,0.0
2026-06-09 11:45:00+05:30,1263.0,1267.0,1262.699951171875,1266.199951171875,576189,0.0,0.0
2026-06-09 12:00:00+05:30,1266.199951171875,1266.699951171875,1263.5,1264.800048828125,389544,0.0,0.0
2026-06-09 12:15:00+05:30,1264.800048828125,1265.9000244140625,1264.199951171875,1264.5999755859375,219323,0.0,0.0
2026-06-09 12:30:00+05:30,1264.4000244140625,1266.0,1263.5999755859375,1263.9000244140625,534945,0.0,0.0
2026-06-09 12:45:00+05:30,1263.9000244140625,1264.5999755859375,1262.0999755859375,1263.0,869909,0.0,0.0
2026-06-09 13:00:00+05:30,1262.9000244140625,1264.0,1260.0,1262.0,1533390,0.0,0.0
2026-06-09 13:15:00+05:30,1262.0,1262.0,1258.800048828125,1260.0,1423397,0.0,0.0
2026-06-09 13:30:00+05:30,1259.800048828125,1260.300048828125,1258.4000244140625,1259.5999755859375,1673651,0.0,0.0
2026-06-09 13:45:00+05:30,1259.5999755859375,1260.4000244140625,1258.0,1259.0,639447,0.0,0.0
2026-06-09 14:00:00+05:30,1258.9000244140625,1261.5999755859375,1258.5,1259.300048828125,611456,0.0,0.0
2026-06-09 14:15:00+05:30,1259.300048828125,1260.0,1257.5999755859375,1259.300048828125,1235110,0.0,0.0
2026-06-09 14:30:00+05:30,1259.300048828125,1264.699951171875,1258.5,1264.199951171875,1095489,0.0,0.0
2026-06-09 14:45:00+05:30,1264.0999755859375,1269.9000244140625,1262.699951171875,1269.5999755859375,1738462,0.0,0.0
2026-06-09 15:00:00+05:30,1269.300048828125,1271.300048828125,1266.800048828125,1269.4000244140625,4025203,0.0,0.0
2026-06-09 15:15:00+05:30,1269.4000244140625,1272.9000244140625,1267.9000244140625,1272.5,1779242,0.0,0.0
2026-06-10 09:15:00+05:30,1275.199951171875,1292.800048828125,1275.199951171875,1292.699951171875,729278,0.0,0.0
2026-06-10 09:30:00+05:30,1292.699951171875,1300.4000244140625,1292.699951171875,1294.300048828125,1050517,0.0,0.0
2026-06-10 09:45:00+05:30,1294.300048828125,1299.699951171875,1293.4000244140625,1293.4000244140625,609943,0.0,0.0
2026-06-10 10:00:00+05:30,1293.800048828125,1293.800048828125,1283.0,1284.300048828125,703326,0.0,0.0
2026-06-10 10:15:00+05:30,1283.9000244140625,1284.300048828125,1280.0999755859375,1282.300048828125,614749,0.0,0.0
2026-06-10 10:30:00+05:30,1282.199951171875,1283.5,1279.0,1280.300048828125,541244,0.0,0.0
2026-06-10 10:45:00+05:30,1280.4000244140625,1283.300048828125,1279.0999755859375,1283.0,736638,0.0,0.0
2026-06-10 11:00:00+05:30,1282.9000244140625,1283.9000244140625,1279.800048828125,1281.4000244140625,330262,0.0,0.0
2026-06-10 11:15:00+05:30,1281.300048828125,1282.0,1278.0999755859375,1280.0,795738,0.0,0.0
2026-06-10 11:30:00+05:30,1280.5,1280.5999755859375,1277.0999755859375,1277.9000244140625,404103,0.0,0.0
2026-06-10 11:45:00+05:30,1277.9000244140625,1277.9000244140625,1276.199951171875,1276.9000244140625,374015,0.0,0.0
2026-06-10 12:00:00+05:30,1276.9000244140625,1277.0,1274.4000244140625,1275.0,389106,0.0,0.0
2026-06-10 12:15:00+05:30,1275.0,1275.4000244140625,1270.699951171875,1271.300048828125,483092,0.0,0.0
2026-06-10 12:30:00+05:30,1271.300048828125,1272.5,1269.0999755859375,1269.5999755859375,592790,0.0,0.0
2026-06-10 12:45:00+05:30,1269.9000244140625,1272.9000244140625,1268.300048828125,1270.300048828125,966257,0.0,0.0
2026-06-10 13:00:00+05:30,1270.4000244140625,1275.4000244140625,1268.199951171875,1268.9000244140625,2773242,0.0,0.0
2026-06-10 13:15:00+05:30,1268.9000244140625,1271.300048828125,1267.800048828125,1270.699951171875,944118,0.0,0.0
2026-06-10 13:30:00+05:30,1270.5,1271.800048828125,1267.0,1267.0999755859375,924448,0.0,0.0
2026-06-10 13:45:00+05:30,1267.0999755859375,1270.5999755859375,1267.0,1269.0,446124,0.0,0.0
2026-06-10 14:00:00+05:30,1269.0,1270.0,1266.0,1267.0999755859375,405731,0.0,0.0
2026-06-10 14:15:00+05:30,1267.199951171875,1269.5999755859375,1265.5,1265.9000244140625,407747,0.0,0.0
2026-06-10 14:30:00+05:30,1265.5999755859375,1266.199951171875,1262.800048828125,1263.4000244140625,713266,0.0,0.0
2026-06-10 14:45:00+05:30,1263.0,1264.0,1261.5,1262.5,604343,0.0,0.0
2026-06-10 15:00:00+05:30,1262.5,1262.5,1258.199951171875,1258.699951171875,1328278,0.0,0.0
2026-06-10 15:15:00+05:30,1258.699951171875,1260.5,1255.199951171875,1258.5,2011533,0.0,0.0
2026-06-11 09:15:00+05:30,1256.0999755859375,1261.199951171875,1253.5999755859375,1261.199951171875,375523,0.0,0.0
2026-06-11 09:30:00+05:30,1261.699951171875,1262.4000244140625,1258.0,1262.300048828125,358451,0.0,0.0
2026-06-11 09:45:00+05:30,1262.199951171875,1265.0,1258.5999755859375,1259.0,614763,0.0,0.0
2026-06-11 10:00:00+05:30,1259.0,1266.5,1258.0,1265.300048828125,478090,0.0,0.0
2026-06-11 10:15:00+05:30,1265.199951171875,1267.5,1264.800048828125,1266.4000244140625,295169,0.0,0.0
2026-06-11 10:30:00+05:30,1266.5999755859375,1266.5999755859375,1264.0,1265.5,316109,0.0,0.0
2026-06-11 10:45:00+05:30,1265.5999755859375,1266.0,1265.0,1265.199951171875,126030,0.0,0.0
2026-06-11 11:00:00+05:30,1265.5,1269.9000244140625,1265.0,1266.5999755859375,307871,0.0,0.0
2026-06-11 11:15:00+05:30,1266.699951171875,1270.0,1266.199951171875,1269.4000244140625,266276,0.0,0.0
2026-06-11 11:30:00+05:30,1269.699951171875,1270.0,1267.0,1269.4000244140625,917286,0.0,0.0
2026-06-11 11:45:00+05:30,1269.5,1270.0,1269.0,1269.5999755859375,196515,0.0,0.0
2026-06-11 12:00:00+05:30,1269.699951171875,1270.0,1267.9000244140625,1269.4000244140625,506047,0.0,0.0
2026-06-11 12:15:00+05:30,1269.199951171875,1273.9000244140625,1269.0999755859375,1273.0,355912,0.0,0.0
2026-06-11 12:30:00+05:30,1273.0999755859375,1276.0,1268.300048828125,1269.5,889458,0.0,0.0
2026-06-11 12:45:00+05:30,1269.5,1269.9000244140625,1268.199951171875,1269.699951171875,303260,0.0,0.0
2026-06-11 13:00:00+05:30,1269.800048828125,1270.5,1267.4000244140625,1268.0,297233,0.0,0.0
2026-06-11 13:15:00+05:30,1267.5,1267.9000244140625,1265.0,1267.5,393893,0.0,0.0
2026-06-11 13:30:00+05:30,1267.300048828125,1267.9000244140625,1265.199951171875,1265.800048828125,157233,0.0,0.0
2026-06-11 13:45:00+05:30,1265.800048828125,1267.5999755859375,1265.0,1266.699951171875,161278,0.0,0.0
2026-06-11 14:00:00+05:30,1266.699951171875,1267.800048828125,1265.199951171875,1267.5999755859375,358653,0.0,0.0
2026-06-11 14:15:00+05:30,1267.5999755859375,1268.0,1265.5,1267.4000244140625,175461,0.0,0.0
2026-06-11 14:30:00+05:30,1267.4000244140625,1270.4000244140625,1266.0999755859375,1267.699951171875,1150102,0.0,0.0
2026-06-11 14:45:00+05:30,1267.699951171875,1268.300048828125,1265.0999755859375,1267.0,862513,0.0,0.0
2026-06-11 15:00:00+05:30,1266.9000244140625,1267.0999755859375,1260.199951171875,1262.0999755859375,2017156,0.0,0.0
2026-06-11 15:15:00+05:30,1261.5,1264.5,1261.199951171875,1264.0999755859375,668303,0.0,0.0
2026-06-12 09:15:00+05:30,1276.0999755859375,1280.5,1271.300048828125,1272.300048828125,323740,0.0,0.0
2026-06-12 09:30:00+05:30,1272.5999755859375,1272.5999755859375,1269.4000244140625,1270.199951171875,441559,0.0,0.0
2026-06-12 09:45:00+05:30,1270.0999755859375,1270.9000244140625,1268.5,1268.800048828125,249881,0.0,0.0
2026-06-12 10:00:00+05:30,1268.5999755859375,1270.5,1267.699951171875,1270.0,252834,0.0,0.0
2026-06-12 10:15:00+05:30,1270.0999755859375,1270.699951171875,1268.800048828125,1269.9000244140625,322927,0.0,0.0
2026-06-12 10:30:00+05:30,1269.800048828125,1269.9000244140625,1269.0,1269.0999755859375,143629,0.0,0.0
2026-06-12 10:45:00+05:30,1269.0999755859375,1269.0999755859375,1265.5999755859375,1268.199951171875,244958,0.0,0.0
2026-06-12 11:00:00+05:30,1268.5,1270.0,1267.5,1270.0,129977,0.0,0.0
2026-06-12 11:15:00+05:30,1269.9000244140625,1270.199951171875,1269.300048828125,1269.9000244140625,398522,0.0,0.0
2026-06-12 11:30:00+05:30,1269.9000244140625,1270.800048828125,1269.0,1270.699951171875,426294,0.0,0.0
2026-06-12 11:45:00+05:30,1270.699951171875,1270.800048828125,1269.5999755859375,1269.699951171875,420199,0.0,0.0
2026-06-12 12:00:00+05:30,1270.0,1271.699951171875,1266.0999755859375,1266.5,1258008,0.0,0.0
2026-06-12 12:15:00+05:30,1266.5,1267.199951171875,1264.5,1265.199951171875,203709,0.0,0.0
2026-06-12 12:30:00+05:30,1265.0,1265.4000244140625,1262.5,1263.5,287940,0.0,0.0
2026-06-12 12:45:00+05:30,1263.5999755859375,1264.5,1262.5,1264.0,200981,0.0,0.0
2026-06-12 13:00:00+05:30,1263.9000244140625,1265.5,1263.800048828125,1264.0,167691,0.0,0.0
2026-06-12 13:15:00+05:30,1264.0,1268.9000244140625,1264.0,1268.5,229770,0.0,0.0
2026-06-12 13:30:00+05:30,1268.300048828125,1277.5,1268.300048828125,1276.4000244140625,1052200,0.0,0.0
2026-06-12 13:45:00+05:30,1276.4000244140625,1282.300048828125,1276.0,1281.5,657776,0.0,0.0
2026-06-12 14:00:00+05:30,1281.199951171875,1285.800048828125,1279.4000244140625,1282.699951171875,520619,0.0,0.0
2026-06-12 14:15:00+05:30,1282.800048828125,1285.0,1281.5999755859375,1283.9000244140625,345331,0.0,0.0
2026-06-12 14:30:00+05:30,1284.0,1287.5,1283.0,1286.300048828125,541584,0.0,0.0
2026-06-12 14:45:00+05:30,1286.0,1292.300048828125,1285.5,1290.0999755859375,664907,0.0,0.0
2026-06-12 15:00:00+05:30,1290.4000244140625,1293.300048828125,1288.699951171875,1292.0,906325,0.0,0.0
2026-06-12 15:15:00+05:30,1292.0,1296.800048828125,1290.5,1296.5,1081475,0.0,0.0
2026-06-15 09:15:00+05:30,1320.0,1321.0,1306.0999755859375,1311.4000244140625,2365618,0.0,0.0
2026-06-15 09:30:00+05:30,1311.699951171875,1321.0,1311.699951171875,1320.5,980897,0.0,0.0
2026-06-15 09:45:00+05:30,1320.5,1321.0,1314.300048828125,1315.199951171875,573431,0.0,0.0
2026-06-15 10:00:00+05:30,1315.0,1317.800048828125,1313.0,1314.0999755859375,736252,0.0,0.0
2026-06-15 10:15:00+05:30,1314.0999755859375,1318.5,1313.300048828125,1318.0,377702,0.0,0.0
2026-06-15 10:30:00+05:30,1318.0,1318.699951171875,1312.0,1312.5,598765,0.0,0.0
2026-06-15 10:45:00+05:30,1312.5999755859375,1314.4000244140625,1312.0,1313.0,356614,0.0,0.0
2026-06-15 11:00:00+05:30,1313.0,1313.199951171875,1311.699951171875,1312.9000244140625,268885,0.0,0.0
2026-06-15 11:15:00+05:30,1312.9000244140625,1315.0,1312.5999755859375,1314.199951171875,330277,0.0,0.0
2026-06-15 11:30:00+05:30,1314.300048828125,1315.0,1313.5,1314.0,297287,0.0,0.0
2026-06-15 11:45:00+05:30,1314.0,1314.0,1311.800048828125,1312.5,430506,0.0,0.0
2026-06-15 12:00:00+05:30,1312.5999755859375,1312.9000244140625,1310.5999755859375,1311.0,278117,0.0,0.0
2026-06-15 12:15:00+05:30,1310.699951171875,1311.0,1307.0,1307.5,976586,0.0,0.0
2026-06-15 12:30:00+05:30,1307.9000244140625,1308.0,1304.0,1304.699951171875,836796,0.0,0.0
2026-06-15 12:45:00+05:30,1304.9000244140625,1305.800048828125,1304.699951171875,1305.5,500286,0.0,0.0
2026-06-15 13:00:00+05:30,1305.5,1309.0,1304.800048828125,1306.800048828125,579413,0.0,0.0
2026-06-15 13:15:00+05:30,1306.800048828125,1306.800048828125,1304.800048828125,1306.5,477789,0.0,0.0
2026-06-15 13:30:00+05:30,1306.5,1308.4000244140625,1305.9000244140625,1306.5,279962,0.0,0.0
2026-06-15 13:45:00+05:30,1306.5,1309.0,1305.5999755859375,1308.9000244140625,381987,0.0,0.0
2026-06-15 14:00:00+05:30,1309.0,1309.699951171875,1306.199951171875,1307.4000244140625,626375,0.0,0.0
2026-06-15 14:15:00+05:30,1307.4000244140625,1309.5,1305.199951171875,1305.800048828125,428758,0.0,0.0
2026-06-15 14:30:00+05:30,1306.199951171875,1309.0,1305.5999755859375,1308.0,552883,0.0,0.0
2026-06-15 14:45:00+05:30,1308.199951171875,1308.5,1306.199951171875,1308.0999755859375,422739,0.0,0.0
2026-06-15 15:00:00+05:30,1308.0999755859375,1308.300048828125,1303.4000244140625,1306.300048828125,891521,0.0,0.0
2026-06-15 15:15:00+05:30,1306.0999755859375,1309.0,1305.0,1306.5,788438,0.0,0.0
2026-06-16 09:15:00+05:30,1313.0,1313.0,1306.5999755859375,1311.800048828125,337148,0.0,0.0
2026-06-16 09:30:00+05:30,1311.800048828125,1315.300048828125,1311.199951171875,1313.800048828125,680524,0.0,0.0
2026-06-16 09:45:00+05:30,1313.9000244140625,1318.0,1313.0,1317.300048828125,489824,0.0,0.0
2026-06-16 10:00:00+05:30,1317.5999755859375,1318.0,1315.0999755859375,1318.0,327427,0.0,0.0
2026-06-16 10:15:00+05:30,1318.0,1323.0,1317.4000244140625,1320.800048828125,703349,0.0,0.0
2026-06-16 10:30:00+05:30,1320.800048828125,1322.5999755859375,1320.0,1322.0,346812,0.0,0.0
2026-06-16 10:45:00+05:30,1322.0,1329.9000244140625,1322.0,1328.0,1047104,0.0,0.0
2026-06-16 11:00:00+05:30,1327.5,1332.0,1326.699951171875,1328.699951171875,669647,0.0,0.0
2026-06-16 11:15:00+05:30,1328.5,1329.699951171875,1324.5999755859375,1325.9000244140625,536991,0.0,0.0
2026-06-16 11:30:00+05:30,1325.9000244140625,1328.0999755859375,1325.199951171875,1327.800048828125,617964,0.0,0.0
2026-06-16 11:45:00+05:30,1327.699951171875,1331.5999755859375,1327.199951171875,1331.5999755859375,896941,0.0,0.0
2026-06-16 12:00:00+05:30,1331.5,1333.4000244140625,1330.0999755859375,1331.199951171875,574006,0.0,0.0
2026-06-16 12:15:00+05:30,1331.0,1331.4000244140625,1327.699951171875,1330.800048828125,745912,0.0,0.0
2026-06-16 12:30:00+05:30,1330.800048828125,1331.199951171875,1326.0999755859375,1331.0,1315008,0.0,0.0
2026-06-16 12:45:00+05:30,1330.800048828125,1332.0,1329.9000244140625,1331.9000244140625,397989,0.0,0.0
2026-06-16 13:00:00+05:30,1332.0,1332.800048828125,1330.5999755859375,1331.9000244140625,423460,0.0,0.0
2026-06-16 13:15:00+05:30,1332.199951171875,1332.699951171875,1329.9000244140625,1332.699951171875,626661,0.0,0.0
2026-06-16 13:30:00+05:30,1332.9000244140625,1332.9000244140625,1331.300048828125,1331.699951171875,385001,0.0,0.0
2026-06-16 13:45:00+05:30,1331.699951171875,1332.5,1330.199951171875,1330.4000244140625,292754,0.0,0.0
2026-06-16 14:00:00+05:30,1330.4000244140625,1332.0,1330.0,1331.9000244140625,331677,0.0,0.0
2026-06-16 14:15:00+05:30,1331.4000244140625,1332.5,1330.5999755859375,1331.9000244140625,584539,0.0,0.0
2026-06-16 14:30:00+05:30,1332.4000244140625,1332.9000244140625,1329.800048828125,1329.800048828125,714881,0.0,0.0
2026-06-16 14:45:00+05:30,1329.5999755859375,1332.0999755859375,1328.199951171875,1331.0,1175401,0.0,0.0
2026-06-16 15:00:00+05:30,1331.0999755859375,1332.5,1325.5,1326.4000244140625,2541403,0.0,0.0
2026-06-16 15:15:00+05:30,1326.300048828125,1328.800048828125,1326.199951171875,1328.0,1117322,0.0,0.0
2026-06-17 09:15:00+05:30,1333.0,1333.0,1317.5,1330.0,765505,0.0,0.0
2026-06-17 09:30:00+05:30,1330.199951171875,1330.4000244140625,1326.300048828125,1329.5999755859375,518163,0.0,0.0
2026-06-17 09:45:00+05:30,1329.5999755859375,1332.0,1329.5999755859375,1331.4000244140625,399777,0.0,0.0
2026-06-17 10:00:00+05:30,1331.9000244140625,1332.0,1329.699951171875,1330.5,230441,0.0,0.0
2026-06-17 10:15:00+05:30,1330.5,1331.300048828125,1329.9000244140625,1330.5999755859375,143999,0.0,0.0
2026-06-17 10:30:00+05:30,1330.5999755859375,1330.800048828125,1327.0,1327.800048828125,331766,0.0,0.0
2026-06-17 10:45:00+05:30,1327.9000244140625,1330.0,1327.300048828125,1329.300048828125,270470,0.0,0.0
2026-06-17 11:00:00+05:30,1329.4000244140625,1329.4000244140625,1328.0,1328.5,184578,0.0,0.0
2026-06-17 11:15:00+05:30,1328.5,1330.9000244140625,1327.4000244140625,1330.0,322084,0.0,0.0
2026-06-17 11:30:00+05:30,1330.199951171875,1331.800048828125,1329.199951171875,1330.199951171875,341716,0.0,0.0
2026-06-17 11:45:00+05:30,1330.5,1330.5,1328.5,1328.5999755859375,223008,0.0,0.0
2026-06-17 12:00:00+05:30,1328.699951171875,1330.0,1328.0999755859375,1329.800048828125,361119,0.0,0.0
2026-06-17 12:15:00+05:30,1329.800048828125,1330.0,1326.0999755859375,1328.5999755859375,317769,0.0,0.0
2026-06-17 12:30:00+05:30,1328.5999755859375,1329.9000244140625,1327.199951171875,1329.0999755859375,241404,0.0,0.0
2026-06-17 12:45:00+05:30,1329.199951171875,1331.0,1326.5,1327.0999755859375,314487,0.0,0.0
2026-06-17 13:00:00+05:30,1327.0,1328.9000244140625,1326.0,1327.0,256409,0.0,0.0
2026-06-17 13:15:00+05:30,1327.0,1329.5999755859375,1326.699951171875,1328.5999755859375,144538,0.0,0.0
2026-06-17 13:30:00+05:30,1328.5999755859375,1330.5999755859375,1328.199951171875,1329.699951171875,266675,0.0,0.0
2026-06-17 13:45:00+05:30,1329.699951171875,1330.4000244140625,1329.0,1329.800048828125,206801,0.0,0.0
2026-06-17 14:00:00+05:30,1329.800048828125,1330.800048828125,1327.4000244140625,1328.4000244140625,333731,0.0,0.0
2026-06-17 14:15:00+05:30,1328.800048828125,1330.0,1327.0999755859375,1328.0,417025,0.0,0.0
2026-06-17 14:30:00+05:30,1328.4000244140625,1330.800048828125,1327.5999755859375,1328.699951171875,521151,0.0,0.0
2026-06-17 14:45:00+05:30,1328.699951171875,1331.800048828125,1326.300048828125,1331.5999755859375,654218,0.0,0.0
2026-06-17 15:00:00+05:30,1331.5999755859375,1333.800048828125,1331.4000244140625,1332.5,823346,0.0,0.0
2026-06-17 15:15:00+05:30,1332.4000244140625,1333.0999755859375,1331.9000244140625,1332.0999755859375,637216,0.0,0.0
2026-06-18 09:15:00+05:30,1330.800048828125,1333.5,1326.0,1327.0999755859375,263110,0.0,0.0
2026-06-18 09:30:00+05:30,1327.0999755859375,1328.5,1324.0,1327.5999755859375,524091,0.0,0.0
2026-06-18 09:45:00+05:30,1327.5,1331.0,1327.199951171875,1330.0,439201,0.0,0.0
2026-06-18 10:00:00+05:30,1330.0999755859375,1330.800048828125,1329.0,1329.699951171875,188482,0.0,0.0
2026-06-18 10:15:00+05:30,1329.800048828125,1330.5999755859375,1329.4000244140625,1329.800048828125,249224,0.0,0.0
2026-06-18 10:30:00+05:30,1329.800048828125,1330.199951171875,1327.0,1328.0,520141,0.0,0.0
2026-06-18 10:45:00+05:30,1328.199951171875,1329.0,1326.199951171875,1328.0,736204,0.0,0.0
2026-06-18 11:00:00+05:30,1328.0,1328.0,1326.0,1326.300048828125,192279,0.0,0.0
2026-06-18 11:15:00+05:30,1326.5,1326.5,1324.0,1325.9000244140625,393163,0.0,0.0
2026-06-18 11:30:00+05:30,1325.9000244140625,1327.4000244140625,1325.699951171875,1327.199951171875,250150,0.0,0.0
2026-06-18 11:45:00+05:30,1327.199951171875,1328.4000244140625,1324.5999755859375,1324.800048828125,441263,0.0,0.0
2026-06-18 12:00:00+05:30,1324.9000244140625,1327.0,1324.300048828125,1325.199951171875,543633,0.0,0.0
2026-06-18 12:15:00+05:30,1325.199951171875,1327.800048828125,1322.5999755859375,1327.699951171875,518261,0.0,0.0
2026-06-18 12:30:00+05:30,1327.800048828125,1330.5999755859375,1327.0999755859375,1330.5,368496,0.0,0.0
2026-06-18 12:45:00+05:30,1330.699951171875,1331.5,1329.199951171875,1329.5,334066,0.0,0.0
2026-06-18 13:00:00+05:30,1330.0,1331.199951171875,1329.199951171875,1330.9000244140625,192152,0.0,0.0
2026-06-18 13:15:00+05:30,1331.0,1333.0,1329.300048828125,1331.0999755859375,956540,0.0,0.0
2026-06-18 13:30:00+05:30,1331.0,1331.0999755859375,1327.5999755859375,1330.0999755859375,936322,0.0,0.0
2026-06-18 13:45:00+05:30,1330.0,1330.0999755859375,1326.5999755859375,1328.0,449024,0.0,0.0
2026-06-18 14:00:00+05:30,1328.0,1329.300048828125,1326.0,1326.5,523779,0.0,0.0
2026-06-18 14:15:00+05:30,1326.5,1326.800048828125,1322.699951171875,1323.4000244140625,595602,0.0,0.0
2026-06-18 14:30:00+05:30,1323.4000244140625,1324.5999755859375,1322.0,1323.199951171875,440135,0.0,0.0
2026-06-18 14:45:00+05:30,1323.0,1325.0,1322.0,1324.5999755859375,451632,0.0,0.0
2026-06-18 15:00:00+05:30,1324.199951171875,1330.300048828125,1323.0,1329.800048828125,2793384,0.0,0.0
2026-06-18 15:15:00+05:30,1329.800048828125,1332.5,1329.4000244140625,1331.0,1646249,0.0,0.0
2026-06-19 09:15:00+05:30,1328.9000244140625,1335.800048828125,1325.0,1332.9000244140625,368389,0.0,0.0
2026-06-19 09:30:00+05:30,1332.5,1334.800048828125,1330.0999755859375,1334.0,385472,0.0,0.0
2026-06-19 09:45:00+05:30,1334.300048828125,1335.0,1332.300048828125,1333.0,313746,0.0,0.0
2026-06-19 10:00:00+05:30,1333.0,1338.199951171875,1332.5999755859375,1338.0999755859375,565019,0.0,0.0
2026-06-19 10:15:00+05:30,1337.5999755859375,1338.0,1329.0999755859375,1329.5999755859375,527039,0.0,0.0
2026-06-19 10:30:00+05:30,1329.5,1330.800048828125,1327.0,1329.699951171875,368406,0.0,0.0
2026-06-19 10:45:00+05:30,1330.0,1331.5,1327.0,1327.5999755859375,339787,0.0,0.0
2026-06-19 11:00:00+05:30,1327.5999755859375,1327.699951171875,1322.0999755859375,1325.699951171875,542580,0.0,0.0
2026-06-19 11:15:00+05:30,1325.800048828125,1325.800048828125,1324.0,1325.0999755859375,199030,0.0,0.0
2026-06-19 11:30:00+05:30,1325.4000244140625,1326.5,1325.0,1326.4000244140625,201664,0.0,0.0
2026-06-19 11:45:00+05:30,1326.5,1328.4000244140625,1325.5,1327.5,211268,0.0,0.0
2026-06-19 12:00:00+05:30,1327.5,1327.9000244140625,1325.0999755859375,1326.4000244140625,129464,0.0,0.0
2026-06-19 12:15:00+05:30,1326.199951171875,1328.0,1326.0999755859375,1327.699951171875,109706,0.0,0.0
2026-06-19 12:30:00+05:30,1327.699951171875,1329.300048828125,1326.5,1327.199951171875,195106,0.0,0.0
2026-06-19 12:45:00+05:30,1327.4000244140625,1330.5,1326.0,1326.5,266406,0.0,0.0
2026-06-19 13:00:00+05:30,1326.5,1326.699951171875,1323.9000244140625,1325.199951171875,321192,0.0,0.0
2026-06-19 13:15:00+05:30,1325.5,1325.9000244140625,1324.5,1325.5999755859375,168989,0.0,0.0
2026-06-19 13:30:00+05:30,1325.699951171875,1330.0,1325.5,1329.5,277073,0.0,0.0
2026-06-19 13:45:00+05:30,1329.5,1329.5999755859375,1327.0999755859375,1329.5999755859375,389474,0.0,0.0
2026-06-19 14:00:00+05:30,1329.5999755859375,1332.9000244140625,1325.5,1332.199951171875,1123489,0.0,0.0
2026-06-19 14:15:00+05:30,1332.4000244140625,1335.699951171875,1307.800048828125,1307.800048828125,3479481,0.0,0.0
2026-06-19 14:30:00+05:30,1307.4000244140625,1322.0,1306.199951171875,1316.699951171875,1337284,0.0,0.0
2026-06-19 14:45:00+05:30,1316.5999755859375,1319.0,1308.0,1309.5,868086,0.0,0.0
2026-06-19 15:00:00+05:30,1310.199951171875,1312.800048828125,1305.5999755859375,1309.9000244140625,6144211,0.0,0.0
2026-06-19 15:15:00+05:30,1309.9000244140625,1311.9000244140625,1308.0,1311.5999755859375,5291127,0.0,0.0
2026-06-22 09:15:00+05:30,1316.199951171875,1344.800048828125,1315.0,1340.5,1885162,0.0,0.0
2026-06-22 09:30:00+05:30,1340.9000244140625,1342.800048828125,1336.0,1337.300048828125,1046013,0.0,0.0
2026-06-22 09:45:00+05:30,1337.9000244140625,1340.0,1334.4000244140625,1339.5,790578,0.0,0.0
2026-06-22 10:00:00+05:30,1339.5,1343.0,1338.0,1341.699951171875,901004,0.0,0.0
2026-06-22 10:15:00+05:30,1341.699951171875,1342.300048828125,1337.5,1338.0999755859375,369221,0.0,0.0
2026-06-22 10:30:00+05:30,1338.0,1338.5,1335.0999755859375,1336.300048828125,345108,0.0,0.0
2026-06-22 10:45:00+05:30,1335.800048828125,1341.699951171875,1335.699951171875,1341.0,353893,0.0,0.0
2026-06-22 11:00:00+05:30,1341.0,1341.300048828125,1338.0999755859375,1338.9000244140625,259935,0.0,0.0
2026-06-22 11:15:00+05:30,1338.9000244140625,1338.9000244140625,1336.0,1337.5,296043,0.0,0.0
2026-06-22 11:30:00+05:30,1337.0,1338.5999755859375,1336.9000244140625,1337.4000244140625,187513,0.0,0.0
2026-06-22 11:45:00+05:30,1337.5,1337.5,1333.300048828125,1336.0,463705,0.0,0.0
2026-06-22 12:00:00+05:30,1336.0,1336.0,1331.9000244140625,1331.9000244140625,337778,0.0,0.0
2026-06-22 12:15:00+05:30,1331.9000244140625,1332.4000244140625,1329.4000244140625,1330.199951171875,429999,0.0,0.0
2026-06-22 12:30:00+05:30,1330.199951171875,1331.4000244140625,1327.4000244140625,1328.699951171875,247321,0.0,0.0
2026-06-22 12:45:00+05:30,1328.699951171875,1330.0,1327.5,1329.5999755859375,331082,0.0,0.0
2026-06-22 13:00:00+05:30,1329.4000244140625,1329.9000244140625,1327.5,1329.5,210380,0.0,0.0
2026-06-22 13:15:00+05:30,1329.5,1333.4000244140625,1329.4000244140625,1333.4000244140625,308294,0.0,0.0
2026-06-22 13:30:00+05:30,1333.0,1333.300048828125,1330.5,1332.300048828125,262662,0.0,0.0
2026-06-22 13:45:00+05:30,1332.300048828125,1332.5999755859375,1331.5,1331.699951171875,140843,0.0,0.0
2026-06-22 14:00:00+05:30,1331.800048828125,1332.4000244140625,1330.0,1330.0999755859375,181559,0.0,0.0
2026-06-22 14:15:00+05:30,1330.0999755859375,1332.300048828125,1329.800048828125,1332.0,194835,0.0,0.0
2026-06-22 14:30:00+05:30,1332.0,1333.0,1329.800048828125,1330.699951171875,261535,0.0,0.0
2026-06-22 14:45:00+05:30,1330.699951171875,1331.300048828125,1328.0,1328.300048828125,318163,0.0,0.0
2026-06-22 15:00:00+05:30,1328.5,1328.5999755859375,1326.0999755859375,1327.199951171875,717858,0.0,0.0
2026-06-22 15:15:00+05:30,1327.300048828125,1328.300048828125,1323.0999755859375,1324.9000244140625,1207985,0.0,0.0
2026-06-23 09:15:00+05:30,1328.199951171875,1333.0,1324.0,1324.5999755859375,679517,0.0,0.0
2026-06-23 09:30:00+05:30,1324.4000244140625,1328.5999755859375,1324.4000244140625,1328.0,425526,0.0,0.0
2026-06-23 09:45:00+05:30,1328.0,1328.0,1326.0999755859375,1326.5999755859375,397089,0.0,0.0
2026-06-23 10:00:00+05:30,1326.5999755859375,1329.5999755859375,1326.4000244140625,1328.5,253227,0.0,0.0
2026-06-23 10:15:00+05:30,1328.5,1329.199951171875,1327.0999755859375,1327.300048828125,278378,0.0,0.0
2026-06-23 10:30:00+05:30,1327.199951171875,1328.5999755859375,1326.5,1327.9000244140625,222063,0.0,0.0
2026-06-23 10:45:00+05:30,1328.0,1329.199951171875,1326.5,1326.5,305274,0.0,0.0
2026-06-23 11:00:00+05:30,1326.5,1328.5,1325.300048828125,1326.699951171875,352596,0.0,0.0
2026-06-23 11:15:00+05:30,1326.5,1327.699951171875,1325.699951171875,1326.5,292953,0.0,0.0
2026-06-23 11:30:00+05:30,1326.4000244140625,1329.300048828125,1326.199951171875,1328.0,362852,0.0,0.0
2026-06-23 11:45:00+05:30,1327.800048828125,1327.9000244140625,1321.5,1323.4000244140625,458506,0.0,0.0
2026-06-23 12:00:00+05:30,1323.5999755859375,1324.0,1322.0,1323.0999755859375,367842,0.0,0.0
2026-06-23 12:15:00+05:30,1323.300048828125,1323.5,1319.0,1320.699951171875,418847,0.0,0.0
2026-06-23 12:30:00+05:30,1320.699951171875,1321.199951171875,1319.5,1320.4000244140625,275921,0.0,0.0
2026-06-23 12:45:00+05:30,1320.300048828125,1320.5999755859375,1319.300048828125,1320.5,231714,0.0,0.0
2026-06-23 13:00:00+05:30,1320.5,1320.699951171875,1319.300048828125,1320.300048828125,408404,0.0,0.0
2026-06-23 13:15:00+05:30,1320.4000244140625,1320.5999755859375,1319.699951171875,1320.4000244140625,320688,0.0,0.0
2026-06-23 13:30:00+05:30,1320.4000244140625,1320.5999755859375,1316.0999755859375,1317.0,728354,0.0,0.0
2026-06-23 13:45:00+05:30,1317.0,1317.0,1314.0,1315.0,559359,0.0,0.0
2026-06-23 14:00:00+05:30,1315.4000244140625,1316.699951171875,1314.5999755859375,1316.5999755859375,641109,0.0,0.0
2026-06-23 14:15:00+05:30,1316.5999755859375,1316.9000244140625,1315.0,1315.5999755859375,464405,0.0,0.0
2026-06-23 14:30:00+05:30,1315.5999755859375,1315.9000244140625,1315.0,1315.199951171875,573666,0.0,0.0
2026-06-23 14:45:00+05:30,1315.4000244140625,1315.800048828125,1314.699951171875,1315.0999755859375,820114,0.0,0.0
2026-06-23 15:00:00+05:30,1315.300048828125,1315.300048828125,1309.5999755859375,1310.300048828125,2253942,0.0,0.0
2026-06-23 15:15:00+05:30,1310.300048828125,1310.300048828125,1304.0,1306.0,2560777,0.0,0.0
2026-06-24 09:15:00+05:30,1306.4000244140625,1308.199951171875,1301.5,1304.9000244140625,343842,0.0,0.0
2026-06-24 09:30:00+05:30,1305.0,1305.699951171875,1301.0999755859375,1301.0999755859375,492714,0.0,0.0
2026-06-24 09:45:00+05:30,1301.199951171875,1304.0,1297.5,1303.300048828125,880372,0.0,0.0
2026-06-24 10:00:00+05:30,1303.300048828125,1311.699951171875,1303.300048828125,1309.9000244140625,554382,0.0,0.0
2026-06-24 10:15:00+05:30,1310.0999755859375,1314.300048828125,1309.0999755859375,1312.800048828125,295323,0.0,0.0
2026-06-24 10:30:00+05:30,1312.800048828125,1312.9000244140625,1310.0,1310.0,182780,0.0,0.0
2026-06-24 10:45:00+05:30,1310.0999755859375,1312.699951171875,1310.0,1312.300048828125,193189,0.0,0.0
2026-06-24 11:00:00+05:30,1312.4000244140625,1314.800048828125,1311.0,1313.5,275531,0.0,0.0
2026-06-24 11:15:00+05:30,1313.300048828125,1314.0,1309.800048828125,1311.9000244140625,359766,0.0,0.0
2026-06-24 11:30:00+05:30,1311.5999755859375,1312.4000244140625,1310.5,1311.800048828125,285074,0.0,0.0
2026-06-24 11:45:00+05:30,1312.0,1314.0,1311.9000244140625,1312.699951171875,276453,0.0,0.0
2026-06-24 12:00:00+05:30,1312.5,1313.0999755859375,1310.0,1310.5,259842,0.0,0.0
2026-06-24 12:15:00+05:30,1310.5,1313.0999755859375,1310.4000244140625,1313.0999755859375,186097,0.0,0.0
2026-06-24 12:30:00+05:30,1313.0999755859375,1313.0999755859375,1310.699951171875,1312.9000244140625,254424,0.0,0.0
2026-06-24 12:45:00+05:30,1312.9000244140625,1317.0999755859375,1312.0,1316.199951171875,466539,0.0,0.0
2026-06-24 13:00:00+05:30,1316.199951171875,1319.300048828125,1314.5,1319.300048828125,419801,0.0,0.0
2026-06-24 13:15:00+05:30,1319.300048828125,1320.0,1317.199951171875,1318.0,335899,0.0,0.0
2026-06-24 13:30:00+05:30,1317.9000244140625,1320.4000244140625,1317.9000244140625,1319.800048828125,283682,0.0,0.0
2026-06-24 13:45:00+05:30,1319.9000244140625,1321.9000244140625,1317.5999755859375,1318.5999755859375,399323,0.0,0.0
2026-06-24 14:00:00+05:30,1318.699951171875,1321.0,1316.699951171875,1320.4000244140625,513686,0.0,0.0
2026-06-24 14:15:00+05:30,1319.9000244140625,1320.800048828125,1319.300048828125,1320.199951171875,273259,0.0,0.0
2026-06-24 14:30:00+05:30,1320.199951171875,1320.699951171875,1318.0,1320.0,409116,0.0,0.0
2026-06-24 14:45:00+05:30,1320.0,1320.4000244140625,1315.9000244140625,1316.5,555845,0.0,0.0
2026-06-24 15:00:00+05:30,1316.4000244140625,1316.4000244140625,1311.0999755859375,1311.699951171875,1110647,0.0,0.0
2026-06-24 15:15:00+05:30,1311.699951171875,1315.300048828125,1311.699951171875,1313.4000244140625,790520,0.0,0.0
2026-06-25 09:15:00+05:30,1318.0,1323.9000244140625,1317.699951171875,1321.0,396447,0.0,0.0
2026-06-25 09:30:00+05:30,1321.0,1322.300048828125,1320.300048828125,1321.5,374599,0.0,0.0
2026-06-25 09:45:00+05:30,1321.5,1327.699951171875,1321.300048828125,1327.5,661206,0.0,0.0
2026-06-25 10:00:00+05:30,1327.5999755859375,1327.5999755859375,1324.199951171875,1326.5999755859375,369301,0.0,0.0
2026-06-25 10:15:00+05:30,1326.9000244140625,1327.9000244140625,1324.0999755859375,1324.4000244140625,457443,0.0,0.0
2026-06-25 10:30:00+05:30,1324.4000244140625,1325.9000244140625,1323.699951171875,1325.5,441715,0.0,0.0
2026-06-25 10:45:00+05:30,1325.0,1326.800048828125,1324.4000244140625,1326.199951171875,234829,0.0,0.0
2026-06-25 11:00:00+05:30,1326.300048828125,1326.5,1324.0999755859375,1324.699951171875,289778,0.0,0.0
2026-06-25 11:15:00+05:30,1324.5999755859375,1325.5999755859375,1322.300048828125,1322.9000244140625,333125,0.0,0.0
2026-06-25 11:30:00+05:30,1322.5999755859375,1323.5,1320.0,1321.0,299759,0.0,0.0
2026-06-25 11:45:00+05:30,1321.0,1324.199951171875,1320.0,1323.800048828125,242930,0.0,0.0
2026-06-25 12:00:00+05:30,1323.800048828125,1324.4000244140625,1322.0,1322.0,224726,0.0,0.0
2026-06-25 12:15:00+05:30,1322.0,1322.5999755859375,1318.0999755859375,1318.0999755859375,314505,0.0,0.0
2026-06-25 12:30:00+05:30,1318.199951171875,1320.699951171875,1316.5,1320.0999755859375,372808,0.0,0.0
2026-06-25 12:45:00+05:30,1320.199951171875,1322.300048828125,1320.0,1322.199951171875,205076,0.0,0.0
2026-06-25 13:00:00+05:30,1322.199951171875,1323.4000244140625,1320.0,1320.4000244140625,256616,0.0,0.0
2026-06-25 13:15:00+05:30,1320.4000244140625,1322.0,1320.0,1321.199951171875,207161,0.0,0.0
2026-06-25 13:30:00+05:30,1321.5,1322.699951171875,1320.699951171875,1322.0999755859375,257199,0.0,0.0
2026-06-25 13:45:00+05:30,1322.300048828125,1322.800048828125,1320.5999755859375,1320.800048828125,304050,0.0,0.0
2026-06-25 14:00:00+05:30,1320.300048828125,1322.5,1319.0,1320.0,352533,0.0,0.0
2026-06-25 14:15:00+05:30,1319.9000244140625,1320.300048828125,1317.5,1319.4000244140625,501898,0.0,0.0
2026-06-25 14:30:00+05:30,1319.4000244140625,1320.9000244140625,1315.0,1315.5,834055,0.0,0.0
2026-06-25 14:45:00+05:30,1315.5,1320.800048828125,1315.199951171875,1319.5999755859375,650845,0.0,0.0
2026-06-25 15:00:00+05:30,1319.9000244140625,1320.9000244140625,1317.4000244140625,1319.0,2406667,0.0,0.0
2026-06-25 15:15:00+05:30,1319.0,1319.0999755859375,1314.5999755859375,1318.0999755859375,1373067,0.0,0.0
2026-06-29 09:15:00+05:30,1310.0999755859375,1313.5,1306.5999755859375,1310.5999755859375,281867,0.0,0.0
2026-06-29 09:30:00+05:30,1310.5,1311.0999755859375,1305.0999755859375,1310.0,566575,0.0,0.0
2026-06-29 09:45:00+05:30,1310.0,1310.9000244140625,1309.5,1309.800048828125,206709,0.0,0.0
2026-06-29 10:00:00+05:30,1309.800048828125,1311.0,1309.0999755859375,1310.4000244140625,223350,0.0,0.0
2026-06-29 10:15:00+05:30,1310.199951171875,1312.9000244140625,1309.699951171875,1311.800048828125,298531,0.0,0.0
2026-06-29 10:30:00+05:30,1311.800048828125,1313.5,1311.199951171875,1311.4000244140625,308469,0.0,0.0
2026-06-29 10:45:00+05:30,1311.4000244140625,1312.0,1307.0,1308.0,283991,0.0,0.0
2026-06-29 11:00:00+05:30,1308.199951171875,1309.300048828125,1307.5,1308.0999755859375,291653,0.0,0.0
2026-06-29 11:15:00+05:30,1308.0,1310.0999755859375,1307.4000244140625,1308.5999755859375,339570,0.0,0.0
2026-06-29 11:30:00+05:30,1308.5,1309.5,1304.199951171875,1305.0999755859375,678165,0.0,0.0
2026-06-29 11:45:00+05:30,1305.4000244140625,1305.800048828125,1301.0,1303.699951171875,551914,0.0,0.0
2026-06-29 12:00:00+05:30,1303.699951171875,1304.699951171875,1302.5,1302.5999755859375,423404,0.0,0.0
2026-06-29 12:15:00+05:30,1302.5999755859375,1304.0,1301.300048828125,1301.699951171875,276190,0.0,0.0
2026-06-29 12:30:00+05:30,1301.800048828125,1303.300048828125,1300.5999755859375,1301.4000244140625,349647,0.0,0.0
2026-06-29 12:45:00+05:30,1301.4000244140625,1302.9000244140625,1301.300048828125,1302.4000244140625,140134,0.0,0.0
2026-06-29 13:00:00+05:30,1302.5,1302.5,1300.300048828125,1300.699951171875,271984,0.0,0.0
2026-06-29 13:15:00+05:30,1300.699951171875,1301.5,1300.0999755859375,1301.300048828125,226639,0.0,0.0
2026-06-29 13:30:00+05:30,1301.300048828125,1303.300048828125,1299.5,1299.699951171875,463365,0.0,0.0
2026-06-29 13:45:00+05:30,1299.699951171875,1299.699951171875,1295.4000244140625,1297.300048828125,452367,0.0,0.0
2026-06-29 14:00:00+05:30,1297.300048828125,1297.5999755859375,1294.699951171875,1295.0,346354,0.0,0.0
2026-06-29 14:15:00+05:30,1295.0,1295.4000244140625,1293.0,1293.5999755859375,479510,0.0,0.0
2026-06-29 14:30:00+05:30,1293.9000244140625,1297.699951171875,1292.5999755859375,1295.800048828125,670753,0.0,0.0
2026-06-29 14:45:00+05:30,1295.800048828125,1297.0,1295.300048828125,1296.199951171875,493828,0.0,0.0
2026-06-29 15:00:00+05:30,1296.0999755859375,1301.800048828125,1296.0,1301.699951171875,2269134,0.0,0.0
2026-06-29 15:15:00+05:30,1301.5,1303.0999755859375,1300.0,1302.0,1944584,0.0,0.0
2026-06-30 09:15:00+05:30,1305.800048828125,1306.9000244140625,1292.699951171875,1294.5999755859375,444986,0.0,0.0
2026-06-30 09:30:00+05:30,1294.5999755859375,1295.0999755859375,1290.0,1291.4000244140625,602801,0.0,0.0
2026-06-30 09:45:00+05:30,1291.0999755859375,1295.0,1291.0,1294.800048828125,343770,0.0,0.0
2026-06-30 10:00:00+05:30,1294.800048828125,1296.199951171875,1293.5,1295.300048828125,381463,0.0,0.0
2026-06-30 10:15:00+05:30,1295.300048828125,1296.9000244140625,1295.0,1295.9000244140625,336163,0.0,0.0
2026-06-30 10:30:00+05:30,1295.800048828125,1297.0,1293.5,1294.699951171875,430070,0.0,0.0
2026-06-30 10:45:00+05:30,1294.5999755859375,1297.800048828125,1292.5,1292.5,390011,0.0,0.0
2026-06-30 11:00:00+05:30,1292.800048828125,1297.0,1292.0,1296.699951171875,519025,0.0,0.0
2026-06-30 11:15:00+05:30,1296.5999755859375,1300.0,1295.5999755859375,1298.0,605673,0.0,0.0
2026-06-30 11:30:00+05:30,1298.0999755859375,1298.5,1294.9000244140625,1295.0,397482,0.0,0.0
2026-06-30 11:45:00+05:30,1294.9000244140625,1297.9000244140625,1294.199951171875,1297.9000244140625,294278,0.0,0.0
2026-06-30 12:00:00+05:30,1297.800048828125,1297.800048828125,1294.0999755859375,1295.300048828125,232315,0.0,0.0
2026-06-30 12:15:00+05:30,1295.300048828125,1297.0999755859375,1295.0,1296.300048828125,354025,0.0,0.0
2026-06-30 12:30:00+05:30,1296.5,1299.5999755859375,1295.5,1299.0,323085,0.0,0.0
2026-06-30 12:45:00+05:30,1298.9000244140625,1299.9000244140625,1296.0999755859375,1297.5,765600,0.0,0.0
2026-06-30 13:00:00+05:30,1297.5,1297.699951171875,1295.0999755859375,1295.5999755859375,487798,0.0,0.0
2026-06-30 13:15:00+05:30,1295.4000244140625,1295.5999755859375,1293.0,1295.0,392322,0.0,0.0
2026-06-30 13:30:00+05:30,1294.9000244140625,1297.300048828125,1294.5,1296.5999755859375,330953,0.0,0.0
2026-06-30 13:45:00+05:30,1296.5999755859375,1297.0,1294.0,1294.9000244140625,413690,0.0,0.0
2026-06-30 14:00:00+05:30,1294.699951171875,1295.0999755859375,1292.5,1293.0,538462,0.0,0.0
2026-06-30 14:15:00+05:30,1293.199951171875,1297.0,1292.5,1296.0,803922,0.0,0.0
2026-06-30 14:30:00+05:30,1294.9000244140625,1296.4000244140625,1292.699951171875,1296.0,893344,0.0,0.0
2026-06-30 14:45:00+05:30,1296.199951171875,1296.300048828125,1293.5,1294.199951171875,676501,0.0,0.0
2026-06-30 15:00:00+05:30,1294.199951171875,1295.199951171875,1292.199951171875,1294.800048828125,2551474,0.0,0.0
2026-06-30 15:15:00+05:30,1294.800048828125,1295.0,1293.0999755859375,1294.0,1726675,0.0,0.0
2026-07-01 09:15:00+05:30,1297.5,1301.300048828125,1296.9000244140625,1301.300048828125,197130,0.0,0.0
2026-07-01 09:30:00+05:30,1301.0,1301.300048828125,1297.0,1298.0999755859375,292683,0.0,0.0
2026-07-01 09:45:00+05:30,1298.0999755859375,1308.0,1297.5999755859375,1307.4000244140625,431400,0.0,0.0
2026-07-01 10:00:00+05:30,1307.9000244140625,1311.4000244140625,1305.699951171875,1306.4000244140625,593755,0.0,0.0
2026-07-01 10:15:00+05:30,1306.5,1309.9000244140625,1306.0999755859375,1306.199951171875,208219,0.0,0.0
2026-07-01 10:30:00+05:30,1307.0,1308.199951171875,1303.0,1303.9000244140625,240665,0.0,0.0
2026-07-01 10:45:00+05:30,1303.9000244140625,1306.300048828125,1303.199951171875,1306.199951171875,157552,0.0,0.0
2026-07-01 11:00:00+05:30,1306.5,1311.0,1304.5,1310.699951171875,306299,0.0,0.0
2026-07-01 11:15:00+05:30,1310.800048828125,1312.199951171875,1308.5,1309.0,300504,0.0,0.0
2026-07-01 11:30:00+05:30,1309.0999755859375,1310.4000244140625,1307.5999755859375,1310.0999755859375,314985,0.0,0.0
2026-07-01 11:45:00+05:30,1310.0999755859375,1311.0,1306.9000244140625,1308.199951171875,221804,0.0,0.0
2026-07-01 12:00:00+05:30,1308.199951171875,1310.5,1307.300048828125,1309.300048828125,384230,0.0,0.0
2026-07-01 12:15:00+05:30,1309.199951171875,1310.0,1307.0,1307.300048828125,347526,0.0,0.0
2026-07-01 12:30:00+05:30,1307.5,1311.800048828125,1307.300048828125,1310.0,242055,0.0,0.0
2026-07-01 12:45:00+05:30,1310.0,1310.0,1308.199951171875,1308.4000244140625,119318,0.0,0.0
2026-07-01 13:00:00+05:30,1308.5,1308.9000244140625,1307.5,1308.0,84289,0.0,0.0
2026-07-01 13:15:00+05:30,1307.9000244140625,1309.300048828125,1307.800048828125,1308.699951171875,120534,0.0,0.0
2026-07-01 13:30:00+05:30,1308.5999755859375,1311.800048828125,1308.0,1310.5,267631,0.0,0.0
2026-07-01 13:45:00+05:30,1310.5,1310.699951171875,1309.0,1310.0,96967,0.0,0.0
2026-07-01 14:00:00+05:30,1309.9000244140625,1311.5,1309.699951171875,1310.0,155219,0.0,0.0
2026-07-01 14:15:00+05:30,1310.199951171875,1310.5,1309.199951171875,1310.0,123539,0.0,0.0
2026-07-01 14:30:00+05:30,1310.0,1310.9000244140625,1309.0999755859375,1310.5,220396,0.0,0.0
2026-07-01 14:45:00+05:30,1310.4000244140625,1310.800048828125,1309.5,1309.5,122393,0.0,0.0
2026-07-01 15:00:00+05:30,1309.800048828125,1310.0,1307.4000244140625,1308.5,520223,0.0,0.0
2026-07-01 15:15:00+05:30,1308.5,1308.699951171875,1306.0999755859375,1306.5,562148,0.0,0.0
2026-07-02 09:15:00+05:30,1310.0,1312.4000244140625,1305.5999755859375,1308.699951171875,286305,0.0,0.0
2026-07-02 09:30:00+05:30,1309.0,1313.0,1308.699951171875,1312.199951171875,409692,0.0,0.0
2026-07-02 09:45:00+05:30,1312.0,1312.0,1308.0,1309.300048828125,276713,0.0,0.0
2026-07-02 10:00:00+05:30,1309.199951171875,1309.300048828125,1304.0999755859375,1305.0,542738,0.0,0.0
2026-07-02 10:15:00+05:30,1305.0,1305.0,1302.5999755859375,1304.0,522122,0.0,0.0
2026-07-02 10:30:00+05:30,1304.4000244140625,1304.5,1302.5,1303.5,333009,0.0,0.0
2026-07-02 10:45:00+05:30,1303.4000244140625,1304.300048828125,1300.5,1302.0,1745263,0.0,0.0
2026-07-02 11:00:00+05:30,1302.0,1305.800048828125,1301.9000244140625,1303.800048828125,563816,0.0,0.0
2026-07-02 11:15:00+05:30,1303.9000244140625,1305.0,1301.199951171875,1301.5999755859375,1212046,0.0,0.0
2026-07-02 11:30:00+05:30,1301.5999755859375,1303.0,1299.4000244140625,1303.0,644279,0.0,0.0
2026-07-02 11:45:00+05:30,1303.0,1304.300048828125,1302.199951171875,1303.5999755859375,990660,0.0,0.0
2026-07-02 12:00:00+05:30,1303.5999755859375,1304.5999755859375,1302.699951171875,1304.199951171875,877674,0.0,0.0
2026-07-02 12:15:00+05:30,1304.0,1304.5,1303.300048828125,1304.199951171875,954798,0.0,0.0
2026-07-02 12:30:00+05:30,1304.199951171875,1304.199951171875,1302.5999755859375,1303.300048828125,437251,0.0,0.0
2026-07-02 12:45:00+05:30,1303.199951171875,1304.0999755859375,1302.5,1303.699951171875,382591,0.0,0.0
2026-07-02 13:00:00+05:30,1303.800048828125,1304.4000244140625,1302.800048828125,1304.4000244140625,468243,0.0,0.0
2026-07-02 13:15:00+05:30,1304.0,1304.699951171875,1303.199951171875,1304.199951171875,823228,0.0,0.0
2026-07-02 13:30:00+05:30,1304.0999755859375,1307.0,1303.4000244140625,1303.9000244140625,627956,0.0,0.0
2026-07-02 13:45:00+05:30,1303.800048828125,1304.9000244140625,1303.4000244140625,1303.699951171875,393290,0.0,0.0
2026-07-02 14:00:00+05:30,1303.800048828125,1304.5999755859375,1303.199951171875,1303.9000244140625,430733,0.0,0.0
2026-07-02 14:15:00+05:30,1303.9000244140625,1304.5,1303.300048828125,1303.300048828125,436066,0.0,0.0
2026-07-02 14:30:00+05:30,1303.300048828125,1304.300048828125,1303.300048828125,1303.800048828125,335219,0.0,0.0
2026-07-02 14:45:00+05:30,1303.800048828125,1304.800048828125,1302.9000244140625,1303.0999755859375,578264,0.0,0.0
2026-07-02 15:00:00+05:30,1303.199951171875,1305.699951171875,1303.0999755859375,1303.800048828125,2082221,0.0,0.0
2026-07-02 15:15:00+05:30,1303.800048828125,1303.800048828125,1301.0,1301.9000244140625,1110843,0.0,0.0
2026-07-03 09:15:00+05:30,1312.0,1312.0,1306.0,1306.800048828125,151611,0.0,0.0
2026-07-03 09:30:00+05:30,1307.300048828125,1309.9000244140625,1306.800048828125,1306.800048828125,217938,0.0,0.0
2026-07-03 09:45:00+05:30,1306.800048828125,1308.0999755859375,1305.199951171875,1307.0,190194,0.0,0.0
2026-07-03 10:00:00+05:30,1306.800048828125,1307.199951171875,1304.0999755859375,1305.0999755859375,312595,0.0,0.0
2026-07-03 10:15:00+05:30,1305.0999755859375,1305.5,1303.5,1304.5999755859375,229642,0.0,0.0
2026-07-03 10:30:00+05:30,1304.300048828125,1305.5,1303.300048828125,1303.5,178372,0.0,0.0
2026-07-03 10:45:00+05:30,1303.4000244140625,1305.199951171875,1302.5999755859375,1303.300048828125,348994,0.0,0.0
2026-07-03 11:00:00+05:30,1303.300048828125,1304.5,1302.0999755859375,1302.5,246983,0.0,0.0
2026-07-03 11:15:00+05:30,1302.5999755859375,1304.300048828125,1302.0,1303.5,301546,0.0,0.0
2026-07-03 11:30:00+05:30,1303.5,1306.9000244140625,1302.9000244140625,1305.5999755859375,489251,0.0,0.0
2026-07-03 11:45:00+05:30,1305.5999755859375,1310.0,1305.0,1309.300048828125,463004,0.0,0.0
2026-07-03 12:00:00+05:30,1309.300048828125,1309.4000244140625,1305.4000244140625,1307.0,523718,0.0,0.0
2026-07-03 12:15:00+05:30,1307.0,1307.300048828125,1303.0,1303.4000244140625,309573,0.0,0.0
2026-07-03 12:30:00+05:30,1303.5,1304.9000244140625,1303.0999755859375,1303.199951171875,169077,0.0,0.0
2026-07-03 12:45:00+05:30,1303.199951171875,1305.0,1303.199951171875,1304.4000244140625,262605,0.0,0.0
2026-07-03 13:00:00+05:30,1304.0,1305.0,1303.0,1303.5999755859375,179426,0.0,0.0
2026-07-03 13:15:00+05:30,1303.5999755859375,1304.199951171875,1303.0,1303.5999755859375,222754,0.0,0.0
2026-07-03 13:30:00+05:30,1303.5,1304.9000244140625,1302.4000244140625,1304.9000244140625,262769,0.0,0.0
2026-07-03 13:45:00+05:30,1305.0,1305.4000244140625,1303.5,1304.5999755859375,290119,0.0,0.0
2026-07-03 14:00:00+05:30,1304.699951171875,1306.5,1304.5,1306.0999755859375,209461,0.0,0.0
2026-07-03 14:15:00+05:30,1306.0,1306.300048828125,1304.800048828125,1305.5,238150,0.0,0.0
2026-07-03 14:30:00+05:30,1305.5999755859375,1306.199951171875,1304.0999755859375,1304.0999755859375,360666,0.0,0.0
2026-07-03 14:45:00+05:30,1304.699951171875,1304.9000244140625,1303.0999755859375,1303.4000244140625,204033,0.0,0.0
2026-07-03 15:00:00+05:30,1303.5,1304.300048828125,1303.5,1303.800048828125,543738,0.0,0.0
2026-07-03 15:15:00+05:30,1303.9000244140625,1305.199951171875,1302.5,1305.199951171875,536813,0.0,0.0
2026-07-06 09:15:00+05:30,1304.699951171875,1305.800048828125,1299.699951171875,1300.699951171875,228155,0.0,0.0
2026-07-06 09:30:00+05:30,1301.199951171875,1304.0999755859375,1301.199951171875,1302.199951171875,160865,0.0,0.0
2026-07-06 09:45:00+05:30,1302.199951171875,1304.5999755859375,1302.199951171875,1303.0,163341,0.0,0.0
2026-07-06 10:00:00+05:30,1303.0,1303.300048828125,1301.5,1303.300048828125,200002,0.0,0.0
2026-07-06 10:15:00+05:30,1303.300048828125,1309.800048828125,1303.199951171875,1309.199951171875,423548,0.0,0.0
2026-07-06 10:30:00+05:30,1309.0999755859375,1311.0,1308.300048828125,1308.699951171875,295222,0.0,0.0
2026-07-06 10:45:00+05:30,1308.5999755859375,1325.5,1308.0999755859375,1322.699951171875,1089592,0.0,0.0
2026-07-06 11:00:00+05:30,1322.9000244140625,1325.0,1318.699951171875,1321.300048828125,408777,0.0,0.0
2026-07-06 11:15:00+05:30,1321.199951171875,1321.5,1317.4000244140625,1321.5,239616,0.0,0.0
2026-07-06 11:30:00+05:30,1321.5,1323.699951171875,1320.300048828125,1322.9000244140625,232484,0.0,0.0
2026-07-06 11:45:00+05:30,1323.0,1323.199951171875,1320.199951171875,1321.5,168207,0.0,0.0
2026-07-06 12:00:00+05:30,1321.5,1322.5,1320.199951171875,1322.5,102947,0.0,0.0
2026-07-06 12:15:00+05:30,1322.5,1323.0,1321.0999755859375,1322.4000244140625,139984,0.0,0.0
2026-07-06 12:30:00+05:30,1322.4000244140625,1325.300048828125,1322.199951171875,1323.800048828125,415271,0.0,0.0
2026-07-06 12:45:00+05:30,1323.800048828125,1324.0,1319.199951171875,1320.9000244140625,251981,0.0,0.0
2026-07-06 13:00:00+05:30,1321.199951171875,1323.800048828125,1320.0,1323.0999755859375,150344,0.0,0.0
2026-07-06 13:15:00+05:30,1323.0,1323.800048828125,1320.5999755859375,1321.4000244140625,146535,0.0,0.0
2026-07-06 13:30:00+05:30,1321.4000244140625,1324.4000244140625,1321.199951171875,1322.0,333948,0.0,0.0
2026-07-06 13:45:00+05:30,1322.199951171875,1322.4000244140625,1319.0,1319.4000244140625,178952,0.0,0.0
2026-07-06 14:00:00+05:30,1319.199951171875,1320.5999755859375,1318.0999755859375,1318.5,281215,0.0,0.0
2026-07-06 14:15:00+05:30,1318.5,1320.5999755859375,1317.5999755859375,1319.9000244140625,178962,0.0,0.0
2026-07-06 14:30:00+05:30,1319.9000244140625,1320.4000244140625,1317.5999755859375,1318.199951171875,158255,0.0,0.0
2026-07-06 14:45:00+05:30,1318.0999755859375,1320.199951171875,1317.4000244140625,1318.0999755859375,231258,0.0,0.0
2026-07-06 15:00:00+05:30,1318.0999755859375,1322.300048828125,1318.0999755859375,1321.800048828125,520019,0.0,0.0
2026-07-06 15:15:00+05:30,1321.9000244140625,1322.300048828125,1320.699951171875,1321.300048828125,545214,0.0,0.0
2026-07-07 09:15:00+05:30,1324.9000244140625,1327.9000244140625,1315.4000244140625,1316.5999755859375,227321,0.0,0.0
2026-07-07 09:30:00+05:30,1316.5999755859375,1320.5999755859375,1315.0999755859375,1318.699951171875,346690,0.0,0.0
2026-07-07 09:45:00+05:30,1319.0,1321.0,1317.800048828125,1319.800048828125,207495,0.0,0.0
2026-07-07 10:00:00+05:30,1319.5999755859375,1322.300048828125,1318.699951171875,1320.800048828125,255911,0.0,0.0
2026-07-07 10:15:00+05:30,1320.699951171875,1320.800048828125,1316.9000244140625,1318.9000244140625,389800,0.0,0.0
2026-07-07 10:30:00+05:30,1319.300048828125,1322.0,1317.9000244140625,1319.5999755859375,314889,0.0,0.0
2026-07-07 10:45:00+05:30,1319.699951171875,1320.699951171875,1318.199951171875,1318.5,422678,0.0,0.0
2026-07-07 11:00:00+05:30,1318.5,1320.0,1317.800048828125,1319.699951171875,597668,0.0,0.0
2026-07-07 11:15:00+05:30,1319.5,1320.0,1315.0,1316.5,611197,0.0,0.0
2026-07-07 11:30:00+05:30,1316.5,1317.5999755859375,1312.0999755859375,1312.4000244140625,523530,0.0,0.0
2026-07-07 11:45:00+05:30,1312.0,1315.0,1311.9000244140625,1314.4000244140625,621936,0.0,0.0
2026-07-07 12:00:00+05:30,1314.4000244140625,1315.0999755859375,1311.300048828125,1313.5,547016,0.0,0.0
2026-07-07 12:15:00+05:30,1313.5,1315.5,1310.4000244140625,1314.0999755859375,601388,0.0,0.0
2026-07-07 12:30:00+05:30,1314.0,1315.9000244140625,1313.0,1315.300048828125,737637,0.0,0.0
2026-07-07 12:45:00+05:30,1315.300048828125,1316.9000244140625,1314.0999755859375,1316.5,695818,0.0,0.0
2026-07-07 13:00:00+05:30,1316.0999755859375,1316.5,1314.5,1315.4000244140625,308727,0.0,0.0
2026-07-07 13:15:00+05:30,1315.800048828125,1315.800048828125,1312.0999755859375,1314.5,402321,0.0,0.0
2026-07-07 13:30:00+05:30,1314.5,1315.0,1312.300048828125,1313.5999755859375,431771,0.0,0.0
2026-07-07 13:45:00+05:30,1313.800048828125,1315.4000244140625,1312.199951171875,1313.4000244140625,589901,0.0,0.0
2026-07-07 14:00:00+05:30,1313.4000244140625,1315.199951171875,1312.0999755859375,1314.5,391913,0.0,0.0
2026-07-07 14:15:00+05:30,1314.5,1315.199951171875,1312.9000244140625,1313.800048828125,459264,0.0,0.0
2026-07-07 14:30:00+05:30,1313.800048828125,1316.0,1313.699951171875,1315.5999755859375,426560,0.0,0.0
2026-07-07 14:45:00+05:30,1315.5999755859375,1316.9000244140625,1314.4000244140625,1315.300048828125,377834,0.0,0.0
2026-07-07 15:00:00+05:30,1315.4000244140625,1315.699951171875,1307.0,1307.5999755859375,1886108,0.0,0.0
2026-07-07 15:15:00+05:30,1307.5999755859375,1307.699951171875,1304.4000244140625,1304.9000244140625,1642142,0.0,0.0
2026-07-08 09:15:00+05:30,1298.0,1300.0,1278.300048828125,1280.0,1794009,0.0,0.0
2026-07-08 09:30:00+05:30,1280.0,1281.699951171875,1277.4000244140625,1280.9000244140625,1255808,0.0,0.0
2026-07-08 09:45:00+05:30,1281.0,1288.5,1280.0,1288.0,1034362,0.0,0.0
2026-07-08 10:00:00+05:30,1288.0,1292.9000244140625,1286.5999755859375,1291.0,1141976,0.0,0.0
2026-07-08 10:15:00+05:30,1290.9000244140625,1293.0999755859375,1290.5,1292.800048828125,611581,0.0,0.0
2026-07-08 10:30:00+05:30,1293.199951171875,1295.300048828125,1290.800048828125,1293.0999755859375,432149,0.0,0.0
2026-07-08 10:45:00+05:30,1293.300048828125,1293.5999755859375,1291.4000244140625,1293.0999755859375,318535,0.0,0.0
2026-07-08 11:00:00+05:30,1293.0999755859375,1293.9000244140625,1291.5999755859375,1292.4000244140625,248597,0.0,0.0
2026-07-08 11:15:00+05:30,1292.4000244140625,1293.4000244140625,1291.5,1293.0999755859375,268669,0.0,0.0
2026-07-08 11:30:00+05:30,1293.0999755859375,1293.5,1291.800048828125,1293.0,575427,0.0,0.0
2026-07-08 11:45:00+05:30,1292.699951171875,1294.199951171875,1292.0,1293.0,500603,0.0,0.0
2026-07-08 12:00:00+05:30,1293.0,1293.5,1290.0,1290.199951171875,439860,0.0,0.0
2026-07-08 12:15:00+05:30,1290.199951171875,1291.0999755859375,1288.0999755859375,1290.199951171875,555134,0.0,0.0
2026-07-08 12:30:00+05:30,1290.0,1290.5,1288.0,1289.4000244140625,524508,0.0,0.0
2026-07-08 12:45:00+05:30,1289.5,1291.4000244140625,1288.5,1290.300048828125,262395,0.0,0.0
2026-07-08 13:00:00+05:30,1290.300048828125,1291.4000244140625,1290.0,1290.0999755859375,316966,0.0,0.0
2026-07-08 13:15:00+05:30,1290.199951171875,1292.5,1290.0,1290.5999755859375,259951,0.0,0.0
2026-07-08 13:30:00+05:30,1290.5999755859375,1292.199951171875,1290.0,1291.5,251967,0.0,0.0
2026-07-08 13:45:00+05:30,1291.5999755859375,1292.300048828125,1283.199951171875,1283.199951171875,982229,0.0,0.0
2026-07-08 14:00:00+05:30,1283.5,1284.0,1271.5999755859375,1276.5,1401511,0.0,0.0
2026-07-08 14:15:00+05:30,1276.4000244140625,1280.5,1275.4000244140625,1275.699951171875,1084434,0.0,0.0
2026-07-08 14:30:00+05:30,1275.699951171875,1278.4000244140625,1272.699951171875,1275.0,959228,0.0,0.0
2026-07-08 14:45:00+05:30,1275.199951171875,1276.0,1272.5999755859375,1273.5,707157,0.0,0.0
2026-07-08 15:00:00+05:30,1273.300048828125,1277.0,1273.300048828125,1276.0,1165672,0.0,0.0
2026-07-08 15:15:00+05:30,1276.0,1276.9000244140625,1274.0,1274.9000244140625,1321023,0.0,0.0
2026-07-09 09:15:00+05:30,1278.0,1286.5,1275.0,1285.800048828125,687423,0.0,0.0
2026-07-09 09:30:00+05:30,1285.699951171875,1288.5,1283.5,1287.9000244140625,682276,0.0,0.0
2026-07-09 09:45:00+05:30,1287.9000244140625,1290.300048828125,1286.0999755859375,1290.0,598094,0.0,0.0
2026-07-09 10:00:00+05:30,1290.0,1292.5,1287.9000244140625,1288.5,729289,0.0,0.0
2026-07-09 10:15:00+05:30,1288.699951171875,1291.699951171875,1286.800048828125,1290.5,466825,0.0,0.0
2026-07-09 10:30:00+05:30,1290.4000244140625,1296.199951171875,1287.0,1294.300048828125,746355,0.0,0.0
2026-07-09 10:45:00+05:30,1293.9000244140625,1294.4000244140625,1289.5999755859375,1289.800048828125,442582,0.0,0.0
2026-07-09 11:00:00+05:30,1289.9000244140625,1290.300048828125,1287.9000244140625,1288.5999755859375,305380,0.0,0.0
2026-07-09 11:15:00+05:30,1288.800048828125,1291.5,1287.800048828125,1290.199951171875,298643,0.0,0.0
2026-07-09 11:30:00+05:30,1290.199951171875,1290.5,1285.800048828125,1286.5,472471,0.0,0.0
2026-07-09 11:45:00+05:30,1286.4000244140625,1289.800048828125,1285.0,1288.699951171875,500178,0.0,0.0
2026-07-09 12:00:00+05:30,1288.699951171875,1292.0,1287.5,1290.199951171875,491052,0.0,0.0
2026-07-09 12:15:00+05:30,1290.5,1294.0,1290.199951171875,1291.699951171875,363108,0.0,0.0
2026-07-09 12:30:00+05:30,1291.300048828125,1291.800048828125,1286.9000244140625,1287.300048828125,373998,0.0,0.0
2026-07-09 12:45:00+05:30,1287.4000244140625,1291.9000244140625,1287.199951171875,1290.800048828125,441671,0.0,0.0
2026-07-09 13:00:00+05:30,1290.800048828125,1291.9000244140625,1288.800048828125,1291.199951171875,476272,0.0,0.0
2026-07-09 13:15:00+05:30,1291.300048828125,1292.699951171875,1289.800048828125,1290.300048828125,429773,0.0,0.0
2026-07-09 13:30:00+05:30,1290.300048828125,1292.5999755859375,1290.199951171875,1291.0999755859375,328854,0.0,0.0
2026-07-09 13:45:00+05:30,1291.0999755859375,1291.300048828125,1288.5999755859375,1288.699951171875,307211,0.0,0.0
2026-07-09 14:00:00+05:30,1288.699951171875,1289.5,1286.0,1287.0999755859375,410351,0.0,0.0
2026-07-09 14:15:00+05:30,1287.199951171875,1288.4000244140625,1285.0,1287.800048828125,506517,0.0,0.0
2026-07-09 14:30:00+05:30,1287.800048828125,1289.4000244140625,1282.699951171875,1283.4000244140625,1021028,0.0,0.0
2026-07-09 14:45:00+05:30,1283.5999755859375,1285.0999755859375,1282.0,1283.4000244140625,500150,0.0,0.0
2026-07-09 15:00:00+05:30,1283.5999755859375,1283.5999755859375,1276.800048828125,1277.300048828125,1437187,0.0,0.0
2026-07-09 15:15:00+05:30,1277.300048828125,1282.199951171875,1277.199951171875,1280.4000244140625,911466,0.0,0.0
2026-07-10 09:15:00+05:30,1290.300048828125,1301.9000244140625,1289.0999755859375,1298.199951171875,1157675,0.0,0.0
2026-07-10 09:30:00+05:30,1297.9000244140625,1303.0,1296.4000244140625,1300.0,754434,0.0,0.0
2026-07-10 09:45:00+05:30,1300.5999755859375,1304.0,1300.0,1302.9000244140625,430656,0.0,0.0
2026-07-10 10:00:00+05:30,1303.199951171875,1304.300048828125,1300.4000244140625,1300.5999755859375,444133,0.0,0.0
2026-07-10 10:15:00+05:30,1300.5999755859375,1301.9000244140625,1300.199951171875,1300.699951171875,197584,0.0,0.0
2026-07-10 10:30:00+05:30,1300.699951171875,1302.0,1300.0999755859375,1301.9000244140625,150200,0.0,0.0
2026-07-10 10:45:00+05:30,1301.9000244140625,1302.5999755859375,1300.4000244140625,1302.5999755859375,138381,0.0,0.0
2026-07-10 11:00:00+05:30,1302.5999755859375,1303.300048828125,1300.0,1301.0,187362,0.0,0.0
2026-07-10 11:15:00+05:30,1301.199951171875,1301.9000244140625,1300.0999755859375,1301.0,164162,0.0,0.0
2026-07-10 11:30:00+05:30,1301.300048828125,1302.4000244140625,1299.800048828125,1302.199951171875,305400,0.0,0.0
2026-07-10 11:45:00+05:30,1302.0,1302.800048828125,1300.4000244140625,1302.5999755859375,243230,0.0,0.0
2026-07-10 12:00:00+05:30,1302.5999755859375,1302.9000244140625,1301.0,1301.5,137210,0.0,0.0
2026-07-10 12:15:00+05:30,1301.5999755859375,1302.9000244140625,1300.4000244140625,1302.5,197044,0.0,0.0
2026-07-10 12:30:00+05:30,1302.5999755859375,1302.5999755859375,1301.0,1301.5,139725,0.0,0.0
2026-07-10 12:45:00+05:30,1301.800048828125,1303.0,1300.800048828125,1301.0999755859375,196063,0.0,0.0
2026-07-10 13:00:00+05:30,1301.199951171875,1303.0,1300.5,1302.0,197727,0.0,0.0
2026-07-10 13:15:00+05:30,1302.0,1302.699951171875,1300.9000244140625,1302.699951171875,146373,0.0,0.0
2026-07-10 13:30:00+05:30,1302.5999755859375,1304.800048828125,1302.199951171875,1303.9000244140625,235060,0.0,0.0
2026-07-10 13:45:00+05:30,1304.0,1305.0,1303.0,1303.300048828125,135245,0.0,0.0
2026-07-10 14:00:00+05:30,1303.699951171875,1303.9000244140625,1302.5,1303.5,97741,0.0,0.0
2026-07-10 14:15:00+05:30,1303.4000244140625,1307.800048828125,1303.4000244140625,1307.4000244140625,272318,0.0,0.0
2026-07-10 14:30:00+05:30,1307.4000244140625,1307.800048828125,1306.4000244140625,1307.0,137846,0.0,0.0
2026-07-10 14:45:00+05:30,1307.300048828125,1307.5999755859375,1304.0999755859375,1304.5,197263,0.0,0.0
2026-07-10 15:00:00+05:30,1304.4000244140625,1307.800048828125,1303.9000244140625,1307.4000244140625,667795,0.0,0.0
2026-07-10 15:15:00+05:30,1307.4000244140625,1311.0999755859375,1307.199951171875,1309.5999755859375,884974,0.0,0.0
