Datetime,Open,High,Low,Close,Volume,Dividends,Stock Splits
2026-04-20 09:15:00+05:30,1080.3499755859375,1103.199951171875,1076.300048828125,1100.550048828125,1348458,0.0,0.0
2026-04-20 09:30:00+05:30,1100.5999755859375,1105.9000244140625,1097.4000244140625,1102.800048828125,2233832,0.0,0.0
2026-04-20 09:45:00+05:30,1102.800048828125,1105.5,1102.0,1103.4000244140625,1026063,0.0,0.0
2026-04-20 10:00:00+05:30,1103.9000244140625,1108.0,1102.9000244140625,1107.3499755859375,627144,0.0,0.0
2026-04-20 15:00:00+05:30,1080.25,1110.0,1080.25,1109.1500244140625,23787820,0.0,0.0
2026-04-20 15:15:00+05:30,1109.1500244140625,1109.4000244140625,1103.3499755859375,1104.0,1529469,0.0,0.0
2026-04-21 09:15:00+05:30,1112.800048828125,1114.0,1107.050048828125,1110.1500244140625,451650,0.0,0.0
2026-04-21 09:30:00+05:30,1110.0999755859375,1113.4000244140625,1108.699951171875,1110.5,894425,0.0,0.0
2026-04-21 09:45:00+05:30,1110.5,1112.5,1109.800048828125,1111.5,458190,0.0,0.0
2026-04-21 10:00:00+05:30,1111.5,1111.5,1107.199951171875,1107.5999755859375,332008,0.0,0.0
2026-04-21 10:15:00+05:30,1107.5999755859375,1108.699951171875,1105.949951171875,1106.1500244140625,319423,0.0,0.0
2026-04-21 10:30:00+05:30,1106.3499755859375,1110.1500244140625,1106.0,1110.1500244140625,657485,0.0,0.0
2026-04-21 10:45:00+05:30,1110.0999755859375,1110.5,1108.8499755859375,1110.1500244140625,410679,0.0,0.0
2026-04-21 11:00:00+05:30,1110.3499755859375,1111.550048828125,1109.550048828125,1111.1500244140625,667184,0.0,0.0
2026-04-21 11:15:00+05:30,1111.1500244140625,1111.5,1109.6500244140625,1111.0,312570,0.0,0.0
2026-04-21 11:30:00+05:30,1110.949951171875,1111.5,1108.75,1111.0,383041,0.0,0.0
2026-04-21 11:45:00+05:30,1111.0,1111.0999755859375,1108.550048828125,1109.8499755859375,395148,0.0,0.0
2026-04-21 12:00:00+05:30,1109.8499755859375,1111.5,1107.8499755859375,1110.699951171875,615825,0.0,0.0
2026-04-21 12:15:00+05:30,1110.699951171875,1111.0,1108.800048828125,1110.449951171875,445879,0.0,0.0
2026-04-21 12:30:00+05:30,1110.449951171875,1111.3499755859375,1110.25,1111.0999755859375,444924,0.0,0.0
2026-04-21 12:45:00+05:30,1111.0999755859375,1113.5,1111.0,1112.0,1103465,0.0,0.0
2026-04-21 13:00:00+05:30,1112.0999755859375,1113.0,1110.5999755859375,1111.0,446140,0.0,0.0
2026-04-21 13:15:00+05:30,1111.0,1111.800048828125,1110.550048828125,1110.800048828125,406239,0.0,0.0
2026-04-21 13:30:00+05:30,1111.0,1111.949951171875,1109.25,1110.0,639509,0.0,0.0
2026-04-21 13:45:00+05:30,1109.949951171875,1111.9000244140625,1109.6500244140625,1111.5,483426,0.0,0.0
2026-04-21 14:00:00+05:30,1111.5,1111.5,1110.25,1111.0,516024,0.0,0.0
2026-04-21 14:15:00+05:30,1110.9000244140625,1113.300048828125,1110.9000244140625,1112.800048828125,681985,0.0,0.0
2026-04-21 14:30:00+05:30,1112.949951171875,1113.300048828125,1111.0,1111.75,446289,0.0,0.0
2026-04-21 14:45:00+05:30,1111.75,1114.449951171875,1111.0,1112.4000244140625,1046984,0.0,0.0
2026-04-21 15:00:00+05:30,1112.4000244140625,1113.300048828125,1110.9000244140625,1112.3499755859375,1939906,0.0,0.0
2026-04-21 15:15:00+05:30,1112.0,1113.800048828125,1108.6500244140625,1111.5,1502269,0.0,0.0
2026-04-22 09:15:00+05:30,1110.0,1117.3499755859375,1107.3499755859375,1111.0,429294,0.0,0.0
2026-04-22 09:30:00+05:30,1110.949951171875,1111.0,1103.300048828125,1104.300048828125,771693,0.0,0.0
2026-04-22 09:45:00+05:30,1104.300048828125,1105.5,1102.5,1102.5,326592,0.0,0.0
2026-04-22 10:00:00+05:30,1102.449951171875,1103.800048828125,1100.5,1103.0,388440,0.0,0.0
2026-04-22 10:15:00+05:30,1103.0,1104.0999755859375,1102.0,1102.5,177455,0.0,0.0
2026-04-22 10:30:00+05:30,1102.5,1107.5,1102.25,1107.449951171875,584892,0.0,0.0
2026-04-22 10:45:00+05:30,1107.0999755859375,1110.4000244140625,1106.5,1109.949951171875,1293585,0.0,0.0
2026-04-22 11:00:00+05:30,1109.949951171875,1109.949951171875,1108.0,1108.75,349150,0.0,0.0
2026-04-22 11:15:00+05:30,1108.699951171875,1110.1500244140625,1107.0,1107.4000244140625,448959,0.0,0.0
2026-04-22 11:30:00+05:30,1107.0999755859375,1108.0999755859375,1105.5,1106.5,340705,0.0,0.0
2026-04-22 11:45:00+05:30,1106.4000244140625,1106.449951171875,1104.449951171875,1106.050048828125,614048,0.0,0.0
2026-04-22 12:00:00+05:30,1105.8499755859375,1106.199951171875,1102.0,1103.550048828125,539859,0.0,0.0
2026-04-22 12:15:00+05:30,1103.449951171875,1105.0,1102.800048828125,1104.8499755859375,403714,0.0,0.0
2026-04-22 12:30:00+05:30,1104.699951171875,1105.0,1103.1500244140625,1104.75,252805,0.0,0.0
2026-04-22 12:45:00+05:30,1104.949951171875,1105.0,1103.300048828125,1103.8499755859375,255907,0.0,0.0
2026-04-22 13:00:00+05:30,1103.949951171875,1104.9000244140625,1103.0,1104.0,433690,0.0,0.0
2026-04-22 13:15:00+05:30,1103.949951171875,1104.5,1102.9000244140625,1104.5,378115,0.0,0.0
2026-04-22 13:30:00+05:30,1104.550048828125,1105.699951171875,1104.0,1105.449951171875,334837,0.0,0.0
2026-04-22 13:45:00+05:30,1105.449951171875,1105.5999755859375,1104.050048828125,1104.8499755859375,342268,0.0,0.0
2026-04-22 14:00:00+05:30,1104.9000244140625,1105.0,1102.0,1103.800048828125,435156,0.0,0.0
2026-04-22 14:15:00+05:30,1103.8499755859375,1104.4000244140625,1102.050048828125,1104.0999755859375,259014,0.0,0.0
2026-04-22 14:30:00+05:30,1104.050048828125,1105.199951171875,1103.0,1103.3499755859375,579307,0.0,0.0
2026-04-22 14:45:00+05:30,1103.199951171875,1104.449951171875,1102.300048828125,1104.300048828125,421755,0.0,0.0
2026-04-22 15:00:00+05:30,1104.1500244140625,1104.5,1102.9000244140625,1103.25,723934,0.0,0.0
2026-04-22 15:15:00+05:30,1103.199951171875,1103.949951171875,1102.0,1103.199951171875,829320,0.0,0.0
2026-04-23 09:15:00+05:30,1095.0,1101.6500244140625,1094.199951171875,1100.300048828125,423035,0.0,0.0
2026-04-23 09:30:00+05:30,1100.300048828125,1101.449951171875,1096.800048828125,1097.9000244140625,435733,0.0,0.0
2026-04-23 09:45:00+05:30,1097.949951171875,1100.9000244140625,1097.0,1099.4000244140625,766557,0.0,0.0
2026-04-23 10:00:00+05:30,1099.550048828125,1099.6500244140625,1095.75,1097.0,524578,0.0,0.0
2026-04-23 10:15:00+05:30,1096.949951171875,1097.3499755859375,1095.300048828125,1096.9000244140625,195065,0.0,0.0
2026-04-23 10:30:00+05:30,1096.9000244140625,1097.699951171875,1095.199951171875,1096.0999755859375,622356,0.0,0.0
2026-04-23 10:45:00+05:30,1096.1500244140625,1097.8499755859375,1094.699951171875,1097.4000244140625,646999,0.0,0.0
2026-04-23 11:00:00+05:30,1097.199951171875,1097.6500244140625,1096.0,1097.3499755859375,362260,0.0,0.0
2026-04-23 11:15:00+05:30,1097.25,1098.9000244140625,1096.3499755859375,1098.25,779790,0.0,0.0
2026-04-23 11:30:00+05:30,1098.4000244140625,1099.9000244140625,1098.050048828125,1098.5,414472,0.0,0.0
2026-04-23 11:45:00+05:30,1098.800048828125,1100.0,1096.0,1096.0999755859375,217271,0.0,0.0
2026-04-23 12:00:00+05:30,1096.25,1097.3499755859375,1095.0999755859375,1096.8499755859375,157818,0.0,0.0
2026-04-23 12:15:00+05:30,1096.8499755859375,1097.800048828125,1090.9000244140625,1091.449951171875,281869,0.0,0.0
2026-04-23 12:30:00+05:30,1091.199951171875,1092.3499755859375,1088.0999755859375,1088.800048828125,471059,0.0,0.0
2026-04-23 12:45:00+05:30,1088.800048828125,1088.800048828125,1082.5,1085.75,344942,0.0,0.0
2026-04-23 13:00:00+05:30,1085.800048828125,1087.8499755859375,1084.699951171875,1087.75,237214,0.0,0.0
2026-04-23 13:15:00+05:30,1087.9000244140625,1092.550048828125,1086.8499755859375,1092.0,737228,0.0,0.0
2026-04-23 13:30:00+05:30,1092.0,1092.0,1086.0,1086.949951171875,478201,0.0,0.0
2026-04-23 13:45:00+05:30,1087.0999755859375,1091.8499755859375,1086.5,1091.1500244140625,341619,0.0,0.0
2026-04-23 14:00:00+05:30,1091.199951171875,1092.0,1089.949951171875,1090.800048828125,478045,0.0,0.0
2026-04-23 14:15:00+05:30,1090.949951171875,1091.8499755859375,1089.949951171875,1090.050048828125,440288,0.0,0.0
2026-04-23 14:30:00+05:30,1090.0999755859375,1091.949951171875,1090.0,1091.5999755859375,343082,0.0,0.0
2026-04-23 14:45:00+05:30,1091.75,1094.050048828125,1091.5,1093.75,602015,0.0,0.0
2026-04-23 15:00:00+05:30,1093.800048828125,1095.449951171875,1092.5999755859375,1094.199951171875,1924284,0.0,0.0
2026-04-23 15:15:00+05:30,1094.25,1096.0,1093.699951171875,1095.5,854399,0.0,0.0
2026-04-24 09:15:00+05:30,1092.0,1101.3499755859375,1092.0,1095.5,617314,0.0,0.0
2026-04-24 09:30:00+05:30,1095.449951171875,1097.449951171875,1093.6500244140625,1093.6500244140625,259714,0.0,0.0
2026-04-24 09:45:00+05:30,1093.25,1094.8499755859375,1090.5,1093.0,489525,0.0,0.0
2026-04-24 10:00:00+05:30,1093.0,1095.800048828125,1093.0,1095.199951171875,883772,0.0,0.0
2026-04-24 10:15:00+05:30,1094.9000244140625,1095.3499755859375,1092.75,1093.0,207274,0.0,0.0
2026-04-24 10:30:00+05:30,1092.9000244140625,1094.699951171875,1092.0999755859375,1094.0,437057,0.0,0.0
2026-04-24 10:45:00+05:30,1094.199951171875,1096.800048828125,1093.699951171875,1095.0999755859375,512772,0.0,0.0
2026-04-24 11:00:00+05:30,1095.0999755859375,1097.4000244140625,1094.5999755859375,1095.050048828125,522075,0.0,0.0
2026-04-24 11:15:00+05:30,1095.050048828125,1097.3499755859375,1093.949951171875,1096.9000244140625,865735,0.0,0.0
2026-04-24 11:30:00+05:30,1096.9000244140625,1097.6500244140625,1095.300048828125,1095.949951171875,516355,0.0,0.0
2026-04-24 11:45:00+05:30,1095.949951171875,1096.75,1095.0999755859375,1095.9000244140625,219965,0.0,0.0
2026-04-24 12:00:00+05:30,1095.9000244140625,1098.300048828125,1094.5,1097.4000244140625,635990,0.0,0.0
2026-04-24 12:15:00+05:30,1097.5,1098.300048828125,1092.449951171875,1092.449951171875,542315,0.0,0.0
2026-04-24 12:30:00+05:30,1093.0,1094.4000244140625,1092.550048828125,1092.5999755859375,650146,0.0,0.0
2026-04-24 12:45:00+05:30,1092.5999755859375,1095.5,1092.5,1095.0999755859375,268969,0.0,0.0
2026-04-24 13:00:00+05:30,1095.0999755859375,1095.449951171875,1093.949951171875,1095.0999755859375,269287,0.0,0.0
2026-04-24 13:15:00+05:30,1094.949951171875,1096.199951171875,1094.5,1096.0,336982,0.0,0.0
2026-04-24 13:30:00+05:30,1095.9000244140625,1096.1500244140625,1093.050048828125,1093.1500244140625,303796,0.0,0.0
2026-04-24 13:45:00+05:30,1093.1500244140625,1095.550048828125,1093.0,1095.25,241296,0.0,0.0
2026-04-24 14:00:00+05:30,1095.4000244140625,1097.4000244140625,1095.050048828125,1097.1500244140625,344841,0.0,0.0
2026-04-24 14:15:00+05:30,1096.949951171875,1100.550048828125,1096.949951171875,1099.550048828125,1276352,0.0,0.0
2026-04-24 14:30:00+05:30,1099.9000244140625,1105.5,1099.5999755859375,1105.5,1120105,0.0,0.0
2026-04-24 14:45:00+05:30,1105.5,1105.5,1100.3499755859375,1101.5999755859375,559945,0.0,0.0
2026-04-24 15:00:00+05:30,1100.550048828125,1102.199951171875,1098.4000244140625,1101.8499755859375,609006,0.0,0.0
2026-04-24 15:15:00+05:30,1101.8499755859375,1103.0,1099.0,1100.949951171875,661491,0.0,0.0
2026-04-27 09:15:00+05:30,1110.949951171875,1114.699951171875,1108.300048828125,1111.25,341303,0.0,0.0
2026-04-27 09:30:00+05:30,1111.550048828125,1112.0999755859375,1106.949951171875,1108.449951171875,835981,0.0,0.0
2026-04-27 09:45:00+05:30,1108.8499755859375,1112.25,1108.75,1110.6500244140625,282748,0.0,0.0
2026-04-27 10:00:00+05:30,1110.4000244140625,1110.699951171875,1107.0999755859375,1108.5999755859375,530025,0.0,0.0
2026-04-27 10:15:00+05:30,1108.699951171875,1109.9000244140625,1103.550048828125,1108.449951171875,826214,0.0,0.0
2026-04-27 10:30:00+05:30,1108.449951171875,1108.449951171875,1105.9000244140625,1107.75,781829,0.0,0.0
2026-04-27 10:45:00+05:30,1107.75,1110.050048828125,1105.4000244140625,1108.949951171875,460332,0.0,0.0
2026-04-27 11:00:00+05:30,1108.6500244140625,1109.449951171875,1105.800048828125,1109.449951171875,404469,0.0,0.0
2026-04-27 11:15:00+05:30,1109.3499755859375,1110.699951171875,1107.0,1108.300048828125,297930,0.0,0.0
2026-04-27 11:30:00+05:30,1108.0,1108.449951171875,1104.199951171875,1105.9000244140625,851598,0.0,0.0
2026-04-27 11:45:00+05:30,1105.949951171875,1108.050048828125,1105.4000244140625,1107.800048828125,395295,0.0,0.0
2026-04-27 12:00:00+05:30,1107.8499755859375,1108.75,1106.0999755859375,1108.3499755859375,414081,0.0,0.0
2026-04-27 12:15:00+05:30,1108.3499755859375,1108.3499755859375,1106.0,1106.75,238274,0.0,0.0
2026-04-27 12:30:00+05:30,1106.8499755859375,1108.449951171875,1106.1500244140625,1107.199951171875,144240,0.0,0.0
2026-04-27 12:45:00+05:30,1107.050048828125,1107.5,1104.5999755859375,1105.0,348269,0.0,0.0
2026-04-27 13:00:00+05:30,1105.0,1107.449951171875,1104.5999755859375,1107.25,193700,0.0,0.0
2026-04-27 13:15:00+05:30,1107.800048828125,1114.199951171875,1107.800048828125,1112.550048828125,433086,0.0,0.0
2026-04-27 13:30:00+05:30,1112.3499755859375,1114.800048828125,1111.050048828125,1112.199951171875,412308,0.0,0.0
2026-04-27 13:45:00+05:30,1112.25,1113.75,1110.449951171875,1111.449951171875,264581,0.0,0.0
2026-04-27 14:00:00+05:30,1111.199951171875,1112.6500244140625,1110.699951171875,1112.199951171875,232034,0.0,0.0
2026-04-27 14:15:00+05:30,1112.0999755859375,1113.4000244140625,1111.300048828125,1111.550048828125,280022,0.0,0.0
2026-04-27 14:30:00+05:30,1111.4000244140625,1111.75,1110.0,1110.699951171875,386658,0.0,0.0
2026-04-27 14:45:00+05:30,1110.75,1113.9000244140625,1110.1500244140625,1113.050048828125,512871,0.0,0.0
2026-04-27 15:00:00+05:30,1112.5999755859375,1114.199951171875,1111.5999755859375,1113.25,687880,0.0,0.0
2026-04-27 15:15:00+05:30,1113.6500244140625,1113.6500244140625,1110.0,1112.0,678422,0.0,0.0
2026-04-28 09:15:00+05:30,1100.9000244140625,1103.300048828125,1096.5,1101.0,651899,0.0,0.0
2026-04-28 09:30:00+05:30,1100.8499755859375,1106.199951171875,1099.449951171875,1103.449951171875,783914,0.0,0.0
2026-04-28 09:45:00+05:30,1103.449951171875,1108.949951171875,1102.300048828125,1108.9000244140625,458848,0.0,0.0
2026-04-28 10:00:00+05:30,1108.5,1110.4000244140625,1105.5,1105.5,520691,0.0,0.0
2026-04-28 10:15:00+05:30,1105.6500244140625,1107.699951171875,1105.0,1106.25,195589,0.0,0.0
2026-04-28 10:30:00+05:30,1106.300048828125,1106.9000244140625,1105.050048828125,1106.6500244140625,167468,0.0,0.0
2026-04-28 10:45:00+05:30,1106.449951171875,1109.75,1106.1500244140625,1108.550048828125,296160,0.0,0.0
2026-04-28 11:00:00+05:30,1108.699951171875,1109.199951171875,1105.0,1106.699951171875,186207,0.0,0.0
2026-04-28 11:15:00+05:30,1106.800048828125,1106.800048828125,1103.0,1103.0,229528,0.0,0.0
2026-04-28 11:30:00+05:30,1103.0,1103.0,1098.5,1101.6500244140625,395855,0.0,0.0
2026-04-28 11:45:00+05:30,1101.6500244140625,1101.800048828125,1096.699951171875,1096.699951171875,416039,0.0,0.0
2026-04-28 12:00:00+05:30,1097.1500244140625,1097.449951171875,1095.0999755859375,1095.5999755859375,239536,0.0,0.0
2026-04-28 12:15:00+05:30,1095.5999755859375,1097.25,1093.199951171875,1094.5999755859375,267298,0.0,0.0
2026-04-28 12:30:00+05:30,1094.8499755859375,1095.699951171875,1093.199951171875,1094.0999755859375,308858,0.0,0.0
2026-04-28 12:45:00+05:30,1094.1500244140625,1095.6500244140625,1092.050048828125,1092.0999755859375,361126,0.0,0.0
2026-04-28 13:00:00+05:30,1092.25,1093.3499755859375,1091.050048828125,1092.0,278574,0.0,0.0
2026-04-28 13:15:00+05:30,1092.0,1095.0,1091.949951171875,1093.699951171875,241784,0.0,0.0
2026-04-28 13:30:00+05:30,1093.5,1093.75,1090.800048828125,1092.25,324398,0.0,0.0
2026-04-28 13:45:00+05:30,1092.25,1095.449951171875,1091.5,1093.800048828125,236496,0.0,0.0
2026-04-28 14:00:00+05:30,1094.300048828125,1095.0,1092.25,1092.550048828125,276908,0.0,0.0
2026-04-28 14:15:00+05:30,1092.6500244140625,1093.25,1090.0,1090.3499755859375,332362,0.0,0.0
2026-04-28 14:30:00+05:30,1089.5999755859375,1093.550048828125,1089.550048828125,1093.0999755859375,461363,0.0,0.0
2026-04-28 14:45:00+05:30,1093.300048828125,1094.0,1091.699951171875,1092.800048828125,399629,0.0,0.0
2026-04-28 15:00:00+05:30,1092.800048828125,1093.050048828125,1089.8499755859375,1092.199951171875,809819,0.0,0.0
2026-04-28 15:15:00+05:30,1092.199951171875,1093.5,1089.199951171875,1091.300048828125,1157598,0.0,0.0
2026-04-29 09:15:00+05:30,1093.4000244140625,1098.6500244140625,1091.5,1092.25,268620,0.0,0.0
2026-04-29 09:30:00+05:30,1092.3499755859375,1094.800048828125,1088.6500244140625,1092.550048828125,435839,0.0,0.0
2026-04-29 09:45:00+05:30,1093.0,1094.9000244140625,1092.550048828125,1094.449951171875,330735,0.0,0.0
2026-04-29 10:00:00+05:30,1094.5,1098.5,1094.5,1098.1500244140625,563630,0.0,0.0
2026-04-29 10:15:00+05:30,1098.0999755859375,1105.0,1098.0999755859375,1099.949951171875,930156,0.0,0.0
2026-04-29 10:30:00+05:30,1099.8499755859375,1099.949951171875,1097.550048828125,1097.800048828125,374334,0.0,0.0
2026-04-29 10:45:00+05:30,1097.800048828125,1100.1500244140625,1097.050048828125,1099.0,349729,0.0,0.0
2026-04-29 11:00:00+05:30,1099.0,1099.4000244140625,1096.1500244140625,1096.949951171875,321858,0.0,0.0
2026-04-29 11:15:00+05:30,1096.9000244140625,1098.8499755859375,1096.300048828125,1097.0,720087,0.0,0.0
2026-04-29 11:30:00+05:30,1097.0,1098.699951171875,1095.3499755859375,1095.3499755859375,230965,0.0,0.0
2026-04-29 11:45:00+05:30,1095.550048828125,1097.0,1095.0999755859375,1097.0,453555,0.0,0.0
2026-04-29 12:00:00+05:30,1097.0,1101.0999755859375,1096.300048828125,1100.550048828125,613440,0.0,0.0
2026-04-29 12:15:00+05:30,1100.75,1102.5,1100.300048828125,1100.550048828125,221008,0.0,0.0
2026-04-29 12:30:00+05:30,1100.199951171875,1103.4000244140625,1100.199951171875,1102.050048828125,255788,0.0,0.0
2026-04-29 12:45:00+05:30,1102.3499755859375,1102.949951171875,1099.949951171875,1100.050048828125,304086,0.0,0.0
2026-04-29 13:00:00+05:30,1100.1500244140625,1102.300048828125,1099.5999755859375,1101.0,290898,0.0,0.0
2026-04-29 13:15:00+05:30,1101.050048828125,1101.6500244140625,1099.800048828125,1100.0999755859375,279861,0.0,0.0
2026-04-29 13:30:00+05:30,1100.1500244140625,1101.300048828125,1098.0,1098.8499755859375,188054,0.0,0.0
2026-04-29 13:45:00+05:30,1098.8499755859375,1099.300048828125,1096.300048828125,1096.9000244140625,328226,0.0,0.0
2026-04-29 14:00:00+05:30,1096.75,1096.8499755859375,1089.800048828125,1091.050048828125,530471,0.0,0.0
2026-04-29 14:15:00+05:30,1091.3499755859375,1091.699951171875,1087.300048828125,1088.300048828125,494279,0.0,0.0
2026-04-29 14:30:00+05:30,1088.300048828125,1090.550048828125,1087.5999755859375,1090.0,278724,0.0,0.0
2026-04-29 14:45:00+05:30,1089.949951171875,1090.699951171875,1088.449951171875,1088.6500244140625,276821,0.0,0.0
2026-04-29 15:00:00+05:30,1088.300048828125,1089.199951171875,1085.5999755859375,1085.5999755859375,594251,0.0,0.0
2026-04-29 15:15:00+05:30,1085.9000244140625,1088.4000244140625,1084.25,1088.4000244140625,542901,0.0,0.0
2026-04-30 09:15:00+05:30,1073.5999755859375,1076.5,1070.25,1073.199951171875,297973,0.0,0.0
2026-04-30 09:30:00+05:30,1073.5999755859375,1076.0,1072.9000244140625,1075.0,275139,0.0,0.0
2026-04-30 09:45:00+05:30,1075.0,1077.550048828125,1074.0999755859375,1075.5999755859375,294826,0.0,0.0
2026-04-30 10:00:00+05:30,1075.5,1075.9000244140625,1074.0,1075.5,214612,0.0,0.0
2026-04-30 10:15:00+05:30,1075.25,1075.5,1070.6500244140625,1071.300048828125,585909,0.0,0.0
2026-04-30 10:30:00+05:30,1071.25,1072.25,1069.449951171875,1070.449951171875,343338,0.0,0.0
2026-04-30 10:45:00+05:30,1070.3499755859375,1070.3499755859375,1067.25,1069.1500244140625,277496,0.0,0.0
2026-04-30 11:00:00+05:30,1069.0999755859375,1071.0,1068.199951171875,1068.5999755859375,422370,0.0,0.0
2026-04-30 11:15:00+05:30,1068.550048828125,1070.9000244140625,1068.449951171875,1070.8499755859375,304959,0.0,0.0
2026-04-30 11:30:00+05:30,1070.9000244140625,1072.300048828125,1064.5,1064.75,650183,0.0,0.0
2026-04-30 11:45:00+05:30,1064.5,1065.0,1063.449951171875,1064.6500244140625,1040774,0.0,0.0
2026-04-30 12:00:00+05:30,1064.5999755859375,1068.75,1064.25,1068.75,674951,0.0,0.0
2026-04-30 12:15:00+05:30,1068.5999755859375,1071.199951171875,1067.300048828125,1071.0,477346,0.0,0.0
2026-04-30 12:30:00+05:30,1071.0,1072.699951171875,1068.699951171875,1069.3499755859375,581821,0.0,0.0
2026-04-30 12:45:00+05:30,1069.5,1070.949951171875,1068.25,1070.300048828125,361737,0.0,0.0
2026-04-30 13:00:00+05:30,1070.199951171875,1070.949951171875,1067.0,1068.4000244140625,397689,0.0,0.0
2026-04-30 13:15:00+05:30,1068.5,1070.449951171875,1067.050048828125,1068.4000244140625,596253,0.0,0.0
2026-04-30 13:30:00+05:30,1068.25,1072.5,1067.199951171875,1072.1500244140625,423407,0.0,0.0
2026-04-30 13:45:00+05:30,1072.5,1072.949951171875,1069.75,1070.6500244140625,423463,0.0,0.0
2026-04-30 14:00:00+05:30,1070.5,1070.8499755859375,1068.5,1069.3499755859375,461111,0.0,0.0
2026-04-30 14:15:00+05:30,1069.6500244140625,1070.5,1067.550048828125,1070.0999755859375,625069,0.0,0.0
2026-04-30 14:30:00+05:30,1069.949951171875,1072.449951171875,1069.1500244140625,1072.3499755859375,565716,0.0,0.0
2026-04-30 14:45:00+05:30,1072.050048828125,1072.449951171875,1069.0,1071.949951171875,656288,0.0,0.0
2026-04-30 15:00:00+05:30,1072.0,1072.0,1065.5,1068.0,1566495,0.0,0.0
2026-04-30 15:15:00+05:30,1068.0999755859375,1072.0,1067.699951171875,1071.800048828125,1276655,0.0,0.0
2026-05-04 09:15:00+05:30,1069.9000244140625,1083.9000244140625,1069.9000244140625,1078.4000244140625,549921,0.0,0.0
2026-05-04 09:30:00+05:30,1079.0999755859375,1088.9000244140625,1079.0,1085.9000244140625,963666,0.0,0.0
2026-05-04 09:45:00+05:30,1085.9000244140625,1086.199951171875,1082.5,1083.4000244140625,390027,0.0,0.0
2026-05-04 10:00:00+05:30,1083.4000244140625,1083.800048828125,1079.4000244140625,1079.800048828125,252693,0.0,0.0
2026-05-04 10:15:00+05:30,1079.199951171875,1079.800048828125,1077.0999755859375,1079.5,352930,0.0,0.0
2026-05-04 10:30:00+05:30,1079.5,1081.0,1078.5999755859375,1080.199951171875,306731,0.0,0.0
2026-05-04 10:45:00+05:30,1080.199951171875,1082.0,1079.199951171875,1079.5999755859375,182766,0.0,0.0
2026-05-04 11:00:00+05:30,1079.5999755859375,1082.0,1078.5999755859375,1082.0,138627,0.0,0.0
2026-05-04 11:15:00+05:30,1082.199951171875,1086.199951171875,1081.699951171875,1086.0999755859375,423642,0.0,0.0
2026-05-04 11:30:00+05:30,1086.199951171875,1087.300048828125,1082.9000244140625,1084.0,1448847,0.0,0.0
2026-05-04 11:45:00+05:30,1084.699951171875,1086.300048828125,1081.0,1081.0,316005,0.0,0.0
2026-05-04 12:00:00+05:30,1080.9000244140625,1081.300048828125,1073.0999755859375,1073.0999755859375,356775,0.0,0.0
2026-05-04 12:15:00+05:30,1073.300048828125,1076.800048828125,1073.0999755859375,1075.5999755859375,248036,0.0,0.0
2026-05-04 12:30:00+05:30,1075.4000244140625,1075.699951171875,1073.300048828125,1073.699951171875,229726,0.0,0.0
2026-05-04 12:45:00+05:30,1073.699951171875,1074.699951171875,1072.0,1073.0999755859375,240916,0.0,0.0
2026-05-04 13:00:00+05:30,1073.0999755859375,1074.5999755859375,1072.0,1074.0,109377,0.0,0.0
2026-05-04 13:15:00+05:30,1074.0,1074.0,1068.199951171875,1068.9000244140625,180363,0.0,0.0
2026-05-04 13:30:00+05:30,1068.5999755859375,1071.4000244140625,1067.199951171875,1070.699951171875,300368,0.0,0.0
2026-05-04 13:45:00+05:30,1071.0999755859375,1071.800048828125,1067.300048828125,1068.0999755859375,281874,0.0,0.0
2026-05-04 14:00:00+05:30,1068.199951171875,1072.5,1068.0,1071.0,170728,0.0,0.0
2026-05-04 14:15:00+05:30,1071.4000244140625,1074.0999755859375,1070.5999755859375,1072.4000244140625,185164,0.0,0.0
2026-05-04 14:30:00+05:30,1072.199951171875,1073.0999755859375,1068.0999755859375,1069.699951171875,773317,0.0,0.0
2026-05-04 14:45:00+05:30,1070.0,1071.0999755859375,1068.4000244140625,1069.0,266333,0.0,0.0
2026-05-04 15:00:00+05:30,1068.5,1070.0999755859375,1067.699951171875,1068.800048828125,740722,0.0,0.0
2026-05-04 15:15:00+05:30,1068.800048828125,1069.199951171875,1066.699951171875,1068.4000244140625,1347274,0.0,0.0
2026-05-05 09:15:00+05:30,1063.0999755859375,1068.0,1060.0,1065.4000244140625,287490,0.0,0.0
2026-05-05 09:30:00+05:30,1065.699951171875,1068.300048828125,1065.0999755859375,1066.199951171875,274623,0.0,0.0
2026-05-05 09:45:00+05:30,1066.699951171875,1067.5,1064.699951171875,1067.0,148479,0.0,0.0
2026-05-05 10:00:00+05:30,1066.800048828125,1067.4000244140625,1062.300048828125,1063.0999755859375,265717,0.0,0.0
2026-05-05 10:15:00+05:30,1063.0999755859375,1064.800048828125,1060.5999755859375,1061.0,242840,0.0,0.0
2026-05-05 10:30:00+05:30,1061.0,1061.5,1057.300048828125,1057.5999755859375,324067,0.0,0.0
2026-05-05 10:45:00+05:30,1057.5999755859375,1058.5,1054.800048828125,1057.300048828125,237220,0.0,0.0
2026-05-05 11:00:00+05:30,1057.0,1057.199951171875,1054.300048828125,1055.9000244140625,517896,0.0,0.0
2026-05-05 11:15:00+05:30,1056.0,1058.9000244140625,1053.4000244140625,1053.699951171875,753319,0.0,0.0
2026-05-05 11:30:00+05:30,1053.699951171875,1054.0999755859375,1051.0999755859375,1052.300048828125,517767,0.0,0.0
2026-05-05 11:45:00+05:30,1052.300048828125,1052.699951171875,1049.4000244140625,1051.0,424662,0.0,0.0
2026-05-05 12:00:00+05:30,1051.0,1053.5999755859375,1051.0,1053.4000244140625,295273,0.0,0.0
2026-05-05 12:15:00+05:30,1053.4000244140625,1057.9000244140625,1053.4000244140625,1056.199951171875,373299,0.0,0.0
2026-05-05 12:30:00+05:30,1056.199951171875,1058.0,1055.0999755859375,1055.5999755859375,425447,0.0,0.0
2026-05-05 12:45:00+05:30,1055.5,1061.699951171875,1055.0999755859375,1061.5,457118,0.0,0.0
2026-05-05 13:00:00+05:30,1061.0999755859375,1065.5,1060.5,1065.199951171875,657666,0.0,0.0
2026-05-05 13:15:00+05:30,1065.0,1066.699951171875,1063.5,1065.9000244140625,469221,0.0,0.0
2026-05-05 13:30:00+05:30,1066.0,1066.0999755859375,1062.0999755859375,1064.800048828125,461186,0.0,0.0
2026-05-05 13:45:00+05:30,1064.699951171875,1067.0,1063.5,1066.0,600434,0.0,0.0
2026-05-05 14:00:00+05:30,1066.0,1066.800048828125,1063.0999755859375,1063.5999755859375,194699,0.0,0.0
2026-05-05 14:15:00+05:30,1063.5999755859375,1067.699951171875,1063.5,1067.0999755859375,446122,0.0,0.0
2026-05-05 14:30:00+05:30,1067.300048828125,1067.4000244140625,1063.199951171875,1064.300048828125,557697,0.0,0.0
2026-05-05 14:45:00+05:30,1064.300048828125,1064.300048828125,1060.5,1060.9000244140625,588961,0.0,0.0
2026-05-05 15:00:00+05:30,1060.9000244140625,1062.0,1058.5,1059.699951171875,1489749,0.0,0.0
2026-05-05 15:15:00+05:30,1060.0,1061.0,1058.699951171875,1060.5,890843,0.0,0.0
2026-05-06 09:15:00+05:30,1078.0,1079.5,1074.300048828125,1075.5,450549,0.0,0.0
2026-05-06 09:30:00+05:30,1076.5,1076.5,1068.0,1068.800048828125,507246,0.0,0.0
2026-05-06 09:45:00+05:30,1068.800048828125,1071.800048828125,1067.199951171875,1067.199951171875,516442,0.0,0.0
2026-05-06 10:00:00+05:30,1067.4000244140625,1068.5999755859375,1066.4000244140625,1068.4000244140625,257786,0.0,0.0
2026-05-06 10:15:00+05:30,1068.0999755859375,1069.5,1066.0,1068.699951171875,285802,0.0,0.0
2026-05-06 10:30:00+05:30,1068.199951171875,1070.9000244140625,1067.0,1070.4000244140625,221273,0.0,0.0
2026-05-06 10:45:00+05:30,1070.0,1070.4000244140625,1068.199951171875,1068.9000244140625,165617,0.0,0.0
2026-05-06 11:00:00+05:30,1069.0,1069.0,1065.199951171875,1065.699951171875,293414,0.0,0.0
2026-05-06 11:15:00+05:30,1065.699951171875,1067.300048828125,1064.300048828125,1066.199951171875,347759,0.0,0.0
2026-05-06 11:30:00+05:30,1066.199951171875,1067.699951171875,1064.800048828125,1067.699951171875,357278,0.0,0.0
2026-05-06 11:45:00+05:30,1067.5,1070.199951171875,1066.300048828125,1068.5999755859375,532551,0.0,0.0
2026-05-06 12:00:00+05:30,1069.0,1069.0,1066.4000244140625,1067.5,286988,0.0,0.0
2026-05-06 12:15:00+05:30,1067.5,1067.699951171875,1066.0,1067.699951171875,272159,0.0,0.0
2026-05-06 12:30:00+05:30,1067.699951171875,1067.699951171875,1063.9000244140625,1064.300048828125,206293,0.0,0.0
2026-05-06 12:45:00+05:30,1064.300048828125,1065.199951171875,1063.0,1063.5,260007,0.0,0.0
2026-05-06 13:00:00+05:30,1063.5,1064.9000244140625,1061.199951171875,1064.699951171875,332135,0.0,0.0
2026-05-06 13:15:00+05:30,1064.5,1068.4000244140625,1064.199951171875,1067.9000244140625,314806,0.0,0.0
2026-05-06 13:30:00+05:30,1067.800048828125,1072.5,1067.800048828125,1069.9000244140625,553300,0.0,0.0
2026-05-06 13:45:00+05:30,1069.9000244140625,1071.4000244140625,1067.5,1068.0,404862,0.0,0.0
2026-05-06 14:00:00+05:30,1067.800048828125,1071.4000244140625,1066.9000244140625,1071.300048828125,480915,0.0,0.0
2026-05-06 14:15:00+05:30,1071.5,1087.0,1071.5,1085.699951171875,1832248,0.0,0.0
2026-05-06 14:30:00+05:30,1085.699951171875,1091.9000244140625,1085.699951171875,1091.9000244140625,1313087,0.0,0.0
2026-05-06 14:45:00+05:30,1092.0,1093.0,1089.4000244140625,1092.5,758978,0.0,0.0
2026-05-06 15:00:00+05:30,1092.4000244140625,1098.800048828125,1092.0,1093.300048828125,1560260,0.0,0.0
2026-05-06 15:15:00+05:30,1093.300048828125,1101.0,1092.300048828125,1100.0,1235281,0.0,0.0
2026-05-07 09:15:00+05:30,1105.800048828125,1107.300048828125,1092.5999755859375,1096.300048828125,559165,0.0,0.0
2026-05-07 09:30:00+05:30,1096.300048828125,1100.699951171875,1093.5,1099.300048828125,716706,0.0,0.0
2026-05-07 09:45:00+05:30,1099.0999755859375,1099.4000244140625,1094.699951171875,1095.800048828125,527956,0.0,0.0
2026-05-07 10:00:00+05:30,1095.4000244140625,1097.9000244140625,1092.300048828125,1093.300048828125,446288,0.0,0.0
2026-05-07 10:15:00+05:30,1093.5,1096.0,1092.5,1095.0,331842,0.0,0.0
2026-05-07 10:30:00+05:30,1095.0,1097.800048828125,1093.4000244140625,1097.300048828125,304382,0.0,0.0
2026-05-07 10:45:00+05:30,1097.300048828125,1097.9000244140625,1094.0,1095.0999755859375,280903,0.0,0.0
2026-05-07 11:00:00+05:30,1095.0999755859375,1095.199951171875,1091.0,1092.0,412473,0.0,0.0
2026-05-07 11:15:00+05:30,1092.199951171875,1092.699951171875,1087.699951171875,1089.0,1101555,0.0,0.0
2026-05-07 11:30:00+05:30,1089.0,1090.0,1086.0999755859375,1087.0,692355,0.0,0.0
2026-05-07 11:45:00+05:30,1087.0,1091.0,1086.5,1090.5999755859375,714494,0.0,0.0
2026-05-07 12:00:00+05:30,1090.5,1096.0,1089.5999755859375,1091.0,530110,0.0,0.0
2026-05-07 12:15:00+05:30,1090.9000244140625,1092.0,1090.0,1090.5,462184,0.0,0.0
2026-05-07 12:30:00+05:30,1090.699951171875,1101.300048828125,1088.0999755859375,1101.300048828125,1091486,0.0,0.0
2026-05-07 12:45:00+05:30,1101.4000244140625,1103.5,1095.5,1096.9000244140625,814302,0.0,0.0
2026-05-07 13:00:00+05:30,1097.300048828125,1098.5,1096.0,1096.699951171875,262482,0.0,0.0
2026-05-07 13:15:00+05:30,1096.699951171875,1097.699951171875,1092.0,1095.5,424503,0.0,0.0
2026-05-07 13:30:00+05:30,1095.4000244140625,1098.5999755859375,1094.9000244140625,1095.0999755859375,351893,0.0,0.0
2026-05-07 13:45:00+05:30,1095.0999755859375,1098.0,1093.9000244140625,1098.0,258050,0.0,0.0
2026-05-07 14:00:00+05:30,1098.0,1099.4000244140625,1094.0,1094.0999755859375,381408,0.0,0.0
2026-05-07 14:15:00+05:30,1094.300048828125,1096.300048828125,1092.800048828125,1094.199951171875,412111,0.0,0.0
2026-05-07 14:30:00+05:30,1094.300048828125,1096.5999755859375,1093.0999755859375,1093.5,532176,0.0,0.0
2026-05-07 14:45:00+05:30,1093.5,1096.5999755859375,1092.5,1095.5,440124,0.0,0.0
2026-05-07 15:00:00+05:30,1095.4000244140625,1096.0,1089.5999755859375,1091.5,2041882,0.0,0.0
2026-05-07 15:15:00+05:30,1091.300048828125,1093.300048828125,1090.5,1092.5,1222353,0.0,0.0
2026-05-08 09:15:00+05:30,1092.9000244140625,1092.9000244140625,1083.0999755859375,1089.0,271339,0.0,0.0
2026-05-08 09:30:00+05:30,1089.0,1091.0,1087.0,1087.4000244140625,315369,0.0,0.0
2026-05-08 09:45:00+05:30,1087.0999755859375,1089.5,1084.0,1089.199951171875,309553,0.0,0.0
2026-05-08 10:00:00+05:30,1089.5,1091.9000244140625,1088.0,1091.5,177332,0.0,0.0
2026-05-08 10:15:00+05:30,1091.4000244140625,1093.699951171875,1089.5999755859375,1091.5,330344,0.0,0.0
2026-05-08 10:30:00+05:30,1091.5,1091.699951171875,1089.199951171875,1089.699951171875,303312,0.0,0.0
2026-05-08 10:45:00+05:30,1089.699951171875,1090.4000244140625,1087.4000244140625,1087.5999755859375,178615,0.0,0.0
2026-05-08 11:00:00+05:30,1087.0,1093.9000244140625,1086.0,1093.9000244140625,444423,0.0,0.0
2026-05-08 11:15:00+05:30,1093.9000244140625,1095.0,1089.4000244140625,1089.9000244140625,349167,0.0,0.0
2026-05-08 11:30:00+05:30,1089.9000244140625,1091.199951171875,1088.5999755859375,1090.4000244140625,228200,0.0,0.0
2026-05-08 11:45:00+05:30,1089.800048828125,1090.4000244140625,1088.0999755859375,1090.0,195388,0.0,0.0
2026-05-08 12:00:00+05:30,1090.0999755859375,1090.800048828125,1078.0,1081.199951171875,855580,0.0,0.0
2026-05-08 12:15:00+05:30,1081.0,1084.9000244140625,1078.0,1084.800048828125,525030,0.0,0.0
2026-05-08 12:30:00+05:30,1084.800048828125,1086.800048828125,1082.699951171875,1083.800048828125,280661,0.0,0.0
2026-05-08 12:45:00+05:30,1083.699951171875,1084.300048828125,1079.199951171875,1082.5999755859375,413762,0.0,0.0
2026-05-08 13:00:00+05:30,1083.0999755859375,1083.699951171875,1076.0999755859375,1078.199951171875,550582,0.0,0.0
2026-05-08 13:15:00+05:30,1078.300048828125,1079.5,1074.699951171875,1078.800048828125,496780,0.0,0.0
2026-05-08 13:30:00+05:30,1078.9000244140625,1079.800048828125,1074.199951171875,1077.699951171875,459548,0.0,0.0
2026-05-08 13:45:00+05:30,1077.5999755859375,1079.0999755859375,1046.5999755859375,1052.699951171875,3219599,0.0,0.0
2026-05-08 14:00:00+05:30,1053.199951171875,1053.699951171875,1021.0,1021.0,9997632,0.0,0.0
2026-05-08 14:15:00+05:30,1020.9000244140625,1028.5999755859375,1011.2000122070312,1021.2999877929688,8823900,0.0,0.0
2026-05-08 14:30:00+05:30,1021.4000244140625,1033.5,1021.0,1029.0,6588863,0.0,0.0
2026-05-08 14:45:00+05:30,1029.300048828125,1033.300048828125,1024.5999755859375,1025.199951171875,3229833,0.0,0.0
2026-05-08 15:00:00+05:30,1025.0999755859375,1025.199951171875,1020.0999755859375,1020.2999877929688,3559087,0.0,0.0
2026-05-08 15:15:00+05:30,1020.2999877929688,1022.0999755859375,1012.5999755859375,1018.5,5299110,0.0,0.0
2026-05-11 09:15:00+05:30,1006.0,1006.0,984.2999877929688,992.0999755859375,2373837,0.0,0.0
2026-05-11 09:30:00+05:30,992.2000122070312,993.7000122070312,983.2000122070312,983.2000122070312,2985163,0.0,0.0
2026-05-11 09:45:00+05:30,983.2000122070312,983.7000122070312,977.5,978.7999877929688,2573434,0.0,0.0
2026-05-11 10:00:00+05:30,978.5999755859375,981.5,978.2000122070312,980.0,1456895,0.0,0.0
2026-05-11 10:15:00+05:30,980.0,981.0999755859375,976.0,977.5999755859375,1808162,0.0,0.0
2026-05-11 10:30:00+05:30,977.9000244140625,980.2000122070312,977.0,979.0,1139181,0.0,0.0
2026-05-11 10:45:00+05:30,979.0,982.9000244140625,978.0,978.2999877929688,2858275,0.0,0.0
2026-05-11 11:00:00+05:30,978.2999877929688,978.5,976.0,976.2999877929688,1717122,0.0,0.0
2026-05-11 11:15:00+05:30,976.2000122070312,978.0,975.0,976.2999877929688,991122,0.0,0.0
2026-05-11 11:30:00+05:30,976.2999877929688,980.2000122070312,975.5,979.7999877929688,1555301,0.0,0.0
2026-05-11 11:45:00+05:30,979.7999877929688,981.5,978.5,979.4000244140625,1552900,0.0,0.0
2026-05-11 12:00:00+05:30,979.5,981.0,978.5999755859375,980.0999755859375,886648,0.0,0.0
2026-05-11 12:15:00+05:30,980.2999877929688,980.4000244140625,977.2999877929688,977.7999877929688,1000224,0.0,0.0
2026-05-11 12:30:00+05:30,977.9000244140625,978.2000122070312,976.0,977.5999755859375,1484895,0.0,0.0
2026-05-11 12:45:00+05:30,977.5999755859375,980.0,977.5,980.0,1109451,0.0,0.0
2026-05-11 13:00:00+05:30,980.0,981.7999877929688,977.0,981.5,1606305,0.0,0.0
2026-05-11 13:15:00+05:30,981.5999755859375,982.0,979.0,979.4000244140625,1029618,0.0,0.0
2026-05-11 13:30:00+05:30,979.5,984.9000244140625,979.2999877929688,980.2000122070312,1739205,0.0,0.0
2026-05-11 13:45:00+05:30,980.0999755859375,982.0,980.0999755859375,980.9000244140625,1251094,0.0,0.0
2026-05-11 14:00:00+05:30,980.7999877929688,982.0,979.0,979.0999755859375,1306547,0.0,0.0
2026-05-11 14:15:00+05:30,979.2000122070312,980.2000122070312,978.2000122070312,979.0999755859375,1088697,0.0,0.0
2026-05-11 14:30:00+05:30,979.0999755859375,980.4000244140625,977.7999877929688,979.2999877929688,1280970,0.0,0.0
2026-05-11 14:45:00+05:30,979.2999877929688,979.2999877929688,974.5,974.5999755859375,2217862,0.0,0.0
2026-05-11 15:00:00+05:30,975.0,975.0999755859375,971.0999755859375,971.2999877929688,2293937,0.0,0.0
2026-05-11 15:15:00+05:30,971.2999877929688,975.4000244140625,971.0999755859375,975.4000244140625,3553276,0.0,0.0
2026-05-12 09:15:00+05:30,976.0,980.9000244140625,973.0999755859375,975.9000244140625,1067452,0.0,0.0
2026-05-12 09:30:00+05:30,975.5999755859375,977.7000122070312,972.4000244140625,977.0999755859375,1023352,0.0,0.0
2026-05-12 09:45:00+05:30,977.0,981.2000122070312,976.0,978.5,1175583,0.0,0.0
2026-05-12 10:00:00+05:30,978.4000244140625,979.5,977.7000122070312,979.0,552028,0.0,0.0
2026-05-12 10:15:00+05:30,979.4000244140625,980.2999877929688,976.0,976.4000244140625,573683,0.0,0.0
2026-05-12 10:30:00+05:30,976.4000244140625,977.2999877929688,974.5,974.7999877929688,594389,0.0,0.0
2026-05-12 10:45:00+05:30,974.7999877929688,975.0,968.2000122070312,970.0999755859375,1397853,0.0,0.0
2026-05-12 11:00:00+05:30,969.7999877929688,970.2000122070312,964.2999877929688,964.9000244140625,1445815,0.0,0.0
2026-05-12 11:15:00+05:30,964.9000244140625,967.7000122070312,964.5,965.0,1315795,0.0,0.0
2026-05-12 11:30:00+05:30,964.7000122070312,967.0,964.4000244140625,966.7999877929688,686932,0.0,0.0
2026-05-12 11:45:00+05:30,966.7999877929688,969.7000122070312,966.0,968.9000244140625,673444,0.0,0.0
2026-05-12 12:00:00+05:30,968.7000122070312,969.5999755859375,967.0999755859375,968.4000244140625,597008,0.0,0.0
2026-05-12 12:15:00+05:30,968.5,968.7000122070312,965.4000244140625,966.5,769118,0.0,0.0
2026-05-12 12:30:00+05:30,966.5,966.5,963.0,965.5,536272,0.0,0.0
2026-05-12 12:45:00+05:30,965.7000122070312,965.7999877929688,962.4000244140625,963.5999755859375,505093,0.0,0.0
2026-05-12 13:00:00+05:30,963.5999755859375,967.5,963.4000244140625,967.2000122070312,558314,0.0,0.0
2026-05-12 13:15:00+05:30,967.2000122070312,972.4000244140625,966.5999755859375,972.4000244140625,1223605,0.0,0.0
2026-05-12 13:30:00+05:30,972.4000244140625,973.4000244140625,969.5,970.7999877929688,1236681,0.0,0.0
2026-05-12 13:45:00+05:30,970.7999877929688,974.7999877929688,970.7000122070312,972.5999755859375,832425,0.0,0.0
2026-05-12 14:00:00+05:30,972.5999755859375,974.5,971.4000244140625,972.5,996509,0.0,0.0
2026-05-12 14:15:00+05:30,972.5,975.0,972.0,974.5,652972,0.0,0.0
2026-05-12 14:30:00+05:30,974.5,976.7999877929688,973.0,976.5,1118727,0.0,0.0
2026-05-12 14:45:00+05:30,976.5,978.5,973.5999755859375,975.4000244140625,1490886,0.0,0.0
2026-05-12 15:00:00+05:30,975.2000122070312,975.4000244140625,972.0,973.5,1861139,0.0,0.0
2026-05-12 15:15:00+05:30,973.5,977.2999877929688,973.2000122070312,976.0999755859375,1629191,0.0,0.0
2026-05-13 09:15:00+05:30,978.2000122070312,980.9000244140625,969.0,969.2999877929688,547106,0.0,0.0
2026-05-13 09:30:00+05:30,969.2000122070312,970.4000244140625,963.0,964.0999755859375,1016769,0.0,0.0
2026-05-13 09:45:00+05:30,964.0,966.5999755859375,961.2999877929688,966.2999877929688,709225,0.0,0.0
2026-05-13 10:00:00+05:30,966.2000122070312,969.4000244140625,965.7999877929688,967.5999755859375,654849,0.0,0.0
2026-05-13 10:15:00+05:30,967.5999755859375,973.5,967.4000244140625,971.5999755859375,760236,0.0,0.0
2026-05-13 10:30:00+05:30,971.5999755859375,974.7999877929688,970.4000244140625,973.5999755859375,649060,0.0,0.0
2026-05-13 10:45:00+05:30,973.5999755859375,973.9000244140625,967.0,967.2000122070312,505419,0.0,0.0
2026-05-13 11:00:00+05:30,967.0,970.7000122070312,967.0,969.9000244140625,707418,0.0,0.0
2026-05-13 11:15:00+05:30,969.2999877929688,972.7999877929688,969.2999877929688,971.0,476119,0.0,0.0
2026-05-13 11:30:00+05:30,971.0,979.5,970.4000244140625,978.4000244140625,904469,0.0,0.0
2026-05-13 11:45:00+05:30,978.5999755859375,979.9000244140625,974.9000244140625,975.2000122070312,690120,0.0,0.0
2026-05-13 12:00:00+05:30,975.0,976.7999877929688,974.0999755859375,976.7000122070312,372167,0.0,0.0
2026-05-13 12:15:00+05:30,976.7999877929688,978.0999755859375,975.2000122070312,978.0999755859375,559694,0.0,0.0
2026-05-13 12:30:00+05:30,977.5999755859375,977.5999755859375,970.7999877929688,971.2999877929688,943641,0.0,0.0
2026-05-13 12:45:00+05:30,971.0,980.5,971.0,979.5999755859375,1293161,0.0,0.0
2026-05-13 13:00:00+05:30,979.5999755859375,979.9000244140625,975.7000122070312,976.5,762387,0.0,0.0
2026-05-13 13:15:00+05:30,976.5,977.0,971.7999877929688,972.5999755859375,567750,0.0,0.0
2026-05-13 13:30:00+05:30,972.2999877929688,976.2999877929688,972.0,975.7000122070312,364123,0.0,0.0
2026-05-13 13:45:00+05:30,975.7000122070312,976.0,972.2999877929688,973.7999877929688,282811,0.0,0.0
2026-05-13 14:00:00+05:30,973.7999877929688,975.2000122070312,972.0999755859375,974.5999755859375,301962,0.0,0.0
2026-05-13 14:15:00+05:30,974.4000244140625,975.2999877929688,971.0999755859375,972.9000244140625,441748,0.0,0.0
2026-05-13 14:30:00+05:30,973.0999755859375,973.7999877929688,971.5,971.9000244140625,393332,0.0,0.0
2026-05-13 14:45:00+05:30,971.7000122070312,974.0,971.0,973.2000122070312,633855,0.0,0.0
2026-05-13 15:00:00+05:30,973.2999877929688,973.2999877929688,970.0,971.4000244140625,1124408,0.0,0.0
2026-05-13 15:15:00+05:30,971.2000122070312,971.4000244140625,968.0999755859375,970.9000244140625,1107862,0.0,0.0
2026-05-14 09:15:00+05:30,975.9000244140625,978.9000244140625,973.0999755859375,977.0999755859375,364216,0.0,0.0
2026-05-14 09:30:00+05:30,977.0999755859375,977.0999755859375,973.0,973.5999755859375,920899,0.0,0.0
2026-05-14 09:45:00+05:30,973.5999755859375,974.9000244140625,971.0999755859375,972.0,532054,0.0,0.0
2026-05-14 10:00:00+05:30,972.0,973.5999755859375,971.0,973.2999877929688,681780,0.0,0.0
2026-05-14 10:15:00+05:30,973.2999877929688,974.0,971.2999877929688,972.2999877929688,341554,0.0,0.0
2026-05-14 10:30:00+05:30,972.2999877929688,973.2999877929688,970.0999755859375,970.2999877929688,402381,0.0,0.0
2026-05-14 10:45:00+05:30,970.0999755859375,970.4000244140625,963.5999755859375,963.7999877929688,1096560,0.0,0.0
2026-05-14 11:00:00+05:30,963.7999877929688,967.7000122070312,963.7999877929688,967.5,369723,0.0,0.0
2026-05-14 11:15:00+05:30,967.2000122070312,972.9000244140625,967.2000122070312,972.0999755859375,739677,0.0,0.0
2026-05-14 11:30:00+05:30,972.0999755859375,978.9000244140625,972.0999755859375,977.0,1175053,0.0,0.0
2026-05-14 11:45:00+05:30,977.2999877929688,979.2000122070312,976.2000122070312,978.5999755859375,701535,0.0,0.0
2026-05-14 12:00:00+05:30,978.5999755859375,978.9000244140625,976.2000122070312,978.2999877929688,520393,0.0,0.0
2026-05-14 12:15:00+05:30,978.2999877929688,986.4000244140625,977.9000244140625,981.9000244140625,1091631,0.0,0.0
2026-05-14 12:30:00+05:30,981.5999755859375,985.2000122070312,981.0999755859375,985.0999755859375,592140,0.0,0.0
2026-05-14 12:45:00+05:30,985.2000122070312,986.0,981.9000244140625,983.5,635579,0.0,0.0
2026-05-14 13:00:00+05:30,983.5,987.0,983.5,985.5999755859375,593781,0.0,0.0
2026-05-14 13:15:00+05:30,985.5999755859375,986.0,983.0,983.4000244140625,376082,0.0,0.0
2026-05-14 13:30:00+05:30,983.0,985.0,982.2999877929688,983.4000244140625,364505,0.0,0.0
2026-05-14 13:45:00+05:30,983.7999877929688,984.0,980.7000122070312,982.4000244140625,342346,0.0,0.0
2026-05-14 14:00:00+05:30,982.7999877929688,986.0,982.5,984.0,389063,0.0,0.0
2026-05-14 14:15:00+05:30,984.0999755859375,985.0,982.0,982.9000244140625,384178,0.0,0.0
2026-05-14 14:30:00+05:30,983.0,983.9000244140625,980.5999755859375,981.0999755859375,629002,0.0,0.0
2026-05-14 14:45:00+05:30,981.4000244140625,981.9000244140625,978.7999877929688,981.5,686561,0.0,0.0
2026-05-14 15:00:00+05:30,981.5,981.5999755859375,978.4000244140625,979.4000244140625,1085664,0.0,0.0
2026-05-14 15:15:00+05:30,979.5,982.4000244140625,978.5999755859375,982.2999877929688,800353,0.0,0.0
2026-05-15 09:15:00+05:30,970.7000122070312,970.9000244140625,957.5999755859375,970.0,1436888,17.35,0.0
2026-05-15 09:30:00+05:30,970.4000244140625,971.7999877929688,966.7000122070312,969.7999877929688,2138065,0.0,0.0
2026-05-15 09:45:00+05:30,969.5999755859375,970.7999877929688,967.5,969.2999877929688,719985,0.0,0.0
2026-05-15 10:00:00+05:30,969.0,969.0999755859375,966.0999755859375,966.7999877929688,684496,0.0,0.0
2026-05-15 10:15:00+05:30,966.9000244140625,969.4000244140625,966.0,967.2999877929688,867928,0.0,0.0
2026-05-15 10:30:00+05:30,967.0999755859375,969.5,967.0,968.5999755859375,1015740,0.0,0.0
2026-05-15 10:45:00+05:30,968.5999755859375,968.7999877929688,967.0,967.7999877929688,211158,0.0,0.0
2026-05-15 11:00:00+05:30,967.7999877929688,969.2000122070312,965.0,966.4000244140625,2061786,0.0,0.0
2026-05-15 11:15:00+05:30,966.2000122070312,968.0,965.4000244140625,967.0999755859375,593877,0.0,0.0
2026-05-15 11:30:00+05:30,967.0999755859375,969.7999877929688,966.0999755859375,968.7999877929688,791929,0.0,0.0
2026-05-15 11:45:00+05:30,969.0,970.5,968.0999755859375,970.2000122070312,1214533,0.0,0.0
2026-05-15 12:00:00+05:30,970.0999755859375,971.0,968.7999877929688,969.9000244140625,688245,0.0,0.0
2026-05-15 12:15:00+05:30,969.7999877929688,970.0,967.7000122070312,967.7000122070312,297309,0.0,0.0
2026-05-15 12:30:00+05:30,967.7000122070312,969.7000122070312,967.2000122070312,969.5,245740,0.0,0.0
2026-05-15 12:45:00+05:30,969.2000122070312,972.5,969.2000122070312,972.0,552879,0.0,0.0
2026-05-15 13:00:00+05:30,972.0,972.4000244140625,969.0,970.4000244140625,372569,0.0,0.0
2026-05-15 13:15:00+05:30,970.4000244140625,971.5,970.0,970.7999877929688,290521,0.0,0.0
2026-05-15 13:30:00+05:30,970.7000122070312,970.9000244140625,964.2000122070312,967.4000244140625,1826662,0.0,0.0
2026-05-15 13:45:00+05:30,967.5,967.7999877929688,965.0999755859375,965.9000244140625,674082,0.0,0.0
2026-05-15 14:00:00+05:30,966.0,967.0,965.0999755859375,966.7999877929688,733618,0.0,0.0
2026-05-15 14:15:00+05:30,966.9000244140625,967.2000122070312,966.0,966.2999877929688,851241,0.0,0.0
2026-05-15 14:30:00+05:30,966.5,967.2000122070312,962.4000244140625,965.0999755859375,1438222,0.0,0.0
2026-05-15 14:45:00+05:30,965.0999755859375,965.0999755859375,962.0,964.5,2063859,0.0,0.0
2026-05-15 15:00:00+05:30,964.7000122070312,965.5999755859375,962.9000244140625,963.0,1092979,0.0,0.0
2026-05-15 15:15:00+05:30,963.0,964.0999755859375,960.7999877929688,961.5999755859375,1530385,0.0,0.0
2026-05-18 09:15:00+05:30,952.5,954.7999877929688,943.9000244140625,944.4000244140625,573193,0.0,0.0
2026-05-18 09:30:00+05:30,944.4000244140625,945.7999877929688,941.0999755859375,941.7999877929688,746852,0.0,0.0
2026-05-18 09:45:00+05:30,941.5999755859375,942.2000122070312,934.0,935.9000244140625,1253651,0.0,0.0
2026-05-18 10:00:00+05:30,935.9000244140625,939.2000122070312,934.5999755859375,938.5,812185,0.0,0.0
2026-05-18 10:15:00+05:30,938.5,940.2000122070312,937.9000244140625,939.0999755859375,586791,0.0,0.0
2026-05-18 10:30:00+05:30,939.2999877929688,940.0999755859375,936.0,937.0,476393,0.0,0.0
2026-05-18 10:45:00+05:30,937.0999755859375,938.9000244140625,936.5,938.5,277239,0.0,0.0
2026-05-18 11:00:00+05:30,938.5,940.0,937.5999755859375,938.0,252146,0.0,0.0
2026-05-18 11:15:00+05:30,938.0999755859375,939.2999877929688,936.2999877929688,936.7999877929688,496521,0.0,0.0
2026-05-18 11:30:00+05:30,936.7999877929688,938.4000244140625,936.0999755859375,936.5,513201,0.0,0.0
2026-05-18 11:45:00+05:30,936.5,936.9000244140625,935.0999755859375,935.2000122070312,409004,0.0,0.0
2026-05-18 12:00:00+05:30,935.0999755859375,937.7000122070312,935.0,937.7000122070312,462904,0.0,0.0
2026-05-18 12:15:00+05:30,937.7000122070312,938.5999755859375,936.5,938.2000122070312,304780,0.0,0.0
2026-05-18 12:30:00+05:30,938.2999877929688,940.0,937.0999755859375,937.7999877929688,528430,0.0,0.0
2026-05-18 12:45:00+05:30,937.7999877929688,941.9000244140625,937.2999877929688,941.7999877929688,536461,0.0,0.0
2026-05-18 13:00:00+05:30,942.0,943.5999755859375,939.4000244140625,940.7000122070312,747047,0.0,0.0
2026-05-18 13:15:00+05:30,940.5999755859375,941.7999877929688,939.5999755859375,941.0999755859375,380856,0.0,0.0
2026-05-18 13:30:00+05:30,940.9000244140625,941.9000244140625,940.0,940.9000244140625,326362,0.0,0.0
2026-05-18 13:45:00+05:30,940.9000244140625,941.9000244140625,940.0,941.2000122070312,335941,0.0,0.0
2026-05-18 14:00:00+05:30,941.2000122070312,943.0999755859375,940.4000244140625,941.7999877929688,611659,0.0,0.0
2026-05-18 14:15:00+05:30,941.9000244140625,941.9000244140625,940.0,941.0999755859375,592940,0.0,0.0
2026-05-18 14:30:00+05:30,941.0,941.0999755859375,939.0,940.7000122070312,562891,0.0,0.0
2026-05-18 14:45:00+05:30,940.7000122070312,940.7999877929688,937.2999877929688,938.5,943215,0.0,0.0
2026-05-18 15:00:00+05:30,938.5,943.5999755859375,938.0,938.5,1662859,0.0,0.0
2026-05-18 15:15:00+05:30,938.5,938.7999877929688,937.0999755859375,938.5999755859375,1338573,0.0,0.0
2026-05-19 09:15:00+05:30,942.4000244140625,945.2999877929688,940.5999755859375,944.0,790358,0.0,0.0
2026-05-19 09:30:00+05:30,944.0,947.2000122070312,939.5,946.0999755859375,1249203,0.0,0.0
2026-05-19 09:45:00+05:30,946.0,946.7000122070312,943.7000122070312,944.5,629758,0.0,0.0
2026-05-19 10:00:00+05:30,944.5999755859375,948.2999877929688,944.5999755859375,948.0,596600,0.0,0.0
2026-05-19 10:15:00+05:30,947.9000244140625,948.9000244140625,946.4000244140625,947.0,463980,0.0,0.0
2026-05-19 10:30:00+05:30,947.4000244140625,950.0,946.2999877929688,949.7000122070312,646135,0.0,0.0
2026-05-19 10:45:00+05:30,949.9000244140625,950.5,947.0,949.5999755859375,674183,0.0,0.0
2026-05-19 11:00:00+05:30,949.5999755859375,949.7000122070312,947.0,947.5999755859375,427040,0.0,0.0
2026-05-19 11:15:00+05:30,947.5,948.0,946.4000244140625,947.7999877929688,293353,0.0,0.0
2026-05-19 11:30:00+05:30,947.7999877929688,948.0,945.5999755859375,946.7999877929688,453602,0.0,0.0
2026-05-19 11:45:00+05:30,946.9000244140625,947.2000122070312,945.0999755859375,946.2999877929688,472103,0.0,0.0
2026-05-19 12:00:00+05:30,946.2999877929688,946.9000244140625,944.7999877929688,946.7999877929688,574131,0.0,0.0
2026-05-19 12:15:00+05:30,946.7999877929688,947.4000244140625,945.2999877929688,947.0999755859375,400812,0.0,0.0
2026-05-19 12:30:00+05:30,947.0999755859375,948.4000244140625,946.5,948.2999877929688,312525,0.0,0.0
2026-05-19 12:45:00+05:30,948.2999877929688,948.7999877929688,947.0,948.0,398680,0.0,0.0
2026-05-19 13:00:00+05:30,948.0,948.7999877929688,947.0,948.2999877929688,323886,0.0,0.0
2026-05-19 13:15:00+05:30,948.5,949.0,947.7000122070312,948.2000122070312,343818,0.0,0.0
2026-05-19 13:30:00+05:30,948.2999877929688,949.5,946.0999755859375,947.0999755859375,591685,0.0,0.0
2026-05-19 13:45:00+05:30,947.2999877929688,947.7999877929688,945.9000244140625,947.0,651582,0.0,0.0
2026-05-19 14:00:00+05:30,947.0,952.0999755859375,946.5,952.0999755859375,810143,0.0,0.0
2026-05-19 14:15:00+05:30,952.2999877929688,956.5,952.2000122070312,953.0,1471957,0.0,0.0
2026-05-19 14:30:00+05:30,953.0999755859375,954.5,949.0,949.7000122070312,667709,0.0,0.0
2026-05-19 14:45:00+05:30,949.7000122070312,950.5999755859375,948.0999755859375,950.0999755859375,588527,0.0,0.0
2026-05-19 15:00:00+05:30,949.2000122070312,950.7999877929688,947.9000244140625,948.5,1678326,0.0,0.0
2026-05-19 15:15:00+05:30,948.4000244140625,948.7000122070312,947.0,947.0999755859375,1176934,0.0,0.0
2026-05-20 09:15:00+05:30,940.0,940.0,935.0,938.4000244140625,517098,0.0,0.0
2026-05-20 09:30:00+05:30,938.2999877929688,938.4000244140625,935.4000244140625,937.2000122070312,498335,0.0,0.0
2026-05-20 09:45:00+05:30,937.0999755859375,938.7999877929688,936.4000244140625,938.7999877929688,408882,0.0,0.0
2026-05-20 10:00:00+05:30,938.7000122070312,938.9000244140625,936.9000244140625,938.5,299581,0.0,0.0
2026-05-20 10:15:00+05:30,938.5,939.7999877929688,937.7999877929688,939.5999755859375,362052,0.0,0.0
2026-05-20 10:30:00+05:30,939.5999755859375,943.7000122070312,939.2999877929688,941.2000122070312,643629,0.0,0.0
2026-05-20 10:45:00+05:30,941.5,945.7999877929688,940.2000122070312,945.7999877929688,617000,0.0,0.0
2026-05-20 11:00:00+05:30,945.5999755859375,950.2000122070312,945.5999755859375,948.0999755859375,952107,0.0,0.0
2026-05-20 11:15:00+05:30,948.5,950.4000244140625,948.0,949.7000122070312,421384,0.0,0.0
2026-05-20 11:30:00+05:30,949.7000122070312,950.5999755859375,946.2999877929688,946.5999755859375,706531,0.0,0.0
2026-05-20 11:45:00+05:30,946.5999755859375,948.0,946.2999877929688,946.9000244140625,237839,0.0,0.0
2026-05-20 12:00:00+05:30,946.9000244140625,947.5,945.0999755859375,945.4000244140625,245732,0.0,0.0
2026-05-20 12:15:00+05:30,945.4000244140625,947.7999877929688,945.2999877929688,946.0999755859375,190037,0.0,0.0
2026-05-20 12:30:00+05:30,946.7000122070312,947.4000244140625,946.0999755859375,946.9000244140625,199231,0.0,0.0
2026-05-20 12:45:00+05:30,946.9000244140625,949.5,945.2999877929688,948.7000122070312,272888,0.0,0.0
2026-05-20 13:00:00+05:30,948.7000122070312,949.5,946.0999755859375,946.7000122070312,209783,0.0,0.0
2026-05-20 13:15:00+05:30,947.0,947.4000244140625,945.2000122070312,945.4000244140625,172267,0.0,0.0
2026-05-20 13:30:00+05:30,945.4000244140625,948.2999877929688,945.2000122070312,947.0,169575,0.0,0.0
2026-05-20 13:45:00+05:30,947.0,949.0,946.7999877929688,949.0,155229,0.0,0.0
2026-05-20 14:00:00+05:30,949.2999877929688,952.4000244140625,949.0999755859375,951.2000122070312,637743,0.0,0.0
2026-05-20 14:15:00+05:30,951.2000122070312,954.4000244140625,951.0,953.4000244140625,437903,0.0,0.0
2026-05-20 14:30:00+05:30,953.7000122070312,955.0,952.2000122070312,953.2999877929688,300984,0.0,0.0
2026-05-20 14:45:00+05:30,953.0,953.4000244140625,951.5999755859375,952.2000122070312,467092,0.0,0.0
2026-05-20 15:00:00+05:30,952.2000122070312,952.2999877929688,950.0999755859375,951.2000122070312,878929,0.0,0.0
2026-05-20 15:15:00+05:30,951.0999755859375,951.9000244140625,949.5999755859375,950.9000244140625,1317937,0.0,0.0
2026-05-21 09:15:00+05:30,958.0,960.7999877929688,954.4000244140625,954.7999877929688,375022,0.0,0.0
2026-05-21 09:30:00+05:30,954.7999877929688,955.7000122070312,953.0,954.7999877929688,405063,0.0,0.0
2026-05-21 09:45:00+05:30,954.5999755859375,955.7000122070312,953.5999755859375,953.7000122070312,275863,0.0,0.0
2026-05-21 10:00:00+05:30,953.7000122070312,954.7000122070312,952.4000244140625,953.2000122070312,238024,0.0,0.0
2026-05-21 10:15:00+05:30,953.0999755859375,956.9000244140625,953.0,956.4000244140625,319100,0.0,0.0
2026-05-21 10:30:00+05:30,956.4000244140625,957.5,955.0,957.2999877929688,433714,0.0,0.0
2026-05-21 10:45:00+05:30,957.2000122070312,958.0,955.5999755859375,955.7000122070312,398989,0.0,0.0
2026-05-21 11:00:00+05:30,955.7000122070312,956.0,953.4000244140625,953.5,319844,0.0,0.0
2026-05-21 11:15:00+05:30,953.2999877929688,955.5,951.2000122070312,955.4000244140625,346514,0.0,0.0
2026-05-21 11:30:00+05:30,955.2999877929688,955.4000244140625,951.5,951.9000244140625,290757,0.0,0.0
2026-05-21 11:45:00+05:30,951.9000244140625,952.5,951.0999755859375,952.0999755859375,210795,0.0,0.0
2026-05-21 12:00:00+05:30,952.4000244140625,953.2000122070312,951.2999877929688,951.7000122070312,187999,0.0,0.0
2026-05-21 12:15:00+05:30,951.5,951.7000122070312,948.0,949.4000244140625,509389,0.0,0.0
2026-05-21 12:30:00+05:30,949.2000122070312,950.2999877929688,948.0999755859375,949.2000122070312,335484,0.0,0.0
2026-05-21 12:45:00+05:30,949.5,950.7999877929688,948.5,949.0999755859375,188346,0.0,0.0
2026-05-21 13:00:00+05:30,949.0,949.7000122070312,946.5,949.0999755859375,282291,0.0,0.0
2026-05-21 13:15:00+05:30,948.5999755859375,949.7000122070312,947.2000122070312,947.7999877929688,278704,0.0,0.0
2026-05-21 13:30:00+05:30,947.7999877929688,952.0,947.0999755859375,951.5,256537,0.0,0.0
2026-05-21 13:45:00+05:30,951.2000122070312,952.5,950.2999877929688,951.7999877929688,168551,0.0,0.0
2026-05-21 14:00:00+05:30,951.7000122070312,951.7000122070312,950.0,951.2000122070312,285273,0.0,0.0
2026-05-21 14:15:00+05:30,951.0999755859375,953.2999877929688,950.0999755859375,952.4000244140625,700811,0.0,0.0
2026-05-21 14:30:00+05:30,952.4000244140625,953.2999877929688,951.2000122070312,951.7000122070312,647932,0.0,0.0
2026-05-21 14:45:00+05:30,951.7999877929688,953.5,951.2999877929688,952.5,763531,0.0,0.0
2026-05-21 15:00:00+05:30,952.5,953.7999877929688,949.5,949.5999755859375,2026975,0.0,0.0
2026-05-21 15:15:00+05:30,949.7999877929688,950.7999877929688,949.0999755859375,949.7999877929688,1079506,0.0,0.0
2026-05-22 09:15:00+05:30,951.2000122070312,957.0,951.0,955.7000122070312,256341,0.0,0.0
2026-05-22 09:30:00+05:30,955.7000122070312,958.2000122070312,955.7000122070312,956.9000244140625,324128,0.0,0.0
2026-05-22 09:45:00+05:30,957.0,958.0999755859375,955.5,956.7000122070312,237541,0.0,0.0
2026-05-22 10:00:00+05:30,956.5,958.5999755859375,955.7999877929688,957.9000244140625,261248,0.0,0.0
2026-05-22 10:15:00+05:30,958.0,958.0999755859375,953.5999755859375,953.7000122070312,515045,0.0,0.0
2026-05-22 10:30:00+05:30,953.7999877929688,955.2999877929688,953.5,954.9000244140625,308495,0.0,0.0
2026-05-22 10:45:00+05:30,954.9000244140625,955.5,954.0,954.0999755859375,146571,0.0,0.0
2026-05-22 11:00:00+05:30,954.0999755859375,954.2999877929688,952.5999755859375,953.7000122070312,186809,0.0,0.0
2026-05-22 11:15:00+05:30,953.5,954.0,952.0999755859375,952.2999877929688,234591,0.0,0.0
2026-05-22 11:30:00+05:30,951.9000244140625,953.7000122070312,951.5,953.7000122070312,207756,0.0,0.0
2026-05-22 11:45:00+05:30,953.5999755859375,954.7000122070312,953.2000122070312,953.7999877929688,136504,0.0,0.0
2026-05-22 12:00:00+05:30,953.7999877929688,954.2000122070312,953.2000122070312,953.7000122070312,105544,0.0,0.0
2026-05-22 12:15:00+05:30,953.5,954.0999755859375,951.2999877929688,952.2000122070312,198631,0.0,0.0
2026-05-22 12:30:00+05:30,952.2000122070312,953.2000122070312,951.7999877929688,952.5999755859375,145924,0.0,0.0
2026-05-22 12:45:00+05:30,952.5999755859375,954.2000122070312,952.0999755859375,952.7000122070312,185814,0.0,0.0
2026-05-22 13:00:00+05:30,952.5,954.0,952.0999755859375,953.5,267762,0.0,0.0
2026-05-22 13:15:00+05:30,953.5999755859375,953.7999877929688,951.4000244140625,953.0,437395,0.0,0.0
2026-05-22 13:30:00+05:30,952.9000244140625,953.4000244140625,952.5,953.0999755859375,223337,0.0,0.0
2026-05-22 13:45:00+05:30,953.0,954.0,952.2000122070312,953.2000122070312,226913,0.0,0.0
2026-05-22 14:00:00+05:30,953.2000122070312,953.5,950.2999877929688,951.7000122070312,214122,0.0,0.0
2026-05-22 14:15:00+05:30,951.7999877929688,952.0,950.0999755859375,950.2000122070312,211761,0.0,0.0
2026-05-22 14:30:00+05:30,950.2000122070312,950.2000122070312,948.2000122070312,948.5999755859375,410031,0.0,0.0
2026-05-22 14:45:00+05:30,948.7000122070312,950.0,948.2000122070312,949.2999877929688,280375,0.0,0.0
2026-05-22 15:00:00+05:30,949.5999755859375,949.5999755859375,947.7000122070312,949.0999755859375,877312,0.0,0.0
2026-05-22 15:15:00+05:30,949.0999755859375,950.5,948.5999755859375,950.0,993881,0.0,0.0
2026-05-25 09:15:00+05:30,959.5999755859375,962.5,959.2000122070312,961.4000244140625,723302,0.0,0.0
2026-05-25 09:30:00+05:30,961.5,962.2999877929688,959.4000244140625,959.9000244140625,1135658,0.0,0.0
2026-05-25 09:45:00+05:30,960.0,960.4000244140625,957.5,958.7000122070312,373081,0.0,0.0
2026-05-25 10:00:00+05:30,958.7999877929688,963.5999755859375,958.7999877929688,962.0,597282,0.0,0.0
2026-05-25 10:15:00+05:30,961.9000244140625,962.0,960.0999755859375,960.7000122070312,258867,0.0,0.0
2026-05-25 10:30:00+05:30,960.7000122070312,962.4000244140625,960.4000244140625,961.2000122070312,423555,0.0,0.0
2026-05-25 10:45:00+05:30,961.2000122070312,963.0,961.2000122070312,961.7000122070312,280270,0.0,0.0
2026-05-25 11:00:00+05:30,961.5999755859375,963.0999755859375,961.5,962.5999755859375,333417,0.0,0.0
2026-05-25 11:15:00+05:30,962.5999755859375,964.5999755859375,962.2999877929688,964.4000244140625,407374,0.0,0.0
2026-05-25 11:30:00+05:30,964.2999877929688,964.5999755859375,962.7000122070312,963.5999755859375,323769,0.0,0.0
2026-05-25 11:45:00+05:30,963.7999877929688,964.5999755859375,963.2999877929688,963.5999755859375,377260,0.0,0.0
2026-05-25 12:00:00+05:30,963.7000122070312,963.7000122070312,961.7000122070312,961.7999877929688,213161,0.0,0.0
2026-05-25 12:15:00+05:30,961.7999877929688,962.4000244140625,961.7000122070312,962.0,147254,0.0,0.0
2026-05-25 12:30:00+05:30,961.9000244140625,962.5999755859375,960.0999755859375,961.0,228863,0.0,0.0
2026-05-25 12:45:00+05:30,961.2000122070312,961.2000122070312,959.5999755859375,960.7999877929688,287562,0.0,0.0
2026-05-25 13:00:00+05:30,960.7999877929688,961.7999877929688,960.2999877929688,960.5,162621,0.0,0.0
2026-05-25 13:15:00+05:30,960.5,961.9000244140625,960.2000122070312,961.7999877929688,173119,0.0,0.0
2026-05-25 13:30:00+05:30,961.7999877929688,962.0999755859375,960.0,960.2000122070312,176390,0.0,0.0
2026-05-25 13:45:00+05:30,960.4000244140625,961.5999755859375,960.0999755859375,960.2999877929688,165198,0.0,0.0
2026-05-25 14:00:00+05:30,960.4000244140625,961.4000244140625,960.2000122070312,960.5,159853,0.0,0.0
2026-05-25 14:15:00+05:30,960.5999755859375,961.0,960.0999755859375,960.7000122070312,188427,0.0,0.0
2026-05-25 14:30:00+05:30,960.7000122070312,962.7000122070312,960.0999755859375,962.5999755859375,304684,0.0,0.0
2026-05-25 14:45:00+05:30,962.5,967.5,962.4000244140625,967.2999877929688,801237,0.0,0.0
2026-05-25 15:00:00+05:30,967.4000244140625,969.7000122070312,967.0999755859375,969.7000122070312,1026381,0.0,0.0
2026-05-25 15:15:00+05:30,969.7999877929688,972.4000244140625,969.7000122070312,972.0,1018272,0.0,0.0
2026-05-26 09:15:00+05:30,970.0,976.7000122070312,968.0999755859375,975.2999877929688,494937,0.0,0.0
2026-05-26 09:30:00+05:30,975.7999877929688,978.0,974.9000244140625,976.5,910670,0.0,0.0
2026-05-26 09:45:00+05:30,976.2999877929688,976.5999755859375,974.9000244140625,975.4000244140625,957328,0.0,0.0
2026-05-26 10:00:00+05:30,975.4000244140625,977.2999877929688,975.0,975.2999877929688,566156,0.0,0.0
2026-05-26 10:15:00+05:30,975.7000122070312,976.0,973.7999877929688,974.2000122070312,653372,0.0,0.0
2026-05-26 10:30:00+05:30,974.4000244140625,976.9000244140625,974.0,976.0,310142,0.0,0.0
2026-05-26 10:45:00+05:30,976.2000122070312,978.7000122070312,976.0999755859375,977.0,484818,0.0,0.0
2026-05-26 11:00:00+05:30,977.0,977.2999877929688,972.0999755859375,972.0999755859375,475600,0.0,0.0
2026-05-26 11:15:00+05:30,972.4000244140625,972.4000244140625,970.0999755859375,971.2000122070312,510466,0.0,0.0
2026-05-26 11:30:00+05:30,971.4000244140625,973.0,970.4000244140625,972.0,284437,0.0,0.0
2026-05-26 11:45:00+05:30,972.0,972.4000244140625,970.5,970.7000122070312,304024,0.0,0.0
2026-05-26 12:00:00+05:30,970.7000122070312,970.9000244140625,969.4000244140625,970.2000122070312,322614,0.0,0.0
2026-05-26 12:15:00+05:30,970.0999755859375,971.0,969.0,969.2000122070312,226108,0.0,0.0
2026-05-26 12:30:00+05:30,969.2999877929688,969.7000122070312,968.0,968.2000122070312,273084,0.0,0.0
2026-05-26 12:45:00+05:30,968.2999877929688,968.4000244140625,966.2999877929688,967.2000122070312,471885,0.0,0.0
2026-05-26 13:00:00+05:30,967.0999755859375,967.5,965.5,966.5999755859375,325492,0.0,0.0
2026-05-26 13:15:00+05:30,966.5999755859375,967.5,966.0999755859375,966.5999755859375,344684,0.0,0.0
2026-05-26 13:30:00+05:30,966.7000122070312,967.2000122070312,964.5999755859375,965.2999877929688,450764,0.0,0.0
2026-05-26 13:45:00+05:30,965.2999877929688,966.0,963.5,964.0999755859375,455911,0.0,0.0
2026-05-26 14:00:00+05:30,964.0,964.2000122070312,962.0999755859375,963.5,631962,0.0,0.0
2026-05-26 14:15:00+05:30,964.0,965.4000244140625,962.5999755859375,965.2000122070312,652153,0.0,0.0
2026-05-26 14:30:00+05:30,965.2999877929688,966.9000244140625,964.9000244140625,966.2000122070312,599618,0.0,0.0
2026-05-26 14:45:00+05:30,966.0999755859375,967.2000122070312,965.0999755859375,967.0999755859375,481477,0.0,0.0
2026-05-26 15:00:00+05:30,967.2000122070312,969.0999755859375,967.0,969.0999755859375,2157181,0.0,0.0
2026-05-26 15:15:00+05:30,969.0999755859375,969.7999877929688,968.5,969.7999877929688,1103208,0.0,0.0
2026-05-27 09:15:00+05:30,971.9000244140625,974.0999755859375,968.7000122070312,970.7999877929688,277398,0.0,0.0
2026-05-27 09:30:00+05:30,970.2000122070312,971.5,969.0999755859375,970.7000122070312,370120,0.0,0.0
2026-05-27 09:45:00+05:30,970.5999755859375,970.5999755859375,968.0,969.7999877929688,263335,0.0,0.0
2026-05-27 10:00:00+05:30,969.0,974.4000244140625,968.4000244140625,974.2000122070312,422152,0.0,0.0
2026-05-27 10:15:00+05:30,973.7999877929688,975.9000244140625,971.4000244140625,971.7000122070312,538947,0.0,0.0
2026-05-27 10:30:00+05:30,971.9000244140625,973.2000122070312,970.5,971.0,248062,0.0,0.0
2026-05-27 10:45:00+05:30,970.5999755859375,972.7000122070312,969.5999755859375,971.7999877929688,378706,0.0,0.0
2026-05-27 11:00:00+05:30,971.5999755859375,971.9000244140625,969.7000122070312,970.9000244140625,157998,0.0,0.0
2026-05-27 11:15:00+05:30,970.9000244140625,971.9000244140625,970.5999755859375,971.0,123831,0.0,0.0
2026-05-27 11:30:00+05:30,971.0999755859375,971.5,970.0,970.2000122070312,244228,0.0,0.0
2026-05-27 11:45:00+05:30,970.2000122070312,970.9000244140625,968.5,969.0,225210,0.0,0.0
2026-05-27 12:00:00+05:30,969.0999755859375,970.7999877929688,968.5999755859375,969.9000244140625,154346,0.0,0.0
2026-05-27 12:15:00+05:30,970.0,971.5999755859375,969.9000244140625,970.2000122070312,236168,0.0,0.0
2026-05-27 12:30:00+05:30,970.7999877929688,972.0,970.2999877929688,971.0,194498,0.0,0.0
2026-05-27 12:45:00+05:30,970.7000122070312,971.0,969.2000122070312,969.5,132046,0.0,0.0
2026-05-27 13:00:00+05:30,969.5999755859375,970.2999877929688,968.2000122070312,970.0,192517,0.0,0.0
2026-05-27 13:15:00+05:30,970.0,970.0,968.7000122070312,969.2999877929688,196491,0.0,0.0
2026-05-27 13:30:00+05:30,969.4000244140625,970.0,968.5,968.9000244140625,121256,0.0,0.0
2026-05-27 13:45:00+05:30,969.0999755859375,970.0,968.0999755859375,969.7999877929688,186027,0.0,0.0
2026-05-27 14:00:00+05:30,969.7999877929688,970.5999755859375,968.4000244140625,968.4000244140625,344792,0.0,0.0
2026-05-27 14:15:00+05:30,968.4000244140625,969.7999877929688,968.2000122070312,969.2000122070312,277948,0.0,0.0
2026-05-27 14:30:00+05:30,969.2999877929688,969.5,968.5,968.9000244140625,281261,0.0,0.0
2026-05-27 14:45:00+05:30,968.9000244140625,969.4000244140625,967.4000244140625,968.9000244140625,451920,0.0,0.0
2026-05-27 15:00:00+05:30,968.9000244140625,968.9000244140625,966.7000122070312,968.0,958602,0.0,0.0
2026-05-27 15:15:00+05:30,968.0,968.0999755859375,966.7999877929688,967.2999877929688,714437,0.0,0.0
2026-05-29 09:15:00+05:30,967.9000244140625,973.4000244140625,967.9000244140625,968.7000122070312,836276,0.0,0.0
2026-05-29 09:30:00+05:30,968.7999877929688,970.9000244140625,966.9000244140625,966.9000244140625,543603,0.0,0.0
2026-05-29 09:45:00+05:30,966.9000244140625,968.2000122070312,965.7000122070312,966.0999755859375,325517,0.0,0.0
2026-05-29 10:00:00+05:30,966.2999877929688,969.5,966.0,969.5,478347,0.0,0.0
2026-05-29 10:15:00+05:30,969.7000122070312,970.7999877929688,969.2000122070312,969.4000244140625,398362,0.0,0.0
2026-05-29 10:30:00+05:30,969.5,969.7000122070312,966.2999877929688,966.2999877929688,371620,0.0,0.0
2026-05-29 10:45:00+05:30,966.2999877929688,967.2000122070312,965.0,967.2000122070312,336855,0.0,0.0
2026-05-29 11:00:00+05:30,967.2000122070312,967.4000244140625,965.0999755859375,965.7999877929688,232915,0.0,0.0
2026-05-29 11:15:00+05:30,965.7999877929688,967.2000122070312,965.7000122070312,966.0999755859375,211013,0.0,0.0
2026-05-29 11:30:00+05:30,966.0,969.0,965.7000122070312,968.5999755859375,922937,0.0,0.0
2026-05-29 11:45:00+05:30,968.9000244140625,970.0,968.4000244140625,968.7000122070312,402294,0.0,0.0
2026-05-29 12:00:00+05:30,968.7000122070312,969.0,966.0,967.0,278748,0.0,0.0
2026-05-29 12:15:00+05:30,966.7999877929688,968.0999755859375,965.7000122070312,968.0999755859375,213982,0.0,0.0
2026-05-29 12:30:00+05:30,968.0999755859375,968.5,967.5,967.7999877929688,231745,0.0,0.0
2026-05-29 12:45:00+05:30,967.7999877929688,967.9000244140625,965.7999877929688,967.0,434317,0.0,0.0
2026-05-29 13:00:00+05:30,966.7000122070312,967.0,965.0,965.0,473698,0.0,0.0
2026-05-29 13:15:00+05:30,965.0999755859375,965.5999755859375,962.4000244140625,964.2000122070312,634581,0.0,0.0
2026-05-29 13:30:00+05:30,964.2000122070312,964.7999877929688,962.7000122070312,963.5,349540,0.0,0.0
2026-05-29 13:45:00+05:30,963.5,963.9000244140625,961.0999755859375,962.4000244140625,387628,0.0,0.0
2026-05-29 14:00:00+05:30,962.4000244140625,962.4000244140625,960.2999877929688,961.5999755859375,293534,0.0,0.0
2026-05-29 14:15:00+05:30,961.5999755859375,963.5999755859375,960.7999877929688,963.5999755859375,421140,0.0,0.0
2026-05-29 14:30:00+05:30,963.5,965.5,963.4000244140625,965.0,490094,0.0,0.0
2026-05-29 14:45:00+05:30,964.9000244140625,967.0,963.9000244140625,964.7999877929688,574980,0.0,0.0
2026-05-29 15:00:00+05:30,965.0,968.5,962.0,962.5,6590969,0.0,0.0
2026-05-29 15:15:00+05:30,962.4000244140625,965.7999877929688,962.4000244140625,965.0,5286674,0.0,0.0
2026-06-01 09:15:00+05:30,966.9000244140625,969.9500122070312,962.3499755859375,965.2000122070312,621850,0.0,0.0
2026-06-01 09:30:00+05:30,965.2000122070312,967.5,963.1500244140625,963.5999755859375,487347,0.0,0.0
2026-06-01 09:45:00+05:30,964.2000122070312,966.9000244140625,963.2000122070312,963.5499877929688,445158,0.0,0.0
2026-06-01 10:00:00+05:30,963.5499877929688,964.9000244140625,962.2000122070312,964.0499877929688,387657,0.0,0.0
2026-06-01 10:15:00+05:30,964.0499877929688,966.25,961.0499877929688,961.4500122070312,639314,0.0,0.0
2026-06-01 10:30:00+05:30,961.2000122070312,961.9000244140625,959.7000122070312,960.0999755859375,312373,0.0,0.0
2026-06-01 10:45:00+05:30,960.0999755859375,963.7999877929688,959.9000244140625,962.4500122070312,313612,0.0,0.0
2026-06-01 11:00:00+05:30,962.4500122070312,965.4000244140625,962.4500122070312,965.4000244140625,200313,0.0,0.0
2026-06-01 11:15:00+05:30,965.2999877929688,967.7999877929688,962.5999755859375,962.7999877929688,523001,0.0,0.0
2026-06-01 11:30:00+05:30,962.7999877929688,964.2000122070312,960.0,962.1500244140625,441583,0.0,0.0
2026-06-01 11:45:00+05:30,961.6500244140625,963.5,960.0999755859375,960.4000244140625,278169,0.0,0.0
2026-06-01 12:00:00+05:30,960.6500244140625,961.7999877929688,958.5499877929688,960.4000244140625,415521,0.0,0.0
2026-06-01 12:15:00+05:30,960.4000244140625,960.4000244140625,958.3499755859375,958.8499755859375,224000,0.0,0.0
2026-06-01 12:30:00+05:30,958.5999755859375,958.9000244140625,956.25,957.4000244140625,286341,0.0,0.0
2026-06-01 12:45:00+05:30,957.4000244140625,958.5499877929688,955.7999877929688,956.5499877929688,188753,0.0,0.0
2026-06-01 13:00:00+05:30,956.5499877929688,956.7000122070312,954.0999755859375,955.5,453293,0.0,0.0
2026-06-01 13:15:00+05:30,955.5,956.75,954.7000122070312,956.75,249638,0.0,0.0
2026-06-01 13:30:00+05:30,956.75,956.9000244140625,955.4000244140625,956.3499755859375,218331,0.0,0.0
2026-06-01 13:45:00+05:30,956.2999877929688,956.3499755859375,954.0999755859375,954.5499877929688,251488,0.0,0.0
2026-06-01 14:00:00+05:30,954.7999877929688,954.7999877929688,951.1500244140625,952.0,298764,0.0,0.0
2026-06-01 14:15:00+05:30,952.0,952.75,950.2999877929688,950.5499877929688,358702,0.0,0.0
2026-06-01 14:30:00+05:30,950.6500244140625,953.2999877929688,950.0999755859375,952.7999877929688,376363,0.0,0.0
2026-06-01 14:45:00+05:30,952.5499877929688,953.75,950.0999755859375,951.2999877929688,310870,0.0,0.0
2026-06-01 15:00:00+05:30,951.4000244140625,955.4500122070312,951.0,954.7000122070312,1409428,0.0,0.0
2026-06-01 15:15:00+05:30,954.7999877929688,954.8499755859375,953.3499755859375,954.5,907763,0.0,0.0
2026-06-02 09:15:00+05:30,950.0999755859375,950.0999755859375,943.0,949.1500244140625,422134,0.0,0.0
2026-06-02 09:30:00+05:30,949.25,950.4000244140625,946.5999755859375,948.0499877929688,391909,0.0,0.0
2026-06-02 09:45:00+05:30,948.0499877929688,951.5,947.0999755859375,951.2000122070312,351612,0.0,0.0
2026-06-02 10:00:00+05:30,951.4500122070312,951.8499755859375,946.5,946.5499877929688,494511,0.0,0.0
2026-06-02 10:15:00+05:30,946.5499877929688,949.7999877929688,945.8499755859375,949.3499755859375,748761,0.0,0.0
2026-06-02 10:30:00+05:30,949.2999877929688,949.2999877929688,944.7000122070312,944.7000122070312,730432,0.0,0.0
2026-06-02 10:45:00+05:30,944.7000122070312,945.8499755859375,943.2000122070312,944.5499877929688,649690,0.0,0.0
2026-06-02 11:00:00+05:30,944.5999755859375,946.0,944.1500244140625,945.9000244140625,264755,0.0,0.0
2026-06-02 11:15:00+05:30,946.0999755859375,947.5499877929688,945.0,945.9500122070312,317124,0.0,0.0
2026-06-02 11:30:00+05:30,946.3499755859375,947.0,943.8499755859375,944.5,257505,0.0,0.0
2026-06-02 11:45:00+05:30,944.5499877929688,945.25,943.5,943.75,247962,0.0,0.0
2026-06-02 12:00:00+05:30,943.6500244140625,944.7000122070312,943.2999877929688,943.5499877929688,360904,0.0,0.0
2026-06-02 12:15:00+05:30,943.5499877929688,944.7999877929688,940.7000122070312,940.75,602697,0.0,0.0
2026-06-02 12:30:00+05:30,940.7000122070312,946.0,939.9500122070312,945.8499755859375,1231091,0.0,0.0
2026-06-02 12:45:00+05:30,945.8499755859375,954.9000244140625,945.8499755859375,953.7999877929688,1412300,0.0,0.0
2026-06-02 13:00:00+05:30,954.1500244140625,957.5,952.4000244140625,956.2000122070312,451600,0.0,0.0
2026-06-02 13:15:00+05:30,956.0499877929688,956.9500122070312,954.3499755859375,956.7000122070312,407358,0.0,0.0
2026-06-02 13:30:00+05:30,956.7999877929688,959.4500122070312,956.7999877929688,957.9500122070312,637977,0.0,0.0
2026-06-02 13:45:00+05:30,958.0,961.25,957.8499755859375,959.4000244140625,560977,0.0,0.0
2026-06-02 14:00:00+05:30,959.5499877929688,961.0,959.0,959.5499877929688,333264,0.0,0.0
2026-06-02 14:15:00+05:30,959.5499877929688,961.2000122070312,957.7000122070312,959.7999877929688,934352,0.0,0.0
2026-06-02 14:30:00+05:30,959.9000244140625,960.4000244140625,956.2000122070312,957.2000122070312,784595,0.0,0.0
2026-06-02 14:45:00+05:30,957.2999877929688,957.5499877929688,954.9000244140625,955.5499877929688,507462,0.0,0.0
2026-06-02 15:00:00+05:30,955.5,957.9000244140625,953.25,957.75,1325553,0.0,0.0
2026-06-02 15:15:00+05:30,957.7999877929688,960.0999755859375,956.6500244140625,956.6500244140625,858661,0.0,0.0
2026-06-03 09:15:00+05:30,954.75,954.75,943.2000122070312,944.4500122070312,501675,0.0,0.0
2026-06-03 09:30:00+05:30,944.2000122070312,944.4500122070312,942.8499755859375,944.25,390744,0.0,0.0
2026-06-03 09:45:00+05:30,944.2999877929688,946.5499877929688,942.3499755859375,946.3499755859375,1070320,0.0,0.0
2026-06-03 10:00:00+05:30,946.0,946.4000244140625,943.25,943.5999755859375,375653,0.0,0.0
2026-06-03 10:15:00+05:30,943.9000244140625,945.0499877929688,939.4500122070312,939.8499755859375,3213527,0.0,0.0
2026-06-03 10:30:00+05:30,940.0,940.4500122070312,937.2000122070312,939.9000244140625,685970,0.0,0.0
2026-06-03 10:45:00+05:30,939.9000244140625,941.5999755859375,939.25,941.0999755859375,367500,0.0,0.0
2026-06-03 11:00:00+05:30,941.0999755859375,941.4000244140625,938.0499877929688,939.0999755859375,387193,0.0,0.0
2026-06-03 11:15:00+05:30,939.0499877929688,941.4500122070312,939.0,940.0,248666,0.0,0.0
2026-06-03 11:30:00+05:30,939.7000122070312,940.0,939.0999755859375,939.5,203827,0.0,0.0
2026-06-03 11:45:00+05:30,939.5,940.0,938.2999877929688,938.5499877929688,804390,0.0,0.0
2026-06-03 12:00:00+05:30,938.5999755859375,939.75,937.6500244140625,939.1500244140625,266458,0.0,0.0
2026-06-03 12:15:00+05:30,939.0,943.7000122070312,938.9000244140625,943.0,642990,0.0,0.0
2026-06-03 12:30:00+05:30,943.25,950.5999755859375,942.4000244140625,949.4000244140625,9054057,0.0,0.0
2026-06-03 12:45:00+05:30,949.7000122070312,952.2000122070312,947.4500122070312,948.5999755859375,672938,0.0,0.0
2026-06-03 13:00:00+05:30,948.6500244140625,950.7000122070312,948.3499755859375,950.0,316138,0.0,0.0
2026-06-03 13:15:00+05:30,950.7000122070312,957.8499755859375,950.7000122070312,955.4500122070312,761829,0.0,0.0
2026-06-03 13:30:00+05:30,955.7999877929688,957.5,954.0,955.9000244140625,366343,0.0,0.0
2026-06-03 13:45:00+05:30,956.0,959.0999755859375,954.9000244140625,958.1500244140625,1236035,0.0,0.0
2026-06-03 14:00:00+05:30,958.4000244140625,963.0,958.0999755859375,961.75,548766,0.0,0.0
2026-06-03 14:15:00+05:30,961.7999877929688,963.6500244140625,959.7999877929688,960.6500244140625,533751,0.0,0.0
2026-06-03 14:30:00+05:30,960.75,968.7999877929688,960.6500244140625,967.0999755859375,823312,0.0,0.0
2026-06-03 14:45:00+05:30,967.25,968.7000122070312,966.0,968.4500122070312,499652,0.0,0.0
2026-06-03 15:00:00+05:30,968.5,972.1500244140625,966.5,971.0,2055599,0.0,0.0
2026-06-03 15:15:00+05:30,971.0,973.0499877929688,970.25,972.2000122070312,1319700,0.0,0.0
2026-06-04 09:15:00+05:30,963.0499877929688,973.2000122070312,961.0999755859375,970.2999877929688,530801,0.0,0.0
2026-06-04 09:30:00+05:30,970.25,975.0,968.0999755859375,974.0,909736,0.0,0.0
2026-06-04 09:45:00+05:30,974.0,979.0,971.8499755859375,976.5999755859375,1060129,0.0,0.0
2026-06-04 10:00:00+05:30,976.5999755859375,982.7999877929688,975.8499755859375,980.6500244140625,1157364,0.0,0.0
2026-06-04 10:15:00+05:30,980.3499755859375,983.7999877929688,979.5,982.5999755859375,1059454,0.0,0.0
2026-06-04 10:30:00+05:30,982.5999755859375,983.0,980.0,982.7000122070312,681765,0.0,0.0
2026-06-04 10:45:00+05:30,982.8499755859375,985.75,982.5999755859375,984.5,922347,0.0,0.0
2026-06-04 11:00:00+05:30,984.7999877929688,985.7999877929688,981.9000244140625,983.1500244140625,556445,0.0,0.0
2026-06-04 11:15:00+05:30,983.1500244140625,983.2999877929688,980.6500244140625,980.8499755859375,381242,0.0,0.0
2026-06-04 11:30:00+05:30,980.7999877929688,985.3499755859375,980.0,983.9500122070312,587331,0.0,0.0
2026-06-04 11:45:00+05:30,983.7000122070312,984.0,979.5999755859375,980.5499877929688,479392,0.0,0.0
2026-06-04 12:00:00+05:30,980.3499755859375,981.1500244140625,977.9000244140625,978.2000122070312,559005,0.0,0.0
2026-06-04 12:15:00+05:30,978.2000122070312,979.3499755859375,977.4000244140625,978.5999755859375,357990,0.0,0.0
2026-06-04 12:30:00+05:30,978.5999755859375,979.5499877929688,977.2000122070312,978.0499877929688,360931,0.0,0.0
2026-06-04 12:45:00+05:30,978.0,979.5,978.0,978.8499755859375,269996,0.0,0.0
2026-06-04 13:00:00+05:30,978.8499755859375,978.9000244140625,973.2000122070312,974.5,1030862,0.0,0.0
2026-06-04 13:15:00+05:30,974.5,975.8499755859375,973.2999877929688,974.5,890460,0.0,0.0
2026-06-04 13:30:00+05:30,974.4500122070312,975.7000122070312,974.0499877929688,974.75,390716,0.0,0.0
2026-06-04 13:45:00+05:30,974.8499755859375,976.0999755859375,974.2000122070312,975.25,281582,0.0,0.0
2026-06-04 14:00:00+05:30,975.25,979.0999755859375,975.25,976.0999755859375,542203,0.0,0.0
2026-06-04 14:15:00+05:30,976.1500244140625,977.6500244140625,976.0999755859375,976.4500122070312,381875,0.0,0.0
2026-06-04 14:30:00+05:30,976.25,977.0,975.1500244140625,975.9000244140625,540032,0.0,0.0
2026-06-04 14:45:00+05:30,976.2000122070312,978.9000244140625,975.2999877929688,976.2000122070312,558571,0.0,0.0
2026-06-04 15:00:00+05:30,976.25,981.5,975.2000122070312,980.4500122070312,2145357,0.0,0.0
2026-06-04 15:15:00+05:30,980.4000244140625,981.7000122070312,978.1500244140625,979.25,1283060,0.0,0.0
2026-06-05 09:15:00+05:30,980.0,986.4500122070312,977.9500122070312,986.0499877929688,1017753,0.0,0.0
2026-06-05 09:30:00+05:30,986.4500122070312,988.0,983.3499755859375,987.4500122070312,1796519,0.0,0.0
2026-06-05 09:45:00+05:30,987.5499877929688,991.7999877929688,985.4000244140625,991.4500122070312,1568078,0.0,0.0
2026-06-05 10:00:00+05:30,991.25,992.5499877929688,984.4000244140625,985.2000122070312,1226328,0.0,0.0
2026-06-05 10:15:00+05:30,985.25,989.0999755859375,983.75,984.5,893545,0.0,0.0
2026-06-05 10:30:00+05:30,984.7000122070312,986.8499755859375,975.2000122070312,976.75,1027634,0.0,0.0
2026-06-05 10:45:00+05:30,976.4000244140625,983.2999877929688,972.2000122070312,982.5999755859375,910292,0.0,0.0
2026-06-05 11:00:00+05:30,982.5999755859375,991.5,981.5499877929688,987.0,1043459,0.0,0.0
2026-06-05 11:15:00+05:30,986.75,989.3499755859375,984.0,984.5499877929688,657845,0.0,0.0
2026-06-05 11:30:00+05:30,984.7000122070312,986.4500122070312,983.7000122070312,985.2000122070312,507875,0.0,0.0
2026-06-05 11:45:00+05:30,985.2000122070312,987.7000122070312,983.7000122070312,984.0,473991,0.0,0.0
2026-06-05 12:00:00+05:30,984.0,987.2999877929688,983.7999877929688,986.4000244140625,271674,0.0,0.0
2026-06-05 12:15:00+05:30,986.25,986.7999877929688,984.0,984.2000122070312,622214,0.0,0.0
2026-06-05 12:30:00+05:30,984.0,984.9000244140625,980.7999877929688,981.5,491110,0.0,0.0
2026-06-05 12:45:00+05:30,981.2999877929688,982.5499877929688,980.0,980.0499877929688,341352,0.0,0.0
2026-06-05 13:00:00+05:30,980.2999877929688,980.6500244140625,978.5,979.0,453379,0.0,0.0
2026-06-05 13:15:00+05:30,979.1500244140625,980.0,973.4500122070312,973.4500122070312,1115175,0.0,0.0
2026-06-05 13:30:00+05:30,973.5999755859375,974.6500244140625,970.75,972.5,992188,0.0,0.0
2026-06-05 13:45:00+05:30,972.4500122070312,974.9500122070312,972.0,974.7999877929688,383516,0.0,0.0
2026-06-05 14:00:00+05:30,974.9000244140625,975.5999755859375,971.7000122070312,971.8499755859375,749197,0.0,0.0
2026-06-05 14:15:00+05:30,971.8499755859375,977.7999877929688,971.5,977.25,639340,0.0,0.0
2026-06-05 14:30:00+05:30,977.25,979.7999877929688,975.4000244140625,979.5999755859375,402796,0.0,0.0
2026-06-05 14:45:00+05:30,979.6500244140625,980.3499755859375,977.3499755859375,978.9000244140625,677568,0.0,0.0
2026-06-05 15:00:00+05:30,978.9000244140625,979.0,976.6500244140625,977.7000122070312,757372,0.0,0.0
2026-06-05 15:15:00+05:30,978.0999755859375,978.5,976.5,977.0,855568,0.0,0.0
2026-06-08 09:15:00+05:30,967.3499755859375,982.6500244140625,965.3499755859375,981.2999877929688,661455,0.0,0.0
2026-06-08 09:30:00+05:30,981.7000122070312,986.7999877929688,981.4500122070312,984.0,895214,0.0,0.0
2026-06-08 09:45:00+05:30,984.25,988.6500244140625,983.1500244140625,986.5999755859375,976829,0.0,0.0
2026-06-08 10:00:00+05:30,986.5999755859375,986.7999877929688,980.3499755859375,980.9000244140625,522744,0.0,0.0
2026-06-08 10:15:00+05:30,980.9000244140625,982.3499755859375,979.0,979.5499877929688,515744,0.0,0.0
2026-06-08 10:30:00+05:30,979.5999755859375,982.9500122070312,978.3499755859375,978.3499755859375,406243,0.0,0.0
2026-06-08 10:45:00+05:30,978.2999877929688,980.7000122070312,977.9000244140625,980.4500122070312,460051,0.0,0.0
2026-06-08 11:00:00+05:30,980.5,980.9500122070312,979.5,980.0499877929688,199603,0.0,0.0
2026-06-08 11:15:00+05:30,980.0,980.25,976.5,977.0499877929688,505295,0.0,0.0
2026-06-08 11:30:00+05:30,977.0,979.7999877929688,976.7000122070312,979.1500244140625,243494,0.0,0.0
2026-06-08 11:45:00+05:30,979.1500244140625,980.5,978.7000122070312,980.0999755859375,234440,0.0,0.0
2026-06-08 12:00:00+05:30,980.0,981.9500122070312,978.7000122070312,981.7000122070312,316338,0.0,0.0
2026-06-08 12:15:00+05:30,981.7000122070312,984.9500122070312,981.4500122070312,982.4000244140625,432257,0.0,0.0
2026-06-08 12:30:00+05:30,982.4000244140625,984.2000122070312,982.1500244140625,983.5999755859375,271248,0.0,0.0
2026-06-08 12:45:00+05:30,983.5999755859375,983.9000244140625,981.5999755859375,982.0,297574,0.0,0.0
2026-06-08 13:00:00+05:30,981.9000244140625,983.0999755859375,980.5999755859375,982.3499755859375,375368,0.0,0.0
2026-06-08 13:15:00+05:30,982.3499755859375,983.7000122070312,981.0,983.7000122070312,266092,0.0,0.0
2026-06-08 13:30:00+05:30,983.5499877929688,984.1500244140625,980.1500244140625,980.7000122070312,402109,0.0,0.0
2026-06-08 13:45:00+05:30,980.3499755859375,981.5,978.6500244140625,981.4000244140625,539236,0.0,0.0
2026-06-08 14:00:00+05:30,981.4000244140625,983.5,980.1500244140625,980.7000122070312,544119,0.0,0.0
2026-06-08 14:15:00+05:30,980.7000122070312,982.25,979.5999755859375,980.4000244140625,391810,0.0,0.0
2026-06-08 14:30:00+05:30,980.4000244140625,983.5,980.25,983.5,325824,0.0,0.0
2026-06-08 14:45:00+05:30,983.5,985.4500122070312,982.2000122070312,983.4000244140625,1041454,0.0,0.0
2026-06-08 15:00:00+05:30,983.5,983.7999877929688,980.6500244140625,983.2000122070312,593248,0.0,0.0
2026-06-08 15:15:00+05:30,983.2999877929688,983.5,979.0,979.5,921428,0.0,0.0
2026-06-09 09:15:00+05:30,984.7000122070312,990.0,983.5,987.0999755859375,599526,0.0,0.0
2026-06-09 09:30:00+05:30,987.5499877929688,988.6500244140625,986.2999877929688,987.9000244140625,468330,0.0,0.0
2026-06-09 09:45:00+05:30,987.6500244140625,989.0,985.5,986.2999877929688,641288,0.0,0.0
2026-06-09 10:00:00+05:30,986.6500244140625,986.9000244140625,985.0999755859375,986.5,290675,0.0,0.0
2026-06-09 10:15:00+05:30,986.5,990.5,986.2999877929688,987.2999877929688,994123,0.0,0.0
2026-06-09 10:30:00+05:30,987.4000244140625,989.7999877929688,987.2999877929688,989.2999877929688,605614,0.0,0.0
2026-06-09 10:45:00+05:30,989.2999877929688,990.5,987.5999755859375,990.0,606226,0.0,0.0
2026-06-09 11:00:00+05:30,990.0999755859375,991.9500122070312,989.5999755859375,989.9000244140625,450962,0.0,0.0
2026-06-09 11:15:00+05:30,989.8499755859375,991.3499755859375,988.5499877929688,989.6500244140625,430572,0.0,0.0
2026-06-09 11:30:00+05:30,989.5499877929688,992.0,989.2999877929688,992.0,754152,0.0,0.0
2026-06-09 11:45:00+05:30,992.0,998.0,991.3499755859375,997.4500122070312,1500490,0.0,0.0
2026-06-09 12:00:00+05:30,997.4000244140625,1000.5,995.7000122070312,999.6500244140625,1052558,0.0,0.0
2026-06-09 12:15:00+05:30,999.5999755859375,1001.0,999.0999755859375,999.5499877929688,903563,0.0,0.0
2026-06-09 12:30:00+05:30,999.5,1001.6500244140625,999.1500244140625,1000.8499755859375,816883,0.0,0.0
2026-06-09 12:45:00+05:30,1000.9000244140625,1002.7000122070312,999.5499877929688,1000.7999877929688,1322043,0.0,0.0
2026-06-09 13:00:00+05:30,1000.9000244140625,1001.9000244140625,1000.4500122070312,1001.4500122070312,664921,0.0,0.0
2026-06-09 13:15:00+05:30,1001.4000244140625,1002.0,1000.75,1001.25,661385,0.0,0.0
2026-06-09 13:30:00+05:30,1001.2000122070312,1004.0,1000.4000244140625,1003.8499755859375,920690,0.0,0.0
2026-06-09 13:45:00+05:30,1003.9500122070312,1004.5,1002.5999755859375,1004.0,914532,0.0,0.0
2026-06-09 14:00:00+05:30,1004.0,1005.5999755859375,1003.9000244140625,1004.6500244140625,1054411,0.0,0.0
2026-06-09 14:15:00+05:30,1004.5,1005.0,1003.0,1005.0,962409,0.0,0.0
2026-06-09 14:30:00+05:30,1005.0,1008.6500244140625,1004.0,1008.6500244140625,1023405,0.0,0.0
2026-06-09 14:45:00+05:30,1008.4500122070312,1009.0,1005.75,1006.0,1164229,0.0,0.0
2026-06-09 15:00:00+05:30,1005.7000122070312,1005.7000122070312,1001.0499877929688,1001.8499755859375,1491798,0.0,0.0
2026-06-09 15:15:00+05:30,1002.2000122070312,1005.0,1001.5,1004.0,1167552,0.0,0.0
2026-06-10 09:15:00+05:30,1002.7000122070312,1010.3499755859375,1001.0999755859375,1009.1500244140625,925063,0.0,0.0
2026-06-10 09:30:00+05:30,1009.0999755859375,1011.7999877929688,1008.0499877929688,1010.2999877929688,796406,0.0,0.0
2026-06-10 09:45:00+05:30,1010.4500122070312,1011.0,1005.9000244140625,1006.0499877929688,848909,0.0,0.0
2026-06-10 10:00:00+05:30,1006.0999755859375,1006.9500122070312,1004.6500244140625,1005.0,605482,0.0,0.0
2026-06-10 10:15:00+05:30,1005.1500244140625,1007.7999877929688,1004.4000244140625,1007.75,550470,0.0,0.0
2026-06-10 10:30:00+05:30,1007.7999877929688,1010.5,1007.6500244140625,1008.0499877929688,572789,0.0,0.0
2026-06-10 10:45:00+05:30,1008.0499877929688,1010.5999755859375,1007.5,1010.0499877929688,703509,0.0,0.0
2026-06-10 11:00:00+05:30,1010.2000122070312,1010.6500244140625,1007.75,1008.0499877929688,376397,0.0,0.0
2026-06-10 11:15:00+05:30,1008.0499877929688,1009.5999755859375,1007.7999877929688,1009.0499877929688,565973,0.0,0.0
2026-06-10 11:30:00+05:30,1008.8499755859375,1009.2000122070312,1007.5,1008.4500122070312,408096,0.0,0.0
2026-06-10 11:45:00+05:30,1008.5,1009.9500122070312,1007.75,1009.9000244140625,425956,0.0,0.0
2026-06-10 12:00:00+05:30,1009.9000244140625,1010.0,1008.7999877929688,1009.9000244140625,210649,0.0,0.0
2026-06-10 12:15:00+05:30,1009.9000244140625,1012.4000244140625,1008.7999877929688,1011.25,745900,0.0,0.0
2026-06-10 12:30:00+05:30,1011.0,1011.6500244140625,1008.5,1008.9500122070312,489370,0.0,0.0
2026-06-10 12:45:00+05:30,1008.5,1009.75,1008.0,1009.2999877929688,513858,0.0,0.0
2026-06-10 13:00:00+05:30,1009.2999877929688,1010.0,1006.0,1006.5499877929688,567913,0.0,0.0
2026-06-10 13:15:00+05:30,1006.9500122070312,1007.7000122070312,1006.0,1007.5,481577,0.0,0.0
2026-06-10 13:30:00+05:30,1007.5,1008.0999755859375,1006.5,1007.0,389563,0.0,0.0
2026-06-10 13:45:00+05:30,1006.7999877929688,1008.0,1006.0999755859375,1007.3499755859375,376646,0.0,0.0
2026-06-10 14:00:00+05:30,1007.2999877929688,1008.0,1003.0,1003.9000244140625,512178,0.0,0.0
2026-06-10 14:15:00+05:30,1003.7000122070312,1008.25,1003.6500244140625,1006.5,751837,0.0,0.0
2026-06-10 14:30:00+05:30,1006.5,1006.5499877929688,1000.5499877929688,1000.7999877929688,1039243,0.0,0.0
2026-06-10 14:45:00+05:30,1000.6500244140625,1005.6500244140625,999.75,1004.9000244140625,1322296,0.0,0.0
2026-06-10 15:00:00+05:30,1004.8499755859375,1005.9500122070312,1003.4000244140625,1003.7999877929688,2264421,0.0,0.0
2026-06-10 15:15:00+05:30,1003.7999877929688,1004.0,999.7999877929688,1001.0,1760605,0.0,0.0
2026-06-11 09:15:00+05:30,994.4000244140625,1003.7999877929688,993.5,1002.2999877929688,403160,0.0,0.0
2026-06-11 09:30:00+05:30,1002.5,1004.5,999.25,1004.2999877929688,436127,0.0,0.0
2026-06-11 09:45:00+05:30,1004.25,1005.5,1000.1500244140625,1000.9000244140625,732041,0.0,0.0
2026-06-11 10:00:00+05:30,1000.8499755859375,1004.2999877929688,1000.8499755859375,1003.5,503676,0.0,0.0
2026-06-11 10:15:00+05:30,1003.5999755859375,1005.9000244140625,1003.0,1005.4000244140625,501745,0.0,0.0
2026-06-11 10:30:00+05:30,1005.4000244140625,1005.5,1002.4000244140625,1003.25,376481,0.0,0.0
2026-06-11 10:45:00+05:30,1002.7999877929688,1002.8499755859375,1000.1500244140625,1001.4500122070312,368697,0.0,0.0
2026-06-11 11:00:00+05:30,1001.0999755859375,1002.7999877929688,1000.25,1001.1500244140625,304943,0.0,0.0
2026-06-11 11:15:00+05:30,1001.0999755859375,1003.75,1001.0499877929688,1003.0999755859375,205654,0.0,0.0
2026-06-11 11:30:00+05:30,1003.0999755859375,1003.5,1000.0499877929688,1001.0999755859375,361325,0.0,0.0
2026-06-11 11:45:00+05:30,1001.2000122070312,1004.3499755859375,1000.9000244140625,1003.2999877929688,237784,0.0,0.0
2026-06-11 12:00:00+05:30,1003.2999877929688,1003.75,1002.5499877929688,1003.25,252693,0.0,0.0
2026-06-11 12:15:00+05:30,1003.5,1006.5,1002.2000122070312,1006.4500122070312,524304,0.0,0.0
2026-06-11 12:30:00+05:30,1006.4500122070312,1009.4000244140625,1006.4000244140625,1008.4500122070312,781067,0.0,0.0
2026-06-11 12:45:00+05:30,1008.5,1009.1500244140625,1006.5,1008.5,356151,0.0,0.0
2026-06-11 13:00:00+05:30,1008.5,1009.2000122070312,1005.9500122070312,1006.2999877929688,455179,0.0,0.0
2026-06-11 13:15:00+05:30,1006.3499755859375,1006.7000122070312,1004.25,1005.5499877929688,427936,0.0,0.0
2026-06-11 13:30:00+05:30,1005.5499877929688,1006.7999877929688,1004.0999755859375,1005.7999877929688,470653,0.0,0.0
2026-06-11 13:45:00+05:30,1006.0499877929688,1006.8499755859375,1005.0,1005.4000244140625,490665,0.0,0.0
2026-06-11 14:00:00+05:30,1005.5999755859375,1006.5999755859375,1003.0,1004.2999877929688,578085,0.0,0.0
2026-06-11 14:15:00+05:30,1004.2999877929688,1008.5,1003.4500122070312,1008.0999755859375,495767,0.0,0.0
2026-06-11 14:30:00+05:30,1008.0499877929688,1008.0499877929688,1003.9500122070312,1003.9500122070312,584662,0.0,0.0
2026-06-11 14:45:00+05:30,1004.0499877929688,1004.0499877929688,1000.1500244140625,1001.7999877929688,730807,0.0,0.0
2026-06-11 15:00:00+05:30,1002.4000244140625,1002.5499877929688,999.7000122070312,1000.4500122070312,1445813,0.0,0.0
2026-06-11 15:15:00+05:30,1000.4500122070312,1001.9000244140625,999.7000122070312,1001.0,1125241,0.0,0.0
2026-06-12 09:15:00+05:30,1013.0999755859375,1014.0999755859375,1010.6500244140625,1011.8499755859375,359637,0.0,0.0
2026-06-12 09:30:00+05:30,1011.7999877929688,1012.4000244140625,1008.5999755859375,1009.5,449661,0.0,0.0
2026-06-12 09:45:00+05:30,1009.5,1011.0,1008.2999877929688,1008.9500122070312,337652,0.0,0.0
2026-06-12 10:00:00+05:30,1008.1500244140625,1010.0,1007.1500244140625,1007.6500244140625,330448,0.0,0.0
2026-06-12 10:15:00+05:30,1008.0,1012.0,1006.0,1010.9500122070312,1450101,0.0,0.0
2026-06-12 10:30:00+05:30,1010.75,1013.5,1010.75,1013.0,401945,0.0,0.0
2026-06-12 10:45:00+05:30,1013.0499877929688,1016.5999755859375,1011.3499755859375,1012.8499755859375,1035736,0.0,0.0
2026-06-12 11:00:00+05:30,1012.75,1012.9500122070312,1010.0,1011.75,316442,0.0,0.0
2026-06-12 11:15:00+05:30,1011.75,1012.4000244140625,1009.4000244140625,1009.7000122070312,205445,0.0,0.0
2026-06-12 11:30:00+05:30,1009.7000122070312,1010.5,1009.0,1010.0,164421,0.0,0.0
2026-06-12 11:45:00+05:30,1010.0999755859375,1011.75,1009.5,1010.0,240826,0.0,0.0
2026-06-12 12:00:00+05:30,1009.9000244140625,1010.9500122070312,1006.5999755859375,1007.1500244140625,388509,0.0,0.0
2026-06-12 12:15:00+05:30,1007.3499755859375,1008.9000244140625,1007.0,1008.4500122070312,225928,0.0,0.0
2026-06-12 12:30:00+05:30,1008.5,1008.5,1005.2000122070312,1005.5499877929688,233747,0.0,0.0
2026-06-12 12:45:00+05:30,1005.5499877929688,1006.5,1004.4000244140625,1005.6500244140625,269500,0.0,0.0
2026-06-12 13:00:00+05:30,1005.7000122070312,1006.9000244140625,1005.5,1006.2999877929688,115564,0.0,0.0
2026-06-12 13:15:00+05:30,1006.25,1008.6500244140625,1005.2000122070312,1008.3499755859375,177173,0.0,0.0
2026-06-12 13:30:00+05:30,1008.5,1011.5,1007.7999877929688,1011.2000122070312,440489,0.0,0.0
2026-06-12 13:45:00+05:30,1011.0999755859375,1011.9000244140625,1010.0,1011.5,312856,0.0,0.0
2026-06-12 14:00:00+05:30,1011.5,1013.5999755859375,1011.1500244140625,1013.2999877929688,304333,0.0,0.0
2026-06-12 14:15:00+05:30,1013.4000244140625,1015.5499877929688,1013.3499755859375,1014.0999755859375,359728,0.0,0.0
2026-06-12 14:30:00+05:30,1014.5,1016.9000244140625,1013.0499877929688,1016.9000244140625,517833,0.0,0.0
2026-06-12 14:45:00+05:30,1017.0,1017.9000244140625,1015.7000122070312,1017.2000122070312,475102,0.0,0.0
2026-06-12 15:00:00+05:30,1016.3499755859375,1018.7000122070312,1016.0,1017.5,732987,0.0,0.0
2026-06-12 15:15:00+05:30,1017.5,1017.7000122070312,1015.7000122070312,1016.0,475010,0.0,0.0
2026-06-15 09:15:00+05:30,1031.0999755859375,1033.4000244140625,1026.0999755859375,1028.9000244140625,806290,0.0,0.0
2026-06-15 09:30:00+05:30,1028.9000244140625,1028.9000244140625,1024.5,1025.199951171875,895130,0.0,0.0
2026-06-15 09:45:00+05:30,1025.050048828125,1027.5,1024.699951171875,1027.25,534535,0.0,0.0
2026-06-15 10:00:00+05:30,1027.3499755859375,1027.949951171875,1025.4000244140625,1027.0,488664,0.0,0.0
2026-06-15 10:15:00+05:30,1027.0,1028.0,1025.4000244140625,1026.199951171875,422999,0.0,0.0
2026-06-15 10:30:00+05:30,1026.199951171875,1026.8499755859375,1024.0,1024.75,543402,0.0,0.0
2026-06-15 10:45:00+05:30,1024.75,1028.6500244140625,1024.300048828125,1027.0,543757,0.0,0.0
2026-06-15 11:00:00+05:30,1027.199951171875,1027.449951171875,1024.5,1024.949951171875,285900,0.0,0.0
2026-06-15 11:15:00+05:30,1024.949951171875,1026.25,1024.5,1025.699951171875,182932,0.0,0.0
2026-06-15 11:30:00+05:30,1025.75,1029.449951171875,1025.0,1028.5,308765,0.0,0.0
2026-06-15 11:45:00+05:30,1028.050048828125,1031.5,1027.550048828125,1031.4000244140625,354928,0.0,0.0
2026-06-15 12:00:00+05:30,1031.050048828125,1031.550048828125,1029.0999755859375,1029.199951171875,307964,0.0,0.0
2026-06-15 12:15:00+05:30,1029.5,1029.5,1025.550048828125,1025.699951171875,326471,0.0,0.0
2026-06-15 12:30:00+05:30,1025.550048828125,1027.0,1024.3499755859375,1025.4000244140625,243439,0.0,0.0
2026-06-15 12:45:00+05:30,1025.4000244140625,1026.0,1023.25,1025.550048828125,321361,0.0,0.0
2026-06-15 13:00:00+05:30,1025.75,1027.75,1025.0,1026.5,412926,0.0,0.0
2026-06-15 13:15:00+05:30,1026.75,1026.75,1024.800048828125,1025.0,245005,0.0,0.0
2026-06-15 13:30:00+05:30,1025.050048828125,1025.050048828125,1023.4500122070312,1023.7999877929688,203408,0.0,0.0
2026-06-15 13:45:00+05:30,1023.7000122070312,1025.449951171875,1023.0499877929688,1024.5,382962,0.0,0.0
2026-06-15 14:00:00+05:30,1024.800048828125,1025.4000244140625,1022.0,1022.8499755859375,612530,0.0,0.0
2026-06-15 14:15:00+05:30,1023.0,1024.800048828125,1022.0999755859375,1024.0999755859375,325453,0.0,0.0
2026-06-15 14:30:00+05:30,1024.0,1025.75,1023.5499877929688,1023.75,329827,0.0,0.0
2026-06-15 14:45:00+05:30,1023.7999877929688,1024.699951171875,1022.1500244140625,1023.0,317827,0.0,0.0
2026-06-15 15:00:00+05:30,1023.2000122070312,1024.0,1018.5,1020.0,1009925,0.0,0.0
2026-06-15 15:15:00+05:30,1020.2000122070312,1021.7000122070312,1019.7000122070312,1021.0,887979,0.0,0.0
2026-06-16 09:15:00+05:30,1024.5,1025.800048828125,1018.3499755859375,1021.25,270158,0.0,0.0
2026-06-16 09:30:00+05:30,1021.2999877929688,1021.3499755859375,1017.2999877929688,1017.5999755859375,305893,0.0,0.0
2026-06-16 09:45:00+05:30,1017.7000122070312,1018.9000244140625,1017.0999755859375,1018.3499755859375,210166,0.0,0.0
2026-06-16 10:00:00+05:30,1018.4000244140625,1018.9500122070312,1016.1500244140625,1017.0,248173,0.0,0.0
2026-06-16 10:15:00+05:30,1016.9500122070312,1018.4500122070312,1016.5999755859375,1018.0999755859375,163728,0.0,0.0
2026-06-16 10:30:00+05:30,1018.1500244140625,1020.9500122070312,1018.1500244140625,1019.25,296087,0.0,0.0
2026-06-16 10:45:00+05:30,1019.5,1019.6500244140625,1014.7000122070312,1015.25,374842,0.0,0.0
2026-06-16 11:00:00+05:30,1015.25,1015.5,1012.6500244140625,1013.75,394052,0.0,0.0
2026-06-16 11:15:00+05:30,1013.5499877929688,1014.7999877929688,1011.5,1011.5999755859375,327287,0.0,0.0
2026-06-16 11:30:00+05:30,1011.7999877929688,1012.3499755859375,1010.0,1010.4500122070312,366867,0.0,0.0
2026-06-16 11:45:00+05:30,1010.4500122070312,1011.8499755859375,1009.5499877929688,1011.8499755859375,497664,0.0,0.0
2026-06-16 12:00:00+05:30,1011.5,1012.0999755859375,1009.6500244140625,1010.5499877929688,209772,0.0,0.0
2026-06-16 12:15:00+05:30,1010.1500244140625,1012.2000122070312,1010.0,1012.0,349173,0.0,0.0
2026-06-16 12:30:00+05:30,1012.0,1012.6500244140625,1007.4000244140625,1008.5499877929688,545403,0.0,0.0
2026-06-16 12:45:00+05:30,1008.0999755859375,1009.5999755859375,1007.5499877929688,1009.5,468924,0.0,0.0
2026-06-16 13:00:00+05:30,1009.5,1009.9000244140625,1007.9000244140625,1008.4000244140625,181778,0.0,0.0
2026-06-16 13:15:00+05:30,1008.4000244140625,1010.7000122070312,1008.0999755859375,1010.5,181301,0.0,0.0
2026-06-16 13:30:00+05:30,1010.7000122070312,1011.2000122070312,1009.4500122070312,1010.5,218955,0.0,0.0
2026-06-16 13:45:00+05:30,1010.5,1013.4000244140625,1010.4000244140625,1011.1500244140625,322581,0.0,0.0
2026-06-16 14:00:00+05:30,1011.1500244140625,1013.9000244140625,1010.7999877929688,1013.7000122070312,289352,0.0,0.0
2026-06-16 14:15:00+05:30,1013.75,1014.0,1012.0499877929688,1012.75,384402,0.0,0.0
2026-06-16 14:30:00+05:30,1012.75,1014.2999877929688,1011.1500244140625,1011.1500244140625,455901,0.0,0.0
2026-06-16 14:45:00+05:30,1011.0999755859375,1015.0499877929688,1011.0999755859375,1014.4000244140625,491637,0.0,0.0
2026-06-16 15:00:00+05:30,1014.4500122070312,1016.4000244140625,1014.0499877929688,1016.25,1059755,0.0,0.0
2026-06-16 15:15:00+05:30,1016.25,1016.5499877929688,1015.0,1016.0499877929688,733334,0.0,0.0
2026-06-17 09:15:00+05:30,1017.0,1019.4500122070312,1014.7999877929688,1015.2999877929688,196441,0.0,0.0
2026-06-17 09:30:00+05:30,1015.5999755859375,1016.4500122070312,1015.0499877929688,1015.9500122070312,166261,0.0,0.0
2026-06-17 09:45:00+05:30,1015.9500122070312,1016.5499877929688,1014.6500244140625,1015.8499755859375,372540,0.0,0.0
2026-06-17 10:00:00+05:30,1015.9000244140625,1016.2000122070312,1013.7000122070312,1015.25,358427,0.0,0.0
2026-06-17 10:15:00+05:30,1015.0,1019.0,1014.5999755859375,1016.6500244140625,339406,0.0,0.0
2026-06-17 10:30:00+05:30,1016.7000122070312,1018.1500244140625,1015.6500244140625,1017.7999877929688,307275,0.0,0.0
2026-06-17 10:45:00+05:30,1017.7999877929688,1018.7000122070312,1016.75,1017.2000122070312,257533,0.0,0.0
2026-06-17 11:00:00+05:30,1017.5,1021.0,1017.0499877929688,1020.0999755859375,302189,0.0,0.0
2026-06-17 11:15:00+05:30,1020.0999755859375,1020.6500244140625,1018.0,1019.0499877929688,273156,0.0,0.0
2026-06-17 11:30:00+05:30,1019.0499877929688,1020.0499877929688,1017.0,1018.4500122070312,273399,0.0,0.0
2026-06-17 11:45:00+05:30,1018.5,1019.6500244140625,1018.25,1018.2999877929688,246817,0.0,0.0
2026-06-17 12:00:00+05:30,1018.4500122070312,1022.0,1018.1500244140625,1019.8499755859375,366549,0.0,0.0
2026-06-17 12:15:00+05:30,1019.9000244140625,1021.25,1019.5499877929688,1021.0,312380,0.0,0.0
2026-06-17 12:30:00+05:30,1021.0,1022.2999877929688,1020.0999755859375,1021.6500244140625,215056,0.0,0.0
2026-06-17 12:45:00+05:30,1021.75,1023.0,1020.3499755859375,1020.8499755859375,214378,0.0,0.0
2026-06-17 13:00:00+05:30,1020.5,1022.9000244140625,1020.4000244140625,1021.0,220240,0.0,0.0
2026-06-17 13:15:00+05:30,1021.0499877929688,1022.0999755859375,1020.7000122070312,1021.25,179602,0.0,0.0
2026-06-17 13:30:00+05:30,1021.25,1023.0,1021.2000122070312,1022.8499755859375,246295,0.0,0.0
2026-06-17 13:45:00+05:30,1022.6500244140625,1024.0,1022.25,1024.0,359871,0.0,0.0
2026-06-17 14:00:00+05:30,1024.0,1025.0,1023.0,1024.199951171875,373847,0.0,0.0
2026-06-17 14:15:00+05:30,1024.199951171875,1025.0,1022.2000122070312,1022.5499877929688,342674,0.0,0.0
2026-06-17 14:30:00+05:30,1022.4000244140625,1024.5,1021.7999877929688,1024.300048828125,259722,0.0,0.0
2026-06-17 14:45:00+05:30,1024.25,1025.199951171875,1022.7999877929688,1025.0999755859375,272038,0.0,0.0
2026-06-17 15:00:00+05:30,1025.199951171875,1026.75,1024.5999755859375,1025.949951171875,611142,0.0,0.0
2026-06-17 15:15:00+05:30,1025.949951171875,1028.0,1025.300048828125,1026.5,899737,0.0,0.0
2026-06-18 09:15:00+05:30,1027.5,1031.6500244140625,1025.25,1028.9000244140625,230241,0.0,0.0
2026-06-18 09:30:00+05:30,1029.4000244140625,1029.5,1027.3499755859375,1028.4000244140625,256322,0.0,0.0
2026-06-18 09:45:00+05:30,1028.699951171875,1029.800048828125,1027.199951171875,1028.550048828125,280037,0.0,0.0
2026-06-18 10:00:00+05:30,1028.9000244140625,1030.5,1028.25,1029.199951171875,235762,0.0,0.0
2026-06-18 10:15:00+05:30,1029.6500244140625,1029.6500244140625,1027.199951171875,1027.199951171875,178466,0.0,0.0
2026-06-18 10:30:00+05:30,1027.449951171875,1028.25,1024.699951171875,1025.550048828125,299176,0.0,0.0
2026-06-18 10:45:00+05:30,1025.550048828125,1030.5,1025.300048828125,1030.4000244140625,309915,0.0,0.0
2026-06-18 11:00:00+05:30,1030.5,1030.699951171875,1028.300048828125,1030.0,190416,0.0,0.0
2026-06-18 11:15:00+05:30,1030.0,1030.9000244140625,1029.0999755859375,1030.75,188370,0.0,0.0
2026-06-18 11:30:00+05:30,1030.9000244140625,1040.800048828125,1030.5999755859375,1040.4000244140625,1083694,0.0,0.0
2026-06-18 11:45:00+05:30,1040.4000244140625,1045.6500244140625,1040.4000244140625,1042.5,1490243,0.0,0.0
2026-06-18 12:00:00+05:30,1042.5,1043.5,1039.3499755859375,1039.5,438591,0.0,0.0
2026-06-18 12:15:00+05:30,1039.800048828125,1040.0,1037.9000244140625,1039.0,296158,0.0,0.0
2026-06-18 12:30:00+05:30,1039.0,1040.9000244140625,1038.300048828125,1040.4000244140625,170878,0.0,0.0
2026-06-18 12:45:00+05:30,1040.449951171875,1041.25,1039.5999755859375,1040.75,158089,0.0,0.0
2026-06-18 13:00:00+05:30,1040.5,1040.9000244140625,1037.949951171875,1038.5,173794,0.0,0.0
2026-06-18 13:15:00+05:30,1038.6500244140625,1039.949951171875,1037.5,1039.5999755859375,289015,0.0,0.0
2026-06-18 13:30:00+05:30,1039.5999755859375,1042.0,1038.949951171875,1040.300048828125,312167,0.0,0.0
2026-06-18 13:45:00+05:30,1040.449951171875,1041.300048828125,1039.3499755859375,1040.5,255657,0.0,0.0
2026-06-18 14:00:00+05:30,1040.5,1043.4000244140625,1040.449951171875,1043.0,564266,0.0,0.0
2026-06-18 14:15:00+05:30,1043.050048828125,1045.4000244140625,1042.800048828125,1043.3499755859375,728000,0.0,0.0
2026-06-18 14:30:00+05:30,1043.300048828125,1043.449951171875,1041.050048828125,1042.3499755859375,366266,0.0,0.0
2026-06-18 14:45:00+05:30,1042.8499755859375,1043.300048828125,1041.5,1042.199951171875,340383,0.0,0.0
2026-06-18 15:00:00+05:30,1042.199951171875,1044.449951171875,1040.5,1043.75,868932,0.0,0.0
2026-06-18 15:15:00+05:30,1043.6500244140625,1044.949951171875,1041.0999755859375,1042.5,905958,0.0,0.0
2026-06-19 09:15:00+05:30,1041.1500244140625,1041.449951171875,1036.800048828125,1037.449951171875,226536,0.0,0.0
2026-06-19 09:30:00+05:30,1037.25,1037.8499755859375,1035.5999755859375,1035.800048828125,234847,0.0,0.0
2026-06-19 09:45:00+05:30,1035.550048828125,1035.949951171875,1034.0,1035.1500244140625,284064,0.0,0.0
2026-06-19 10:00:00+05:30,1035.1500244140625,1036.5999755859375,1034.050048828125,1035.699951171875,349254,0.0,0.0
2026-06-19 10:15:00+05:30,1035.300048828125,1035.949951171875,1034.550048828125,1034.75,264669,0.0,0.0
2026-06-19 10:30:00+05:30,1034.75,1034.75,1032.5,1033.5999755859375,393085,0.0,0.0
2026-06-19 10:45:00+05:30,1033.5999755859375,1033.699951171875,1030.050048828125,1030.550048828125,303659,0.0,0.0
2026-06-19 11:00:00+05:30,1030.550048828125,1034.3499755859375,1030.199951171875,1034.050048828125,253669,0.0,0.0
2026-06-19 11:15:00+05:30,1034.0999755859375,1034.3499755859375,1032.3499755859375,1033.0,154901,0.0,0.0
2026-06-19 11:30:00+05:30,1033.1500244140625,1035.0,1032.5,1033.0999755859375,202277,0.0,0.0
2026-06-19 11:45:00+05:30,1033.3499755859375,1034.0,1032.300048828125,1033.75,189989,0.0,0.0
2026-06-19 12:00:00+05:30,1033.5999755859375,1034.0,1032.449951171875,1032.9000244140625,136265,0.0,0.0
2026-06-19 12:15:00+05:30,1032.5999755859375,1035.0999755859375,1032.050048828125,1034.5,165441,0.0,0.0
2026-06-19 12:30:00+05:30,1034.5,1035.0999755859375,1032.5,1032.800048828125,203523,0.0,0.0
2026-06-19 12:45:00+05:30,1032.800048828125,1033.300048828125,1030.9000244140625,1031.550048828125,207149,0.0,0.0
2026-06-19 13:00:00+05:30,1031.550048828125,1032.550048828125,1029.300048828125,1032.3499755859375,439243,0.0,0.0
2026-06-19 13:15:00+05:30,1032.0999755859375,1033.5,1032.0,1033.0999755859375,213572,0.0,0.0
2026-06-19 13:30:00+05:30,1033.1500244140625,1034.800048828125,1032.8499755859375,1034.5,146231,0.0,0.0
2026-06-19 13:45:00+05:30,1034.6500244140625,1035.0,1033.5999755859375,1034.75,235618,0.0,0.0
2026-06-19 14:00:00+05:30,1035.0,1036.9000244140625,1034.800048828125,1036.4000244140625,249451,0.0,0.0
2026-06-19 14:15:00+05:30,1036.449951171875,1036.800048828125,1034.550048828125,1035.6500244140625,188443,0.0,0.0
2026-06-19 14:30:00+05:30,1036.0,1036.6500244140625,1035.25,1035.5,179803,0.0,0.0
2026-06-19 14:45:00+05:30,1035.699951171875,1035.699951171875,1032.300048828125,1033.0999755859375,324924,0.0,0.0
2026-06-19 15:00:00+05:30,1033.0999755859375,1036.050048828125,1032.5,1035.0,1890223,0.0,0.0
2026-06-19 15:15:00+05:30,1035.0,1036.5999755859375,1034.5999755859375,1035.5999755859375,1392171,0.0,0.0
2026-06-22 09:15:00+05:30,1038.3499755859375,1040.550048828125,1036.4000244140625,1036.699951171875,201818,0.0,0.0
2026-06-22 09:30:00+05:30,1036.699951171875,1036.699951171875,1033.6500244140625,1034.199951171875,322670,0.0,0.0
2026-06-22 09:45:00+05:30,1034.4000244140625,1037.050048828125,1034.0999755859375,1037.0,310895,0.0,0.0
2026-06-22 10:00:00+05:30,1036.8499755859375,1038.5,1035.699951171875,1037.449951171875,330733,0.0,0.0
2026-06-22 10:15:00+05:30,1037.5,1037.5999755859375,1035.25,1036.4000244140625,178370,0.0,0.0
2026-06-22 10:30:00+05:30,1036.5,1037.0,1035.5,1036.6500244140625,183466,0.0,0.0
2026-06-22 10:45:00+05:30,1036.6500244140625,1036.8499755859375,1035.5,1036.5,218189,0.0,0.0
2026-06-22 11:00:00+05:30,1036.800048828125,1036.8499755859375,1035.5,1035.550048828125,200187,0.0,0.0
2026-06-22 11:15:00+05:30,1035.949951171875,1036.4000244140625,1035.300048828125,1035.800048828125,84064,0.0,0.0
2026-06-22 11:30:00+05:30,1035.75,1036.800048828125,1035.75,1036.25,98334,0.0,0.0
2026-06-22 11:45:00+05:30,1036.0,1036.199951171875,1035.5999755859375,1036.0,129888,0.0,0.0
2026-06-22 12:00:00+05:30,1036.0,1036.0,1035.25,1035.5999755859375,92078,0.0,0.0
2026-06-22 12:15:00+05:30,1035.5999755859375,1037.800048828125,1035.449951171875,1037.199951171875,146436,0.0,0.0
2026-06-22 12:30:00+05:30,1037.3499755859375,1038.0,1036.699951171875,1037.0,147939,0.0,0.0
2026-06-22 12:45:00+05:30,1037.25,1038.199951171875,1036.75,1038.199951171875,155045,0.0,0.0
2026-06-22 13:00:00+05:30,1038.25,1041.5,1037.199951171875,1037.5999755859375,589791,0.0,0.0
2026-06-22 13:15:00+05:30,1037.75,1038.449951171875,1036.699951171875,1037.25,179123,0.0,0.0
2026-06-22 13:30:00+05:30,1037.0999755859375,1038.0,1036.25,1037.3499755859375,204257,0.0,0.0
2026-06-22 13:45:00+05:30,1037.3499755859375,1038.449951171875,1037.199951171875,1037.6500244140625,110263,0.0,0.0
2026-06-22 14:00:00+05:30,1037.6500244140625,1038.050048828125,1036.199951171875,1036.199951171875,127616,0.0,0.0
2026-06-22 14:15:00+05:30,1036.1500244140625,1038.75,1035.0999755859375,1038.199951171875,312537,0.0,0.0
2026-06-22 14:30:00+05:30,1038.199951171875,1040.5,1037.699951171875,1040.0,258173,0.0,0.0
2026-06-22 14:45:00+05:30,1040.199951171875,1041.199951171875,1039.9000244140625,1041.0,216000,0.0,0.0
2026-06-22 15:00:00+05:30,1041.0999755859375,1043.0,1039.800048828125,1041.0999755859375,594377,0.0,0.0
2026-06-22 15:15:00+05:30,1041.199951171875,1041.9000244140625,1039.4000244140625,1040.0,562796,0.0,0.0
2026-06-23 09:15:00+05:30,1038.5999755859375,1044.800048828125,1038.5999755859375,1044.800048828125,234833,0.0,0.0
2026-06-23 09:30:00+05:30,1045.25,1045.4000244140625,1040.699951171875,1041.0999755859375,682777,0.0,0.0
2026-06-23 09:45:00+05:30,1041.699951171875,1042.800048828125,1040.0,1041.5999755859375,281017,0.0,0.0
2026-06-23 10:00:00+05:30,1041.5999755859375,1041.75,1038.199951171875,1038.5999755859375,228430,0.0,0.0
2026-06-23 10:15:00+05:30,1038.4000244140625,1039.4000244140625,1037.5999755859375,1038.9000244140625,260412,0.0,0.0
2026-06-23 10:30:00+05:30,1038.800048828125,1038.949951171875,1036.050048828125,1036.050048828125,180637,0.0,0.0
2026-06-23 10:45:00+05:30,1036.199951171875,1036.699951171875,1035.4000244140625,1036.1500244140625,250415,0.0,0.0
2026-06-23 11:00:00+05:30,1036.1500244140625,1037.550048828125,1035.4000244140625,1037.550048828125,267944,0.0,0.0
2026-06-23 11:15:00+05:30,1037.5,1038.75,1036.4000244140625,1037.5,256849,0.0,0.0
2026-06-23 11:30:00+05:30,1037.5,1038.050048828125,1035.0999755859375,1035.9000244140625,264595,0.0,0.0
2026-06-23 11:45:00+05:30,1035.800048828125,1035.8499755859375,1032.5999755859375,1033.0999755859375,305254,0.0,0.0
2026-06-23 12:00:00+05:30,1032.699951171875,1034.1500244140625,1031.8499755859375,1033.0,369357,0.0,0.0
2026-06-23 12:15:00+05:30,1033.0,1033.5,1029.1500244140625,1030.949951171875,373666,0.0,0.0
2026-06-23 12:30:00+05:30,1030.949951171875,1031.5999755859375,1030.0999755859375,1030.800048828125,292792,0.0,0.0
2026-06-23 12:45:00+05:30,1030.800048828125,1030.800048828125,1029.550048828125,1030.3499755859375,203333,0.0,0.0
2026-06-23 13:00:00+05:30,1030.3499755859375,1031.3499755859375,1029.3499755859375,1030.199951171875,311704,0.0,0.0
2026-06-23 13:15:00+05:30,1030.199951171875,1030.949951171875,1028.75,1029.449951171875,355045,0.0,0.0
2026-06-23 13:30:00+05:30,1029.6500244140625,1029.6500244140625,1027.0,1027.8499755859375,523094,0.0,0.0
2026-06-23 13:45:00+05:30,1027.9000244140625,1027.9000244140625,1023.2000122070312,1024.6500244140625,636641,0.0,0.0
2026-06-23 14:00:00+05:30,1024.199951171875,1026.949951171875,1023.5,1026.0,296948,0.0,0.0
2026-06-23 14:15:00+05:30,1025.800048828125,1027.550048828125,1024.5,1027.0,325775,0.0,0.0
2026-06-23 14:30:00+05:30,1027.0,1028.699951171875,1025.25,1027.8499755859375,229412,0.0,0.0
2026-06-23 14:45:00+05:30,1028.050048828125,1029.25,1026.0,1026.550048828125,598612,0.0,0.0
2026-06-23 15:00:00+05:30,1026.800048828125,1027.5,1023.9000244140625,1024.5999755859375,1325151,0.0,0.0
2026-06-23 15:15:00+05:30,1024.6500244140625,1024.699951171875,1022.4500122070312,1023.5999755859375,1112776,0.0,0.0
2026-06-24 09:15:00+05:30,1024.0,1029.25,1024.0,1025.949951171875,228867,0.0,0.0
2026-06-24 09:30:00+05:30,1025.75,1026.8499755859375,1021.0499877929688,1023.1500244140625,479811,0.0,0.0
2026-06-24 09:45:00+05:30,1023.3499755859375,1024.199951171875,1020.9000244140625,1022.3499755859375,233967,0.0,0.0
2026-06-24 10:00:00+05:30,1022.3499755859375,1027.0999755859375,1022.2999877929688,1025.75,289072,0.0,0.0
2026-06-24 10:15:00+05:30,1025.5999755859375,1026.9000244140625,1025.050048828125,1025.050048828125,153224,0.0,0.0
2026-06-24 10:30:00+05:30,1025.300048828125,1025.5999755859375,1023.9500122070312,1024.449951171875,152591,0.0,0.0
2026-06-24 10:45:00+05:30,1024.300048828125,1026.800048828125,1024.300048828125,1025.8499755859375,153595,0.0,0.0
2026-06-24 11:00:00+05:30,1025.9000244140625,1029.9000244140625,1025.8499755859375,1029.75,295500,0.0,0.0
2026-06-24 11:15:00+05:30,1029.5,1031.949951171875,1029.0,1031.949951171875,569861,0.0,0.0
2026-06-24 11:30:00+05:30,1031.949951171875,1036.5,1031.1500244140625,1036.5,496734,0.0,0.0
2026-06-24 11:45:00+05:30,1036.199951171875,1040.5999755859375,1036.199951171875,1040.0,922069,0.0,0.0
2026-06-24 12:00:00+05:30,1040.0,1040.699951171875,1038.5,1039.0,589070,0.0,0.0
2026-06-24 12:15:00+05:30,1039.0,1044.5,1038.9000244140625,1042.8499755859375,602793,0.0,0.0
2026-06-24 12:30:00+05:30,1042.8499755859375,1043.199951171875,1040.0,1040.1500244140625,372481,0.0,0.0
2026-06-24 12:45:00+05:30,1040.1500244140625,1040.449951171875,1038.5,1039.699951171875,348021,0.0,0.0
2026-06-24 13:00:00+05:30,1039.800048828125,1041.699951171875,1038.300048828125,1041.5999755859375,248312,0.0,0.0
2026-06-24 13:15:00+05:30,1041.699951171875,1043.75,1041.3499755859375,1042.6500244140625,279362,0.0,0.0
2026-06-24 13:30:00+05:30,1042.699951171875,1043.0,1041.449951171875,1042.4000244140625,210399,0.0,0.0
2026-06-24 13:45:00+05:30,1042.4000244140625,1042.949951171875,1040.300048828125,1041.25,217935,0.0,0.0
2026-06-24 14:00:00+05:30,1041.199951171875,1042.0,1040.0,1040.1500244140625,664171,0.0,0.0
2026-06-24 14:15:00+05:30,1040.0999755859375,1040.800048828125,1037.199951171875,1038.5,447489,0.0,0.0
2026-06-24 14:30:00+05:30,1038.5,1041.0,1038.0,1040.0,559693,0.0,0.0
2026-06-24 14:45:00+05:30,1040.0,1040.25,1037.8499755859375,1037.949951171875,867783,0.0,0.0
2026-06-24 15:00:00+05:30,1038.0,1038.0,1033.199951171875,1033.5,1313516,0.0,0.0
2026-06-24 15:15:00+05:30,1033.449951171875,1035.4000244140625,1033.25,1034.5999755859375,751541,0.0,0.0
2026-06-25 09:15:00+05:30,1043.9000244140625,1049.5,1039.0,1049.0999755859375,1007068,0.0,0.0
2026-06-25 09:30:00+05:30,1049.0999755859375,1052.0999755859375,1046.8499755859375,1051.5999755859375,1265308,0.0,0.0
2026-06-25 09:45:00+05:30,1051.550048828125,1053.5,1049.800048828125,1050.300048828125,916948,0.0,0.0
2026-06-25 10:00:00+05:30,1050.4000244140625,1051.0,1047.5,1049.1500244140625,722448,0.0,0.0
2026-06-25 10:15:00+05:30,1049.4000244140625,1049.8499755859375,1046.5,1049.5999755859375,530227,0.0,0.0
2026-06-25 10:30:00+05:30,1049.800048828125,1051.449951171875,1048.8499755859375,1049.75,436646,0.0,0.0
2026-06-25 10:45:00+05:30,1049.75,1050.800048828125,1049.300048828125,1050.300048828125,296203,0.0,0.0
2026-06-25 11:00:00+05:30,1050.300048828125,1050.9000244140625,1049.1500244140625,1050.449951171875,379732,0.0,0.0
2026-06-25 11:15:00+05:30,1050.449951171875,1051.5,1049.949951171875,1050.75,292043,0.0,0.0
2026-06-25 11:30:00+05:30,1050.75,1050.949951171875,1050.050048828125,1050.8499755859375,206989,0.0,0.0
2026-06-25 11:45:00+05:30,1050.8499755859375,1054.0,1050.300048828125,1053.550048828125,597316,0.0,0.0
2026-06-25 12:00:00+05:30,1053.550048828125,1055.4000244140625,1053.1500244140625,1053.4000244140625,718635,0.0,0.0
2026-06-25 12:15:00+05:30,1053.449951171875,1054.9000244140625,1051.050048828125,1051.1500244140625,529862,0.0,0.0
2026-06-25 12:30:00+05:30,1051.050048828125,1052.449951171875,1050.050048828125,1050.300048828125,711424,0.0,0.0
2026-06-25 12:45:00+05:30,1050.300048828125,1051.4000244140625,1049.1500244140625,1051.0,421713,0.0,0.0
2026-06-25 13:00:00+05:30,1051.0,1052.449951171875,1049.5999755859375,1049.949951171875,373703,0.0,0.0
2026-06-25 13:15:00+05:30,1049.949951171875,1051.6500244140625,1049.699951171875,1051.050048828125,454127,0.0,0.0
2026-06-25 13:30:00+05:30,1051.0999755859375,1053.0,1049.75,1052.199951171875,343598,0.0,0.0
2026-06-25 13:45:00+05:30,1052.199951171875,1052.5,1049.800048828125,1049.949951171875,395505,0.0,0.0
2026-06-25 14:00:00+05:30,1049.800048828125,1050.4000244140625,1046.0,1046.0999755859375,734071,0.0,0.0
2026-06-25 14:15:00+05:30,1046.0999755859375,1048.0999755859375,1045.550048828125,1047.4000244140625,675564,0.0,0.0
2026-06-25 14:30:00+05:30,1047.6500244140625,1048.3499755859375,1045.199951171875,1045.3499755859375,519117,0.0,0.0
2026-06-25 14:45:00+05:30,1045.3499755859375,1048.300048828125,1044.800048828125,1046.5,522651,0.0,0.0
2026-06-25 15:00:00+05:30,1046.75,1046.75,1043.699951171875,1045.9000244140625,1302742,0.0,0.0
2026-06-25 15:15:00+05:30,1046.199951171875,1046.9000244140625,1044.6500244140625,1045.699951171875,831140,0.0,0.0
2026-06-29 09:15:00+05:30,1043.4000244140625,1045.1500244140625,1040.550048828125,1042.5,283225,0.0,0.0
2026-06-29 09:30:00+05:30,1042.1500244140625,1044.9000244140625,1040.6500244140625,1043.949951171875,477650,0.0,0.0
2026-06-29 09:45:00+05:30,1043.75,1043.949951171875,1041.5,1042.199951171875,346713,0.0,0.0
2026-06-29 10:00:00+05:30,1042.25,1043.8499755859375,1039.5999755859375,1041.050048828125,429091,0.0,0.0
2026-06-29 10:15:00+05:30,1041.0999755859375,1046.25,1040.199951171875,1044.699951171875,479656,0.0,0.0
2026-06-29 10:30:00+05:30,1044.699951171875,1045.3499755859375,1041.949951171875,1044.800048828125,290172,0.0,0.0
2026-06-29 10:45:00+05:30,1044.550048828125,1044.949951171875,1041.5,1042.75,287865,0.0,0.0
2026-06-29 11:00:00+05:30,1042.75,1044.050048828125,1041.9000244140625,1042.449951171875,254734,0.0,0.0
2026-06-29 11:15:00+05:30,1042.3499755859375,1043.25,1041.9000244140625,1042.75,169250,0.0,0.0
2026-06-29 11:30:00+05:30,1042.6500244140625,1042.949951171875,1036.550048828125,1037.550048828125,397837,0.0,0.0
2026-06-29 11:45:00+05:30,1037.25,1038.0,1034.449951171875,1036.4000244140625,293968,0.0,0.0
2026-06-29 12:00:00+05:30,1036.4000244140625,1037.0999755859375,1034.5,1035.050048828125,164859,0.0,0.0
2026-06-29 12:15:00+05:30,1035.050048828125,1035.3499755859375,1032.4000244140625,1033.199951171875,250596,0.0,0.0
2026-06-29 12:30:00+05:30,1033.25,1034.1500244140625,1031.050048828125,1033.550048828125,304586,0.0,0.0
2026-06-29 12:45:00+05:30,1033.5,1033.800048828125,1031.75,1032.199951171875,253695,0.0,0.0
2026-06-29 13:00:00+05:30,1032.0999755859375,1033.550048828125,1031.5999755859375,1032.5999755859375,195688,0.0,0.0
2026-06-29 13:15:00+05:30,1032.5999755859375,1033.800048828125,1031.6500244140625,1032.5,170185,0.0,0.0
2026-06-29 13:30:00+05:30,1032.550048828125,1035.5,1031.0,1034.0999755859375,355963,0.0,0.0
2026-06-29 13:45:00+05:30,1033.949951171875,1036.3499755859375,1033.949951171875,1035.800048828125,277638,0.0,0.0
2026-06-29 14:00:00+05:30,1035.6500244140625,1037.8499755859375,1035.550048828125,1037.8499755859375,274486,0.0,0.0
2026-06-29 14:15:00+05:30,1037.75,1037.8499755859375,1036.0,1037.4000244140625,203281,0.0,0.0
2026-06-29 14:30:00+05:30,1037.3499755859375,1037.8499755859375,1037.0,1037.800048828125,282554,0.0,0.0
2026-06-29 14:45:00+05:30,1037.75,1037.8499755859375,1036.550048828125,1036.949951171875,357400,0.0,0.0
2026-06-29 15:00:00+05:30,1036.949951171875,1039.1500244140625,1034.550048828125,1035.800048828125,5097898,0.0,0.0
2026-06-29 15:15:00+05:30,1035.6500244140625,1040.0,1034.0,1038.949951171875,4381519,0.0,0.0
2026-06-30 09:15:00+05:30,1039.050048828125,1041.6500244140625,1033.300048828125,1034.5,321387,0.0,0.0
2026-06-30 09:30:00+05:30,1034.25,1037.6500244140625,1033.550048828125,1036.75,350535,0.0,0.0
2026-06-30 09:45:00+05:30,1037.0,1041.8499755859375,1036.0,1041.0,303760,0.0,0.0
2026-06-30 10:00:00+05:30,1041.0,1041.5999755859375,1037.5,1039.6500244140625,281485,0.0,0.0
2026-06-30 10:15:00+05:30,1039.6500244140625,1040.0,1037.050048828125,1037.300048828125,244073,0.0,0.0
2026-06-30 10:30:00+05:30,1037.300048828125,1038.5,1036.5,1036.800048828125,253271,0.0,0.0
2026-06-30 10:45:00+05:30,1037.050048828125,1038.0,1035.0999755859375,1035.949951171875,213145,0.0,0.0
2026-06-30 11:00:00+05:30,1035.550048828125,1041.4000244140625,1035.550048828125,1040.5,213464,0.0,0.0
2026-06-30 11:15:00+05:30,1040.5,1043.949951171875,1038.0999755859375,1042.5,513881,0.0,0.0
2026-06-30 11:30:00+05:30,1042.5999755859375,1043.300048828125,1038.199951171875,1038.550048828125,336678,0.0,0.0
2026-06-30 11:45:00+05:30,1038.550048828125,1040.8499755859375,1036.699951171875,1040.25,377679,0.0,0.0
2026-06-30 12:00:00+05:30,1040.25,1041.0,1036.800048828125,1038.0999755859375,309218,0.0,0.0
2026-06-30 12:15:00+05:30,1038.0999755859375,1038.699951171875,1036.5,1037.4000244140625,147628,0.0,0.0
2026-06-30 12:30:00+05:30,1037.5,1037.8499755859375,1035.449951171875,1037.5,211777,0.0,0.0
2026-06-30 12:45:00+05:30,1037.050048828125,1040.699951171875,1036.5999755859375,1039.5,497951,0.0,0.0
2026-06-30 13:00:00+05:30,1039.5,1039.75,1037.199951171875,1037.800048828125,237096,0.0,0.0
2026-06-30 13:15:00+05:30,1037.8499755859375,1039.0,1036.050048828125,1037.0,255721,0.0,0.0
2026-06-30 13:30:00+05:30,1036.8499755859375,1037.699951171875,1035.8499755859375,1036.5,373168,0.0,0.0
2026-06-30 13:45:00+05:30,1036.5,1037.0999755859375,1032.050048828125,1033.550048828125,505354,0.0,0.0
2026-06-30 14:00:00+05:30,1033.699951171875,1033.9000244140625,1028.0999755859375,1030.5,610889,0.0,0.0
2026-06-30 14:15:00+05:30,1030.699951171875,1035.949951171875,1028.699951171875,1033.0999755859375,747879,0.0,0.0
2026-06-30 14:30:00+05:30,1033.25,1034.5,1031.0,1031.0999755859375,412343,0.0,0.0
2026-06-30 14:45:00+05:30,1031.550048828125,1032.4000244140625,1030.0,1030.5,348576,0.0,0.0
2026-06-30 15:00:00+05:30,1030.5,1030.5999755859375,1025.0999755859375,1027.4000244140625,1773585,0.0,0.0
2026-06-30 15:15:00+05:30,1027.4000244140625,1029.9000244140625,1026.199951171875,1029.9000244140625,1002441,0.0,0.0
2026-07-01 09:15:00+05:30,1031.0999755859375,1031.0999755859375,1025.9000244140625,1026.9000244140625,171198,0.0,0.0
2026-07-01 09:30:00+05:30,1026.800048828125,1029.9000244140625,1025.699951171875,1029.0,207404,0.0,0.0
2026-07-01 09:45:00+05:30,1029.0,1030.800048828125,1028.300048828125,1030.5999755859375,155220,0.0,0.0
2026-07-01 10:00:00+05:30,1030.699951171875,1031.4000244140625,1028.199951171875,1030.9000244140625,205985,0.0,0.0
2026-07-01 10:15:00+05:30,1031.0,1036.0999755859375,1030.5,1035.800048828125,371952,0.0,0.0
2026-07-01 10:30:00+05:30,1035.4000244140625,1037.5999755859375,1034.699951171875,1035.5,303909,0.0,0.0
2026-07-01 10:45:00+05:30,1035.0,1036.5,1034.5,1035.300048828125,104154,0.0,0.0
2026-07-01 11:00:00+05:30,1035.5,1036.0999755859375,1035.0,1036.0999755859375,85241,0.0,0.0
2026-07-01 11:15:00+05:30,1036.5,1036.800048828125,1035.0999755859375,1035.800048828125,81037,0.0,0.0
2026-07-01 11:30:00+05:30,1035.800048828125,1037.0,1035.0,1037.0,114426,0.0,0.0
2026-07-01 11:45:00+05:30,1037.0,1038.0,1035.4000244140625,1037.0999755859375,208590,0.0,0.0
2026-07-01 12:00:00+05:30,1037.199951171875,1038.5999755859375,1036.0,1038.199951171875,142101,0.0,0.0
2026-07-01 12:15:00+05:30,1038.0999755859375,1040.9000244140625,1037.4000244140625,1037.699951171875,268436,0.0,0.0
2026-07-01 12:30:00+05:30,1037.5999755859375,1040.9000244140625,1037.5999755859375,1039.5,110029,0.0,0.0
2026-07-01 12:45:00+05:30,1039.5,1041.5,1039.199951171875,1041.300048828125,215337,0.0,0.0
2026-07-01 13:00:00+05:30,1041.300048828125,1042.5,1040.300048828125,1041.9000244140625,274763,0.0,0.0
2026-07-01 13:15:00+05:30,1041.5999755859375,1042.5,1041.0,1041.699951171875,126686,0.0,0.0
2026-07-01 13:30:00+05:30,1041.5999755859375,1043.0,1041.0999755859375,1042.5,197515,0.0,0.0
2026-07-01 13:45:00+05:30,1041.9000244140625,1042.5,1041.0,1041.0,148889,0.0,0.0
2026-07-01 14:00:00+05:30,1041.0999755859375,1045.9000244140625,1041.0,1045.199951171875,303409,0.0,0.0
2026-07-01 14:15:00+05:30,1045.199951171875,1045.699951171875,1044.0999755859375,1044.5999755859375,125517,0.0,0.0
2026-07-01 14:30:00+05:30,1044.4000244140625,1045.0,1043.5,1043.9000244140625,161997,0.0,0.0
2026-07-01 14:45:00+05:30,1044.0,1049.300048828125,1044.0,1049.0,426564,0.0,0.0
2026-07-01 15:00:00+05:30,1049.0,1049.800048828125,1047.699951171875,1048.699951171875,803054,0.0,0.0
2026-07-01 15:15:00+05:30,1048.699951171875,1048.699951171875,1043.4000244140625,1044.0,706475,0.0,0.0
2026-07-02 09:15:00+05:30,1049.5999755859375,1053.300048828125,1046.199951171875,1051.0,617514,0.0,0.0
2026-07-02 09:30:00+05:30,1050.9000244140625,1059.4000244140625,1050.800048828125,1056.4000244140625,912812,0.0,0.0
2026-07-02 09:45:00+05:30,1056.4000244140625,1059.800048828125,1055.0999755859375,1056.199951171875,548315,0.0,0.0
2026-07-02 10:00:00+05:30,1056.0,1057.800048828125,1055.0999755859375,1055.199951171875,481731,0.0,0.0
2026-07-02 10:15:00+05:30,1055.0999755859375,1056.5999755859375,1054.0,1055.199951171875,307213,0.0,0.0
2026-07-02 10:30:00+05:30,1055.199951171875,1056.5,1053.5999755859375,1056.5,220112,0.0,0.0
2026-07-02 10:45:00+05:30,1056.5,1056.5,1051.699951171875,1054.0,365244,0.0,0.0
2026-07-02 11:00:00+05:30,1054.199951171875,1054.5,1052.0999755859375,1053.5,317659,0.0,0.0
2026-07-02 11:15:00+05:30,1053.4000244140625,1053.4000244140625,1051.0,1051.5,280372,0.0,0.0
2026-07-02 11:30:00+05:30,1051.4000244140625,1052.9000244140625,1050.0,1050.5999755859375,472822,0.0,0.0
2026-07-02 11:45:00+05:30,1050.800048828125,1052.0,1048.9000244140625,1049.300048828125,458404,0.0,0.0
2026-07-02 12:00:00+05:30,1049.5,1050.0,1045.0,1046.800048828125,757440,0.0,0.0
2026-07-02 12:15:00+05:30,1046.699951171875,1051.0,1045.800048828125,1050.0,939241,0.0,0.0
2026-07-02 12:30:00+05:30,1050.0,1050.699951171875,1048.300048828125,1049.0,352984,0.0,0.0
2026-07-02 12:45:00+05:30,1049.0,1050.800048828125,1048.0999755859375,1048.699951171875,379608,0.0,0.0
2026-07-02 13:00:00+05:30,1048.9000244140625,1051.0,1048.4000244140625,1048.9000244140625,559868,0.0,0.0
2026-07-02 13:15:00+05:30,1049.0,1050.0,1048.4000244140625,1048.4000244140625,260325,0.0,0.0
2026-07-02 13:30:00+05:30,1048.800048828125,1050.9000244140625,1048.300048828125,1049.699951171875,688053,0.0,0.0
2026-07-02 13:45:00+05:30,1049.800048828125,1050.699951171875,1049.0,1049.800048828125,337486,0.0,0.0
2026-07-02 14:00:00+05:30,1049.800048828125,1050.5,1048.0999755859375,1048.0999755859375,407256,0.0,0.0
2026-07-02 14:15:00+05:30,1048.300048828125,1049.9000244140625,1046.4000244140625,1049.5999755859375,925829,0.0,0.0
2026-07-02 14:30:00+05:30,1049.699951171875,1052.5999755859375,1048.5,1050.800048828125,397498,0.0,0.0
2026-07-02 14:45:00+05:30,1050.5999755859375,1054.5,1050.5999755859375,1051.5,885243,0.0,0.0
2026-07-02 15:00:00+05:30,1051.5999755859375,1053.4000244140625,1051.199951171875,1051.4000244140625,1094824,0.0,0.0
2026-07-02 15:15:00+05:30,1051.5999755859375,1052.5,1048.5,1051.5999755859375,1053942,0.0,0.0
2026-07-03 09:15:00+05:30,1055.4000244140625,1056.0999755859375,1048.0,1049.0,170469,0.0,0.0
2026-07-03 09:30:00+05:30,1048.800048828125,1049.5,1042.5,1042.5999755859375,474602,0.0,0.0
2026-07-03 09:45:00+05:30,1042.5999755859375,1044.0999755859375,1038.9000244140625,1043.300048828125,630061,0.0,0.0
2026-07-03 10:00:00+05:30,1043.300048828125,1047.699951171875,1042.699951171875,1046.9000244140625,385131,0.0,0.0
2026-07-03 10:15:00+05:30,1046.300048828125,1051.699951171875,1046.300048828125,1050.4000244140625,456006,0.0,0.0
2026-07-03 10:30:00+05:30,1050.300048828125,1051.4000244140625,1048.5,1049.0,290400,0.0,0.0
2026-07-03 10:45:00+05:30,1048.9000244140625,1050.300048828125,1047.0,1047.300048828125,329736,0.0,0.0
2026-07-03 11:00:00+05:30,1047.300048828125,1048.0,1045.0999755859375,1045.300048828125,637770,0.0,0.0
2026-07-03 11:15:00+05:30,1045.199951171875,1046.5999755859375,1044.5,1046.4000244140625,261298,0.0,0.0
2026-07-03 11:30:00+05:30,1046.4000244140625,1047.0,1044.4000244140625,1045.0,201263,0.0,0.0
2026-07-03 11:45:00+05:30,1045.199951171875,1046.0,1044.5999755859375,1045.699951171875,499245,0.0,0.0
2026-07-03 12:00:00+05:30,1045.800048828125,1046.9000244140625,1042.4000244140625,1043.800048828125,272762,0.0,0.0
2026-07-03 12:15:00+05:30,1043.5,1044.4000244140625,1042.9000244140625,1043.5999755859375,216768,0.0,0.0
2026-07-03 12:30:00+05:30,1043.5,1044.0,1042.5999755859375,1042.5999755859375,359706,0.0,0.0
2026-07-03 12:45:00+05:30,1042.9000244140625,1043.5999755859375,1040.0999755859375,1040.0999755859375,515275,0.0,0.0
2026-07-03 13:00:00+05:30,1040.199951171875,1040.5999755859375,1036.0999755859375,1038.5,560796,0.0,0.0
2026-07-03 13:15:00+05:30,1038.300048828125,1038.5,1036.5,1037.199951171875,268350,0.0,0.0
2026-07-03 13:30:00+05:30,1037.0999755859375,1037.5999755859375,1034.5,1035.0,461869,0.0,0.0
2026-07-03 13:45:00+05:30,1035.0999755859375,1036.800048828125,1034.5999755859375,1034.9000244140625,309140,0.0,0.0
2026-07-03 14:00:00+05:30,1034.800048828125,1038.0999755859375,1034.5,1037.5,226800,0.0,0.0
2026-07-03 14:15:00+05:30,1037.5,1037.800048828125,1036.0,1037.5,239006,0.0,0.0
2026-07-03 14:30:00+05:30,1037.5,1038.9000244140625,1037.199951171875,1038.0,229280,0.0,0.0
2026-07-03 14:45:00+05:30,1038.0,1039.9000244140625,1037.5,1038.4000244140625,407763,0.0,0.0
2026-07-03 15:00:00+05:30,1039.300048828125,1040.300048828125,1038.9000244140625,1040.0,771850,0.0,0.0
2026-07-03 15:15:00+05:30,1040.0,1041.4000244140625,1038.5,1041.0,790480,0.0,0.0
2026-07-06 09:15:00+05:30,1040.300048828125,1044.9000244140625,1038.699951171875,1043.5999755859375,141551,0.0,0.0
2026-07-06 09:30:00+05:30,1043.699951171875,1044.800048828125,1043.5,1044.0999755859375,135128,0.0,0.0
2026-07-06 09:45:00+05:30,1044.199951171875,1048.0,1043.199951171875,1045.199951171875,341452,0.0,0.0
2026-07-06 10:00:00+05:30,1045.199951171875,1045.300048828125,1042.0999755859375,1042.0999755859375,237899,0.0,0.0
2026-07-06 10:15:00+05:30,1042.300048828125,1043.9000244140625,1041.0999755859375,1042.9000244140625,312146,0.0,0.0
2026-07-06 10:30:00+05:30,1042.9000244140625,1043.699951171875,1040.5,1041.4000244140625,196736,0.0,0.0
2026-07-06 10:45:00+05:30,1041.4000244140625,1042.199951171875,1040.699951171875,1040.800048828125,163837,0.0,0.0
2026-07-06 11:00:00+05:30,1040.699951171875,1041.4000244140625,1040.5999755859375,1041.0999755859375,158782,0.0,0.0
2026-07-06 11:15:00+05:30,1041.0999755859375,1043.199951171875,1040.0999755859375,1040.5,323228,0.0,0.0
2026-07-06 11:30:00+05:30,1040.800048828125,1040.800048828125,1039.5,1039.699951171875,222262,0.0,0.0
2026-07-06 11:45:00+05:30,1039.699951171875,1040.5,1039.0,1040.5,259311,0.0,0.0
2026-07-06 12:00:00+05:30,1040.4000244140625,1047.0999755859375,1039.699951171875,1047.0,521229,0.0,0.0
2026-07-06 12:15:00+05:30,1047.0,1047.4000244140625,1044.4000244140625,1045.0,559591,0.0,0.0
2026-07-06 12:30:00+05:30,1044.9000244140625,1046.800048828125,1044.699951171875,1046.0,785576,0.0,0.0
2026-07-06 12:45:00+05:30,1045.9000244140625,1048.4000244140625,1044.4000244140625,1047.0999755859375,530180,0.0,0.0
2026-07-06 13:00:00+05:30,1047.199951171875,1047.4000244140625,1044.0999755859375,1045.5,323397,0.0,0.0
2026-07-06 13:15:00+05:30,1045.5999755859375,1046.0,1043.9000244140625,1044.0999755859375,177443,0.0,0.0
2026-07-06 13:30:00+05:30,1044.4000244140625,1045.300048828125,1042.9000244140625,1043.0999755859375,317636,0.0,0.0
2026-07-06 13:45:00+05:30,1043.199951171875,1044.199951171875,1042.0999755859375,1042.300048828125,254285,0.0,0.0
2026-07-06 14:00:00+05:30,1042.300048828125,1043.5,1040.199951171875,1040.800048828125,524706,0.0,0.0
2026-07-06 14:15:00+05:30,1040.699951171875,1041.199951171875,1039.699951171875,1039.9000244140625,278422,0.0,0.0
2026-07-06 14:30:00+05:30,1039.9000244140625,1040.0,1036.5999755859375,1037.5999755859375,417401,0.0,0.0
2026-07-06 14:45:00+05:30,1037.5999755859375,1038.300048828125,1036.5999755859375,1037.5,301682,0.0,0.0
2026-07-06 15:00:00+05:30,1037.5,1038.4000244140625,1037.0999755859375,1038.0,492329,0.0,0.0
2026-07-06 15:15:00+05:30,1037.9000244140625,1038.9000244140625,1037.0999755859375,1038.5,542599,0.0,0.0
2026-07-07 09:15:00+05:30,1040.9000244140625,1049.0,1037.5999755859375,1046.699951171875,314995,0.0,0.0
2026-07-07 09:30:00+05:30,1046.5,1047.0999755859375,1044.199951171875,1045.0,248656,0.0,0.0
2026-07-07 09:45:00+05:30,1044.800048828125,1048.0,1044.4000244140625,1044.800048828125,374658,0.0,0.0
2026-07-07 10:00:00+05:30,1044.9000244140625,1045.199951171875,1042.5,1042.9000244140625,284400,0.0,0.0
2026-07-07 10:15:00+05:30,1042.9000244140625,1043.800048828125,1041.5999755859375,1042.300048828125,246141,0.0,0.0
2026-07-07 10:30:00+05:30,1042.199951171875,1043.800048828125,1041.699951171875,1042.4000244140625,220513,0.0,0.0
2026-07-07 10:45:00+05:30,1042.699951171875,1043.4000244140625,1040.5999755859375,1041.4000244140625,227185,0.0,0.0
2026-07-07 11:00:00+05:30,1041.5,1041.9000244140625,1040.4000244140625,1041.199951171875,396098,0.0,0.0
2026-07-07 11:15:00+05:30,1041.199951171875,1046.4000244140625,1040.5,1045.0999755859375,324920,0.0,0.0
2026-07-07 11:30:00+05:30,1045.0999755859375,1045.0999755859375,1042.5,1043.0,540978,0.0,0.0
2026-07-07 11:45:00+05:30,1043.0,1043.800048828125,1042.0999755859375,1042.699951171875,739951,0.0,0.0
2026-07-07 12:00:00+05:30,1042.699951171875,1043.199951171875,1040.5999755859375,1041.0,376838,0.0,0.0
2026-07-07 12:15:00+05:30,1041.0,1042.699951171875,1039.199951171875,1042.4000244140625,333856,0.0,0.0
2026-07-07 12:30:00+05:30,1042.5,1042.5,1040.699951171875,1041.0999755859375,437086,0.0,0.0
2026-07-07 12:45:00+05:30,1041.4000244140625,1043.800048828125,1040.5999755859375,1043.0,539188,0.0,0.0
2026-07-07 13:00:00+05:30,1043.0,1043.199951171875,1040.5999755859375,1041.4000244140625,339333,0.0,0.0
2026-07-07 13:15:00+05:30,1041.5,1042.300048828125,1040.699951171875,1041.4000244140625,243932,0.0,0.0
2026-07-07 13:30:00+05:30,1041.5,1042.800048828125,1040.5999755859375,1042.199951171875,420875,0.0,0.0
2026-07-07 13:45:00+05:30,1042.4000244140625,1043.0,1040.5999755859375,1041.5,425380,0.0,0.0
2026-07-07 14:00:00+05:30,1041.5,1042.5,1040.699951171875,1042.0,296430,0.0,0.0
2026-07-07 14:15:00+05:30,1042.0,1042.5,1041.4000244140625,1042.4000244140625,276402,0.0,0.0
2026-07-07 14:30:00+05:30,1042.300048828125,1043.5,1041.699951171875,1043.300048828125,352656,0.0,0.0
2026-07-07 14:45:00+05:30,1043.300048828125,1043.5,1041.300048828125,1042.0,378886,0.0,0.0
2026-07-07 15:00:00+05:30,1041.9000244140625,1042.0,1037.5,1038.0,1226654,0.0,0.0
2026-07-07 15:15:00+05:30,1037.9000244140625,1038.0999755859375,1035.5999755859375,1036.199951171875,961445,0.0,0.0
2026-07-08 09:15:00+05:30,1029.5999755859375,1030.9000244140625,1025.5,1025.800048828125,437566,0.0,0.0
2026-07-08 09:30:00+05:30,1024.5999755859375,1024.699951171875,1021.2000122070312,1024.5,783454,0.0,0.0
2026-07-08 09:45:00+05:30,1024.699951171875,1028.4000244140625,1024.0,1025.9000244140625,491835,0.0,0.0
2026-07-08 10:00:00+05:30,1025.9000244140625,1031.699951171875,1025.699951171875,1029.9000244140625,477913,0.0,0.0
2026-07-08 10:15:00+05:30,1029.9000244140625,1032.699951171875,1029.5999755859375,1030.5999755859375,499098,0.0,0.0
2026-07-08 10:30:00+05:30,1030.5999755859375,1033.5999755859375,1030.5999755859375,1032.0,464420,0.0,0.0
2026-07-08 10:45:00+05:30,1032.300048828125,1034.5,1031.699951171875,1034.5,360351,0.0,0.0
2026-07-08 11:00:00+05:30,1034.800048828125,1037.0,1034.0999755859375,1036.5,499955,0.0,0.0
2026-07-08 11:15:00+05:30,1036.5,1037.800048828125,1035.199951171875,1035.4000244140625,306986,0.0,0.0
2026-07-08 11:30:00+05:30,1036.0,1036.5,1035.4000244140625,1035.699951171875,264558,0.0,0.0
2026-07-08 11:45:00+05:30,1035.800048828125,1038.199951171875,1035.300048828125,1036.0,420469,0.0,0.0
2026-07-08 12:00:00+05:30,1036.0,1036.5,1034.4000244140625,1035.0999755859375,364681,0.0,0.0
2026-07-08 12:15:00+05:30,1035.0,1036.199951171875,1034.0999755859375,1034.800048828125,332529,0.0,0.0
2026-07-08 12:30:00+05:30,1034.800048828125,1037.300048828125,1033.800048828125,1037.300048828125,378111,0.0,0.0
2026-07-08 12:45:00+05:30,1037.4000244140625,1038.199951171875,1036.300048828125,1036.800048828125,283192,0.0,0.0
2026-07-08 13:00:00+05:30,1036.800048828125,1037.199951171875,1034.4000244140625,1035.199951171875,412065,0.0,0.0
2026-07-08 13:15:00+05:30,1035.0,1035.5,1031.5999755859375,1032.300048828125,457517,0.0,0.0
2026-07-08 13:30:00+05:30,1032.300048828125,1035.0,1032.0999755859375,1034.5,348086,0.0,0.0
2026-07-08 13:45:00+05:30,1034.4000244140625,1035.5999755859375,1023.0999755859375,1023.2000122070312,835179,0.0,0.0
2026-07-08 14:00:00+05:30,1023.2000122070312,1024.5,1015.4000244140625,1016.2000122070312,1208082,0.0,0.0
2026-07-08 14:15:00+05:30,1015.5999755859375,1018.4000244140625,1013.0999755859375,1014.0,1198630,0.0,0.0
2026-07-08 14:30:00+05:30,1014.0,1018.7000122070312,1013.2000122070312,1016.4000244140625,598552,0.0,0.0
2026-07-08 14:45:00+05:30,1016.7000122070312,1016.7000122070312,1012.0,1013.5,653450,0.0,0.0
2026-07-08 15:00:00+05:30,1013.5999755859375,1017.5,1013.5999755859375,1017.4000244140625,879997,0.0,0.0
2026-07-08 15:15:00+05:30,1017.2999877929688,1021.0,1017.2999877929688,1018.5999755859375,593131,0.0,0.0
2026-07-09 09:15:00+05:30,1019.7999877929688,1025.0,1019.5,1022.2999877929688,198208,0.0,0.0
2026-07-09 09:30:00+05:30,1022.0,1023.2000122070312,1020.7999877929688,1022.5999755859375,250983,0.0,0.0
2026-07-09 09:45:00+05:30,1022.5999755859375,1026.5,1022.2999877929688,1026.300048828125,272611,0.0,0.0
2026-07-09 10:00:00+05:30,1026.300048828125,1029.199951171875,1026.0999755859375,1028.5,369909,0.0,0.0
2026-07-09 10:15:00+05:30,1028.4000244140625,1028.5999755859375,1026.4000244140625,1027.4000244140625,196647,0.0,0.0
2026-07-09 10:30:00+05:30,1027.4000244140625,1031.4000244140625,1023.2999877929688,1028.9000244140625,489829,0.0,0.0
2026-07-09 10:45:00+05:30,1029.0,1029.0,1024.0999755859375,1024.5,227441,0.0,0.0
2026-07-09 11:00:00+05:30,1024.199951171875,1024.9000244140625,1022.5999755859375,1024.699951171875,186533,0.0,0.0
2026-07-09 11:15:00+05:30,1024.300048828125,1029.9000244140625,1023.4000244140625,1029.5999755859375,207980,0.0,0.0
2026-07-09 11:30:00+05:30,1029.5,1029.5,1026.199951171875,1027.4000244140625,221690,0.0,0.0
2026-07-09 11:45:00+05:30,1026.800048828125,1027.5,1025.699951171875,1026.300048828125,128723,0.0,0.0
2026-07-09 12:00:00+05:30,1026.5,1027.4000244140625,1024.5999755859375,1025.5,194281,0.0,0.0
2026-07-09 12:15:00+05:30,1025.9000244140625,1026.4000244140625,1024.5999755859375,1026.0,179633,0.0,0.0
2026-07-09 12:30:00+05:30,1026.0,1026.699951171875,1023.5999755859375,1024.4000244140625,205791,0.0,0.0
2026-07-09 12:45:00+05:30,1024.800048828125,1027.300048828125,1024.0999755859375,1025.5999755859375,190940,0.0,0.0
2026-07-09 13:00:00+05:30,1025.699951171875,1027.300048828125,1025.0999755859375,1027.0,260606,0.0,0.0
2026-07-09 13:15:00+05:30,1027.0,1027.0,1023.7000122070312,1024.199951171875,319559,0.0,0.0
2026-07-09 13:30:00+05:30,1024.199951171875,1029.199951171875,1024.199951171875,1027.0999755859375,378589,0.0,0.0
2026-07-09 13:45:00+05:30,1027.199951171875,1027.699951171875,1025.0,1025.300048828125,222240,0.0,0.0
2026-07-09 14:00:00+05:30,1025.300048828125,1026.0,1024.199951171875,1025.800048828125,264040,0.0,0.0
2026-07-09 14:15:00+05:30,1025.699951171875,1026.800048828125,1024.4000244140625,1026.5,246970,0.0,0.0
2026-07-09 14:30:00+05:30,1026.300048828125,1027.9000244140625,1022.5999755859375,1025.5,628320,0.0,0.0
2026-07-09 14:45:00+05:30,1025.5999755859375,1027.5,1025.0,1026.5,278796,0.0,0.0
2026-07-09 15:00:00+05:30,1026.5999755859375,1026.5999755859375,1019.5999755859375,1021.2999877929688,803927,0.0,0.0
2026-07-09 15:15:00+05:30,1021.2999877929688,1023.7000122070312,1021.0999755859375,1022.5999755859375,432335,0.0,0.0
2026-07-10 09:15:00+05:30,1029.5,1031.5999755859375,1027.5999755859375,1029.5999755859375,137566,0.0,0.0
2026-07-10 09:30:00+05:30,1029.5999755859375,1030.0,1027.5999755859375,1028.0,148489,0.0,0.0
2026-07-10 09:45:00+05:30,1027.699951171875,1028.800048828125,1027.5,1028.300048828125,107565,0.0,0.0
2026-07-10 10:00:00+05:30,1028.300048828125,1028.5,1026.5,1027.800048828125,172633,0.0,0.0
2026-07-10 10:15:00+05:30,1027.800048828125,1030.9000244140625,1027.5,1029.0,207554,0.0,0.0
2026-07-10 10:30:00+05:30,1028.9000244140625,1029.0,1025.699951171875,1026.699951171875,135859,0.0,0.0
2026-07-10 10:45:00+05:30,1026.699951171875,1026.9000244140625,1025.0,1025.199951171875,149929,0.0,0.0
2026-07-10 11:00:00+05:30,1025.199951171875,1028.4000244140625,1025.0,1028.0,212914,0.0,0.0
2026-07-10 11:15:00+05:30,1028.0,1028.0999755859375,1024.5999755859375,1025.0,273421,0.0,0.0
2026-07-10 11:30:00+05:30,1025.0,1026.5999755859375,1024.5,1025.0,171083,0.0,0.0
2026-07-10 11:45:00+05:30,1025.0999755859375,1026.5,1024.5,1025.199951171875,247447,0.0,0.0
2026-07-10 12:00:00+05:30,1025.199951171875,1026.199951171875,1024.4000244140625,1024.5999755859375,262047,0.0,0.0
2026-07-10 12:15:00+05:30,1024.800048828125,1025.9000244140625,1023.9000244140625,1025.199951171875,219098,0.0,0.0
2026-07-10 12:30:00+05:30,1025.5,1037.0,1023.5999755859375,1034.4000244140625,636109,0.0,0.0
2026-07-10 12:45:00+05:30,1034.5,1040.4000244140625,1034.0999755859375,1038.0999755859375,767613,0.0,0.0
2026-07-10 13:00:00+05:30,1038.5,1047.800048828125,1037.9000244140625,1040.9000244140625,883520,0.0,0.0
2026-07-10 13:15:00+05:30,1040.800048828125,1041.0999755859375,1034.0999755859375,1035.5999755859375,443424,0.0,0.0
2026-07-10 13:30:00+05:30,1035.5999755859375,1038.800048828125,1034.300048828125,1036.9000244140625,449527,0.0,0.0
2026-07-10 13:45:00+05:30,1036.9000244140625,1039.0,1036.0,1037.0999755859375,256563,0.0,0.0
2026-07-10 14:00:00+05:30,1037.0,1037.5999755859375,1034.0999755859375,1035.9000244140625,312788,0.0,0.0
2026-07-10 14:15:00+05:30,1035.9000244140625,1037.4000244140625,1033.5999755859375,1037.0,391557,0.0,0.0
2026-07-10 14:30:00+05:30,1037.0,1037.300048828125,1034.0,1034.199951171875,311212,0.0,0.0
2026-07-10 14:45:00+05:30,1034.4000244140625,1037.0999755859375,1033.9000244140625,1036.0,327229,0.0,0.0
2026-07-10 15:00:00+05:30,1036.199951171875,1037.0999755859375,1035.0999755859375,1035.5,593538,0.0,0.0
2026-07-10 15:15:00+05:30,1035.5999755859375,1037.4000244140625,1034.9000244140625,1036.0,665542,0.0,0.0
