Datetime,Open,High,Low,Close,Volume,Dividends,Stock Splits
2026-04-20 09:15:00+05:30,2581.5,2588.800048828125,2563.0,2569.199951171875,115977,0.0,0.0
2026-04-20 09:30:00+05:30,2570.0,2578.800048828125,2568.699951171875,2571.5,136381,0.0,0.0
2026-04-20 09:45:00+05:30,2572.699951171875,2575.60009765625,2566.5,2572.699951171875,151482,0.0,0.0
2026-04-20 10:00:00+05:30,2574.10009765625,2577.10009765625,2572.89990234375,2576.0,27302,0.0,0.0
2026-04-20 15:00:00+05:30,2581.5,2584.199951171875,2580.0,2581.10009765625,1519523,0.0,0.0
2026-04-20 15:15:00+05:30,2581.10009765625,2581.10009765625,2571.10009765625,2575.89990234375,202201,0.0,0.0
2026-04-21 09:15:00+05:30,2566.699951171875,2577.89990234375,2561.0,2571.800048828125,49537,0.0,0.0
2026-04-21 09:30:00+05:30,2572.0,2575.800048828125,2570.800048828125,2574.699951171875,60116,0.0,0.0
2026-04-21 09:45:00+05:30,2574.0,2582.699951171875,2574.0,2582.199951171875,103580,0.0,0.0
2026-04-21 10:00:00+05:30,2582.39990234375,2593.0,2581.39990234375,2589.5,101188,0.0,0.0
2026-04-21 10:15:00+05:30,2589.800048828125,2590.60009765625,2585.300048828125,2587.5,52528,0.0,0.0
2026-04-21 10:30:00+05:30,2587.699951171875,2590.0,2583.60009765625,2584.60009765625,53530,0.0,0.0
2026-04-21 10:45:00+05:30,2584.800048828125,2591.5,2581.10009765625,2587.300048828125,112297,0.0,0.0
2026-04-21 11:00:00+05:30,2587.39990234375,2589.60009765625,2585.0,2587.0,74922,0.0,0.0
2026-04-21 11:15:00+05:30,2587.0,2589.699951171875,2585.5,2588.39990234375,61587,0.0,0.0
2026-04-21 11:30:00+05:30,2588.39990234375,2598.0,2584.699951171875,2597.89990234375,209043,0.0,0.0
2026-04-21 11:45:00+05:30,2597.89990234375,2602.89990234375,2597.89990234375,2601.0,136485,0.0,0.0
2026-04-21 12:00:00+05:30,2601.800048828125,2606.89990234375,2579.60009765625,2605.800048828125,98913,0.0,0.0
2026-04-21 12:15:00+05:30,2605.800048828125,2606.0,2600.10009765625,2601.89990234375,71365,0.0,0.0
2026-04-21 12:30:00+05:30,2601.89990234375,2605.0,2599.300048828125,2601.10009765625,98479,0.0,0.0
2026-04-21 12:45:00+05:30,2601.60009765625,2601.60009765625,2595.199951171875,2599.10009765625,140114,0.0,0.0
2026-04-21 13:00:00+05:30,2599.10009765625,2600.800048828125,2598.0,2600.199951171875,75520,0.0,0.0
2026-04-21 13:15:00+05:30,2600.39990234375,2605.300048828125,2600.0,2604.39990234375,94505,0.0,0.0
2026-04-21 13:30:00+05:30,2603.800048828125,2605.0,2601.199951171875,2603.0,77948,0.0,0.0
2026-04-21 13:45:00+05:30,2602.699951171875,2606.0,2601.10009765625,2605.39990234375,62712,0.0,0.0
2026-04-21 14:00:00+05:30,2605.10009765625,2606.5,2601.0,2602.300048828125,91686,0.0,0.0
2026-04-21 14:15:00+05:30,2601.89990234375,2604.5,2600.199951171875,2604.0,77547,0.0,0.0
2026-04-21 14:30:00+05:30,2604.5,2606.0,2602.0,2603.699951171875,73470,0.0,0.0
2026-04-21 14:45:00+05:30,2603.800048828125,2609.300048828125,2603.0,2608.0,97940,0.0,0.0
2026-04-21 15:00:00+05:30,2608.0,2613.60009765625,2606.60009765625,2609.89990234375,291277,0.0,0.0
2026-04-21 15:15:00+05:30,2609.800048828125,2612.60009765625,2608.0,2609.89990234375,209251,0.0,0.0
2026-04-22 09:15:00+05:30,2574.89990234375,2579.0,2558.699951171875,2560.800048828125,233033,0.0,0.0
2026-04-22 09:30:00+05:30,2560.39990234375,2577.10009765625,2557.10009765625,2574.89990234375,289046,0.0,0.0
2026-04-22 09:45:00+05:30,2575.699951171875,2578.89990234375,2568.0,2570.10009765625,174494,0.0,0.0
2026-04-22 10:00:00+05:30,2569.300048828125,2570.39990234375,2564.0,2565.0,112861,0.0,0.0
2026-04-22 10:15:00+05:30,2564.89990234375,2565.89990234375,2560.89990234375,2562.800048828125,119778,0.0,0.0
2026-04-22 10:30:00+05:30,2562.800048828125,2564.60009765625,2560.0,2562.699951171875,132459,0.0,0.0
2026-04-22 10:45:00+05:30,2562.0,2565.0,2560.0,2562.10009765625,118867,0.0,0.0
2026-04-22 11:00:00+05:30,2562.10009765625,2562.10009765625,2553.800048828125,2554.60009765625,152338,0.0,0.0
2026-04-22 11:15:00+05:30,2554.60009765625,2556.39990234375,2551.0,2554.10009765625,147945,0.0,0.0
2026-04-22 11:30:00+05:30,2554.199951171875,2554.199951171875,2536.0,2536.699951171875,193849,0.0,0.0
2026-04-22 11:45:00+05:30,2536.699951171875,2538.800048828125,2532.10009765625,2534.89990234375,180801,0.0,0.0
2026-04-22 12:00:00+05:30,2534.800048828125,2535.699951171875,2516.300048828125,2517.89990234375,219495,0.0,0.0
2026-04-22 12:15:00+05:30,2517.89990234375,2518.300048828125,2504.0,2508.10009765625,381004,0.0,0.0
2026-04-22 12:30:00+05:30,2508.10009765625,2512.5,2505.39990234375,2509.699951171875,236187,0.0,0.0
2026-04-22 12:45:00+05:30,2508.89990234375,2517.800048828125,2508.60009765625,2513.60009765625,188542,0.0,0.0
2026-04-22 13:00:00+05:30,2514.800048828125,2524.300048828125,2513.0,2523.300048828125,145865,0.0,0.0
2026-04-22 13:15:00+05:30,2523.5,2530.199951171875,2520.800048828125,2529.800048828125,143226,0.0,0.0
2026-04-22 13:30:00+05:30,2529.699951171875,2531.5,2527.39990234375,2529.5,171516,0.0,0.0
2026-04-22 13:45:00+05:30,2530.0,2551.10009765625,2528.39990234375,2550.199951171875,223290,0.0,0.0
2026-04-22 14:00:00+05:30,2550.199951171875,2558.300048828125,2543.0,2543.89990234375,456305,0.0,0.0
2026-04-22 14:15:00+05:30,2544.0,2548.0,2540.10009765625,2542.5,134972,0.0,0.0
2026-04-22 14:30:00+05:30,2542.5,2548.0,2541.699951171875,2544.60009765625,134703,0.0,0.0
2026-04-22 14:45:00+05:30,2544.60009765625,2545.0,2542.800048828125,2544.39990234375,108835,0.0,0.0
2026-04-22 15:00:00+05:30,2544.199951171875,2544.39990234375,2538.300048828125,2538.300048828125,233317,0.0,0.0
2026-04-22 15:15:00+05:30,2538.300048828125,2539.800048828125,2530.10009765625,2535.300048828125,253319,0.0,0.0
2026-04-23 09:15:00+05:30,2535.0,2550.300048828125,2520.10009765625,2536.300048828125,115198,0.0,0.0
2026-04-23 09:30:00+05:30,2536.699951171875,2538.89990234375,2531.10009765625,2536.0,131172,0.0,0.0
2026-04-23 09:45:00+05:30,2535.89990234375,2543.300048828125,2532.800048828125,2541.800048828125,88259,0.0,0.0
2026-04-23 10:00:00+05:30,2542.199951171875,2550.89990234375,2539.10009765625,2546.5,105339,0.0,0.0
2026-04-23 10:15:00+05:30,2547.0,2554.300048828125,2545.199951171875,2551.199951171875,102506,0.0,0.0
2026-04-23 10:30:00+05:30,2551.300048828125,2558.0,2549.10009765625,2554.89990234375,105867,0.0,0.0
2026-04-23 10:45:00+05:30,2554.89990234375,2559.0,2551.60009765625,2557.89990234375,86382,0.0,0.0
2026-04-23 11:00:00+05:30,2557.89990234375,2559.5,2550.800048828125,2552.5,71273,0.0,0.0
2026-04-23 11:15:00+05:30,2552.5,2557.199951171875,2552.0,2554.300048828125,86558,0.0,0.0
2026-04-23 11:30:00+05:30,2554.300048828125,2556.800048828125,2552.800048828125,2554.39990234375,37851,0.0,0.0
2026-04-23 11:45:00+05:30,2554.800048828125,2554.800048828125,2551.39990234375,2551.39990234375,39577,0.0,0.0
2026-04-23 12:00:00+05:30,2551.199951171875,2554.10009765625,2550.39990234375,2550.39990234375,58760,0.0,0.0
2026-04-23 12:15:00+05:30,2549.5,2551.10009765625,2542.60009765625,2545.199951171875,55817,0.0,0.0
2026-04-23 12:30:00+05:30,2545.199951171875,2545.60009765625,2539.300048828125,2542.300048828125,135824,0.0,0.0
2026-04-23 12:45:00+05:30,2541.60009765625,2543.39990234375,2534.10009765625,2536.5,84692,0.0,0.0
2026-04-23 13:00:00+05:30,2536.699951171875,2537.5,2534.10009765625,2535.39990234375,48034,0.0,0.0
2026-04-23 13:15:00+05:30,2534.699951171875,2544.0,2533.300048828125,2540.199951171875,145019,0.0,0.0
2026-04-23 13:30:00+05:30,2540.199951171875,2540.199951171875,2532.0,2532.5,55053,0.0,0.0
2026-04-23 13:45:00+05:30,2532.60009765625,2533.699951171875,2530.0,2531.300048828125,109515,0.0,0.0
2026-04-23 14:00:00+05:30,2530.89990234375,2531.0,2526.0,2527.5,63210,0.0,0.0
2026-04-23 14:15:00+05:30,2527.300048828125,2528.39990234375,2523.89990234375,2525.0,83369,0.0,0.0
2026-04-23 14:30:00+05:30,2525.0,2526.89990234375,2519.5,2520.0,93672,0.0,0.0
2026-04-23 14:45:00+05:30,2520.0,2524.89990234375,2518.0,2524.5,111493,0.0,0.0
2026-04-23 15:00:00+05:30,2524.800048828125,2526.800048828125,2521.800048828125,2522.60009765625,144457,0.0,0.0
2026-04-23 15:15:00+05:30,2521.0,2522.89990234375,2517.0,2517.0,185348,0.0,0.0
2026-04-24 09:15:00+05:30,2487.699951171875,2504.39990234375,2472.5,2474.699951171875,246827,0.0,0.0
2026-04-24 09:30:00+05:30,2474.60009765625,2476.5,2468.89990234375,2471.699951171875,199849,0.0,0.0
2026-04-24 09:45:00+05:30,2471.699951171875,2472.300048828125,2456.699951171875,2464.0,261210,0.0,0.0
2026-04-24 10:00:00+05:30,2464.800048828125,2468.300048828125,2455.0,2460.199951171875,163635,0.0,0.0
2026-04-24 10:15:00+05:30,2459.5,2462.800048828125,2452.699951171875,2460.0,159141,0.0,0.0
2026-04-24 10:30:00+05:30,2459.89990234375,2463.0,2446.800048828125,2447.0,150977,0.0,0.0
2026-04-24 10:45:00+05:30,2447.0,2448.10009765625,2437.300048828125,2439.0,322050,0.0,0.0
2026-04-24 11:00:00+05:30,2439.10009765625,2445.5,2435.199951171875,2439.89990234375,110809,0.0,0.0
2026-04-24 11:15:00+05:30,2439.300048828125,2440.0,2430.0,2431.0,210197,0.0,0.0
2026-04-24 11:30:00+05:30,2430.39990234375,2430.60009765625,2423.0,2423.89990234375,116383,0.0,0.0
2026-04-24 11:45:00+05:30,2424.0,2426.0,2406.800048828125,2409.60009765625,365105,0.0,0.0
2026-04-24 12:00:00+05:30,2409.60009765625,2414.699951171875,2408.5,2413.199951171875,123224,0.0,0.0
2026-04-24 12:15:00+05:30,2414.5,2415.0,2409.10009765625,2411.0,107828,0.0,0.0
2026-04-24 12:30:00+05:30,2410.800048828125,2414.300048828125,2404.39990234375,2404.699951171875,161094,0.0,0.0
2026-04-24 12:45:00+05:30,2404.10009765625,2405.5,2401.199951171875,2402.199951171875,143972,0.0,0.0
2026-04-24 13:00:00+05:30,2402.10009765625,2402.39990234375,2391.300048828125,2395.800048828125,229196,0.0,0.0
2026-04-24 13:15:00+05:30,2395.89990234375,2401.0,2394.199951171875,2398.0,97619,0.0,0.0
2026-04-24 13:30:00+05:30,2397.699951171875,2397.800048828125,2391.10009765625,2391.39990234375,122749,0.0,0.0
2026-04-24 13:45:00+05:30,2391.89990234375,2399.800048828125,2391.60009765625,2396.0,145227,0.0,0.0
2026-04-24 14:00:00+05:30,2395.800048828125,2398.699951171875,2389.0,2393.699951171875,191745,0.0,0.0
2026-04-24 14:15:00+05:30,2393.0,2403.0,2391.5,2398.10009765625,208740,0.0,0.0
2026-04-24 14:30:00+05:30,2398.10009765625,2400.89990234375,2393.199951171875,2400.300048828125,191639,0.0,0.0
2026-04-24 14:45:00+05:30,2400.0,2404.0,2398.0,2398.800048828125,206799,0.0,0.0
2026-04-24 15:00:00+05:30,2398.60009765625,2400.5,2392.199951171875,2395.5,272200,0.0,0.0
2026-04-24 15:15:00+05:30,2396.0,2403.0,2394.800048828125,2401.0,374185,0.0,0.0
2026-04-27 09:15:00+05:30,2398.0,2427.699951171875,2398.0,2423.199951171875,298507,0.0,0.0
2026-04-27 09:30:00+05:30,2423.10009765625,2429.89990234375,2415.5,2428.800048828125,272886,0.0,0.0
2026-04-27 09:45:00+05:30,2428.800048828125,2438.800048828125,2428.60009765625,2430.199951171875,253509,0.0,0.0
2026-04-27 10:00:00+05:30,2430.0,2430.199951171875,2424.199951171875,2427.5,151901,0.0,0.0
2026-04-27 10:15:00+05:30,2427.5,2438.300048828125,2427.10009765625,2436.60009765625,135474,0.0,0.0
2026-04-27 10:30:00+05:30,2436.60009765625,2439.89990234375,2431.39990234375,2434.800048828125,163088,0.0,0.0
2026-04-27 10:45:00+05:30,2434.800048828125,2438.89990234375,2434.300048828125,2436.300048828125,116699,0.0,0.0
2026-04-27 11:00:00+05:30,2435.60009765625,2445.800048828125,2435.0,2440.0,193316,0.0,0.0
2026-04-27 11:15:00+05:30,2440.0,2442.800048828125,2434.199951171875,2435.199951171875,166623,0.0,0.0
2026-04-27 11:30:00+05:30,2435.39990234375,2439.0,2430.800048828125,2438.39990234375,303226,0.0,0.0
2026-04-27 11:45:00+05:30,2438.39990234375,2443.800048828125,2434.0,2443.10009765625,153731,0.0,0.0
2026-04-27 12:00:00+05:30,2443.10009765625,2450.89990234375,2442.800048828125,2449.39990234375,208138,0.0,0.0
2026-04-27 12:15:00+05:30,2449.89990234375,2452.0,2446.5,2450.39990234375,165668,0.0,0.0
2026-04-27 12:30:00+05:30,2450.5,2451.39990234375,2444.699951171875,2448.699951171875,157451,0.0,0.0
2026-04-27 12:45:00+05:30,2448.699951171875,2451.39990234375,2448.10009765625,2448.89990234375,137578,0.0,0.0
2026-04-27 13:00:00+05:30,2448.89990234375,2450.89990234375,2446.199951171875,2448.60009765625,164838,0.0,0.0
2026-04-27 13:15:00+05:30,2448.800048828125,2450.0,2442.60009765625,2445.199951171875,183953,0.0,0.0
2026-04-27 13:30:00+05:30,2445.39990234375,2449.199951171875,2444.300048828125,2444.699951171875,170374,0.0,0.0
2026-04-27 13:45:00+05:30,2444.800048828125,2447.60009765625,2442.39990234375,2446.39990234375,147599,0.0,0.0
2026-04-27 14:00:00+05:30,2446.39990234375,2448.89990234375,2444.800048828125,2447.699951171875,167934,0.0,0.0
2026-04-27 14:15:00+05:30,2447.60009765625,2448.0,2440.89990234375,2443.699951171875,141938,0.0,0.0
2026-04-27 14:30:00+05:30,2443.699951171875,2459.0,2442.60009765625,2454.60009765625,469386,0.0,0.0
2026-04-27 14:45:00+05:30,2454.5,2457.0,2448.5,2450.10009765625,256556,0.0,0.0
2026-04-27 15:00:00+05:30,2449.39990234375,2449.699951171875,2443.800048828125,2447.800048828125,418602,0.0,0.0
2026-04-27 15:15:00+05:30,2447.800048828125,2454.699951171875,2444.800048828125,2447.60009765625,507415,0.0,0.0
2026-04-28 09:15:00+05:30,2444.0,2467.5,2438.5,2459.60009765625,117230,0.0,0.0
2026-04-28 09:30:00+05:30,2459.60009765625,2459.60009765625,2455.39990234375,2458.89990234375,115528,0.0,0.0
2026-04-28 09:45:00+05:30,2459.0,2476.699951171875,2455.5,2476.199951171875,224512,0.0,0.0
2026-04-28 10:00:00+05:30,2476.5,2485.800048828125,2474.89990234375,2478.5,223326,0.0,0.0
2026-04-28 10:15:00+05:30,2479.10009765625,2481.39990234375,2477.0,2481.199951171875,96257,0.0,0.0
2026-04-28 10:30:00+05:30,2481.199951171875,2481.5,2469.699951171875,2473.10009765625,117568,0.0,0.0
2026-04-28 10:45:00+05:30,2473.10009765625,2476.5,2471.0,2471.800048828125,88467,0.0,0.0
2026-04-28 11:00:00+05:30,2472.0,2472.0,2464.800048828125,2467.89990234375,173609,0.0,0.0
2026-04-28 11:15:00+05:30,2467.89990234375,2470.5,2462.39990234375,2464.300048828125,127216,0.0,0.0
2026-04-28 11:30:00+05:30,2464.5,2470.0,2461.199951171875,2468.10009765625,100963,0.0,0.0
2026-04-28 11:45:00+05:30,2468.39990234375,2469.60009765625,2458.60009765625,2460.0,360045,0.0,0.0
2026-04-28 12:00:00+05:30,2460.0,2460.89990234375,2448.800048828125,2452.89990234375,198626,0.0,0.0
2026-04-28 12:15:00+05:30,2452.89990234375,2456.699951171875,2449.39990234375,2451.0,133855,0.0,0.0
2026-04-28 12:30:00+05:30,2451.10009765625,2451.300048828125,2444.60009765625,2445.0,123377,0.0,0.0
2026-04-28 12:45:00+05:30,2445.0,2445.10009765625,2437.10009765625,2437.89990234375,166980,0.0,0.0
2026-04-28 13:00:00+05:30,2438.300048828125,2443.800048828125,2434.0,2439.800048828125,172415,0.0,0.0
2026-04-28 13:15:00+05:30,2439.89990234375,2441.699951171875,2436.5,2436.800048828125,92055,0.0,0.0
2026-04-28 13:30:00+05:30,2436.199951171875,2437.10009765625,2427.60009765625,2434.60009765625,147576,0.0,0.0
2026-04-28 13:45:00+05:30,2434.699951171875,2436.89990234375,2430.699951171875,2434.300048828125,157435,0.0,0.0
2026-04-28 14:00:00+05:30,2435.10009765625,2435.89990234375,2431.39990234375,2434.699951171875,144808,0.0,0.0
2026-04-28 14:15:00+05:30,2434.199951171875,2436.0,2431.60009765625,2434.39990234375,109508,0.0,0.0
2026-04-28 14:30:00+05:30,2434.5,2440.5,2434.39990234375,2440.5,172542,0.0,0.0
2026-04-28 14:45:00+05:30,2440.300048828125,2450.39990234375,2439.10009765625,2448.60009765625,219795,0.0,0.0
2026-04-28 15:00:00+05:30,2449.5,2449.89990234375,2441.39990234375,2442.300048828125,358461,0.0,0.0
2026-04-28 15:15:00+05:30,2442.300048828125,2450.699951171875,2442.300048828125,2444.699951171875,382695,0.0,0.0
2026-04-29 09:15:00+05:30,2453.199951171875,2459.300048828125,2447.699951171875,2453.699951171875,104183,0.0,0.0
2026-04-29 09:30:00+05:30,2453.5,2464.0,2448.89990234375,2461.800048828125,128575,0.0,0.0
2026-04-29 09:45:00+05:30,2461.800048828125,2480.699951171875,2461.0,2463.39990234375,192709,0.0,0.0
2026-04-29 10:00:00+05:30,2463.39990234375,2474.5,2463.10009765625,2474.0,74298,0.0,0.0
2026-04-29 10:15:00+05:30,2474.0,2474.199951171875,2470.10009765625,2472.89990234375,67194,0.0,0.0
2026-04-29 10:30:00+05:30,2472.89990234375,2476.10009765625,2468.39990234375,2471.89990234375,76320,0.0,0.0
2026-04-29 10:45:00+05:30,2471.60009765625,2479.89990234375,2469.5,2479.89990234375,115230,0.0,0.0
2026-04-29 11:00:00+05:30,2479.800048828125,2485.39990234375,2477.5,2480.0,120654,0.0,0.0
2026-04-29 11:15:00+05:30,2480.300048828125,2483.39990234375,2470.0,2473.300048828125,159245,0.0,0.0
2026-04-29 11:30:00+05:30,2473.300048828125,2477.89990234375,2472.89990234375,2475.800048828125,70544,0.0,0.0
2026-04-29 11:45:00+05:30,2475.60009765625,2477.60009765625,2474.10009765625,2477.39990234375,44604,0.0,0.0
2026-04-29 12:00:00+05:30,2477.60009765625,2483.5,2475.39990234375,2481.199951171875,73854,0.0,0.0
2026-04-29 12:15:00+05:30,2481.10009765625,2483.0,2480.199951171875,2481.89990234375,52264,0.0,0.0
2026-04-29 12:30:00+05:30,2482.10009765625,2485.39990234375,2480.300048828125,2485.0,106621,0.0,0.0
2026-04-29 12:45:00+05:30,2485.10009765625,2486.60009765625,2485.0,2485.5,46199,0.0,0.0
2026-04-29 13:00:00+05:30,2485.39990234375,2486.5,2483.199951171875,2485.300048828125,87379,0.0,0.0
2026-04-29 13:15:00+05:30,2485.199951171875,2487.5,2483.699951171875,2483.89990234375,94564,0.0,0.0
2026-04-29 13:30:00+05:30,2481.800048828125,2482.39990234375,2471.5,2473.39990234375,218434,0.0,0.0
2026-04-29 13:45:00+05:30,2473.5,2477.10009765625,2472.60009765625,2476.10009765625,63247,0.0,0.0
2026-04-29 14:00:00+05:30,2476.0,2476.60009765625,2467.39990234375,2469.60009765625,104537,0.0,0.0
2026-04-29 14:15:00+05:30,2470.10009765625,2471.800048828125,2467.300048828125,2470.0,72873,0.0,0.0
2026-04-29 14:30:00+05:30,2470.199951171875,2478.60009765625,2468.5,2478.300048828125,86908,0.0,0.0
2026-04-29 14:45:00+05:30,2478.5,2479.0,2472.300048828125,2473.89990234375,82859,0.0,0.0
2026-04-29 15:00:00+05:30,2474.199951171875,2479.10009765625,2473.0,2473.5,250872,0.0,0.0
2026-04-29 15:15:00+05:30,2473.60009765625,2475.10009765625,2465.0,2474.699951171875,249868,0.0,0.0
2026-04-30 09:15:00+05:30,2469.10009765625,2478.0,2451.300048828125,2455.39990234375,162154,0.0,0.0
2026-04-30 09:30:00+05:30,2456.60009765625,2476.0,2456.60009765625,2470.0,139600,0.0,0.0
2026-04-30 09:45:00+05:30,2469.89990234375,2477.300048828125,2467.10009765625,2474.5,102036,0.0,0.0
2026-04-30 10:00:00+05:30,2474.699951171875,2474.699951171875,2468.39990234375,2471.0,84047,0.0,0.0
2026-04-30 10:15:00+05:30,2470.89990234375,2472.800048828125,2464.0,2469.699951171875,146718,0.0,0.0
2026-04-30 10:30:00+05:30,2469.800048828125,2470.0,2462.0,2462.300048828125,68110,0.0,0.0
2026-04-30 10:45:00+05:30,2462.199951171875,2462.199951171875,2453.300048828125,2454.10009765625,78750,0.0,0.0
2026-04-30 11:00:00+05:30,2454.10009765625,2459.60009765625,2453.10009765625,2453.10009765625,85976,0.0,0.0
2026-04-30 11:15:00+05:30,2453.10009765625,2456.0,2445.0,2445.300048828125,101515,0.0,0.0
2026-04-30 11:30:00+05:30,2445.300048828125,2445.300048828125,2438.10009765625,2441.199951171875,119367,0.0,0.0
2026-04-30 11:45:00+05:30,2441.0,2453.89990234375,2439.699951171875,2452.800048828125,66534,0.0,0.0
2026-04-30 12:00:00+05:30,2452.800048828125,2457.800048828125,2452.5,2457.10009765625,164550,0.0,0.0
2026-04-30 12:15:00+05:30,2457.10009765625,2460.89990234375,2453.60009765625,2460.5,90061,0.0,0.0
2026-04-30 12:30:00+05:30,2460.0,2473.800048828125,2460.0,2473.0,142356,0.0,0.0
2026-04-30 12:45:00+05:30,2473.0,2474.10009765625,2468.5,2470.10009765625,89958,0.0,0.0
2026-04-30 13:00:00+05:30,2470.0,2472.199951171875,2462.39990234375,2468.699951171875,70683,0.0,0.0
2026-04-30 13:15:00+05:30,2468.39990234375,2473.0,2467.300048828125,2470.300048828125,123911,0.0,0.0
2026-04-30 13:30:00+05:30,2469.60009765625,2481.10009765625,2468.89990234375,2480.89990234375,103925,0.0,0.0
2026-04-30 13:45:00+05:30,2480.800048828125,2484.0,2478.5,2482.800048828125,113513,0.0,0.0
2026-04-30 14:00:00+05:30,2482.699951171875,2488.0,2480.10009765625,2480.300048828125,139237,0.0,0.0
2026-04-30 14:15:00+05:30,2480.300048828125,2481.89990234375,2472.699951171875,2474.800048828125,157897,0.0,0.0
2026-04-30 14:30:00+05:30,2474.89990234375,2490.89990234375,2473.89990234375,2490.0,296745,0.0,0.0
2026-04-30 14:45:00+05:30,2490.300048828125,2490.89990234375,2475.300048828125,2476.5,420650,0.0,0.0
2026-04-30 15:00:00+05:30,2476.10009765625,2478.699951171875,2468.39990234375,2473.0,373073,0.0,0.0
2026-04-30 15:15:00+05:30,2473.0,2477.5,2472.5,2473.89990234375,334788,0.0,0.0
2026-05-04 09:15:00+05:30,2492.300048828125,2498.300048828125,2448.0,2456.699951171875,194230,0.0,0.0
2026-05-04 09:30:00+05:30,2456.39990234375,2476.0,2453.0,2463.10009765625,214101,0.0,0.0
2026-05-04 09:45:00+05:30,2463.89990234375,2467.10009765625,2459.10009765625,2463.10009765625,53452,0.0,0.0
2026-05-04 10:00:00+05:30,2463.300048828125,2464.699951171875,2448.10009765625,2449.0,102240,0.0,0.0
2026-05-04 10:15:00+05:30,2449.5,2452.800048828125,2444.10009765625,2449.60009765625,104138,0.0,0.0
2026-05-04 10:30:00+05:30,2449.199951171875,2450.0,2445.0,2445.89990234375,58127,0.0,0.0
2026-05-04 10:45:00+05:30,2445.89990234375,2448.199951171875,2443.89990234375,2444.0,60086,0.0,0.0
2026-05-04 11:00:00+05:30,2444.0,2446.39990234375,2442.300048828125,2445.60009765625,48304,0.0,0.0
2026-05-04 11:15:00+05:30,2445.60009765625,2447.0,2441.0,2441.5,62123,0.0,0.0
2026-05-04 11:30:00+05:30,2441.0,2442.0,2435.10009765625,2436.89990234375,116451,0.0,0.0
2026-05-04 11:45:00+05:30,2436.89990234375,2441.89990234375,2435.0,2438.10009765625,58607,0.0,0.0
2026-05-04 12:00:00+05:30,2438.300048828125,2440.0,2436.0,2436.199951171875,54274,0.0,0.0
2026-05-04 12:15:00+05:30,2436.0,2436.699951171875,2431.300048828125,2434.10009765625,74251,0.0,0.0
2026-05-04 12:30:00+05:30,2433.800048828125,2434.0,2427.10009765625,2427.60009765625,94055,0.0,0.0
2026-05-04 12:45:00+05:30,2428.0,2432.5,2426.60009765625,2430.0,86378,0.0,0.0
2026-05-04 13:00:00+05:30,2430.800048828125,2432.5,2429.10009765625,2430.300048828125,58360,0.0,0.0
2026-05-04 13:15:00+05:30,2430.60009765625,2433.5,2426.0,2426.89990234375,73259,0.0,0.0
2026-05-04 13:30:00+05:30,2426.89990234375,2430.0,2425.0,2428.60009765625,90076,0.0,0.0
2026-05-04 13:45:00+05:30,2428.60009765625,2430.300048828125,2426.0,2429.0,70824,0.0,0.0
2026-05-04 14:00:00+05:30,2429.0,2434.0,2426.5,2430.5,92893,0.0,0.0
2026-05-04 14:15:00+05:30,2431.300048828125,2439.0,2431.10009765625,2436.800048828125,115858,0.0,0.0
2026-05-04 14:30:00+05:30,2436.60009765625,2438.10009765625,2435.10009765625,2436.39990234375,61759,0.0,0.0
2026-05-04 14:45:00+05:30,2435.89990234375,2436.0,2430.699951171875,2433.5,75186,0.0,0.0
2026-05-04 15:00:00+05:30,2432.0,2434.699951171875,2431.0,2432.60009765625,133191,0.0,0.0
2026-05-04 15:15:00+05:30,2432.39990234375,2433.5,2427.0,2431.0,243140,0.0,0.0
2026-05-05 09:15:00+05:30,2429.5,2460.39990234375,2413.0,2436.5,168704,0.0,0.0
2026-05-05 09:30:00+05:30,2437.10009765625,2441.199951171875,2431.5,2437.10009765625,122236,0.0,0.0
2026-05-05 09:45:00+05:30,2437.10009765625,2455.0,2434.699951171875,2448.60009765625,183533,0.0,0.0
2026-05-05 10:00:00+05:30,2448.60009765625,2450.39990234375,2444.0,2445.89990234375,71970,0.0,0.0
2026-05-05 10:15:00+05:30,2445.800048828125,2450.300048828125,2441.0,2446.800048828125,113649,0.0,0.0
2026-05-05 10:30:00+05:30,2446.5,2448.0,2441.39990234375,2445.39990234375,58424,0.0,0.0
2026-05-05 10:45:00+05:30,2445.5,2445.800048828125,2437.699951171875,2440.300048828125,113294,0.0,0.0
2026-05-05 11:00:00+05:30,2441.5,2444.60009765625,2438.10009765625,2441.0,84117,0.0,0.0
2026-05-05 11:15:00+05:30,2440.300048828125,2443.5,2435.699951171875,2436.699951171875,96700,0.0,0.0
2026-05-05 11:30:00+05:30,2436.89990234375,2439.800048828125,2433.0,2434.39990234375,44357,0.0,0.0
2026-05-05 11:45:00+05:30,2434.199951171875,2436.0,2431.199951171875,2434.699951171875,61331,0.0,0.0
2026-05-05 12:00:00+05:30,2435.0,2438.699951171875,2433.300048828125,2438.300048828125,45969,0.0,0.0
2026-05-05 12:15:00+05:30,2438.300048828125,2442.0,2437.60009765625,2437.60009765625,52811,0.0,0.0
2026-05-05 12:30:00+05:30,2438.0,2443.39990234375,2436.89990234375,2438.60009765625,110480,0.0,0.0
2026-05-05 12:45:00+05:30,2438.0,2438.0,2425.0,2426.5,100447,0.0,0.0
2026-05-05 13:00:00+05:30,2426.5,2429.5,2424.10009765625,2425.0,118751,0.0,0.0
2026-05-05 13:15:00+05:30,2425.199951171875,2425.199951171875,2418.60009765625,2419.0,151906,0.0,0.0
2026-05-05 13:30:00+05:30,2419.699951171875,2428.699951171875,2417.0,2426.199951171875,205590,0.0,0.0
2026-05-05 13:45:00+05:30,2426.199951171875,2428.60009765625,2421.800048828125,2421.800048828125,115268,0.0,0.0
2026-05-05 14:00:00+05:30,2421.0,2424.0,2419.60009765625,2422.199951171875,63991,0.0,0.0
2026-05-05 14:15:00+05:30,2422.10009765625,2427.5,2420.800048828125,2427.300048828125,90235,0.0,0.0
2026-05-05 14:30:00+05:30,2426.89990234375,2427.300048828125,2420.60009765625,2426.5,189977,0.0,0.0
2026-05-05 14:45:00+05:30,2426.800048828125,2426.800048828125,2420.89990234375,2420.89990234375,129824,0.0,0.0
2026-05-05 15:00:00+05:30,2420.5,2431.0,2420.10009765625,2430.0,416821,0.0,0.0
2026-05-05 15:15:00+05:30,2430.800048828125,2434.89990234375,2423.699951171875,2430.0,320861,0.0,0.0
2026-05-06 09:15:00+05:30,2448.89990234375,2468.89990234375,2440.0,2464.5,208035,0.0,0.0
2026-05-06 09:30:00+05:30,2464.800048828125,2471.0,2444.199951171875,2445.300048828125,185039,0.0,0.0
2026-05-06 09:45:00+05:30,2445.199951171875,2452.60009765625,2443.39990234375,2449.5,116190,0.0,0.0
2026-05-06 10:00:00+05:30,2449.5,2453.5,2447.10009765625,2453.10009765625,93735,0.0,0.0
2026-05-06 10:15:00+05:30,2453.5,2453.5,2440.199951171875,2441.199951171875,70802,0.0,0.0
2026-05-06 10:30:00+05:30,2441.199951171875,2441.199951171875,2433.60009765625,2437.0,116589,0.0,0.0
2026-05-06 10:45:00+05:30,2437.0,2437.10009765625,2431.10009765625,2432.0,118794,0.0,0.0
2026-05-06 11:00:00+05:30,2431.699951171875,2433.0,2425.5,2428.199951171875,196188,0.0,0.0
2026-05-06 11:15:00+05:30,2428.300048828125,2431.39990234375,2426.0,2426.800048828125,58024,0.0,0.0
2026-05-06 11:30:00+05:30,2426.5,2427.699951171875,2420.0,2426.39990234375,130313,0.0,0.0
2026-05-06 11:45:00+05:30,2426.10009765625,2427.60009765625,2424.0,2425.89990234375,36797,0.0,0.0
2026-05-06 12:00:00+05:30,2426.0,2426.89990234375,2420.300048828125,2420.60009765625,51987,0.0,0.0
2026-05-06 12:15:00+05:30,2420.5,2422.60009765625,2417.0,2421.0,73532,0.0,0.0
2026-05-06 12:30:00+05:30,2421.0,2421.800048828125,2418.300048828125,2419.0,48691,0.0,0.0
2026-05-06 12:45:00+05:30,2419.0,2419.5,2412.699951171875,2414.699951171875,87525,0.0,0.0
2026-05-06 13:00:00+05:30,2414.800048828125,2418.699951171875,2413.0,2416.5,61318,0.0,0.0
2026-05-06 13:15:00+05:30,2416.5,2421.199951171875,2415.89990234375,2420.0,68093,0.0,0.0
2026-05-06 13:30:00+05:30,2420.199951171875,2423.60009765625,2419.0,2422.300048828125,56071,0.0,0.0
2026-05-06 13:45:00+05:30,2422.60009765625,2424.39990234375,2410.300048828125,2412.39990234375,265447,0.0,0.0
2026-05-06 14:00:00+05:30,2412.39990234375,2414.300048828125,2406.800048828125,2412.60009765625,105530,0.0,0.0
2026-05-06 14:15:00+05:30,2413.39990234375,2437.10009765625,2412.89990234375,2434.89990234375,190492,0.0,0.0
2026-05-06 14:30:00+05:30,2434.300048828125,2436.39990234375,2425.60009765625,2430.800048828125,89042,0.0,0.0
2026-05-06 14:45:00+05:30,2430.39990234375,2433.300048828125,2428.10009765625,2433.10009765625,127077,0.0,0.0
2026-05-06 15:00:00+05:30,2433.800048828125,2440.800048828125,2431.0,2431.0,228069,0.0,0.0
2026-05-06 15:15:00+05:30,2431.0,2438.89990234375,2430.60009765625,2436.0,198249,0.0,0.0
2026-05-07 09:15:00+05:30,2437.5,2438.199951171875,2406.699951171875,2408.0,192592,0.0,0.0
2026-05-07 09:30:00+05:30,2407.10009765625,2417.699951171875,2403.699951171875,2415.10009765625,279577,0.0,0.0
2026-05-07 09:45:00+05:30,2415.10009765625,2417.199951171875,2410.10009765625,2414.60009765625,362057,0.0,0.0
2026-05-07 10:00:00+05:30,2414.60009765625,2417.0,2411.0,2411.60009765625,88033,0.0,0.0
2026-05-07 10:15:00+05:30,2411.60009765625,2415.60009765625,2411.0,2411.199951171875,75121,0.0,0.0
2026-05-07 10:30:00+05:30,2411.300048828125,2415.60009765625,2411.10009765625,2412.0,393121,0.0,0.0
2026-05-07 10:45:00+05:30,2412.0,2413.39990234375,2408.0,2412.5,113807,0.0,0.0
2026-05-07 11:00:00+05:30,2412.10009765625,2412.39990234375,2405.5,2408.300048828125,87513,0.0,0.0
2026-05-07 11:15:00+05:30,2407.89990234375,2408.89990234375,2401.5,2404.300048828125,383232,0.0,0.0
2026-05-07 11:30:00+05:30,2404.800048828125,2407.89990234375,2402.0,2402.10009765625,90767,0.0,0.0
2026-05-07 11:45:00+05:30,2401.60009765625,2407.0,2400.89990234375,2406.199951171875,114911,0.0,0.0
2026-05-07 12:00:00+05:30,2406.39990234375,2435.39990234375,2404.0,2404.5,264473,0.0,0.0
2026-05-07 12:15:00+05:30,2404.199951171875,2409.800048828125,2404.10009765625,2409.300048828125,111085,0.0,0.0
2026-05-07 12:30:00+05:30,2408.800048828125,2416.89990234375,2404.10009765625,2415.0,433805,0.0,0.0
2026-05-07 12:45:00+05:30,2415.0,2416.199951171875,2408.5,2411.89990234375,238481,0.0,0.0
2026-05-07 13:00:00+05:30,2411.0,2415.0,2410.199951171875,2412.699951171875,68406,0.0,0.0
2026-05-07 13:15:00+05:30,2412.300048828125,2413.199951171875,2406.199951171875,2409.60009765625,97209,0.0,0.0
2026-05-07 13:30:00+05:30,2409.60009765625,2410.0,2405.800048828125,2408.89990234375,93144,0.0,0.0
2026-05-07 13:45:00+05:30,2408.699951171875,2411.0,2407.10009765625,2409.10009765625,77911,0.0,0.0
2026-05-07 14:00:00+05:30,2409.10009765625,2409.199951171875,2404.300048828125,2404.300048828125,117734,0.0,0.0
2026-05-07 14:15:00+05:30,2404.39990234375,2406.39990234375,2403.0,2405.300048828125,114227,0.0,0.0
2026-05-07 14:30:00+05:30,2405.300048828125,2406.60009765625,2403.39990234375,2405.5,231833,0.0,0.0
2026-05-07 14:45:00+05:30,2405.5,2406.0,2401.39990234375,2402.199951171875,485598,0.0,0.0
2026-05-07 15:00:00+05:30,2402.800048828125,2406.0,2398.0,2400.300048828125,660419,0.0,0.0
2026-05-07 15:15:00+05:30,2400.300048828125,2405.0,2400.0,2403.0,478665,0.0,0.0
2026-05-08 09:15:00+05:30,2398.0,2406.89990234375,2388.699951171875,2404.39990234375,151126,0.0,0.0
2026-05-08 09:30:00+05:30,2404.0,2404.39990234375,2392.199951171875,2393.10009765625,155167,0.0,0.0
2026-05-08 09:45:00+05:30,2392.199951171875,2397.300048828125,2386.60009765625,2390.300048828125,258583,0.0,0.0
2026-05-08 10:00:00+05:30,2390.0,2392.699951171875,2383.199951171875,2384.89990234375,155035,0.0,0.0
2026-05-08 10:15:00+05:30,2384.89990234375,2387.199951171875,2380.0,2384.800048828125,378770,0.0,0.0
2026-05-08 10:30:00+05:30,2385.0,2388.89990234375,2382.699951171875,2384.89990234375,195290,0.0,0.0
2026-05-08 10:45:00+05:30,2384.300048828125,2384.300048828125,2378.199951171875,2380.0,141221,0.0,0.0
2026-05-08 11:00:00+05:30,2380.10009765625,2382.10009765625,2379.10009765625,2380.0,65842,0.0,0.0
2026-05-08 11:15:00+05:30,2380.699951171875,2380.699951171875,2375.699951171875,2376.699951171875,116997,0.0,0.0
2026-05-08 11:30:00+05:30,2376.699951171875,2380.60009765625,2375.89990234375,2378.300048828125,56979,0.0,0.0
2026-05-08 11:45:00+05:30,2378.199951171875,2379.10009765625,2377.10009765625,2378.199951171875,45455,0.0,0.0
2026-05-08 12:00:00+05:30,2378.199951171875,2378.199951171875,2376.0,2377.0,52737,0.0,0.0
2026-05-08 12:15:00+05:30,2377.0,2380.0,2376.0,2379.5,68778,0.0,0.0
2026-05-08 12:30:00+05:30,2379.5,2380.300048828125,2377.0,2378.0,51042,0.0,0.0
2026-05-08 12:45:00+05:30,2378.0,2380.0,2377.10009765625,2380.0,44490,0.0,0.0
2026-05-08 13:00:00+05:30,2380.0,2387.0,2379.39990234375,2385.300048828125,179551,0.0,0.0
2026-05-08 13:15:00+05:30,2385.60009765625,2389.39990234375,2384.10009765625,2387.89990234375,215932,0.0,0.0
2026-05-08 13:30:00+05:30,2387.89990234375,2388.199951171875,2382.0,2383.0,86319,0.0,0.0
2026-05-08 13:45:00+05:30,2383.0,2383.89990234375,2379.89990234375,2379.89990234375,128836,0.0,0.0
2026-05-08 14:00:00+05:30,2379.89990234375,2384.699951171875,2379.5,2383.800048828125,142817,0.0,0.0
2026-05-08 14:15:00+05:30,2382.89990234375,2386.5,2381.60009765625,2386.199951171875,113525,0.0,0.0
2026-05-08 14:30:00+05:30,2386.699951171875,2398.199951171875,2386.0,2394.5,244894,0.0,0.0
2026-05-08 14:45:00+05:30,2394.60009765625,2402.39990234375,2394.5,2398.199951171875,134625,0.0,0.0
2026-05-08 15:00:00+05:30,2397.60009765625,2397.60009765625,2391.0,2394.699951171875,172485,0.0,0.0
2026-05-08 15:15:00+05:30,2394.89990234375,2397.199951171875,2392.10009765625,2394.39990234375,204629,0.0,0.0
2026-05-11 09:15:00+05:30,2375.0,2393.800048828125,2375.0,2387.60009765625,81068,0.0,0.0
2026-05-11 09:30:00+05:30,2387.39990234375,2394.0,2384.0,2385.39990234375,93591,0.0,0.0
2026-05-11 09:45:00+05:30,2385.5,2394.89990234375,2385.5,2391.699951171875,57343,0.0,0.0
2026-05-11 10:00:00+05:30,2391.699951171875,2394.199951171875,2385.800048828125,2387.0,57114,0.0,0.0
2026-05-11 10:15:00+05:30,2387.199951171875,2390.0,2379.300048828125,2388.60009765625,58574,0.0,0.0
2026-05-11 10:30:00+05:30,2388.800048828125,2401.0,2388.800048828125,2399.60009765625,88264,0.0,0.0
2026-05-11 10:45:00+05:30,2399.699951171875,2406.0,2397.0,2404.60009765625,45662,0.0,0.0
2026-05-11 11:00:00+05:30,2404.60009765625,2410.0,2403.0,2407.10009765625,70443,0.0,0.0
2026-05-11 11:15:00+05:30,2407.5,2409.800048828125,2404.10009765625,2404.89990234375,67702,0.0,0.0
2026-05-11 11:30:00+05:30,2405.60009765625,2405.89990234375,2397.800048828125,2405.5,42630,0.0,0.0
2026-05-11 11:45:00+05:30,2405.60009765625,2407.199951171875,2402.300048828125,2405.800048828125,31052,0.0,0.0
2026-05-11 12:00:00+05:30,2405.89990234375,2406.5,2401.300048828125,2402.10009765625,25136,0.0,0.0
2026-05-11 12:15:00+05:30,2402.0,2414.60009765625,2400.199951171875,2409.39990234375,76553,0.0,0.0
2026-05-11 12:30:00+05:30,2410.0,2414.0,2409.800048828125,2413.5,81672,0.0,0.0
2026-05-11 12:45:00+05:30,2414.0,2414.89990234375,2405.199951171875,2405.60009765625,51174,0.0,0.0
2026-05-11 13:00:00+05:30,2405.39990234375,2410.800048828125,2400.699951171875,2409.89990234375,102347,0.0,0.0
2026-05-11 13:15:00+05:30,2409.89990234375,2410.699951171875,2406.699951171875,2408.89990234375,38966,0.0,0.0
2026-05-11 13:30:00+05:30,2408.800048828125,2409.5,2403.0,2403.800048828125,39668,0.0,0.0
2026-05-11 13:45:00+05:30,2403.39990234375,2404.800048828125,2401.0,2402.60009765625,96824,0.0,0.0
2026-05-11 14:00:00+05:30,2402.89990234375,2404.89990234375,2402.0,2404.699951171875,36760,0.0,0.0
2026-05-11 14:15:00+05:30,2404.5,2404.60009765625,2399.10009765625,2399.89990234375,52318,0.0,0.0
2026-05-11 14:30:00+05:30,2399.89990234375,2405.5,2396.0,2399.10009765625,66033,0.0,0.0
2026-05-11 14:45:00+05:30,2398.89990234375,2400.60009765625,2395.800048828125,2398.60009765625,64345,0.0,0.0
2026-05-11 15:00:00+05:30,2398.0,2398.0,2390.39990234375,2392.10009765625,197180,0.0,0.0
2026-05-11 15:15:00+05:30,2392.10009765625,2400.0,2390.0,2392.89990234375,210204,0.0,0.0
2026-05-12 09:15:00+05:30,2368.300048828125,2368.300048828125,2314.5,2315.699951171875,342625,0.0,0.0
2026-05-12 09:30:00+05:30,2316.39990234375,2317.0,2304.5,2312.0,374312,0.0,0.0
2026-05-12 09:45:00+05:30,2311.5,2312.199951171875,2299.300048828125,2301.10009765625,464712,0.0,0.0
2026-05-12 10:00:00+05:30,2301.10009765625,2304.60009765625,2300.0,2301.0,205861,0.0,0.0
2026-05-12 10:15:00+05:30,2301.0,2305.0,2290.300048828125,2290.39990234375,326001,0.0,0.0
2026-05-12 10:30:00+05:30,2290.800048828125,2293.0,2284.300048828125,2292.699951171875,344764,0.0,0.0
2026-05-12 10:45:00+05:30,2292.699951171875,2296.300048828125,2290.199951171875,2296.0,173884,0.0,0.0
2026-05-12 11:00:00+05:30,2296.10009765625,2296.89990234375,2290.10009765625,2291.10009765625,118027,0.0,0.0
2026-05-12 11:15:00+05:30,2290.800048828125,2295.300048828125,2290.0,2290.800048828125,126601,0.0,0.0
2026-05-12 11:30:00+05:30,2290.89990234375,2300.0,2289.10009765625,2297.0,264104,0.0,0.0
2026-05-12 11:45:00+05:30,2297.39990234375,2302.60009765625,2295.10009765625,2301.89990234375,160142,0.0,0.0
2026-05-12 12:00:00+05:30,2301.89990234375,2302.0,2284.199951171875,2286.10009765625,268923,0.0,0.0
2026-05-12 12:15:00+05:30,2286.300048828125,2291.0,2283.10009765625,2290.699951171875,189389,0.0,0.0
2026-05-12 12:30:00+05:30,2291.0,2301.300048828125,2290.0,2300.199951171875,136206,0.0,0.0
2026-05-12 12:45:00+05:30,2300.300048828125,2302.0,2296.300048828125,2298.300048828125,126387,0.0,0.0
2026-05-12 13:00:00+05:30,2298.60009765625,2304.0,2296.60009765625,2302.800048828125,151864,0.0,0.0
2026-05-12 13:15:00+05:30,2303.89990234375,2304.0,2300.0,2301.89990234375,154946,0.0,0.0
2026-05-12 13:30:00+05:30,2301.89990234375,2303.0,2295.800048828125,2296.89990234375,155086,0.0,0.0
2026-05-12 13:45:00+05:30,2296.89990234375,2301.0,2293.89990234375,2297.10009765625,146058,0.0,0.0
2026-05-12 14:00:00+05:30,2297.60009765625,2299.89990234375,2292.5,2294.199951171875,164267,0.0,0.0
2026-05-12 14:15:00+05:30,2294.60009765625,2302.199951171875,2293.60009765625,2299.699951171875,169327,0.0,0.0
2026-05-12 14:30:00+05:30,2299.699951171875,2299.800048828125,2295.800048828125,2297.5,161736,0.0,0.0
2026-05-12 14:45:00+05:30,2297.800048828125,2300.89990234375,2296.699951171875,2299.5,243913,0.0,0.0
2026-05-12 15:00:00+05:30,2300.10009765625,2302.0,2295.39990234375,2299.0,613161,0.0,0.0
2026-05-12 15:15:00+05:30,2299.0,2305.199951171875,2297.39990234375,2303.0,410885,0.0,0.0
2026-05-13 09:15:00+05:30,2309.199951171875,2309.199951171875,2292.800048828125,2298.699951171875,123948,0.0,0.0
2026-05-13 09:30:00+05:30,2298.39990234375,2301.0,2288.699951171875,2293.0,154928,0.0,0.0
2026-05-13 09:45:00+05:30,2293.0,2296.800048828125,2288.0,2293.60009765625,96197,0.0,0.0
2026-05-13 10:00:00+05:30,2293.199951171875,2298.0,2290.699951171875,2295.800048828125,72708,0.0,0.0
2026-05-13 10:15:00+05:30,2296.10009765625,2299.199951171875,2290.800048828125,2291.0,108014,0.0,0.0
2026-05-13 10:30:00+05:30,2291.0,2297.10009765625,2286.300048828125,2291.5,129704,0.0,0.0
2026-05-13 10:45:00+05:30,2291.39990234375,2296.39990234375,2286.5,2286.5,75992,0.0,0.0
2026-05-13 11:00:00+05:30,2287.0,2290.800048828125,2285.10009765625,2286.89990234375,79398,0.0,0.0
2026-05-13 11:15:00+05:30,2286.699951171875,2291.800048828125,2286.699951171875,2289.60009765625,72555,0.0,0.0
2026-05-13 11:30:00+05:30,2289.5,2296.0,2289.199951171875,2293.199951171875,81258,0.0,0.0
2026-05-13 11:45:00+05:30,2293.199951171875,2293.199951171875,2281.300048828125,2281.60009765625,166826,0.0,0.0
2026-05-13 12:00:00+05:30,2281.60009765625,2288.0,2277.60009765625,2287.300048828125,125539,0.0,0.0
2026-05-13 12:15:00+05:30,2287.0,2287.699951171875,2281.0,2281.699951171875,76581,0.0,0.0
2026-05-13 12:30:00+05:30,2281.699951171875,2283.699951171875,2277.0,2278.39990234375,109745,0.0,0.0
2026-05-13 12:45:00+05:30,2278.10009765625,2285.0,2277.60009765625,2284.5,70269,0.0,0.0
2026-05-13 13:00:00+05:30,2285.0,2285.89990234375,2278.39990234375,2280.199951171875,96580,0.0,0.0
2026-05-13 13:15:00+05:30,2280.199951171875,2281.0,2273.10009765625,2275.800048828125,105147,0.0,0.0
2026-05-13 13:30:00+05:30,2274.300048828125,2278.60009765625,2274.300048828125,2276.0,52854,0.0,0.0
2026-05-13 13:45:00+05:30,2276.39990234375,2278.60009765625,2274.0,2278.5,82382,0.0,0.0
2026-05-13 14:00:00+05:30,2278.5,2285.199951171875,2276.39990234375,2284.699951171875,166792,0.0,0.0
2026-05-13 14:15:00+05:30,2285.0,2285.199951171875,2276.0,2279.0,183224,0.0,0.0
2026-05-13 14:30:00+05:30,2279.0,2282.89990234375,2277.39990234375,2279.800048828125,105273,0.0,0.0
2026-05-13 14:45:00+05:30,2279.800048828125,2282.10009765625,2277.800048828125,2280.0,91169,0.0,0.0
2026-05-13 15:00:00+05:30,2280.5,2280.5,2271.5,2272.39990234375,266635,0.0,0.0
2026-05-13 15:15:00+05:30,2272.39990234375,2274.89990234375,2269.0,2273.0,263904,0.0,0.0
2026-05-14 09:15:00+05:30,2260.0,2260.0,2211.300048828125,2256.0,226373,0.0,0.0
2026-05-14 09:30:00+05:30,2255.199951171875,2256.300048828125,2230.0,2235.10009765625,345908,0.0,0.0
2026-05-14 09:45:00+05:30,2235.300048828125,2237.0,2226.0,2231.199951171875,235255,0.0,0.0
2026-05-14 10:00:00+05:30,2230.39990234375,2246.5,2230.0,2239.89990234375,260567,0.0,0.0
2026-05-14 10:15:00+05:30,2239.39990234375,2239.39990234375,2230.199951171875,2232.800048828125,121946,0.0,0.0
2026-05-14 10:30:00+05:30,2232.89990234375,2240.5,2231.0,2232.0,119867,0.0,0.0
2026-05-14 10:45:00+05:30,2232.0,2232.199951171875,2219.0,2222.199951171875,195239,0.0,0.0
2026-05-14 11:00:00+05:30,2222.0,2229.89990234375,2220.300048828125,2229.0,133139,0.0,0.0
2026-05-14 11:15:00+05:30,2228.89990234375,2244.5,2227.5,2236.60009765625,259866,0.0,0.0
2026-05-14 11:30:00+05:30,2236.60009765625,2236.60009765625,2224.800048828125,2230.10009765625,177027,0.0,0.0
2026-05-14 11:45:00+05:30,2230.10009765625,2233.10009765625,2227.0,2227.5,168535,0.0,0.0
2026-05-14 12:00:00+05:30,2227.5,2227.699951171875,2215.10009765625,2220.300048828125,213727,0.0,0.0
2026-05-14 12:15:00+05:30,2219.89990234375,2224.0,2216.300048828125,2220.10009765625,156042,0.0,0.0
2026-05-14 12:30:00+05:30,2220.60009765625,2221.60009765625,2213.0,2216.10009765625,164761,0.0,0.0
2026-05-14 12:45:00+05:30,2216.39990234375,2219.39990234375,2212.10009765625,2214.5,196143,0.0,0.0
2026-05-14 13:00:00+05:30,2214.0,2239.89990234375,2214.0,2238.300048828125,273754,0.0,0.0
2026-05-14 13:15:00+05:30,2238.300048828125,2248.800048828125,2237.89990234375,2245.0,257118,0.0,0.0
2026-05-14 13:30:00+05:30,2245.0,2247.39990234375,2243.0,2246.0,126889,0.0,0.0
2026-05-14 13:45:00+05:30,2245.5,2255.89990234375,2245.5,2252.0,197250,0.0,0.0
2026-05-14 14:00:00+05:30,2252.60009765625,2255.89990234375,2248.89990234375,2249.800048828125,148307,0.0,0.0
2026-05-14 14:15:00+05:30,2249.699951171875,2254.0,2249.39990234375,2251.300048828125,121653,0.0,0.0
2026-05-14 14:30:00+05:30,2252.89990234375,2254.699951171875,2246.0,2247.0,145603,0.0,0.0
2026-05-14 14:45:00+05:30,2247.800048828125,2253.39990234375,2243.10009765625,2248.39990234375,182791,0.0,0.0
2026-05-14 15:00:00+05:30,2248.39990234375,2250.800048828125,2242.300048828125,2246.0,328875,0.0,0.0
2026-05-14 15:15:00+05:30,2246.0,2250.0,2242.89990234375,2249.89990234375,277792,0.0,0.0
2026-05-15 09:15:00+05:30,2268.699951171875,2304.800048828125,2267.5,2299.699951171875,371036,0.0,0.0
2026-05-15 09:30:00+05:30,2299.699951171875,2300.0,2284.300048828125,2295.10009765625,511599,0.0,0.0
2026-05-15 09:45:00+05:30,2295.800048828125,2299.89990234375,2290.199951171875,2292.39990234375,143499,0.0,0.0
2026-05-15 10:00:00+05:30,2292.0,2297.10009765625,2282.300048828125,2290.0,118440,0.0,0.0
2026-05-15 10:15:00+05:30,2289.89990234375,2293.0,2287.0,2287.10009765625,63671,0.0,0.0
2026-05-15 10:30:00+05:30,2286.5,2293.5,2284.0,2293.5,69327,0.0,0.0
2026-05-15 10:45:00+05:30,2292.89990234375,2296.0,2290.10009765625,2292.5,71663,0.0,0.0
2026-05-15 11:00:00+05:30,2292.5,2293.199951171875,2277.199951171875,2279.5,118130,0.0,0.0
2026-05-15 11:15:00+05:30,2279.5,2284.800048828125,2277.199951171875,2282.800048828125,60619,0.0,0.0
2026-05-15 11:30:00+05:30,2281.89990234375,2284.10009765625,2279.199951171875,2282.800048828125,45656,0.0,0.0
2026-05-15 11:45:00+05:30,2282.39990234375,2283.39990234375,2277.699951171875,2281.300048828125,65897,0.0,0.0
2026-05-15 12:00:00+05:30,2281.39990234375,2286.60009765625,2280.39990234375,2285.0,49547,0.0,0.0
2026-05-15 12:15:00+05:30,2285.0,2286.0,2278.199951171875,2280.10009765625,48863,0.0,0.0
2026-05-15 12:30:00+05:30,2280.300048828125,2288.199951171875,2280.0,2287.300048828125,42611,0.0,0.0
2026-05-15 12:45:00+05:30,2287.89990234375,2289.10009765625,2282.199951171875,2283.89990234375,48941,0.0,0.0
2026-05-15 13:00:00+05:30,2283.699951171875,2285.89990234375,2281.39990234375,2284.800048828125,34062,0.0,0.0
2026-05-15 13:15:00+05:30,2284.699951171875,2285.39990234375,2278.300048828125,2280.10009765625,57671,0.0,0.0
2026-05-15 13:30:00+05:30,2280.5,2280.5,2275.10009765625,2275.60009765625,58481,0.0,0.0
2026-05-15 13:45:00+05:30,2275.699951171875,2276.89990234375,2269.199951171875,2270.89990234375,90740,0.0,0.0
2026-05-15 14:00:00+05:30,2269.89990234375,2271.60009765625,2268.10009765625,2271.5,49793,0.0,0.0
2026-05-15 14:15:00+05:30,2270.89990234375,2272.60009765625,2269.0,2271.0,44970,0.0,0.0
2026-05-15 14:30:00+05:30,2271.0,2271.5,2260.0,2267.60009765625,143412,0.0,0.0
2026-05-15 14:45:00+05:30,2267.10009765625,2268.0,2260.199951171875,2265.10009765625,152737,0.0,0.0
2026-05-15 15:00:00+05:30,2264.89990234375,2269.0,2262.0,2263.800048828125,346755,0.0,0.0
2026-05-15 15:15:00+05:30,2263.800048828125,2267.39990234375,2258.800048828125,2264.0,359598,0.0,0.0
2026-05-18 09:15:00+05:30,2264.0,2283.10009765625,2261.699951171875,2265.199951171875,109997,0.0,0.0
2026-05-18 09:30:00+05:30,2265.800048828125,2266.699951171875,2257.300048828125,2262.0,100105,0.0,0.0
2026-05-18 09:45:00+05:30,2262.0,2263.89990234375,2258.199951171875,2260.60009765625,49793,0.0,0.0
2026-05-18 10:00:00+05:30,2260.60009765625,2263.89990234375,2252.89990234375,2254.699951171875,74579,0.0,0.0
2026-05-18 10:15:00+05:30,2254.699951171875,2260.5,2254.5,2255.300048828125,37687,0.0,0.0
2026-05-18 10:30:00+05:30,2255.60009765625,2272.0,2255.5,2266.699951171875,86776,0.0,0.0
2026-05-18 10:45:00+05:30,2266.699951171875,2278.199951171875,2262.300048828125,2277.0,84931,0.0,0.0
2026-05-18 11:00:00+05:30,2277.5,2280.0,2263.800048828125,2264.10009765625,209398,0.0,0.0
2026-05-18 11:15:00+05:30,2264.10009765625,2272.800048828125,2263.199951171875,2267.5,121900,0.0,0.0
2026-05-18 11:30:00+05:30,2267.60009765625,2271.60009765625,2265.89990234375,2268.60009765625,46920,0.0,0.0
2026-05-18 11:45:00+05:30,2268.199951171875,2270.5,2263.0,2265.5,41180,0.0,0.0
2026-05-18 12:00:00+05:30,2265.800048828125,2278.199951171875,2265.300048828125,2278.0,222888,0.0,0.0
2026-05-18 12:15:00+05:30,2278.199951171875,2282.5,2274.10009765625,2275.0,253699,0.0,0.0
2026-05-18 12:30:00+05:30,2275.0,2286.199951171875,2275.0,2279.199951171875,192251,0.0,0.0
2026-05-18 12:45:00+05:30,2279.0,2285.39990234375,2278.89990234375,2283.800048828125,57308,0.0,0.0
2026-05-18 13:00:00+05:30,2283.800048828125,2290.0,2283.10009765625,2286.89990234375,86981,0.0,0.0
2026-05-18 13:15:00+05:30,2286.89990234375,2292.0,2284.800048828125,2287.300048828125,206767,0.0,0.0
2026-05-18 13:30:00+05:30,2287.300048828125,2290.10009765625,2278.0,2279.5,122802,0.0,0.0
2026-05-18 13:45:00+05:30,2279.5,2284.10009765625,2276.10009765625,2282.300048828125,59072,0.0,0.0
2026-05-18 14:00:00+05:30,2282.199951171875,2282.699951171875,2279.0,2280.10009765625,75533,0.0,0.0
2026-05-18 14:15:00+05:30,2279.699951171875,2281.10009765625,2275.800048828125,2280.89990234375,105809,0.0,0.0
2026-05-18 14:30:00+05:30,2280.10009765625,2282.0,2278.39990234375,2279.5,47961,0.0,0.0
2026-05-18 14:45:00+05:30,2279.5,2279.89990234375,2277.10009765625,2279.39990234375,58687,0.0,0.0
2026-05-18 15:00:00+05:30,2279.5,2292.89990234375,2278.800048828125,2281.5,727342,0.0,0.0
2026-05-18 15:15:00+05:30,2281.699951171875,2289.89990234375,2279.0,2289.89990234375,447346,0.0,0.0
2026-05-19 09:15:00+05:30,2300.0,2370.0,2300.0,2351.699951171875,1572245,0.0,0.0
2026-05-19 09:30:00+05:30,2352.5,2377.10009765625,2347.5,2353.699951171875,1741432,0.0,0.0
2026-05-19 09:45:00+05:30,2354.0,2356.39990234375,2344.199951171875,2348.10009765625,225390,0.0,0.0
2026-05-19 10:00:00+05:30,2348.60009765625,2357.60009765625,2348.39990234375,2355.199951171875,185838,0.0,0.0
2026-05-19 10:15:00+05:30,2354.800048828125,2356.0,2343.39990234375,2347.60009765625,257598,0.0,0.0
2026-05-19 10:30:00+05:30,2347.60009765625,2359.0,2344.699951171875,2358.0,163311,0.0,0.0
2026-05-19 10:45:00+05:30,2358.0,2359.10009765625,2342.39990234375,2351.10009765625,613689,0.0,0.0
2026-05-19 11:00:00+05:30,2351.60009765625,2368.800048828125,2351.60009765625,2364.0,559997,0.0,0.0
2026-05-19 11:15:00+05:30,2363.300048828125,2369.0,2358.10009765625,2362.699951171875,607465,0.0,0.0
2026-05-19 11:30:00+05:30,2362.699951171875,2363.699951171875,2354.0,2360.0,317588,0.0,0.0
2026-05-19 11:45:00+05:30,2360.0,2361.89990234375,2351.0,2351.10009765625,225973,0.0,0.0
2026-05-19 12:00:00+05:30,2351.300048828125,2352.800048828125,2344.39990234375,2346.0,141242,0.0,0.0
2026-05-19 12:15:00+05:30,2346.300048828125,2346.699951171875,2337.60009765625,2339.300048828125,105781,0.0,0.0
2026-05-19 12:30:00+05:30,2338.699951171875,2340.300048828125,2334.300048828125,2336.5,92726,0.0,0.0
2026-05-19 12:45:00+05:30,2336.5,2338.60009765625,2332.699951171875,2333.10009765625,118996,0.0,0.0
2026-05-19 13:00:00+05:30,2333.800048828125,2335.10009765625,2330.10009765625,2334.10009765625,202353,0.0,0.0
2026-05-19 13:15:00+05:30,2333.89990234375,2337.199951171875,2331.39990234375,2331.60009765625,96045,0.0,0.0
2026-05-19 13:30:00+05:30,2332.5,2336.89990234375,2327.0,2329.300048828125,158762,0.0,0.0
2026-05-19 13:45:00+05:30,2329.699951171875,2331.5,2324.800048828125,2326.10009765625,146679,0.0,0.0
2026-05-19 14:00:00+05:30,2326.199951171875,2338.89990234375,2326.10009765625,2335.800048828125,212972,0.0,0.0
2026-05-19 14:15:00+05:30,2335.800048828125,2339.5,2334.199951171875,2338.0,144881,0.0,0.0
2026-05-19 14:30:00+05:30,2338.0,2338.60009765625,2333.0,2335.5,151460,0.0,0.0
2026-05-19 14:45:00+05:30,2335.5,2337.10009765625,2331.300048828125,2334.39990234375,167329,0.0,0.0
2026-05-19 15:00:00+05:30,2334.60009765625,2334.60009765625,2326.60009765625,2328.39990234375,465538,0.0,0.0
2026-05-19 15:15:00+05:30,2328.39990234375,2331.89990234375,2322.39990234375,2330.0,531548,0.0,0.0
2026-05-20 09:15:00+05:30,2324.0,2341.699951171875,2318.199951171875,2332.89990234375,111726,0.0,0.0
2026-05-20 09:30:00+05:30,2332.300048828125,2340.0,2330.39990234375,2334.39990234375,166346,0.0,0.0
2026-05-20 09:45:00+05:30,2334.39990234375,2341.89990234375,2330.199951171875,2337.199951171875,177613,0.0,0.0
2026-05-20 10:00:00+05:30,2337.60009765625,2340.0,2328.0,2329.0,143054,0.0,0.0
2026-05-20 10:15:00+05:30,2329.5,2333.0,2323.89990234375,2332.5,78645,0.0,0.0
2026-05-20 10:30:00+05:30,2332.5,2334.0,2329.39990234375,2329.800048828125,69992,0.0,0.0
2026-05-20 10:45:00+05:30,2329.800048828125,2332.699951171875,2326.5,2331.0,43238,0.0,0.0
2026-05-20 11:00:00+05:30,2331.0,2340.0,2331.0,2334.89990234375,204275,0.0,0.0
2026-05-20 11:15:00+05:30,2334.89990234375,2338.39990234375,2333.60009765625,2335.0,52044,0.0,0.0
2026-05-20 11:30:00+05:30,2335.0,2337.89990234375,2334.300048828125,2335.89990234375,103025,0.0,0.0
2026-05-20 11:45:00+05:30,2336.0,2340.0,2335.89990234375,2337.89990234375,64218,0.0,0.0
2026-05-20 12:00:00+05:30,2338.0,2339.89990234375,2336.0,2337.5,69657,0.0,0.0
2026-05-20 12:15:00+05:30,2337.39990234375,2337.5,2333.5,2335.39990234375,34221,0.0,0.0
2026-05-20 12:30:00+05:30,2335.5,2335.5,2328.10009765625,2329.800048828125,42288,0.0,0.0
2026-05-20 12:45:00+05:30,2329.5,2334.10009765625,2329.5,2332.10009765625,31497,0.0,0.0
2026-05-20 13:00:00+05:30,2332.10009765625,2332.5,2327.0,2327.0,58521,0.0,0.0
2026-05-20 13:15:00+05:30,2327.699951171875,2328.199951171875,2323.10009765625,2323.699951171875,43105,0.0,0.0
2026-05-20 13:30:00+05:30,2323.800048828125,2330.0,2323.800048828125,2327.5,33940,0.0,0.0
2026-05-20 13:45:00+05:30,2328.0,2329.60009765625,2326.300048828125,2329.0,29292,0.0,0.0
2026-05-20 14:00:00+05:30,2330.0,2331.0,2327.800048828125,2329.5,68296,0.0,0.0
2026-05-20 14:15:00+05:30,2329.699951171875,2332.0,2327.300048828125,2330.0,199281,0.0,0.0
2026-05-20 14:30:00+05:30,2330.0,2330.0,2327.300048828125,2329.5,36527,0.0,0.0
2026-05-20 14:45:00+05:30,2329.5,2330.0,2325.10009765625,2326.60009765625,43571,0.0,0.0
2026-05-20 15:00:00+05:30,2325.89990234375,2330.0,2324.300048828125,2328.60009765625,157828,0.0,0.0
2026-05-20 15:15:00+05:30,2327.199951171875,2329.89990234375,2320.0,2323.89990234375,205235,0.0,0.0
2026-05-21 09:15:00+05:30,2335.5,2335.5,2318.60009765625,2326.0,94011,0.0,0.0
2026-05-21 09:30:00+05:30,2327.300048828125,2328.60009765625,2321.300048828125,2323.60009765625,164925,0.0,0.0
2026-05-21 09:45:00+05:30,2323.699951171875,2326.699951171875,2316.0,2316.199951171875,171532,0.0,0.0
2026-05-21 10:00:00+05:30,2316.39990234375,2322.699951171875,2314.699951171875,2321.39990234375,186900,0.0,0.0
2026-05-21 10:15:00+05:30,2320.5,2327.0,2319.0,2322.699951171875,141949,0.0,0.0
2026-05-21 10:30:00+05:30,2323.39990234375,2324.0,2317.0,2324.0,96287,0.0,0.0
2026-05-21 10:45:00+05:30,2324.5,2327.0,2322.10009765625,2324.300048828125,80455,0.0,0.0
2026-05-21 11:00:00+05:30,2324.0,2326.5,2322.699951171875,2323.699951171875,100367,0.0,0.0
2026-05-21 11:15:00+05:30,2323.60009765625,2323.89990234375,2316.199951171875,2322.0,53809,0.0,0.0
2026-05-21 11:30:00+05:30,2321.89990234375,2323.60009765625,2318.39990234375,2319.10009765625,45093,0.0,0.0
2026-05-21 11:45:00+05:30,2319.60009765625,2322.39990234375,2318.199951171875,2320.300048828125,54781,0.0,0.0
2026-05-21 12:00:00+05:30,2320.5,2321.89990234375,2319.10009765625,2319.39990234375,24551,0.0,0.0
2026-05-21 12:15:00+05:30,2319.89990234375,2321.5,2316.0,2316.89990234375,64238,0.0,0.0
2026-05-21 12:30:00+05:30,2316.89990234375,2320.0,2316.0,2319.39990234375,55442,0.0,0.0
2026-05-21 12:45:00+05:30,2319.60009765625,2323.39990234375,2319.10009765625,2321.39990234375,50458,0.0,0.0
2026-05-21 13:00:00+05:30,2321.60009765625,2324.89990234375,2320.199951171875,2320.5,57671,0.0,0.0
2026-05-21 13:15:00+05:30,2320.39990234375,2325.199951171875,2320.0,2323.10009765625,79464,0.0,0.0
2026-05-21 13:30:00+05:30,2323.300048828125,2325.800048828125,2320.39990234375,2322.39990234375,77809,0.0,0.0
2026-05-21 13:45:00+05:30,2322.39990234375,2329.89990234375,2321.699951171875,2328.0,77357,0.0,0.0
2026-05-21 14:00:00+05:30,2328.0,2328.0,2323.199951171875,2324.60009765625,146816,0.0,0.0
2026-05-21 14:15:00+05:30,2324.10009765625,2325.39990234375,2321.300048828125,2323.89990234375,65113,0.0,0.0
2026-05-21 14:30:00+05:30,2324.0,2326.0,2321.300048828125,2323.10009765625,116715,0.0,0.0
2026-05-21 14:45:00+05:30,2323.10009765625,2330.5,2322.699951171875,2329.800048828125,310113,0.0,0.0
2026-05-21 15:00:00+05:30,2328.60009765625,2332.0,2325.39990234375,2326.699951171875,498977,0.0,0.0
2026-05-21 15:15:00+05:30,2326.800048828125,2329.39990234375,2323.89990234375,2325.39990234375,335525,0.0,0.0
2026-05-22 09:15:00+05:30,2330.10009765625,2334.89990234375,2310.5,2312.0,105307,0.0,0.0
2026-05-22 09:30:00+05:30,2312.0,2321.5,2308.10009765625,2318.0,107088,0.0,0.0
2026-05-22 09:45:00+05:30,2317.89990234375,2331.10009765625,2314.0,2327.89990234375,180824,0.0,0.0
2026-05-22 10:00:00+05:30,2328.199951171875,2334.39990234375,2324.0,2324.699951171875,237414,0.0,0.0
2026-05-22 10:15:00+05:30,2324.699951171875,2332.199951171875,2323.89990234375,2330.800048828125,69745,0.0,0.0
2026-05-22 10:30:00+05:30,2331.0,2339.89990234375,2329.300048828125,2336.0,325079,0.0,0.0
2026-05-22 10:45:00+05:30,2336.800048828125,2339.699951171875,2329.800048828125,2330.199951171875,59127,0.0,0.0
2026-05-22 11:00:00+05:30,2331.0,2331.0,2324.5,2326.10009765625,73921,0.0,0.0
2026-05-22 11:15:00+05:30,2326.10009765625,2330.300048828125,2325.0,2330.300048828125,98340,0.0,0.0
2026-05-22 11:30:00+05:30,2329.300048828125,2330.89990234375,2325.89990234375,2330.89990234375,123736,0.0,0.0
2026-05-22 11:45:00+05:30,2330.89990234375,2334.300048828125,2324.0,2325.0,102638,0.0,0.0
2026-05-22 12:00:00+05:30,2325.39990234375,2326.0,2318.300048828125,2321.5,95579,0.0,0.0
2026-05-22 12:15:00+05:30,2321.5,2322.10009765625,2319.10009765625,2321.0,33815,0.0,0.0
2026-05-22 12:30:00+05:30,2321.0,2321.199951171875,2316.0,2319.800048828125,42540,0.0,0.0
2026-05-22 12:45:00+05:30,2319.60009765625,2325.10009765625,2319.60009765625,2322.699951171875,39259,0.0,0.0
2026-05-22 13:00:00+05:30,2322.699951171875,2323.39990234375,2319.0,2320.800048828125,28678,0.0,0.0
2026-05-22 13:15:00+05:30,2320.800048828125,2322.300048828125,2318.0,2320.0,24267,0.0,0.0
2026-05-22 13:30:00+05:30,2320.39990234375,2321.199951171875,2315.0,2316.800048828125,38725,0.0,0.0
2026-05-22 13:45:00+05:30,2316.699951171875,2320.699951171875,2315.199951171875,2316.60009765625,29126,0.0,0.0
2026-05-22 14:00:00+05:30,2316.699951171875,2317.5,2312.0,2313.10009765625,67251,0.0,0.0
2026-05-22 14:15:00+05:30,2313.10009765625,2318.300048828125,2312.5,2315.0,62550,0.0,0.0
2026-05-22 14:30:00+05:30,2314.89990234375,2318.5,2313.0,2314.39990234375,70934,0.0,0.0
2026-05-22 14:45:00+05:30,2314.0,2319.5,2313.39990234375,2318.0,78332,0.0,0.0
2026-05-22 15:00:00+05:30,2318.10009765625,2320.199951171875,2315.89990234375,2316.199951171875,195544,0.0,0.0
2026-05-22 15:15:00+05:30,2316.39990234375,2319.0,2315.0,2317.300048828125,261914,0.0,0.0
2026-05-25 09:15:00+05:30,2318.5,2318.5,2296.5,2303.0,606023,31.0,0.0
2026-05-25 09:30:00+05:30,2303.0,2305.0,2294.699951171875,2303.199951171875,126590,0.0,0.0
2026-05-25 09:45:00+05:30,2303.5,2303.89990234375,2295.39990234375,2297.39990234375,126639,0.0,0.0
2026-05-25 10:00:00+05:30,2297.10009765625,2299.5,2293.0,2299.5,80300,0.0,0.0
2026-05-25 10:15:00+05:30,2299.60009765625,2311.0,2299.5,2303.0,90199,0.0,0.0
2026-05-25 10:30:00+05:30,2303.89990234375,2307.89990234375,2302.39990234375,2307.0,62595,0.0,0.0
2026-05-25 10:45:00+05:30,2307.0,2310.800048828125,2304.300048828125,2310.39990234375,121010,0.0,0.0
2026-05-25 11:00:00+05:30,2310.5,2317.89990234375,2310.39990234375,2315.699951171875,115829,0.0,0.0
2026-05-25 11:15:00+05:30,2316.10009765625,2317.89990234375,2308.89990234375,2311.10009765625,74282,0.0,0.0
2026-05-25 11:30:00+05:30,2311.10009765625,2313.699951171875,2309.0,2310.60009765625,49401,0.0,0.0
2026-05-25 11:45:00+05:30,2310.60009765625,2311.5,2306.60009765625,2307.300048828125,46715,0.0,0.0
2026-05-25 12:00:00+05:30,2307.699951171875,2309.300048828125,2306.199951171875,2308.10009765625,61119,0.0,0.0
2026-05-25 12:15:00+05:30,2308.10009765625,2308.10009765625,2305.0,2305.89990234375,66863,0.0,0.0
2026-05-25 12:30:00+05:30,2305.89990234375,2312.89990234375,2305.39990234375,2310.0,40814,0.0,0.0
2026-05-25 12:45:00+05:30,2310.0,2313.39990234375,2306.10009765625,2313.300048828125,41948,0.0,0.0
2026-05-25 13:00:00+05:30,2313.199951171875,2316.89990234375,2312.699951171875,2315.5,54405,0.0,0.0
2026-05-25 13:15:00+05:30,2315.5,2316.5,2314.39990234375,2314.60009765625,46557,0.0,0.0
2026-05-25 13:30:00+05:30,2315.300048828125,2319.699951171875,2313.199951171875,2314.300048828125,75355,0.0,0.0
2026-05-25 13:45:00+05:30,2314.10009765625,2315.0,2310.800048828125,2312.0,63271,0.0,0.0
2026-05-25 14:00:00+05:30,2312.10009765625,2314.60009765625,2308.5,2309.10009765625,97868,0.0,0.0
2026-05-25 14:15:00+05:30,2309.300048828125,2314.699951171875,2309.0,2313.199951171875,70595,0.0,0.0
2026-05-25 14:30:00+05:30,2313.199951171875,2315.0,2312.0,2314.89990234375,78599,0.0,0.0
2026-05-25 14:45:00+05:30,2315.0,2315.0,2310.60009765625,2313.300048828125,76199,0.0,0.0
2026-05-25 15:00:00+05:30,2313.300048828125,2313.300048828125,2308.0,2308.199951171875,129728,0.0,0.0
2026-05-25 15:15:00+05:30,2308.10009765625,2309.699951171875,2305.199951171875,2308.0,166176,0.0,0.0
2026-05-26 09:15:00+05:30,2311.60009765625,2327.800048828125,2302.89990234375,2310.0,124233,0.0,0.0
2026-05-26 09:30:00+05:30,2310.199951171875,2312.699951171875,2303.0,2307.89990234375,126814,0.0,0.0
2026-05-26 09:45:00+05:30,2308.0,2308.39990234375,2297.5,2298.5,114735,0.0,0.0
2026-05-26 10:00:00+05:30,2299.699951171875,2299.699951171875,2294.300048828125,2298.5,100629,0.0,0.0
2026-05-26 10:15:00+05:30,2297.89990234375,2298.0,2292.0,2297.0,95174,0.0,0.0
2026-05-26 10:30:00+05:30,2296.89990234375,2300.39990234375,2295.0,2296.60009765625,93664,0.0,0.0
2026-05-26 10:45:00+05:30,2296.5,2297.0,2292.199951171875,2292.89990234375,126755,0.0,0.0
2026-05-26 11:00:00+05:30,2292.89990234375,2296.5,2292.0,2296.5,102333,0.0,0.0
2026-05-26 11:15:00+05:30,2296.199951171875,2296.39990234375,2288.699951171875,2288.699951171875,96044,0.0,0.0
2026-05-26 11:30:00+05:30,2288.89990234375,2290.199951171875,2285.800048828125,2287.199951171875,124161,0.0,0.0
2026-05-26 11:45:00+05:30,2287.699951171875,2294.89990234375,2287.10009765625,2292.699951171875,103576,0.0,0.0
2026-05-26 12:00:00+05:30,2292.699951171875,2294.800048828125,2289.39990234375,2293.10009765625,129890,0.0,0.0
2026-05-26 12:15:00+05:30,2292.60009765625,2296.0,2291.60009765625,2295.10009765625,56802,0.0,0.0
2026-05-26 12:30:00+05:30,2295.0,2298.5,2292.39990234375,2296.0,86092,0.0,0.0
2026-05-26 12:45:00+05:30,2296.5,2299.89990234375,2295.0,2298.89990234375,170064,0.0,0.0
2026-05-26 13:00:00+05:30,2296.800048828125,2297.699951171875,2289.699951171875,2293.300048828125,122609,0.0,0.0
2026-05-26 13:15:00+05:30,2293.300048828125,2296.800048828125,2292.0,2293.60009765625,117876,0.0,0.0
2026-05-26 13:30:00+05:30,2293.60009765625,2297.699951171875,2288.0,2288.5,131866,0.0,0.0
2026-05-26 13:45:00+05:30,2288.5,2289.89990234375,2280.39990234375,2281.300048828125,156398,0.0,0.0
2026-05-26 14:00:00+05:30,2281.199951171875,2281.5,2275.300048828125,2276.699951171875,111707,0.0,0.0
2026-05-26 14:15:00+05:30,2276.39990234375,2276.699951171875,2273.800048828125,2274.800048828125,187124,0.0,0.0
2026-05-26 14:30:00+05:30,2274.39990234375,2277.0,2273.0,2275.199951171875,126077,0.0,0.0
2026-05-26 14:45:00+05:30,2275.199951171875,2277.5,2274.5,2276.0,82037,0.0,0.0
2026-05-26 15:00:00+05:30,2275.800048828125,2276.60009765625,2272.800048828125,2275.199951171875,343112,0.0,0.0
2026-05-26 15:15:00+05:30,2275.39990234375,2281.39990234375,2274.300048828125,2281.39990234375,400623,0.0,0.0
2026-05-27 09:15:00+05:30,2276.0,2291.300048828125,2275.89990234375,2276.5,88594,0.0,0.0
2026-05-27 09:30:00+05:30,2275.800048828125,2276.60009765625,2268.0,2268.800048828125,209390,0.0,0.0
2026-05-27 09:45:00+05:30,2268.39990234375,2269.5,2261.0,2266.39990234375,125179,0.0,0.0
2026-05-27 10:00:00+05:30,2266.0,2270.0,2265.800048828125,2269.89990234375,75205,0.0,0.0
2026-05-27 10:15:00+05:30,2269.89990234375,2277.300048828125,2268.5,2270.0,134097,0.0,0.0
2026-05-27 10:30:00+05:30,2269.39990234375,2270.5,2268.39990234375,2269.199951171875,46515,0.0,0.0
2026-05-27 10:45:00+05:30,2269.199951171875,2274.800048828125,2268.5,2273.39990234375,84051,0.0,0.0
2026-05-27 11:00:00+05:30,2273.0,2283.199951171875,2272.699951171875,2280.199951171875,140215,0.0,0.0
2026-05-27 11:15:00+05:30,2279.60009765625,2279.800048828125,2275.0,2275.0,48278,0.0,0.0
2026-05-27 11:30:00+05:30,2275.10009765625,2277.0,2271.699951171875,2275.0,55315,0.0,0.0
2026-05-27 11:45:00+05:30,2275.0,2276.89990234375,2272.89990234375,2273.89990234375,51204,0.0,0.0
2026-05-27 12:00:00+05:30,2274.300048828125,2277.0,2273.0,2274.0,37336,0.0,0.0
2026-05-27 12:15:00+05:30,2273.800048828125,2275.60009765625,2268.0,2268.0,57335,0.0,0.0
2026-05-27 12:30:00+05:30,2268.0,2274.60009765625,2266.800048828125,2274.300048828125,38179,0.0,0.0
2026-05-27 12:45:00+05:30,2273.60009765625,2274.5,2270.800048828125,2271.0,26684,0.0,0.0
2026-05-27 13:00:00+05:30,2271.39990234375,2272.39990234375,2270.10009765625,2271.60009765625,32733,0.0,0.0
2026-05-27 13:15:00+05:30,2270.800048828125,2273.300048828125,2268.699951171875,2273.10009765625,35426,0.0,0.0
2026-05-27 13:30:00+05:30,2273.0,2273.5,2271.0,2271.5,24864,0.0,0.0
2026-05-27 13:45:00+05:30,2271.5,2273.5,2270.800048828125,2272.89990234375,30507,0.0,0.0
2026-05-27 14:00:00+05:30,2272.89990234375,2273.10009765625,2269.60009765625,2270.39990234375,59549,0.0,0.0
2026-05-27 14:15:00+05:30,2270.300048828125,2271.800048828125,2268.300048828125,2269.300048828125,55998,0.0,0.0
2026-05-27 14:30:00+05:30,2268.89990234375,2269.800048828125,2265.199951171875,2269.39990234375,75682,0.0,0.0
2026-05-27 14:45:00+05:30,2269.300048828125,2274.699951171875,2267.5,2273.800048828125,189179,0.0,0.0
2026-05-27 15:00:00+05:30,2273.800048828125,2279.300048828125,2273.0,2278.800048828125,290423,0.0,0.0
2026-05-27 15:15:00+05:30,2278.699951171875,2295.60009765625,2278.199951171875,2287.0,500863,0.0,0.0
2026-05-29 09:15:00+05:30,2310.0,2325.0,2304.199951171875,2310.699951171875,324425,0.0,0.0
2026-05-29 09:30:00+05:30,2310.699951171875,2322.199951171875,2299.800048828125,2319.10009765625,363802,0.0,0.0
2026-05-29 09:45:00+05:30,2319.300048828125,2326.5,2318.0,2323.5,256900,0.0,0.0
2026-05-29 10:00:00+05:30,2324.89990234375,2333.60009765625,2316.89990234375,2322.5,339711,0.0,0.0
2026-05-29 10:15:00+05:30,2323.0,2325.39990234375,2309.60009765625,2311.0,235900,0.0,0.0
2026-05-29 10:30:00+05:30,2310.5,2316.60009765625,2306.0,2309.5,181415,0.0,0.0
2026-05-29 10:45:00+05:30,2309.39990234375,2311.800048828125,2306.0,2311.10009765625,102618,0.0,0.0
2026-05-29 11:00:00+05:30,2311.5,2313.300048828125,2306.199951171875,2311.39990234375,69804,0.0,0.0
2026-05-29 11:15:00+05:30,2311.39990234375,2311.699951171875,2308.0,2309.0,129090,0.0,0.0
2026-05-29 11:30:00+05:30,2309.10009765625,2311.0,2303.800048828125,2307.5,155505,0.0,0.0
2026-05-29 11:45:00+05:30,2307.39990234375,2308.699951171875,2295.5,2297.699951171875,179455,0.0,0.0
2026-05-29 12:00:00+05:30,2297.89990234375,2297.89990234375,2293.5,2294.10009765625,122736,0.0,0.0
2026-05-29 12:15:00+05:30,2294.10009765625,2294.800048828125,2292.60009765625,2293.39990234375,94034,0.0,0.0
2026-05-29 12:30:00+05:30,2293.10009765625,2295.199951171875,2290.199951171875,2292.199951171875,137863,0.0,0.0
2026-05-29 12:45:00+05:30,2292.199951171875,2295.0,2290.300048828125,2290.699951171875,91300,0.0,0.0
2026-05-29 13:00:00+05:30,2289.5,2290.60009765625,2287.0,2287.199951171875,132177,0.0,0.0
2026-05-29 13:15:00+05:30,2287.199951171875,2288.0,2282.39990234375,2284.5,120644,0.0,0.0
2026-05-29 13:30:00+05:30,2284.89990234375,2287.800048828125,2283.300048828125,2284.89990234375,91433,0.0,0.0
2026-05-29 13:45:00+05:30,2284.89990234375,2285.60009765625,2280.0,2283.800048828125,136780,0.0,0.0
2026-05-29 14:00:00+05:30,2282.89990234375,2284.800048828125,2280.10009765625,2283.89990234375,110274,0.0,0.0
2026-05-29 14:15:00+05:30,2283.60009765625,2284.89990234375,2281.60009765625,2283.89990234375,120459,0.0,0.0
2026-05-29 14:30:00+05:30,2282.800048828125,2296.0,2282.800048828125,2293.300048828125,192438,0.0,0.0
2026-05-29 14:45:00+05:30,2293.300048828125,2298.199951171875,2291.5,2297.5,228458,0.0,0.0
2026-05-29 15:00:00+05:30,2295.0,2298.39990234375,2247.699951171875,2253.5,7232762,0.0,0.0
2026-05-29 15:15:00+05:30,2254.199951171875,2259.39990234375,2235.89990234375,2256.0,4581600,0.0,0.0
2026-06-01 09:15:00+05:30,2280.10009765625,2306.39990234375,2280.10009765625,2302.10009765625,200686,0.0,0.0
2026-06-01 09:30:00+05:30,2302.300048828125,2308.699951171875,2296.10009765625,2299.89990234375,242097,0.0,0.0
2026-06-01 09:45:00+05:30,2300.0,2308.0,2299.89990234375,2300.199951171875,256594,0.0,0.0
2026-06-01 10:00:00+05:30,2301.10009765625,2307.800048828125,2300.5,2307.0,201896,0.0,0.0
2026-06-01 10:15:00+05:30,2307.89990234375,2329.0,2303.800048828125,2322.199951171875,374506,0.0,0.0
2026-06-01 10:30:00+05:30,2322.800048828125,2324.300048828125,2301.199951171875,2303.300048828125,3451590,0.0,0.0
2026-06-01 10:45:00+05:30,2303.10009765625,2315.39990234375,2297.0,2313.0,259870,0.0,0.0
2026-06-01 11:00:00+05:30,2313.0,2322.800048828125,2313.0,2321.39990234375,137764,0.0,0.0
2026-06-01 11:15:00+05:30,2321.10009765625,2327.5,2317.39990234375,2323.39990234375,171694,0.0,0.0
2026-06-01 11:30:00+05:30,2323.39990234375,2328.89990234375,2323.39990234375,2327.800048828125,139818,0.0,0.0
2026-06-01 11:45:00+05:30,2328.300048828125,2329.89990234375,2321.699951171875,2323.89990234375,100611,0.0,0.0
2026-06-01 12:00:00+05:30,2323.699951171875,2332.800048828125,2322.60009765625,2332.800048828125,178307,0.0,0.0
2026-06-01 12:15:00+05:30,2332.60009765625,2335.0,2331.10009765625,2333.5,113985,0.0,0.0
2026-06-01 12:30:00+05:30,2333.5,2334.5,2329.699951171875,2330.0,52796,0.0,0.0
2026-06-01 12:45:00+05:30,2330.5,2334.39990234375,2329.800048828125,2331.89990234375,102064,0.0,0.0
2026-06-01 13:00:00+05:30,2331.10009765625,2333.0,2324.0,2325.39990234375,117850,0.0,0.0
2026-06-01 13:15:00+05:30,2326.0,2326.5,2322.0,2322.39990234375,54115,0.0,0.0
2026-06-01 13:30:00+05:30,2322.5,2324.0,2320.5,2321.39990234375,79586,0.0,0.0
2026-06-01 13:45:00+05:30,2321.39990234375,2321.39990234375,2314.0,2316.5,70242,0.0,0.0
2026-06-01 14:00:00+05:30,2315.60009765625,2316.5,2307.699951171875,2308.0,59905,0.0,0.0
2026-06-01 14:15:00+05:30,2308.0,2312.199951171875,2306.300048828125,2310.300048828125,82370,0.0,0.0
2026-06-01 14:30:00+05:30,2309.39990234375,2312.0,2303.199951171875,2304.0,122720,0.0,0.0
2026-06-01 14:45:00+05:30,2304.0,2306.0,2300.10009765625,2302.5,95692,0.0,0.0
2026-06-01 15:00:00+05:30,2302.60009765625,2302.60009765625,2295.199951171875,2296.699951171875,267653,0.0,0.0
2026-06-01 15:15:00+05:30,2296.699951171875,2299.800048828125,2294.10009765625,2298.89990234375,302897,0.0,0.0
2026-06-02 09:15:00+05:30,2319.89990234375,2370.60009765625,2319.89990234375,2364.10009765625,662997,0.0,0.0
2026-06-02 09:30:00+05:30,2364.10009765625,2381.60009765625,2363.199951171875,2381.60009765625,711694,0.0,0.0
2026-06-02 09:45:00+05:30,2380.10009765625,2395.0,2372.39990234375,2393.800048828125,613232,0.0,0.0
2026-06-02 10:00:00+05:30,2394.60009765625,2414.0,2390.39990234375,2411.199951171875,690064,0.0,0.0
2026-06-02 10:15:00+05:30,2411.699951171875,2423.39990234375,2411.199951171875,2415.300048828125,591690,0.0,0.0
2026-06-02 10:30:00+05:30,2415.0,2439.300048828125,2413.0,2439.0,561782,0.0,0.0
2026-06-02 10:45:00+05:30,2439.0,2444.0,2432.0,2433.199951171875,487882,0.0,0.0
2026-06-02 11:00:00+05:30,2433.199951171875,2436.0,2428.800048828125,2434.10009765625,271064,0.0,0.0
2026-06-02 11:15:00+05:30,2434.0,2451.10009765625,2434.0,2445.699951171875,514593,0.0,0.0
2026-06-02 11:30:00+05:30,2445.199951171875,2451.0,2444.0,2447.0,254209,0.0,0.0
2026-06-02 11:45:00+05:30,2447.0,2449.0,2440.699951171875,2444.10009765625,232071,0.0,0.0
2026-06-02 12:00:00+05:30,2444.10009765625,2444.10009765625,2432.60009765625,2433.10009765625,319736,0.0,0.0
2026-06-02 12:15:00+05:30,2434.0,2434.89990234375,2424.39990234375,2431.699951171875,420276,0.0,0.0
2026-06-02 12:30:00+05:30,2431.699951171875,2447.5,2431.10009765625,2446.699951171875,309047,0.0,0.0
2026-06-02 12:45:00+05:30,2446.89990234375,2457.0,2440.60009765625,2443.0,503754,0.0,0.0
2026-06-02 13:00:00+05:30,2443.60009765625,2446.0,2441.699951171875,2444.800048828125,220626,0.0,0.0
2026-06-02 13:15:00+05:30,2444.60009765625,2444.60009765625,2436.5,2438.10009765625,198899,0.0,0.0
2026-06-02 13:30:00+05:30,2438.5,2445.5,2437.5,2443.10009765625,196468,0.0,0.0
2026-06-02 13:45:00+05:30,2443.10009765625,2444.0,2439.89990234375,2441.5,166316,0.0,0.0
2026-06-02 14:00:00+05:30,2441.0,2445.800048828125,2437.300048828125,2444.699951171875,213268,0.0,0.0
2026-06-02 14:15:00+05:30,2444.699951171875,2447.10009765625,2440.0,2441.800048828125,286280,0.0,0.0
2026-06-02 14:30:00+05:30,2441.5,2444.0,2440.0,2443.699951171875,313809,0.0,0.0
2026-06-02 14:45:00+05:30,2443.699951171875,2447.5,2441.10009765625,2444.0,328662,0.0,0.0
2026-06-02 15:00:00+05:30,2444.699951171875,2447.199951171875,2441.699951171875,2443.10009765625,761704,0.0,0.0
2026-06-02 15:15:00+05:30,2443.300048828125,2454.300048828125,2443.0,2453.0,774395,0.0,0.0
2026-06-03 09:15:00+05:30,2385.89990234375,2385.89990234375,2299.0,2305.0,1677873,0.0,0.0
2026-06-03 09:30:00+05:30,2304.89990234375,2304.89990234375,2280.800048828125,2285.5,1087807,0.0,0.0
2026-06-03 09:45:00+05:30,2284.300048828125,2292.800048828125,2278.10009765625,2279.199951171875,689376,0.0,0.0
2026-06-03 10:00:00+05:30,2279.699951171875,2283.300048828125,2275.699951171875,2276.89990234375,573276,0.0,0.0
2026-06-03 10:15:00+05:30,2276.699951171875,2278.0,2268.0,2271.39990234375,736499,0.0,0.0
2026-06-03 10:30:00+05:30,2272.199951171875,2273.60009765625,2256.0,2257.0,712411,0.0,0.0
2026-06-03 10:45:00+05:30,2257.199951171875,2266.0,2255.0,2263.199951171875,418515,0.0,0.0
2026-06-03 11:00:00+05:30,2263.39990234375,2263.39990234375,2244.300048828125,2246.0,758944,0.0,0.0
2026-06-03 11:15:00+05:30,2246.199951171875,2252.39990234375,2242.300048828125,2245.5,555983,0.0,0.0
2026-06-03 11:30:00+05:30,2245.5,2252.699951171875,2245.10009765625,2250.300048828125,328816,0.0,0.0
2026-06-03 11:45:00+05:30,2250.300048828125,2253.0,2225.60009765625,2226.199951171875,770385,0.0,0.0
2026-06-03 12:00:00+05:30,2226.199951171875,2234.300048828125,2225.199951171875,2227.5,534563,0.0,0.0
2026-06-03 12:15:00+05:30,2228.0,2240.5,2227.5,2237.60009765625,291506,0.0,0.0
2026-06-03 12:30:00+05:30,2237.60009765625,2244.39990234375,2236.199951171875,2241.5,415314,0.0,0.0
2026-06-03 12:45:00+05:30,2241.5,2242.60009765625,2237.0,2239.10009765625,258892,0.0,0.0
2026-06-03 13:00:00+05:30,2238.699951171875,2239.699951171875,2233.60009765625,2239.300048828125,221794,0.0,0.0
2026-06-03 13:15:00+05:30,2241.0,2243.5,2237.5,2241.5,244730,0.0,0.0
2026-06-03 13:30:00+05:30,2241.5,2242.0,2233.699951171875,2235.60009765625,409142,0.0,0.0
2026-06-03 13:45:00+05:30,2236.0,2245.60009765625,2235.89990234375,2239.800048828125,265407,0.0,0.0
2026-06-03 14:00:00+05:30,2239.800048828125,2244.89990234375,2238.89990234375,2242.0,196093,0.0,0.0
2026-06-03 14:15:00+05:30,2242.0,2248.0,2241.89990234375,2244.300048828125,287833,0.0,0.0
2026-06-03 14:30:00+05:30,2244.5,2249.699951171875,2243.10009765625,2248.300048828125,416256,0.0,0.0
2026-06-03 14:45:00+05:30,2248.0,2249.60009765625,2245.0,2245.0,386497,0.0,0.0
2026-06-03 15:00:00+05:30,2245.89990234375,2246.300048828125,2238.89990234375,2241.0,795156,0.0,0.0
2026-06-03 15:15:00+05:30,2241.0,2245.0,2236.10009765625,2244.0,1410823,0.0,0.0
2026-06-04 09:15:00+05:30,2233.10009765625,2253.0,2219.5,2244.0,349948,0.0,0.0
2026-06-04 09:30:00+05:30,2243.699951171875,2247.39990234375,2230.10009765625,2231.800048828125,312492,0.0,0.0
2026-06-04 09:45:00+05:30,2232.89990234375,2239.300048828125,2228.0,2231.39990234375,350994,0.0,0.0
2026-06-04 10:00:00+05:30,2231.39990234375,2237.800048828125,2230.5,2233.60009765625,166543,0.0,0.0
2026-06-04 10:15:00+05:30,2233.60009765625,2236.0,2223.10009765625,2227.800048828125,213803,0.0,0.0
2026-06-04 10:30:00+05:30,2227.89990234375,2232.39990234375,2226.800048828125,2228.800048828125,129928,0.0,0.0
2026-06-04 10:45:00+05:30,2228.10009765625,2235.5,2227.800048828125,2235.0,126572,0.0,0.0
2026-06-04 11:00:00+05:30,2235.0,2235.89990234375,2228.300048828125,2231.300048828125,98330,0.0,0.0
2026-06-04 11:15:00+05:30,2231.60009765625,2232.0,2228.699951171875,2229.5,98724,0.0,0.0
2026-06-04 11:30:00+05:30,2229.60009765625,2241.699951171875,2227.0,2238.0,187285,0.0,0.0
2026-06-04 11:45:00+05:30,2237.89990234375,2240.60009765625,2234.699951171875,2236.699951171875,108580,0.0,0.0
2026-06-04 12:00:00+05:30,2237.0,2237.199951171875,2232.89990234375,2234.60009765625,91057,0.0,0.0
2026-06-04 12:15:00+05:30,2234.60009765625,2235.699951171875,2230.0,2231.199951171875,88389,0.0,0.0
2026-06-04 12:30:00+05:30,2231.10009765625,2232.89990234375,2227.10009765625,2231.39990234375,105384,0.0,0.0
2026-06-04 12:45:00+05:30,2231.39990234375,2238.0,2230.800048828125,2237.0,94128,0.0,0.0
2026-06-04 13:00:00+05:30,2237.0,2238.0,2230.60009765625,2231.0,97271,0.0,0.0
2026-06-04 13:15:00+05:30,2231.0,2235.800048828125,2228.199951171875,2234.39990234375,94654,0.0,0.0
2026-06-04 13:30:00+05:30,2233.699951171875,2237.199951171875,2232.0,2234.800048828125,79328,0.0,0.0
2026-06-04 13:45:00+05:30,2234.800048828125,2235.800048828125,2231.0,2233.89990234375,72610,0.0,0.0
2026-06-04 14:00:00+05:30,2233.89990234375,2236.0,2232.300048828125,2233.39990234375,69374,0.0,0.0
2026-06-04 14:15:00+05:30,2233.39990234375,2234.800048828125,2232.60009765625,2233.699951171875,77400,0.0,0.0
2026-06-04 14:30:00+05:30,2233.699951171875,2241.0,2233.39990234375,2239.800048828125,148220,0.0,0.0
2026-06-04 14:45:00+05:30,2239.60009765625,2242.89990234375,2237.800048828125,2239.39990234375,186406,0.0,0.0
2026-06-04 15:00:00+05:30,2239.60009765625,2240.89990234375,2235.0,2240.699951171875,315791,0.0,0.0
2026-06-04 15:15:00+05:30,2240.60009765625,2247.60009765625,2239.0,2243.300048828125,557097,0.0,0.0
2026-06-05 09:15:00+05:30,2265.0,2271.39990234375,2250.10009765625,2252.699951171875,228129,0.0,0.0
2026-06-05 09:30:00+05:30,2252.699951171875,2253.5,2245.0,2248.60009765625,207887,0.0,0.0
2026-06-05 09:45:00+05:30,2248.699951171875,2252.89990234375,2246.699951171875,2247.10009765625,107987,0.0,0.0
2026-06-05 10:00:00+05:30,2247.199951171875,2251.0,2243.300048828125,2246.5,145551,0.0,0.0
2026-06-05 10:15:00+05:30,2246.5,2248.39990234375,2232.300048828125,2233.699951171875,183127,0.0,0.0
2026-06-05 10:30:00+05:30,2232.89990234375,2234.800048828125,2225.0,2227.5,200423,0.0,0.0
2026-06-05 10:45:00+05:30,2227.5,2228.0,2222.0,2223.699951171875,152895,0.0,0.0
2026-06-05 11:00:00+05:30,2223.699951171875,2229.699951171875,2221.5,2223.10009765625,140169,0.0,0.0
2026-06-05 11:15:00+05:30,2223.10009765625,2225.5,2217.39990234375,2221.199951171875,198432,0.0,0.0
2026-06-05 11:30:00+05:30,2221.199951171875,2226.0,2220.800048828125,2224.10009765625,115869,0.0,0.0
2026-06-05 11:45:00+05:30,2224.800048828125,2225.0,2221.0,2221.300048828125,67788,0.0,0.0
2026-06-05 12:00:00+05:30,2221.5,2223.5,2218.0,2222.60009765625,93228,0.0,0.0
2026-06-05 12:15:00+05:30,2222.0,2225.89990234375,2217.10009765625,2217.10009765625,133492,0.0,0.0
2026-06-05 12:30:00+05:30,2217.5,2217.5,2208.0,2208.5,264389,0.0,0.0
2026-06-05 12:45:00+05:30,2208.5,2209.699951171875,2206.0,2206.10009765625,190271,0.0,0.0
2026-06-05 13:00:00+05:30,2206.10009765625,2207.60009765625,2202.0,2202.0,240769,0.0,0.0
2026-06-05 13:15:00+05:30,2202.0,2204.300048828125,2198.10009765625,2200.0,302404,0.0,0.0
2026-06-05 13:30:00+05:30,2199.89990234375,2201.800048828125,2198.10009765625,2198.39990234375,169211,0.0,0.0
2026-06-05 13:45:00+05:30,2198.60009765625,2200.300048828125,2198.10009765625,2200.0,74575,0.0,0.0
2026-06-05 14:00:00+05:30,2200.0,2201.800048828125,2199.300048828125,2200.0,125965,0.0,0.0
2026-06-05 14:15:00+05:30,2200.0,2203.89990234375,2199.800048828125,2203.89990234375,100453,0.0,0.0
2026-06-05 14:30:00+05:30,2203.5,2207.10009765625,2200.89990234375,2205.5,144558,0.0,0.0
2026-06-05 14:45:00+05:30,2205.800048828125,2206.89990234375,2202.10009765625,2202.89990234375,139106,0.0,0.0
2026-06-05 15:00:00+05:30,2203.0,2203.0,2200.0,2201.199951171875,353411,0.0,0.0
2026-06-05 15:15:00+05:30,2201.199951171875,2201.199951171875,2192.300048828125,2196.0,538978,0.0,0.0
2026-06-08 09:15:00+05:30,2168.0,2168.0,2145.39990234375,2152.199951171875,498986,0.0,0.0
2026-06-08 09:30:00+05:30,2152.0,2157.0,2149.0,2153.699951171875,393197,0.0,0.0
2026-06-08 09:45:00+05:30,2154.0,2168.0,2154.0,2168.0,360172,0.0,0.0
2026-06-08 10:00:00+05:30,2168.0,2171.39990234375,2162.60009765625,2163.39990234375,354697,0.0,0.0
2026-06-08 10:15:00+05:30,2163.39990234375,2168.0,2160.0,2163.0,210955,0.0,0.0
2026-06-08 10:30:00+05:30,2162.39990234375,2177.0,2162.39990234375,2169.0,360514,0.0,0.0
2026-06-08 10:45:00+05:30,2169.0,2173.5,2163.10009765625,2168.699951171875,261740,0.0,0.0
2026-06-08 11:00:00+05:30,2169.0,2169.89990234375,2163.699951171875,2164.800048828125,123733,0.0,0.0
2026-06-08 11:15:00+05:30,2164.800048828125,2167.699951171875,2161.199951171875,2162.199951171875,216719,0.0,0.0
2026-06-08 11:30:00+05:30,2162.0,2173.0,2161.199951171875,2167.5,333386,0.0,0.0
2026-06-08 11:45:00+05:30,2166.89990234375,2171.699951171875,2163.39990234375,2164.800048828125,176716,0.0,0.0
2026-06-08 12:00:00+05:30,2165.0,2172.5,2164.0,2170.800048828125,102452,0.0,0.0
2026-06-08 12:15:00+05:30,2171.0,2171.10009765625,2164.0,2164.5,104961,0.0,0.0
2026-06-08 12:30:00+05:30,2164.39990234375,2167.0,2162.5,2163.0,121073,0.0,0.0
2026-06-08 12:45:00+05:30,2162.60009765625,2168.60009765625,2162.10009765625,2162.10009765625,146569,0.0,0.0
2026-06-08 13:00:00+05:30,2162.10009765625,2162.800048828125,2155.89990234375,2158.5,135661,0.0,0.0
2026-06-08 13:15:00+05:30,2158.5,2158.89990234375,2153.5,2154.10009765625,234178,0.0,0.0
2026-06-08 13:30:00+05:30,2154.39990234375,2155.89990234375,2148.800048828125,2149.60009765625,186155,0.0,0.0
2026-06-08 13:45:00+05:30,2149.699951171875,2151.800048828125,2146.5,2150.0,143877,0.0,0.0
2026-06-08 14:00:00+05:30,2150.0,2151.699951171875,2148.5,2148.800048828125,152953,0.0,0.0
2026-06-08 14:15:00+05:30,2148.800048828125,2148.800048828125,2144.0,2144.800048828125,244282,0.0,0.0
2026-06-08 14:30:00+05:30,2144.60009765625,2147.39990234375,2143.60009765625,2146.39990234375,224254,0.0,0.0
2026-06-08 14:45:00+05:30,2146.39990234375,2155.199951171875,2145.0,2153.89990234375,451466,0.0,0.0
2026-06-08 15:00:00+05:30,2154.5,2154.5,2146.5,2151.60009765625,207319,0.0,0.0
2026-06-08 15:15:00+05:30,2151.60009765625,2154.39990234375,2150.0,2153.0,333416,0.0,0.0
2026-06-09 09:15:00+05:30,2171.0,2171.0,2152.0,2153.0,169986,0.0,0.0
2026-06-09 09:30:00+05:30,2153.300048828125,2156.5,2145.5,2145.5,236863,0.0,0.0
2026-06-09 09:45:00+05:30,2145.800048828125,2151.39990234375,2144.39990234375,2149.10009765625,124791,0.0,0.0
2026-06-09 10:00:00+05:30,2149.300048828125,2153.39990234375,2146.89990234375,2148.300048828125,85066,0.0,0.0
2026-06-09 10:15:00+05:30,2148.199951171875,2152.89990234375,2146.0,2147.5,106523,0.0,0.0
2026-06-09 10:30:00+05:30,2147.5,2150.0,2146.0,2149.0,72503,0.0,0.0
2026-06-09 10:45:00+05:30,2149.0,2152.0,2146.89990234375,2148.300048828125,90789,0.0,0.0
2026-06-09 11:00:00+05:30,2148.300048828125,2151.0,2146.0,2149.39990234375,104366,0.0,0.0
2026-06-09 11:15:00+05:30,2149.39990234375,2150.0,2146.199951171875,2149.800048828125,101301,0.0,0.0
2026-06-09 11:30:00+05:30,2149.800048828125,2152.699951171875,2147.300048828125,2152.5,139373,0.0,0.0
2026-06-09 11:45:00+05:30,2152.5,2155.0,2151.60009765625,2153.199951171875,79773,0.0,0.0
2026-06-09 12:00:00+05:30,2153.199951171875,2153.800048828125,2148.199951171875,2148.699951171875,74682,0.0,0.0
2026-06-09 12:15:00+05:30,2148.699951171875,2148.699951171875,2146.199951171875,2148.10009765625,81774,0.0,0.0
2026-06-09 12:30:00+05:30,2148.10009765625,2149.699951171875,2139.5,2141.5,204122,0.0,0.0
2026-06-09 12:45:00+05:30,2141.89990234375,2143.5,2138.10009765625,2141.39990234375,126091,0.0,0.0
2026-06-09 13:00:00+05:30,2141.300048828125,2142.60009765625,2139.60009765625,2141.60009765625,106659,0.0,0.0
2026-06-09 13:15:00+05:30,2141.699951171875,2142.89990234375,2138.5,2140.10009765625,119004,0.0,0.0
2026-06-09 13:30:00+05:30,2140.60009765625,2144.5,2139.5,2143.800048828125,145935,0.0,0.0
2026-06-09 13:45:00+05:30,2143.89990234375,2144.300048828125,2136.10009765625,2138.0,248272,0.0,0.0
2026-06-09 14:00:00+05:30,2138.0,2138.39990234375,2133.300048828125,2137.39990234375,255121,0.0,0.0
2026-06-09 14:15:00+05:30,2137.39990234375,2148.5,2137.39990234375,2148.39990234375,154319,0.0,0.0
2026-06-09 14:30:00+05:30,2148.300048828125,2151.39990234375,2148.0,2151.0,122382,0.0,0.0
2026-06-09 14:45:00+05:30,2151.0,2151.199951171875,2148.10009765625,2149.800048828125,118133,0.0,0.0
2026-06-09 15:00:00+05:30,2148.699951171875,2154.39990234375,2146.0,2153.199951171875,341132,0.0,0.0
2026-06-09 15:15:00+05:30,2153.300048828125,2153.60009765625,2148.60009765625,2151.0,289563,0.0,0.0
2026-06-10 09:15:00+05:30,2159.699951171875,2169.0,2147.0,2164.60009765625,151124,0.0,0.0
2026-06-10 09:30:00+05:30,2164.800048828125,2172.0,2161.199951171875,2171.0,129047,0.0,0.0
2026-06-10 09:45:00+05:30,2171.0,2180.60009765625,2170.5,2175.199951171875,196960,0.0,0.0
2026-06-10 10:00:00+05:30,2175.39990234375,2177.39990234375,2166.39990234375,2167.699951171875,125929,0.0,0.0
2026-06-10 10:15:00+05:30,2167.5,2169.5,2164.10009765625,2166.10009765625,79422,0.0,0.0
2026-06-10 10:30:00+05:30,2166.0,2169.0,2163.0,2164.5,76907,0.0,0.0
2026-06-10 10:45:00+05:30,2164.5,2168.199951171875,2161.10009765625,2165.89990234375,103755,0.0,0.0
2026-06-10 11:00:00+05:30,2167.300048828125,2167.800048828125,2164.0,2164.60009765625,38221,0.0,0.0
2026-06-10 11:15:00+05:30,2164.800048828125,2169.39990234375,2163.60009765625,2168.89990234375,73151,0.0,0.0
2026-06-10 11:30:00+05:30,2169.0,2169.0,2166.300048828125,2166.300048828125,48390,0.0,0.0
2026-06-10 11:45:00+05:30,2166.60009765625,2168.800048828125,2162.5,2168.800048828125,70796,0.0,0.0
2026-06-10 12:00:00+05:30,2168.60009765625,2172.199951171875,2166.0,2171.39990234375,70527,0.0,0.0
2026-06-10 12:15:00+05:30,2171.39990234375,2171.800048828125,2158.800048828125,2162.10009765625,117821,0.0,0.0
2026-06-10 12:30:00+05:30,2162.199951171875,2165.0,2158.699951171875,2159.699951171875,114740,0.0,0.0
2026-06-10 12:45:00+05:30,2159.60009765625,2168.0,2158.39990234375,2165.800048828125,67871,0.0,0.0
2026-06-10 13:00:00+05:30,2165.60009765625,2167.300048828125,2161.0,2162.39990234375,52118,0.0,0.0
2026-06-10 13:15:00+05:30,2162.800048828125,2165.800048828125,2160.199951171875,2165.199951171875,77193,0.0,0.0
2026-06-10 13:30:00+05:30,2166.800048828125,2167.300048828125,2162.300048828125,2164.0,55087,0.0,0.0
2026-06-10 13:45:00+05:30,2164.0,2164.699951171875,2162.0,2164.5,50255,0.0,0.0
2026-06-10 14:00:00+05:30,2164.39990234375,2165.5,2162.199951171875,2163.800048828125,43200,0.0,0.0
2026-06-10 14:15:00+05:30,2163.800048828125,2165.0,2160.5,2161.89990234375,57255,0.0,0.0
2026-06-10 14:30:00+05:30,2161.89990234375,2161.89990234375,2154.0,2155.39990234375,159862,0.0,0.0
2026-06-10 14:45:00+05:30,2155.60009765625,2155.60009765625,2150.300048828125,2153.0,132887,0.0,0.0
2026-06-10 15:00:00+05:30,2153.199951171875,2157.0,2151.39990234375,2153.5,191306,0.0,0.0
2026-06-10 15:15:00+05:30,2153.5,2155.699951171875,2147.89990234375,2153.89990234375,267921,0.0,0.0
2026-06-11 09:15:00+05:30,2129.699951171875,2142.39990234375,2117.699951171875,2123.199951171875,161500,0.0,0.0
2026-06-11 09:30:00+05:30,2123.39990234375,2125.0,2114.699951171875,2119.0,206479,0.0,0.0
2026-06-11 09:45:00+05:30,2118.60009765625,2124.5,2110.10009765625,2110.39990234375,196254,0.0,0.0
2026-06-11 10:00:00+05:30,2110.39990234375,2122.0,2110.300048828125,2117.800048828125,145314,0.0,0.0
2026-06-11 10:15:00+05:30,2118.0,2129.0,2116.0,2125.800048828125,133860,0.0,0.0
2026-06-11 10:30:00+05:30,2125.800048828125,2147.10009765625,2125.699951171875,2135.89990234375,295721,0.0,0.0
2026-06-11 10:45:00+05:30,2135.699951171875,2140.5,2131.60009765625,2139.60009765625,93011,0.0,0.0
2026-06-11 11:00:00+05:30,2140.199951171875,2144.89990234375,2138.0,2142.0,81721,0.0,0.0
2026-06-11 11:15:00+05:30,2142.5,2154.300048828125,2137.300048828125,2140.60009765625,185003,0.0,0.0
2026-06-11 11:30:00+05:30,2140.39990234375,2145.0,2133.89990234375,2136.89990234375,97217,0.0,0.0
2026-06-11 11:45:00+05:30,2137.300048828125,2143.60009765625,2136.199951171875,2141.5,56085,0.0,0.0
2026-06-11 12:00:00+05:30,2142.10009765625,2144.199951171875,2138.699951171875,2140.300048828125,50600,0.0,0.0
2026-06-11 12:15:00+05:30,2140.800048828125,2143.10009765625,2137.10009765625,2138.60009765625,34949,0.0,0.0
2026-06-11 12:30:00+05:30,2138.800048828125,2143.699951171875,2135.0,2136.0,70976,0.0,0.0
2026-06-11 12:45:00+05:30,2136.0,2138.39990234375,2131.60009765625,2138.0,58292,0.0,0.0
2026-06-11 13:00:00+05:30,2138.0,2139.199951171875,2135.0,2136.800048828125,37089,0.0,0.0
2026-06-11 13:15:00+05:30,2136.89990234375,2139.699951171875,2132.199951171875,2134.10009765625,72795,0.0,0.0
2026-06-11 13:30:00+05:30,2134.0,2136.800048828125,2131.0,2131.800048828125,48675,0.0,0.0
2026-06-11 13:45:00+05:30,2132.199951171875,2134.0,2131.39990234375,2132.39990234375,33596,0.0,0.0
2026-06-11 14:00:00+05:30,2132.89990234375,2134.800048828125,2131.0,2134.0,41662,0.0,0.0
2026-06-11 14:15:00+05:30,2133.800048828125,2141.10009765625,2133.0,2138.10009765625,63504,0.0,0.0
2026-06-11 14:30:00+05:30,2138.0,2141.89990234375,2133.300048828125,2134.10009765625,96936,0.0,0.0
2026-06-11 14:45:00+05:30,2134.5,2137.300048828125,2131.699951171875,2132.5,55502,0.0,0.0
2026-06-11 15:00:00+05:30,2133.0,2137.89990234375,2130.199951171875,2136.5,282652,0.0,0.0
2026-06-11 15:15:00+05:30,2136.5,2140.300048828125,2134.699951171875,2136.800048828125,287505,0.0,0.0
2026-06-12 09:15:00+05:30,2150.0,2153.10009765625,2139.800048828125,2141.89990234375,96128,0.0,0.0
2026-06-12 09:30:00+05:30,2141.89990234375,2148.39990234375,2138.5,2145.0,131149,0.0,0.0
2026-06-12 09:45:00+05:30,2144.10009765625,2144.800048828125,2140.5,2144.0,69162,0.0,0.0
2026-06-12 10:00:00+05:30,2143.10009765625,2148.800048828125,2142.60009765625,2147.89990234375,55254,0.0,0.0
2026-06-12 10:15:00+05:30,2148.60009765625,2150.199951171875,2145.0,2148.199951171875,75274,0.0,0.0
2026-06-12 10:30:00+05:30,2148.39990234375,2152.0,2147.10009765625,2152.0,61760,0.0,0.0
2026-06-12 10:45:00+05:30,2152.0,2154.39990234375,2150.39990234375,2153.0,57913,0.0,0.0
2026-06-12 11:00:00+05:30,2154.0,2168.0,2153.300048828125,2163.0,118575,0.0,0.0
2026-06-12 11:15:00+05:30,2162.60009765625,2165.0,2157.60009765625,2158.0,56122,0.0,0.0
2026-06-12 11:30:00+05:30,2158.800048828125,2160.800048828125,2158.0,2158.10009765625,34194,0.0,0.0
2026-06-12 11:45:00+05:30,2158.60009765625,2164.0,2158.0,2161.5,46222,0.0,0.0
2026-06-12 12:00:00+05:30,2162.699951171875,2163.0,2155.300048828125,2156.39990234375,55595,0.0,0.0
2026-06-12 12:15:00+05:30,2156.39990234375,2159.199951171875,2155.39990234375,2158.0,35526,0.0,0.0
2026-06-12 12:30:00+05:30,2157.300048828125,2159.0,2153.199951171875,2153.5,49412,0.0,0.0
2026-06-12 12:45:00+05:30,2153.5,2154.39990234375,2148.0,2149.10009765625,79081,0.0,0.0
2026-06-12 13:00:00+05:30,2149.0,2150.0,2146.300048828125,2149.10009765625,67115,0.0,0.0
2026-06-12 13:15:00+05:30,2148.89990234375,2154.5,2146.800048828125,2150.89990234375,78391,0.0,0.0
2026-06-12 13:30:00+05:30,2150.5,2156.0,2150.0,2155.10009765625,84972,0.0,0.0
2026-06-12 13:45:00+05:30,2155.10009765625,2158.39990234375,2154.0,2155.0,67963,0.0,0.0
2026-06-12 14:00:00+05:30,2155.800048828125,2156.5,2153.10009765625,2154.10009765625,45927,0.0,0.0
2026-06-12 14:15:00+05:30,2154.800048828125,2155.0,2149.89990234375,2152.10009765625,69082,0.0,0.0
2026-06-12 14:30:00+05:30,2152.5,2155.89990234375,2151.5,2155.0,71612,0.0,0.0
2026-06-12 14:45:00+05:30,2155.0,2157.199951171875,2153.300048828125,2155.800048828125,72630,0.0,0.0
2026-06-12 15:00:00+05:30,2156.199951171875,2166.199951171875,2154.0,2161.89990234375,187006,0.0,0.0
2026-06-12 15:15:00+05:30,2161.89990234375,2162.89990234375,2159.0,2160.10009765625,154316,0.0,0.0
2026-06-15 09:15:00+05:30,2191.60009765625,2191.60009765625,2167.10009765625,2172.39990234375,142643,0.0,0.0
2026-06-15 09:30:00+05:30,2173.300048828125,2174.10009765625,2165.39990234375,2172.800048828125,146963,0.0,0.0
2026-06-15 09:45:00+05:30,2173.39990234375,2174.800048828125,2166.699951171875,2168.0,83527,0.0,0.0
2026-06-15 10:00:00+05:30,2168.0,2172.5,2165.10009765625,2165.89990234375,65313,0.0,0.0
2026-06-15 10:15:00+05:30,2166.0,2171.800048828125,2163.89990234375,2170.800048828125,77722,0.0,0.0
2026-06-15 10:30:00+05:30,2171.10009765625,2172.89990234375,2168.5,2170.699951171875,60872,0.0,0.0
2026-06-15 10:45:00+05:30,2170.60009765625,2186.0,2170.10009765625,2183.60009765625,212290,0.0,0.0
2026-06-15 11:00:00+05:30,2183.89990234375,2185.0,2174.0,2181.10009765625,188592,0.0,0.0
2026-06-15 11:15:00+05:30,2181.39990234375,2181.89990234375,2176.39990234375,2177.60009765625,183244,0.0,0.0
2026-06-15 11:30:00+05:30,2177.60009765625,2177.89990234375,2171.39990234375,2171.60009765625,113605,0.0,0.0
2026-06-15 11:45:00+05:30,2171.89990234375,2174.39990234375,2169.800048828125,2173.60009765625,108837,0.0,0.0
2026-06-15 12:00:00+05:30,2174.0,2175.10009765625,2170.10009765625,2171.5,85137,0.0,0.0
2026-06-15 12:15:00+05:30,2172.10009765625,2172.5,2167.699951171875,2169.0,64063,0.0,0.0
2026-06-15 12:30:00+05:30,2168.89990234375,2174.300048828125,2167.800048828125,2173.699951171875,56750,0.0,0.0
2026-06-15 12:45:00+05:30,2173.39990234375,2175.300048828125,2172.39990234375,2173.39990234375,52859,0.0,0.0
2026-06-15 13:00:00+05:30,2173.39990234375,2176.0,2172.199951171875,2173.10009765625,61223,0.0,0.0
2026-06-15 13:15:00+05:30,2173.39990234375,2175.60009765625,2172.60009765625,2173.699951171875,51798,0.0,0.0
2026-06-15 13:30:00+05:30,2173.699951171875,2173.800048828125,2169.300048828125,2169.800048828125,55835,0.0,0.0
2026-06-15 13:45:00+05:30,2169.300048828125,2171.199951171875,2165.0,2169.699951171875,128851,0.0,0.0
2026-06-15 14:00:00+05:30,2169.699951171875,2171.300048828125,2168.0,2168.39990234375,62561,0.0,0.0
2026-06-15 14:15:00+05:30,2168.10009765625,2169.89990234375,2165.0,2166.199951171875,200199,0.0,0.0
2026-06-15 14:30:00+05:30,2166.199951171875,2169.0,2164.5,2164.5,154098,0.0,0.0
2026-06-15 14:45:00+05:30,2164.5,2165.199951171875,2161.39990234375,2161.800048828125,153749,0.0,0.0
2026-06-15 15:00:00+05:30,2161.39990234375,2163.800048828125,2159.300048828125,2161.39990234375,302575,0.0,0.0
2026-06-15 15:15:00+05:30,2161.39990234375,2163.800048828125,2160.800048828125,2162.60009765625,342405,0.0,0.0
2026-06-16 09:15:00+05:30,2165.0,2184.199951171875,2162.699951171875,2183.89990234375,179659,0.0,0.0
2026-06-16 09:30:00+05:30,2183.39990234375,2198.0,2183.39990234375,2192.199951171875,386627,0.0,0.0
2026-06-16 09:45:00+05:30,2192.199951171875,2195.699951171875,2186.0,2195.699951171875,210458,0.0,0.0
2026-06-16 10:00:00+05:30,2195.89990234375,2199.300048828125,2192.89990234375,2195.300048828125,132470,0.0,0.0
2026-06-16 10:15:00+05:30,2195.699951171875,2208.89990234375,2194.800048828125,2201.10009765625,226324,0.0,0.0
2026-06-16 10:30:00+05:30,2201.10009765625,2205.800048828125,2190.10009765625,2192.199951171875,160607,0.0,0.0
2026-06-16 10:45:00+05:30,2191.0,2192.89990234375,2188.5,2189.39990234375,88561,0.0,0.0
2026-06-16 11:00:00+05:30,2189.800048828125,2191.5,2183.699951171875,2184.39990234375,90373,0.0,0.0
2026-06-16 11:15:00+05:30,2184.0,2187.0,2183.60009765625,2184.800048828125,62873,0.0,0.0
2026-06-16 11:30:00+05:30,2184.89990234375,2185.60009765625,2182.0,2182.0,61678,0.0,0.0
2026-06-16 11:45:00+05:30,2181.699951171875,2185.800048828125,2179.199951171875,2181.10009765625,83221,0.0,0.0
2026-06-16 12:00:00+05:30,2181.39990234375,2184.5,2179.0,2182.60009765625,41468,0.0,0.0
2026-06-16 12:15:00+05:30,2182.60009765625,2184.699951171875,2182.0,2184.0,33315,0.0,0.0
2026-06-16 12:30:00+05:30,2183.89990234375,2188.0,2182.60009765625,2185.699951171875,54354,0.0,0.0
2026-06-16 12:45:00+05:30,2184.89990234375,2188.39990234375,2184.199951171875,2187.60009765625,44477,0.0,0.0
2026-06-16 13:00:00+05:30,2187.60009765625,2189.199951171875,2185.300048828125,2187.89990234375,48499,0.0,0.0
2026-06-16 13:15:00+05:30,2188.0,2189.300048828125,2186.5,2188.199951171875,28593,0.0,0.0
2026-06-16 13:30:00+05:30,2188.300048828125,2189.199951171875,2187.0,2188.39990234375,35737,0.0,0.0
2026-06-16 13:45:00+05:30,2188.39990234375,2189.699951171875,2186.199951171875,2189.199951171875,34026,0.0,0.0
2026-06-16 14:00:00+05:30,2189.0,2190.89990234375,2187.0,2190.10009765625,54591,0.0,0.0
2026-06-16 14:15:00+05:30,2190.300048828125,2192.0,2187.10009765625,2189.0,85535,0.0,0.0
2026-06-16 14:30:00+05:30,2189.0,2201.60009765625,2188.300048828125,2197.10009765625,159630,0.0,0.0
2026-06-16 14:45:00+05:30,2197.10009765625,2200.0,2196.0,2197.5,87230,0.0,0.0
2026-06-16 15:00:00+05:30,2197.39990234375,2199.89990234375,2196.0,2199.5,159635,0.0,0.0
2026-06-16 15:15:00+05:30,2199.5,2201.60009765625,2196.89990234375,2197.89990234375,235054,0.0,0.0
2026-06-17 09:15:00+05:30,2208.0,2228.60009765625,2201.10009765625,2221.0,252055,0.0,0.0
2026-06-17 09:30:00+05:30,2221.0,2231.0,2220.0,2221.0,260388,0.0,0.0
2026-06-17 09:45:00+05:30,2221.0,2222.39990234375,2216.199951171875,2219.800048828125,109697,0.0,0.0
2026-06-17 10:00:00+05:30,2219.10009765625,2219.199951171875,2210.10009765625,2210.199951171875,117194,0.0,0.0
2026-06-17 10:15:00+05:30,2210.60009765625,2215.10009765625,2210.0,2214.39990234375,72374,0.0,0.0
2026-06-17 10:30:00+05:30,2214.39990234375,2220.0,2213.0,2218.89990234375,128825,0.0,0.0
2026-06-17 10:45:00+05:30,2219.0,2229.39990234375,2216.0,2223.39990234375,153454,0.0,0.0
2026-06-17 11:00:00+05:30,2224.0,2224.199951171875,2220.10009765625,2223.199951171875,66187,0.0,0.0
2026-06-17 11:15:00+05:30,2223.800048828125,2224.0,2221.0,2221.699951171875,51380,0.0,0.0
2026-06-17 11:30:00+05:30,2222.800048828125,2227.89990234375,2218.0,2218.0,99688,0.0,0.0
2026-06-17 11:45:00+05:30,2218.5,2219.199951171875,2216.10009765625,2216.60009765625,54277,0.0,0.0
2026-06-17 12:00:00+05:30,2216.5,2218.60009765625,2215.0,2218.199951171875,50957,0.0,0.0
2026-06-17 12:15:00+05:30,2218.39990234375,2220.89990234375,2216.300048828125,2219.199951171875,47615,0.0,0.0
2026-06-17 12:30:00+05:30,2219.199951171875,2219.60009765625,2215.89990234375,2218.0,42045,0.0,0.0
2026-06-17 12:45:00+05:30,2217.60009765625,2219.699951171875,2216.800048828125,2219.0,31448,0.0,0.0
2026-06-17 13:00:00+05:30,2219.0,2220.0,2216.89990234375,2217.5,42175,0.0,0.0
2026-06-17 13:15:00+05:30,2217.0,2220.300048828125,2217.0,2218.39990234375,46291,0.0,0.0
2026-06-17 13:30:00+05:30,2218.0,2222.800048828125,2218.0,2221.39990234375,53851,0.0,0.0
2026-06-17 13:45:00+05:30,2221.39990234375,2223.300048828125,2218.5,2218.5,65791,0.0,0.0
2026-06-17 14:00:00+05:30,2218.60009765625,2221.5,2215.699951171875,2216.800048828125,71665,0.0,0.0
2026-06-17 14:15:00+05:30,2216.5,2218.300048828125,2213.300048828125,2214.10009765625,95463,0.0,0.0
2026-06-17 14:30:00+05:30,2213.199951171875,2219.60009765625,2212.39990234375,2219.39990234375,56047,0.0,0.0
2026-06-17 14:45:00+05:30,2219.199951171875,2220.60009765625,2216.199951171875,2220.60009765625,69940,0.0,0.0
2026-06-17 15:00:00+05:30,2219.800048828125,2224.699951171875,2219.699951171875,2223.0,307337,0.0,0.0
2026-06-17 15:15:00+05:30,2223.10009765625,2224.10009765625,2220.0,2221.0,280281,0.0,0.0
2026-06-18 09:15:00+05:30,2200.300048828125,2206.0,2188.5,2194.89990234375,175649,0.0,0.0
2026-06-18 09:30:00+05:30,2194.89990234375,2198.39990234375,2188.0,2193.699951171875,214927,0.0,0.0
2026-06-18 09:45:00+05:30,2193.699951171875,2197.89990234375,2193.10009765625,2197.300048828125,97427,0.0,0.0
2026-06-18 10:00:00+05:30,2197.800048828125,2212.60009765625,2197.5,2206.300048828125,170555,0.0,0.0
2026-06-18 10:15:00+05:30,2206.89990234375,2210.60009765625,2205.5,2209.699951171875,76692,0.0,0.0
2026-06-18 10:30:00+05:30,2209.699951171875,2211.0,2202.0,2205.0,88499,0.0,0.0
2026-06-18 10:45:00+05:30,2205.0,2208.699951171875,2205.0,2208.60009765625,52121,0.0,0.0
2026-06-18 11:00:00+05:30,2208.699951171875,2211.0,2202.699951171875,2203.300048828125,57407,0.0,0.0
2026-06-18 11:15:00+05:30,2203.300048828125,2203.300048828125,2184.0,2185.5,221780,0.0,0.0
2026-06-18 11:30:00+05:30,2185.699951171875,2188.5,2182.10009765625,2183.300048828125,178596,0.0,0.0
2026-06-18 11:45:00+05:30,2183.5,2185.0,2182.199951171875,2185.0,72423,0.0,0.0
2026-06-18 12:00:00+05:30,2185.0,2189.0,2183.699951171875,2188.699951171875,78480,0.0,0.0
2026-06-18 12:15:00+05:30,2188.39990234375,2190.300048828125,2187.300048828125,2190.0,50019,0.0,0.0
2026-06-18 12:30:00+05:30,2190.39990234375,2190.39990234375,2186.0,2187.5,48428,0.0,0.0
2026-06-18 12:45:00+05:30,2187.60009765625,2194.300048828125,2185.10009765625,2194.0,68079,0.0,0.0
2026-06-18 13:00:00+05:30,2194.0,2194.699951171875,2191.89990234375,2193.89990234375,45011,0.0,0.0
2026-06-18 13:15:00+05:30,2194.89990234375,2195.699951171875,2192.800048828125,2194.800048828125,55577,0.0,0.0
2026-06-18 13:30:00+05:30,2194.89990234375,2195.800048828125,2192.199951171875,2193.10009765625,44939,0.0,0.0
2026-06-18 13:45:00+05:30,2193.10009765625,2194.39990234375,2190.5,2191.0,73477,0.0,0.0
2026-06-18 14:00:00+05:30,2191.10009765625,2192.39990234375,2188.0,2189.199951171875,82545,0.0,0.0
2026-06-18 14:15:00+05:30,2189.199951171875,2190.10009765625,2187.5,2189.0,41896,0.0,0.0
2026-06-18 14:30:00+05:30,2188.89990234375,2195.0,2188.300048828125,2192.89990234375,141910,0.0,0.0
2026-06-18 14:45:00+05:30,2193.0,2194.60009765625,2191.300048828125,2193.800048828125,97030,0.0,0.0
2026-06-18 15:00:00+05:30,2193.800048828125,2208.0,2193.10009765625,2203.60009765625,660947,0.0,0.0
2026-06-18 15:15:00+05:30,2203.60009765625,2206.60009765625,2202.39990234375,2203.0,578366,0.0,0.0
2026-06-19 09:15:00+05:30,2111.89990234375,2111.89990234375,2062.199951171875,2069.10009765625,976120,0.0,0.0
2026-06-19 09:30:00+05:30,2068.60009765625,2080.0,2065.60009765625,2074.5,972037,0.0,0.0
2026-06-19 09:45:00+05:30,2074.5,2085.0,2069.10009765625,2084.0,781359,0.0,0.0
2026-06-19 10:00:00+05:30,2084.300048828125,2086.60009765625,2076.0,2079.10009765625,497219,0.0,0.0
2026-06-19 10:15:00+05:30,2078.89990234375,2081.300048828125,2072.89990234375,2076.699951171875,395313,0.0,0.0
2026-06-19 10:30:00+05:30,2076.5,2077.199951171875,2072.5,2073.60009765625,275729,0.0,0.0
2026-06-19 10:45:00+05:30,2073.800048828125,2078.800048828125,2071.60009765625,2072.5,267145,0.0,0.0
2026-06-19 11:00:00+05:30,2072.5,2078.0,2070.39990234375,2075.800048828125,278592,0.0,0.0
2026-06-19 11:15:00+05:30,2075.800048828125,2077.89990234375,2074.199951171875,2075.5,187984,0.0,0.0
2026-06-19 11:30:00+05:30,2075.699951171875,2077.300048828125,2072.5,2073.800048828125,168855,0.0,0.0
2026-06-19 11:45:00+05:30,2073.89990234375,2073.89990234375,2070.0,2072.800048828125,321886,0.0,0.0
2026-06-19 12:00:00+05:30,2073.300048828125,2083.800048828125,2072.0,2082.800048828125,313004,0.0,0.0
2026-06-19 12:15:00+05:30,2082.5,2088.5,2081.300048828125,2084.0,390186,0.0,0.0
2026-06-19 12:30:00+05:30,2084.0,2085.0,2075.39990234375,2076.89990234375,315842,0.0,0.0
2026-06-19 12:45:00+05:30,2077.0,2079.0,2072.0,2074.60009765625,163760,0.0,0.0
2026-06-19 13:00:00+05:30,2074.199951171875,2075.800048828125,2072.300048828125,2073.0,171304,0.0,0.0
2026-06-19 13:15:00+05:30,2073.300048828125,2075.5,2071.5,2074.89990234375,118386,0.0,0.0
2026-06-19 13:30:00+05:30,2074.89990234375,2075.39990234375,2072.0,2074.60009765625,139048,0.0,0.0
2026-06-19 13:45:00+05:30,2074.60009765625,2084.89990234375,2073.800048828125,2082.0,366192,0.0,0.0
2026-06-19 14:00:00+05:30,2082.0,2082.5,2077.39990234375,2081.60009765625,156681,0.0,0.0
2026-06-19 14:15:00+05:30,2081.5,2094.0,2081.5,2092.699951171875,408500,0.0,0.0
2026-06-19 14:30:00+05:30,2092.800048828125,2102.699951171875,2090.39990234375,2101.10009765625,364946,0.0,0.0
2026-06-19 14:45:00+05:30,2101.10009765625,2110.699951171875,2100.0,2110.699951171875,358828,0.0,0.0
2026-06-19 15:00:00+05:30,2110.0,2130.60009765625,2109.199951171875,2129.699951171875,1922065,0.0,0.0
2026-06-19 15:15:00+05:30,2130.0,2138.0,2124.5,2136.300048828125,1106529,0.0,0.0
2026-06-22 09:15:00+05:30,2132.199951171875,2150.0,2131.800048828125,2133.39990234375,167419,0.0,0.0
2026-06-22 09:30:00+05:30,2133.800048828125,2141.800048828125,2131.60009765625,2134.300048828125,215762,0.0,0.0
2026-06-22 09:45:00+05:30,2134.300048828125,2141.0,2132.10009765625,2138.89990234375,137167,0.0,0.0
2026-06-22 10:00:00+05:30,2138.800048828125,2139.699951171875,2132.0,2134.0,122427,0.0,0.0
2026-06-22 10:15:00+05:30,2133.5,2134.10009765625,2129.699951171875,2131.89990234375,147406,0.0,0.0
2026-06-22 10:30:00+05:30,2131.800048828125,2131.800048828125,2125.89990234375,2127.300048828125,123365,0.0,0.0
2026-06-22 10:45:00+05:30,2127.300048828125,2137.89990234375,2126.89990234375,2136.89990234375,244703,0.0,0.0
2026-06-22 11:00:00+05:30,2137.0,2154.89990234375,2135.699951171875,2152.699951171875,367919,0.0,0.0
2026-06-22 11:15:00+05:30,2153.5,2157.0,2147.800048828125,2156.0,230345,0.0,0.0
2026-06-22 11:30:00+05:30,2156.300048828125,2156.300048828125,2147.800048828125,2149.0,79289,0.0,0.0
2026-06-22 11:45:00+05:30,2149.0,2149.0,2141.699951171875,2145.89990234375,95816,0.0,0.0
2026-06-22 12:00:00+05:30,2146.10009765625,2147.0,2143.300048828125,2144.800048828125,72399,0.0,0.0
2026-06-22 12:15:00+05:30,2144.800048828125,2147.10009765625,2143.300048828125,2145.60009765625,75360,0.0,0.0
2026-06-22 12:30:00+05:30,2145.60009765625,2147.5,2142.199951171875,2143.199951171875,92646,0.0,0.0
2026-06-22 12:45:00+05:30,2142.89990234375,2145.5,2141.0,2141.60009765625,78768,0.0,0.0
2026-06-22 13:00:00+05:30,2141.60009765625,2142.39990234375,2138.300048828125,2139.10009765625,77806,0.0,0.0
2026-06-22 13:15:00+05:30,2139.199951171875,2140.5,2134.0,2135.0,90372,0.0,0.0
2026-06-22 13:30:00+05:30,2135.0,2136.0,2130.0,2133.60009765625,88634,0.0,0.0
2026-06-22 13:45:00+05:30,2133.0,2134.199951171875,2130.300048828125,2133.199951171875,53256,0.0,0.0
2026-06-22 14:00:00+05:30,2133.0,2137.699951171875,2132.199951171875,2132.699951171875,79943,0.0,0.0
2026-06-22 14:15:00+05:30,2133.300048828125,2136.89990234375,2132.10009765625,2136.800048828125,56174,0.0,0.0
2026-06-22 14:30:00+05:30,2136.89990234375,2137.89990234375,2133.0,2133.10009765625,92009,0.0,0.0
2026-06-22 14:45:00+05:30,2133.800048828125,2135.39990234375,2131.10009765625,2131.60009765625,81090,0.0,0.0
2026-06-22 15:00:00+05:30,2131.60009765625,2131.699951171875,2124.0,2124.39990234375,581834,0.0,0.0
2026-06-22 15:15:00+05:30,2125.10009765625,2137.300048828125,2121.300048828125,2129.0,875106,0.0,0.0
2026-06-23 09:15:00+05:30,2114.0,2114.0,2087.0,2088.800048828125,285356,0.0,0.0
2026-06-23 09:30:00+05:30,2089.199951171875,2093.0,2083.0,2085.199951171875,393115,0.0,0.0
2026-06-23 09:45:00+05:30,2085.10009765625,2086.699951171875,2082.199951171875,2083.300048828125,293953,0.0,0.0
2026-06-23 10:00:00+05:30,2083.0,2088.39990234375,2082.89990234375,2087.60009765625,198368,0.0,0.0
2026-06-23 10:15:00+05:30,2087.60009765625,2090.699951171875,2081.10009765625,2083.0,230095,0.0,0.0
2026-06-23 10:30:00+05:30,2082.5,2083.0,2080.10009765625,2080.199951171875,205624,0.0,0.0
2026-06-23 10:45:00+05:30,2080.199951171875,2080.199951171875,2073.0,2073.0,362811,0.0,0.0
2026-06-23 11:00:00+05:30,2073.60009765625,2075.199951171875,2070.199951171875,2071.10009765625,274016,0.0,0.0
2026-06-23 11:15:00+05:30,2070.699951171875,2075.800048828125,2070.0,2070.699951171875,194196,0.0,0.0
2026-06-23 11:30:00+05:30,2070.300048828125,2071.300048828125,2068.199951171875,2069.0,189680,0.0,0.0
2026-06-23 11:45:00+05:30,2069.0,2070.5,2065.300048828125,2066.800048828125,164662,0.0,0.0
2026-06-23 12:00:00+05:30,2066.300048828125,2069.0,2065.60009765625,2066.800048828125,128120,0.0,0.0
2026-06-23 12:15:00+05:30,2066.5,2068.5,2065.0,2066.199951171875,118397,0.0,0.0
2026-06-23 12:30:00+05:30,2066.5,2066.800048828125,2062.0,2063.60009765625,173013,0.0,0.0
2026-06-23 12:45:00+05:30,2063.199951171875,2065.0,2061.10009765625,2065.0,123417,0.0,0.0
2026-06-23 13:00:00+05:30,2064.699951171875,2067.10009765625,2063.0,2064.5,109528,0.0,0.0
2026-06-23 13:15:00+05:30,2064.5,2066.89990234375,2061.0,2061.39990234375,165979,0.0,0.0
2026-06-23 13:30:00+05:30,2061.699951171875,2066.0,2061.0,2065.300048828125,160012,0.0,0.0
2026-06-23 13:45:00+05:30,2065.0,2065.5,2062.10009765625,2062.89990234375,164359,0.0,0.0
2026-06-23 14:00:00+05:30,2063.199951171875,2066.800048828125,2062.89990234375,2066.0,160992,0.0,0.0
2026-06-23 14:15:00+05:30,2065.60009765625,2068.5,2063.300048828125,2068.300048828125,194564,0.0,0.0
2026-06-23 14:30:00+05:30,2068.0,2068.800048828125,2065.699951171875,2068.800048828125,232974,0.0,0.0
2026-06-23 14:45:00+05:30,2069.300048828125,2072.300048828125,2068.89990234375,2069.699951171875,275457,0.0,0.0
2026-06-23 15:00:00+05:30,2069.699951171875,2069.699951171875,2057.60009765625,2057.699951171875,556517,0.0,0.0
2026-06-23 15:15:00+05:30,2057.699951171875,2060.0,2055.0,2060.0,599744,0.0,0.0
2026-06-24 09:15:00+05:30,2067.39990234375,2075.300048828125,2063.5,2066.800048828125,189045,0.0,0.0
2026-06-24 09:30:00+05:30,2067.0,2078.199951171875,2062.60009765625,2076.699951171875,209207,0.0,0.0
2026-06-24 09:45:00+05:30,2076.800048828125,2082.60009765625,2070.10009765625,2070.5,242660,0.0,0.0
2026-06-24 10:00:00+05:30,2070.5,2073.0,2069.0,2070.89990234375,210853,0.0,0.0
2026-06-24 10:15:00+05:30,2070.89990234375,2087.699951171875,2070.199951171875,2083.89990234375,265521,0.0,0.0
2026-06-24 10:30:00+05:30,2084.39990234375,2092.0,2082.5,2084.89990234375,258654,0.0,0.0
2026-06-24 10:45:00+05:30,2084.89990234375,2086.0,2077.199951171875,2080.89990234375,103367,0.0,0.0
2026-06-24 11:00:00+05:30,2081.0,2091.39990234375,2078.0,2090.699951171875,119745,0.0,0.0
2026-06-24 11:15:00+05:30,2090.39990234375,2093.5,2089.199951171875,2090.5,177725,0.0,0.0
2026-06-24 11:30:00+05:30,2090.60009765625,2092.5,2087.10009765625,2090.60009765625,131953,0.0,0.0
2026-06-24 11:45:00+05:30,2091.39990234375,2094.39990234375,2089.0,2094.0,112787,0.0,0.0
2026-06-24 12:00:00+05:30,2093.10009765625,2096.5,2090.10009765625,2091.89990234375,136590,0.0,0.0
2026-06-24 12:15:00+05:30,2091.89990234375,2094.89990234375,2088.699951171875,2090.39990234375,123963,0.0,0.0
2026-06-24 12:30:00+05:30,2090.300048828125,2093.300048828125,2087.199951171875,2091.0,91353,0.0,0.0
2026-06-24 12:45:00+05:30,2090.89990234375,2094.199951171875,2090.300048828125,2091.300048828125,92797,0.0,0.0
2026-06-24 13:00:00+05:30,2091.10009765625,2108.699951171875,2091.0,2105.0,204198,0.0,0.0
2026-06-24 13:15:00+05:30,2105.699951171875,2109.60009765625,2101.199951171875,2107.0,137050,0.0,0.0
2026-06-24 13:30:00+05:30,2106.199951171875,2111.60009765625,2105.0,2108.89990234375,137609,0.0,0.0
2026-06-24 13:45:00+05:30,2109.199951171875,2112.5,2107.0,2109.60009765625,148401,0.0,0.0
2026-06-24 14:00:00+05:30,2109.5,2118.39990234375,2106.300048828125,2118.0,180775,0.0,0.0
2026-06-24 14:15:00+05:30,2118.0,2120.699951171875,2111.800048828125,2117.300048828125,212736,0.0,0.0
2026-06-24 14:30:00+05:30,2117.300048828125,2119.0,2110.300048828125,2117.199951171875,139530,0.0,0.0
2026-06-24 14:45:00+05:30,2117.39990234375,2119.0,2112.0,2112.89990234375,134169,0.0,0.0
2026-06-24 15:00:00+05:30,2112.10009765625,2112.39990234375,2107.0,2109.699951171875,351920,0.0,0.0
2026-06-24 15:15:00+05:30,2109.39990234375,2111.0,2106.199951171875,2107.10009765625,410022,0.0,0.0
2026-06-25 09:15:00+05:30,2132.0,2139.199951171875,2116.10009765625,2117.199951171875,140407,0.0,0.0
2026-06-25 09:30:00+05:30,2118.5,2121.800048828125,2111.0,2119.199951171875,185367,0.0,0.0
2026-06-25 09:45:00+05:30,2120.0,2131.699951171875,2119.0,2130.699951171875,174477,0.0,0.0
2026-06-25 10:00:00+05:30,2131.0,2148.39990234375,2130.89990234375,2144.89990234375,364704,0.0,0.0
2026-06-25 10:15:00+05:30,2144.699951171875,2145.0,2138.0,2139.60009765625,122816,0.0,0.0
2026-06-25 10:30:00+05:30,2139.800048828125,2142.39990234375,2136.60009765625,2140.39990234375,72159,0.0,0.0
2026-06-25 10:45:00+05:30,2140.0,2141.60009765625,2131.300048828125,2134.800048828125,86194,0.0,0.0
2026-06-25 11:00:00+05:30,2135.0,2135.10009765625,2126.5,2132.0,153135,0.0,0.0
2026-06-25 11:15:00+05:30,2132.39990234375,2133.0,2121.39990234375,2122.300048828125,124960,0.0,0.0
2026-06-25 11:30:00+05:30,2122.300048828125,2131.5,2121.60009765625,2128.0,133765,0.0,0.0
2026-06-25 11:45:00+05:30,2128.0,2134.800048828125,2126.699951171875,2131.300048828125,179675,0.0,0.0
2026-06-25 12:00:00+05:30,2131.89990234375,2132.10009765625,2125.199951171875,2125.5,102961,0.0,0.0
2026-06-25 12:15:00+05:30,2125.800048828125,2126.800048828125,2122.0,2124.0,138856,0.0,0.0
2026-06-25 12:30:00+05:30,2124.199951171875,2124.800048828125,2117.0,2120.10009765625,156343,0.0,0.0
2026-06-25 12:45:00+05:30,2120.10009765625,2122.0,2117.5,2121.800048828125,107185,0.0,0.0
2026-06-25 13:00:00+05:30,2121.800048828125,2128.0,2120.5,2121.300048828125,104615,0.0,0.0
2026-06-25 13:15:00+05:30,2121.39990234375,2129.800048828125,2120.800048828125,2122.800048828125,97573,0.0,0.0
2026-06-25 13:30:00+05:30,2122.800048828125,2126.0,2122.0,2124.800048828125,73960,0.0,0.0
2026-06-25 13:45:00+05:30,2124.60009765625,2127.300048828125,2121.699951171875,2124.699951171875,93759,0.0,0.0
2026-06-25 14:00:00+05:30,2124.10009765625,2127.39990234375,2117.60009765625,2119.800048828125,121871,0.0,0.0
2026-06-25 14:15:00+05:30,2119.39990234375,2119.5,2108.5,2110.300048828125,151198,0.0,0.0
2026-06-25 14:30:00+05:30,2110.300048828125,2112.60009765625,2102.39990234375,2102.800048828125,178049,0.0,0.0
2026-06-25 14:45:00+05:30,2102.800048828125,2104.5,2097.10009765625,2098.199951171875,312560,0.0,0.0
2026-06-25 15:00:00+05:30,2098.89990234375,2099.699951171875,2094.89990234375,2095.89990234375,508997,0.0,0.0
2026-06-25 15:15:00+05:30,2095.800048828125,2096.60009765625,2088.699951171875,2095.0,554029,0.0,0.0
2026-06-29 09:15:00+05:30,2091.199951171875,2093.89990234375,2075.39990234375,2084.699951171875,129169,0.0,0.0
2026-06-29 09:30:00+05:30,2084.89990234375,2088.0,2078.0,2080.39990234375,104000,0.0,0.0
2026-06-29 09:45:00+05:30,2080.60009765625,2081.800048828125,2072.5,2081.39990234375,126297,0.0,0.0
2026-06-29 10:00:00+05:30,2081.800048828125,2085.699951171875,2077.5,2078.5,75699,0.0,0.0
2026-06-29 10:15:00+05:30,2078.800048828125,2090.0,2077.800048828125,2085.0,83568,0.0,0.0
2026-06-29 10:30:00+05:30,2084.89990234375,2086.300048828125,2077.800048828125,2081.199951171875,77480,0.0,0.0
2026-06-29 10:45:00+05:30,2082.300048828125,2082.5,2076.0,2079.10009765625,63492,0.0,0.0
2026-06-29 11:00:00+05:30,2078.5,2083.10009765625,2078.5,2081.300048828125,60366,0.0,0.0
2026-06-29 11:15:00+05:30,2082.0,2088.0,2080.5,2086.5,67542,0.0,0.0
2026-06-29 11:30:00+05:30,2085.800048828125,2087.89990234375,2081.699951171875,2084.89990234375,52608,0.0,0.0
2026-06-29 11:45:00+05:30,2084.800048828125,2085.60009765625,2079.0,2080.0,41729,0.0,0.0
2026-06-29 12:00:00+05:30,2080.699951171875,2084.300048828125,2080.0,2083.0,31637,0.0,0.0
2026-06-29 12:15:00+05:30,2083.5,2083.699951171875,2077.199951171875,2077.699951171875,45530,0.0,0.0
2026-06-29 12:30:00+05:30,2077.800048828125,2078.5,2072.60009765625,2076.199951171875,69453,0.0,0.0
2026-06-29 12:45:00+05:30,2076.199951171875,2080.60009765625,2076.10009765625,2080.199951171875,42066,0.0,0.0
2026-06-29 13:00:00+05:30,2081.5,2082.699951171875,2077.699951171875,2079.89990234375,64324,0.0,0.0
2026-06-29 13:15:00+05:30,2079.89990234375,2083.39990234375,2077.800048828125,2082.699951171875,42939,0.0,0.0
2026-06-29 13:30:00+05:30,2082.60009765625,2084.300048828125,2078.800048828125,2079.0,46879,0.0,0.0
2026-06-29 13:45:00+05:30,2079.10009765625,2085.0,2078.0,2084.39990234375,59498,0.0,0.0
2026-06-29 14:00:00+05:30,2084.199951171875,2086.89990234375,2082.5,2086.0,117719,0.0,0.0
2026-06-29 14:15:00+05:30,2086.800048828125,2086.89990234375,2083.10009765625,2085.0,115707,0.0,0.0
2026-06-29 14:30:00+05:30,2085.5,2087.0,2083.10009765625,2086.699951171875,80329,0.0,0.0
2026-06-29 14:45:00+05:30,2087.39990234375,2088.0,2083.0,2084.60009765625,63944,0.0,0.0
2026-06-29 15:00:00+05:30,2086.0,2104.0,2086.0,2102.89990234375,805381,0.0,0.0
2026-06-29 15:15:00+05:30,2102.89990234375,2105.0,2090.199951171875,2092.60009765625,740485,0.0,0.0
2026-06-30 09:15:00+05:30,2089.89990234375,2103.199951171875,2063.60009765625,2063.699951171875,280776,0.0,0.0
2026-06-30 09:30:00+05:30,2063.800048828125,2063.800048828125,2037.300048828125,2040.199951171875,539005,0.0,0.0
2026-06-30 09:45:00+05:30,2040.800048828125,2053.5,2038.4000244140625,2050.699951171875,219763,0.0,0.0
2026-06-30 10:00:00+05:30,2050.60009765625,2054.89990234375,2048.10009765625,2051.0,120386,0.0,0.0
2026-06-30 10:15:00+05:30,2051.5,2058.39990234375,2049.10009765625,2054.300048828125,157240,0.0,0.0
2026-06-30 10:30:00+05:30,2054.10009765625,2055.199951171875,2049.39990234375,2051.39990234375,81852,0.0,0.0
2026-06-30 10:45:00+05:30,2051.5,2053.300048828125,2049.0,2050.800048828125,57889,0.0,0.0
2026-06-30 11:00:00+05:30,2050.60009765625,2058.699951171875,2049.60009765625,2058.39990234375,169367,0.0,0.0
2026-06-30 11:15:00+05:30,2058.199951171875,2060.0,2052.0,2054.0,132708,0.0,0.0
2026-06-30 11:30:00+05:30,2053.5,2054.0,2044.199951171875,2046.0,233954,0.0,0.0
2026-06-30 11:45:00+05:30,2046.0,2047.9000244140625,2043.199951171875,2046.800048828125,170300,0.0,0.0
2026-06-30 12:00:00+05:30,2045.699951171875,2047.0,2038.5,2040.0,220838,0.0,0.0
2026-06-30 12:15:00+05:30,2040.0,2043.5999755859375,2039.5,2040.9000244140625,161331,0.0,0.0
2026-06-30 12:30:00+05:30,2040.9000244140625,2048.0,2039.0999755859375,2047.5999755859375,182149,0.0,0.0
2026-06-30 12:45:00+05:30,2047.800048828125,2049.39990234375,2043.5999755859375,2047.0,135886,0.0,0.0
2026-06-30 13:00:00+05:30,2047.0,2047.800048828125,2044.300048828125,2045.4000244140625,102567,0.0,0.0
2026-06-30 13:15:00+05:30,2046.0,2048.0,2043.0,2044.699951171875,105509,0.0,0.0
2026-06-30 13:30:00+05:30,2044.699951171875,2045.800048828125,2038.300048828125,2040.0,238058,0.0,0.0
2026-06-30 13:45:00+05:30,2040.0,2043.0,2039.0,2039.9000244140625,139561,0.0,0.0
2026-06-30 14:00:00+05:30,2040.199951171875,2040.699951171875,2030.300048828125,2031.0999755859375,322385,0.0,0.0
2026-06-30 14:15:00+05:30,2031.300048828125,2036.699951171875,2026.5,2033.0999755859375,343227,0.0,0.0
2026-06-30 14:30:00+05:30,2032.5,2035.9000244140625,2030.199951171875,2035.0,252439,0.0,0.0
2026-06-30 14:45:00+05:30,2035.0999755859375,2035.4000244140625,2029.0999755859375,2030.0,264940,0.0,0.0
2026-06-30 15:00:00+05:30,2029.9000244140625,2045.0999755859375,2018.9000244140625,2035.0999755859375,1283608,0.0,0.0
2026-06-30 15:15:00+05:30,2035.0,2036.9000244140625,2026.699951171875,2033.0,746542,0.0,0.0
2026-07-01 09:15:00+05:30,2037.0999755859375,2052.0,2032.0,2049.39990234375,110909,0.0,0.0
2026-07-01 09:30:00+05:30,2048.300048828125,2049.39990234375,2038.5,2041.5,118818,0.0,0.0
2026-07-01 09:45:00+05:30,2042.9000244140625,2049.699951171875,2041.9000244140625,2042.300048828125,98173,0.0,0.0
2026-07-01 10:00:00+05:30,2042.300048828125,2044.699951171875,2041.300048828125,2043.9000244140625,57229,0.0,0.0
2026-07-01 10:15:00+05:30,2043.9000244140625,2044.800048828125,2033.9000244140625,2035.199951171875,169152,0.0,0.0
2026-07-01 10:30:00+05:30,2036.0,2038.0,2035.0,2035.0999755859375,62356,0.0,0.0
2026-07-01 10:45:00+05:30,2035.0999755859375,2038.0,2034.0999755859375,2037.699951171875,60570,0.0,0.0
2026-07-01 11:00:00+05:30,2038.0,2039.4000244140625,2035.699951171875,2037.699951171875,42345,0.0,0.0
2026-07-01 11:15:00+05:30,2037.699951171875,2038.0,2034.5999755859375,2036.0,53746,0.0,0.0
2026-07-01 11:30:00+05:30,2035.9000244140625,2037.5,2033.300048828125,2036.5,43979,0.0,0.0
2026-07-01 11:45:00+05:30,2036.300048828125,2037.699951171875,2033.0,2035.800048828125,54908,0.0,0.0
2026-07-01 12:00:00+05:30,2035.9000244140625,2035.9000244140625,2027.0,2028.199951171875,103685,0.0,0.0
2026-07-01 12:15:00+05:30,2028.0999755859375,2028.199951171875,2021.0999755859375,2021.4000244140625,140181,0.0,0.0
2026-07-01 12:30:00+05:30,2021.5,2024.699951171875,2019.9000244140625,2020.0,106084,0.0,0.0
2026-07-01 12:45:00+05:30,2020.0,2020.199951171875,2013.199951171875,2013.199951171875,108427,0.0,0.0
2026-07-01 13:00:00+05:30,2013.9000244140625,2017.300048828125,2013.0999755859375,2015.0,97864,0.0,0.0
2026-07-01 13:15:00+05:30,2015.4000244140625,2016.0999755859375,2008.5,2008.800048828125,126414,0.0,0.0
2026-07-01 13:30:00+05:30,2008.300048828125,2009.800048828125,2002.0,2003.5999755859375,218859,0.0,0.0
2026-07-01 13:45:00+05:30,2003.5999755859375,2003.800048828125,1999.0999755859375,2000.0,317335,0.0,0.0
2026-07-01 14:00:00+05:30,1999.9000244140625,2000.199951171875,1993.199951171875,1995.0999755859375,249683,0.0,0.0
2026-07-01 14:15:00+05:30,1995.0,1996.5,1989.800048828125,1989.800048828125,311074,0.0,0.0
2026-07-01 14:30:00+05:30,1989.0,1993.199951171875,1983.699951171875,1989.5,460957,0.0,0.0
2026-07-01 14:45:00+05:30,1989.5,1990.4000244140625,1985.0,1987.9000244140625,371197,0.0,0.0
2026-07-01 15:00:00+05:30,1988.699951171875,1989.9000244140625,1983.4000244140625,1984.300048828125,368324,0.0,0.0
2026-07-01 15:15:00+05:30,1984.199951171875,1985.0999755859375,1976.800048828125,1982.0,565830,0.0,0.0
2026-07-02 09:15:00+05:30,2005.199951171875,2047.300048828125,2005.199951171875,2036.9000244140625,594411,0.0,0.0
2026-07-02 09:30:00+05:30,2037.0,2047.4000244140625,2034.0,2044.4000244140625,399814,0.0,0.0
2026-07-02 09:45:00+05:30,2045.0,2047.5,2038.5,2045.4000244140625,262559,0.0,0.0
2026-07-02 10:00:00+05:30,2045.4000244140625,2045.5999755859375,2039.5999755859375,2042.0,143714,0.0,0.0
2026-07-02 10:15:00+05:30,2041.5999755859375,2049.0,2041.0,2047.0,218045,0.0,0.0
2026-07-02 10:30:00+05:30,2047.5,2048.0,2042.800048828125,2045.300048828125,121270,0.0,0.0
2026-07-02 10:45:00+05:30,2045.199951171875,2052.0,2044.0999755859375,2049.300048828125,198957,0.0,0.0
2026-07-02 11:00:00+05:30,2049.89990234375,2050.0,2044.0,2048.800048828125,115172,0.0,0.0
2026-07-02 11:15:00+05:30,2048.199951171875,2055.0,2047.0,2050.800048828125,185513,0.0,0.0
2026-07-02 11:30:00+05:30,2050.89990234375,2051.5,2048.0,2049.10009765625,87264,0.0,0.0
2026-07-02 11:45:00+05:30,2049.60009765625,2055.0,2049.10009765625,2054.39990234375,142441,0.0,0.0
2026-07-02 12:00:00+05:30,2054.300048828125,2062.39990234375,2053.0,2058.0,265240,0.0,0.0
2026-07-02 12:15:00+05:30,2058.0,2059.800048828125,2055.10009765625,2059.10009765625,131592,0.0,0.0
2026-07-02 12:30:00+05:30,2059.10009765625,2060.5,2057.10009765625,2058.0,95605,0.0,0.0
2026-07-02 12:45:00+05:30,2058.0,2064.0,2057.300048828125,2060.0,162727,0.0,0.0
2026-07-02 13:00:00+05:30,2060.0,2063.5,2059.39990234375,2062.0,88962,0.0,0.0
2026-07-02 13:15:00+05:30,2062.0,2062.800048828125,2057.10009765625,2060.89990234375,123506,0.0,0.0
2026-07-02 13:30:00+05:30,2060.5,2063.5,2060.0,2063.10009765625,101763,0.0,0.0
2026-07-02 13:45:00+05:30,2063.10009765625,2070.89990234375,2062.300048828125,2065.300048828125,389972,0.0,0.0
2026-07-02 14:00:00+05:30,2066.0,2067.60009765625,2061.39990234375,2064.39990234375,165093,0.0,0.0
2026-07-02 14:15:00+05:30,2065.199951171875,2066.0,2061.39990234375,2064.699951171875,130416,0.0,0.0
2026-07-02 14:30:00+05:30,2064.800048828125,2075.0,2061.800048828125,2073.39990234375,253668,0.0,0.0
2026-07-02 14:45:00+05:30,2073.39990234375,2076.800048828125,2068.10009765625,2069.699951171875,213384,0.0,0.0
2026-07-02 15:00:00+05:30,2069.699951171875,2069.699951171875,2064.199951171875,2068.10009765625,297855,0.0,0.0
2026-07-02 15:15:00+05:30,2068.199951171875,2072.89990234375,2067.5,2068.10009765625,349306,0.0,0.0
2026-07-03 09:15:00+05:30,2097.0,2116.199951171875,2097.0,2104.89990234375,308590,0.0,0.0
2026-07-03 09:30:00+05:30,2105.89990234375,2106.5,2086.10009765625,2087.39990234375,417873,0.0,0.0
2026-07-03 09:45:00+05:30,2085.800048828125,2096.39990234375,2085.0,2091.800048828125,229336,0.0,0.0
2026-07-03 10:00:00+05:30,2092.699951171875,2099.5,2088.800048828125,2093.5,146024,0.0,0.0
2026-07-03 10:15:00+05:30,2093.5,2093.800048828125,2086.800048828125,2089.10009765625,93651,0.0,0.0
2026-07-03 10:30:00+05:30,2090.0,2096.0,2088.5,2093.0,58767,0.0,0.0
2026-07-03 10:45:00+05:30,2093.5,2103.199951171875,2092.10009765625,2100.5,150237,0.0,0.0
2026-07-03 11:00:00+05:30,2100.5,2110.699951171875,2097.60009765625,2105.89990234375,163197,0.0,0.0
2026-07-03 11:15:00+05:30,2105.89990234375,2107.0,2103.5,2106.0,64624,0.0,0.0
2026-07-03 11:30:00+05:30,2106.5,2109.5,2103.0,2107.89990234375,76550,0.0,0.0
2026-07-03 11:45:00+05:30,2107.89990234375,2109.89990234375,2101.89990234375,2102.800048828125,86752,0.0,0.0
2026-07-03 12:00:00+05:30,2103.0,2107.699951171875,2101.10009765625,2107.199951171875,104208,0.0,0.0
2026-07-03 12:15:00+05:30,2107.10009765625,2115.0,2107.0,2110.699951171875,132747,0.0,0.0
2026-07-03 12:30:00+05:30,2111.0,2111.0,2104.199951171875,2106.5,74991,0.0,0.0
2026-07-03 12:45:00+05:30,2106.800048828125,2108.0,2103.300048828125,2106.5,115613,0.0,0.0
2026-07-03 13:00:00+05:30,2107.39990234375,2107.60009765625,2099.699951171875,2100.800048828125,161094,0.0,0.0
2026-07-03 13:15:00+05:30,2101.5,2104.0,2096.89990234375,2099.39990234375,108070,0.0,0.0
2026-07-03 13:30:00+05:30,2099.60009765625,2100.800048828125,2096.0,2099.10009765625,89897,0.0,0.0
2026-07-03 13:45:00+05:30,2099.60009765625,2100.0,2093.300048828125,2095.5,99214,0.0,0.0
2026-07-03 14:00:00+05:30,2095.300048828125,2096.5,2093.39990234375,2094.699951171875,79426,0.0,0.0
2026-07-03 14:15:00+05:30,2095.60009765625,2097.199951171875,2091.39990234375,2091.60009765625,128787,0.0,0.0
2026-07-03 14:30:00+05:30,2092.60009765625,2094.800048828125,2087.39990234375,2088.0,123490,0.0,0.0
2026-07-03 14:45:00+05:30,2088.10009765625,2094.5,2087.39990234375,2093.0,85820,0.0,0.0
2026-07-03 15:00:00+05:30,2093.0,2100.60009765625,2092.699951171875,2093.800048828125,190206,0.0,0.0
2026-07-03 15:15:00+05:30,2093.60009765625,2095.0,2087.0,2088.0,308625,0.0,0.0
2026-07-06 09:15:00+05:30,2090.5,2090.5,2070.300048828125,2080.300048828125,116482,0.0,0.0
2026-07-06 09:30:00+05:30,2080.699951171875,2081.5,2073.699951171875,2078.89990234375,72594,0.0,0.0
2026-07-06 09:45:00+05:30,2078.5,2079.800048828125,2062.0,2064.0,137525,0.0,0.0
2026-07-06 10:00:00+05:30,2064.199951171875,2064.300048828125,2056.39990234375,2056.60009765625,141412,0.0,0.0
2026-07-06 10:15:00+05:30,2056.300048828125,2068.0,2056.300048828125,2066.800048828125,121431,0.0,0.0
2026-07-06 10:30:00+05:30,2066.800048828125,2068.199951171875,2060.10009765625,2062.300048828125,85001,0.0,0.0
2026-07-06 10:45:00+05:30,2062.60009765625,2069.699951171875,2062.0,2066.800048828125,87156,0.0,0.0
2026-07-06 11:00:00+05:30,2067.0,2067.0,2057.10009765625,2062.89990234375,79676,0.0,0.0
2026-07-06 11:15:00+05:30,2062.800048828125,2063.89990234375,2059.199951171875,2061.39990234375,45537,0.0,0.0
2026-07-06 11:30:00+05:30,2062.10009765625,2064.800048828125,2060.0,2062.10009765625,38783,0.0,0.0
2026-07-06 11:45:00+05:30,2062.39990234375,2065.39990234375,2060.300048828125,2062.199951171875,46018,0.0,0.0
2026-07-06 12:00:00+05:30,2062.39990234375,2064.10009765625,2054.0,2057.699951171875,96023,0.0,0.0
2026-07-06 12:15:00+05:30,2057.10009765625,2061.0,2057.10009765625,2058.5,48129,0.0,0.0
2026-07-06 12:30:00+05:30,2058.89990234375,2062.39990234375,2058.5,2061.699951171875,33367,0.0,0.0
2026-07-06 12:45:00+05:30,2061.39990234375,2062.89990234375,2059.300048828125,2060.199951171875,32872,0.0,0.0
2026-07-06 13:00:00+05:30,2060.39990234375,2064.199951171875,2060.0,2061.800048828125,39131,0.0,0.0
2026-07-06 13:15:00+05:30,2062.0,2063.699951171875,2058.199951171875,2061.0,41763,0.0,0.0
2026-07-06 13:30:00+05:30,2060.800048828125,2062.0,2059.10009765625,2059.199951171875,38270,0.0,0.0
2026-07-06 13:45:00+05:30,2059.199951171875,2060.0,2053.39990234375,2054.10009765625,111682,0.0,0.0
2026-07-06 14:00:00+05:30,2054.0,2055.89990234375,2051.39990234375,2053.800048828125,96313,0.0,0.0
2026-07-06 14:15:00+05:30,2053.60009765625,2056.5,2053.0,2054.199951171875,79971,0.0,0.0
2026-07-06 14:30:00+05:30,2054.199951171875,2054.89990234375,2051.699951171875,2052.0,74360,0.0,0.0
2026-07-06 14:45:00+05:30,2051.5,2059.39990234375,2050.800048828125,2057.300048828125,136425,0.0,0.0
2026-07-06 15:00:00+05:30,2057.60009765625,2059.300048828125,2054.699951171875,2058.0,299688,0.0,0.0
2026-07-06 15:15:00+05:30,2058.5,2059.5,2056.800048828125,2059.0,350941,0.0,0.0
2026-07-07 09:15:00+05:30,2050.0,2084.60009765625,2050.0,2072.300048828125,221002,0.0,0.0
2026-07-07 09:30:00+05:30,2073.39990234375,2083.60009765625,2068.300048828125,2080.300048828125,181042,0.0,0.0
2026-07-07 09:45:00+05:30,2080.300048828125,2093.10009765625,2078.89990234375,2093.10009765625,294221,0.0,0.0
2026-07-07 10:00:00+05:30,2093.5,2106.800048828125,2093.0,2104.800048828125,382864,0.0,0.0
2026-07-07 10:15:00+05:30,2104.300048828125,2122.39990234375,2102.10009765625,2112.0,556445,0.0,0.0
2026-07-07 10:30:00+05:30,2112.0,2112.0,2098.0,2098.300048828125,206390,0.0,0.0
2026-07-07 10:45:00+05:30,2099.39990234375,2103.199951171875,2096.800048828125,2099.800048828125,109543,0.0,0.0
2026-07-07 11:00:00+05:30,2099.39990234375,2113.800048828125,2099.300048828125,2113.39990234375,139018,0.0,0.0
2026-07-07 11:15:00+05:30,2113.60009765625,2115.5,2104.10009765625,2106.5,136792,0.0,0.0
2026-07-07 11:30:00+05:30,2106.5,2113.5,2104.699951171875,2110.89990234375,131910,0.0,0.0
2026-07-07 11:45:00+05:30,2110.89990234375,2113.5,2106.60009765625,2110.39990234375,110661,0.0,0.0
2026-07-07 12:00:00+05:30,2110.39990234375,2112.10009765625,2102.39990234375,2103.10009765625,99306,0.0,0.0
2026-07-07 12:15:00+05:30,2103.199951171875,2107.0,2100.300048828125,2100.60009765625,174171,0.0,0.0
2026-07-07 12:30:00+05:30,2100.60009765625,2102.10009765625,2096.0,2098.0,202166,0.0,0.0
2026-07-07 12:45:00+05:30,2098.0,2103.39990234375,2095.5,2097.89990234375,178008,0.0,0.0
2026-07-07 13:00:00+05:30,2098.0,2099.699951171875,2096.0,2097.199951171875,67918,0.0,0.0
2026-07-07 13:15:00+05:30,2097.699951171875,2098.0,2094.0,2095.5,64613,0.0,0.0
2026-07-07 13:30:00+05:30,2095.699951171875,2097.800048828125,2093.300048828125,2096.5,125782,0.0,0.0
2026-07-07 13:45:00+05:30,2096.5,2104.800048828125,2096.0,2103.39990234375,92986,0.0,0.0
2026-07-07 14:00:00+05:30,2103.300048828125,2111.0,2100.5,2108.300048828125,138623,0.0,0.0
2026-07-07 14:15:00+05:30,2108.89990234375,2110.800048828125,2102.89990234375,2104.0,148463,0.0,0.0
2026-07-07 14:30:00+05:30,2104.0,2105.39990234375,2098.699951171875,2102.800048828125,111942,0.0,0.0
2026-07-07 14:45:00+05:30,2102.199951171875,2103.5,2100.0,2100.300048828125,94661,0.0,0.0
2026-07-07 15:00:00+05:30,2100.300048828125,2100.60009765625,2094.199951171875,2096.5,286135,0.0,0.0
2026-07-07 15:15:00+05:30,2096.800048828125,2097.60009765625,2094.0,2095.89990234375,307271,0.0,0.0
2026-07-08 09:15:00+05:30,2091.0,2108.300048828125,2090.39990234375,2099.39990234375,149314,0.0,0.0
2026-07-08 09:30:00+05:30,2098.89990234375,2098.89990234375,2081.0,2083.699951171875,214657,0.0,0.0
2026-07-08 09:45:00+05:30,2082.39990234375,2088.0,2078.60009765625,2085.800048828125,199019,0.0,0.0
2026-07-08 10:00:00+05:30,2085.800048828125,2089.39990234375,2080.199951171875,2084.300048828125,78491,0.0,0.0
2026-07-08 10:15:00+05:30,2083.60009765625,2084.10009765625,2075.10009765625,2080.0,113804,0.0,0.0
2026-07-08 10:30:00+05:30,2081.39990234375,2089.39990234375,2078.300048828125,2085.39990234375,108892,0.0,0.0
2026-07-08 10:45:00+05:30,2085.10009765625,2096.800048828125,2083.5,2092.300048828125,125372,0.0,0.0
2026-07-08 11:00:00+05:30,2092.199951171875,2093.0,2085.0,2092.699951171875,110550,0.0,0.0
2026-07-08 11:15:00+05:30,2094.0,2104.0,2093.699951171875,2096.39990234375,168050,0.0,0.0
2026-07-08 11:30:00+05:30,2097.199951171875,2097.5,2090.800048828125,2091.60009765625,143206,0.0,0.0
2026-07-08 11:45:00+05:30,2089.89990234375,2091.10009765625,2087.10009765625,2090.39990234375,60898,0.0,0.0
2026-07-08 12:00:00+05:30,2090.5,2090.5,2084.39990234375,2085.699951171875,52520,0.0,0.0
2026-07-08 12:15:00+05:30,2085.699951171875,2088.10009765625,2084.0,2084.10009765625,47595,0.0,0.0
2026-07-08 12:30:00+05:30,2084.0,2084.10009765625,2080.10009765625,2082.300048828125,62222,0.0,0.0
2026-07-08 12:45:00+05:30,2082.199951171875,2083.699951171875,2080.10009765625,2080.10009765625,75241,0.0,0.0
2026-07-08 13:00:00+05:30,2080.199951171875,2081.0,2077.0,2079.199951171875,101793,0.0,0.0
2026-07-08 13:15:00+05:30,2079.199951171875,2082.699951171875,2078.199951171875,2079.89990234375,57702,0.0,0.0
2026-07-08 13:30:00+05:30,2079.800048828125,2082.0,2078.699951171875,2081.199951171875,42590,0.0,0.0
2026-07-08 13:45:00+05:30,2081.199951171875,2081.699951171875,2070.0,2070.10009765625,143327,0.0,0.0
2026-07-08 14:00:00+05:30,2070.0,2072.5,2060.699951171875,2062.0,128849,0.0,0.0
2026-07-08 14:15:00+05:30,2061.10009765625,2066.300048828125,2057.800048828125,2058.199951171875,126866,0.0,0.0
2026-07-08 14:30:00+05:30,2057.60009765625,2060.10009765625,2055.0,2057.199951171875,134708,0.0,0.0
2026-07-08 14:45:00+05:30,2056.800048828125,2058.39990234375,2050.5,2051.800048828125,131181,0.0,0.0
2026-07-08 15:00:00+05:30,2052.699951171875,2062.300048828125,2049.0,2062.199951171875,367547,0.0,0.0
2026-07-08 15:15:00+05:30,2062.10009765625,2064.0,2056.10009765625,2059.60009765625,437226,0.0,0.0
2026-07-09 09:15:00+05:30,2056.5,2056.5,2016.0,2027.0,184647,0.0,0.0
2026-07-09 09:30:00+05:30,2027.300048828125,2040.0,2026.0999755859375,2037.699951171875,230506,0.0,0.0
2026-07-09 09:45:00+05:30,2038.0999755859375,2038.0999755859375,2031.300048828125,2035.5,135824,0.0,0.0
2026-07-09 10:00:00+05:30,2035.5,2036.9000244140625,2030.5,2032.5,114116,0.0,0.0
2026-07-09 10:15:00+05:30,2033.0,2037.4000244140625,2029.9000244140625,2036.9000244140625,104159,0.0,0.0
2026-07-09 10:30:00+05:30,2037.0,2046.0,2036.0,2039.5999755859375,168766,0.0,0.0
2026-07-09 10:45:00+05:30,2038.800048828125,2039.9000244140625,2031.0,2035.199951171875,85866,0.0,0.0
2026-07-09 11:00:00+05:30,2035.0999755859375,2036.0,2031.300048828125,2033.0,91444,0.0,0.0
2026-07-09 11:15:00+05:30,2033.0,2036.199951171875,2032.0999755859375,2036.0,67916,0.0,0.0
2026-07-09 11:30:00+05:30,2035.0999755859375,2041.4000244140625,2034.0,2041.0,108363,0.0,0.0
2026-07-09 11:45:00+05:30,2041.0,2049.0,2039.199951171875,2046.0,137699,0.0,0.0
2026-07-09 12:00:00+05:30,2045.699951171875,2050.0,2043.0999755859375,2044.0999755859375,103331,0.0,0.0
2026-07-09 12:15:00+05:30,2045.300048828125,2052.699951171875,2043.5,2047.199951171875,134732,0.0,0.0
2026-07-09 12:30:00+05:30,2047.0,2050.0,2042.4000244140625,2044.4000244140625,80819,0.0,0.0
2026-07-09 12:45:00+05:30,2044.9000244140625,2058.89990234375,2044.4000244140625,2052.199951171875,170838,0.0,0.0
2026-07-09 13:00:00+05:30,2051.89990234375,2055.199951171875,2049.699951171875,2051.300048828125,78618,0.0,0.0
2026-07-09 13:15:00+05:30,2051.300048828125,2053.300048828125,2046.699951171875,2049.60009765625,147982,0.0,0.0
2026-07-09 13:30:00+05:30,2049.60009765625,2053.39990234375,2048.39990234375,2051.5,70311,0.0,0.0
2026-07-09 13:45:00+05:30,2051.5,2053.0,2048.0,2051.199951171875,93716,0.0,0.0
2026-07-09 14:00:00+05:30,2051.199951171875,2056.39990234375,2049.5,2054.89990234375,155686,0.0,0.0
2026-07-09 14:15:00+05:30,2055.0,2057.699951171875,2050.0,2053.89990234375,148988,0.0,0.0
2026-07-09 14:30:00+05:30,2054.0,2058.60009765625,2051.800048828125,2054.0,119912,0.0,0.0
2026-07-09 14:45:00+05:30,2054.10009765625,2059.800048828125,2053.60009765625,2059.5,101170,0.0,0.0
2026-07-09 15:00:00+05:30,2058.800048828125,2059.300048828125,2042.9000244140625,2044.699951171875,361758,0.0,0.0
2026-07-09 15:15:00+05:30,2044.5999755859375,2060.60009765625,2044.0999755859375,2059.0,280392,0.0,0.0
2026-07-10 09:15:00+05:30,2108.0,2132.39990234375,2083.89990234375,2087.800048828125,867291,0.0,0.0
2026-07-10 09:30:00+05:30,2088.39990234375,2093.699951171875,2072.0,2084.0,815928,0.0,0.0
2026-07-10 09:45:00+05:30,2083.300048828125,2088.10009765625,2075.39990234375,2085.800048828125,347038,0.0,0.0
2026-07-10 10:00:00+05:30,2085.5,2096.0,2084.0,2090.89990234375,287169,0.0,0.0
2026-07-10 10:15:00+05:30,2091.800048828125,2093.0,2081.0,2084.199951171875,173509,0.0,0.0
2026-07-10 10:30:00+05:30,2084.699951171875,2084.699951171875,2076.0,2080.0,211221,0.0,0.0
2026-07-10 10:45:00+05:30,2079.699951171875,2079.699951171875,2068.800048828125,2072.300048828125,281385,0.0,0.0
2026-07-10 11:00:00+05:30,2072.300048828125,2074.699951171875,2070.0,2070.39990234375,145305,0.0,0.0
2026-07-10 11:15:00+05:30,2070.699951171875,2076.0,2068.800048828125,2071.89990234375,127977,0.0,0.0
2026-07-10 11:30:00+05:30,2071.89990234375,2077.0,2070.10009765625,2074.10009765625,88012,0.0,0.0
2026-07-10 11:45:00+05:30,2074.0,2074.60009765625,2065.699951171875,2066.10009765625,173162,0.0,0.0
2026-07-10 12:00:00+05:30,2066.300048828125,2072.89990234375,2066.0,2072.0,107917,0.0,0.0
2026-07-10 12:15:00+05:30,2072.0,2077.89990234375,2071.60009765625,2077.10009765625,116266,0.0,0.0
2026-07-10 12:30:00+05:30,2077.10009765625,2078.5,2072.89990234375,2074.199951171875,82199,0.0,0.0
2026-07-10 12:45:00+05:30,2074.300048828125,2076.199951171875,2072.0,2073.89990234375,80169,0.0,0.0
2026-07-10 13:00:00+05:30,2074.0,2079.5,2072.199951171875,2076.699951171875,106701,0.0,0.0
2026-07-10 13:15:00+05:30,2076.699951171875,2078.0,2072.199951171875,2076.0,75552,0.0,0.0
2026-07-10 13:30:00+05:30,2075.89990234375,2079.0,2075.699951171875,2076.800048828125,58500,0.0,0.0
2026-07-10 13:45:00+05:30,2076.800048828125,2078.5,2074.0,2074.0,87471,0.0,0.0
2026-07-10 14:00:00+05:30,2074.0,2074.89990234375,2068.300048828125,2068.5,108150,0.0,0.0
2026-07-10 14:15:00+05:30,2068.699951171875,2075.5,2068.5,2074.199951171875,109624,0.0,0.0
2026-07-10 14:30:00+05:30,2074.60009765625,2074.60009765625,2070.39990234375,2071.39990234375,83561,0.0,0.0
2026-07-10 14:45:00+05:30,2071.0,2072.89990234375,2068.0,2070.0,116373,0.0,0.0
2026-07-10 15:00:00+05:30,2069.800048828125,2074.0,2066.0,2072.10009765625,326736,0.0,0.0
2026-07-10 15:15:00+05:30,2072.10009765625,2072.10009765625,2065.0,2067.89990234375,532711,0.0,0.0
