Datetime,Open,High,Low,Close,Volume,Dividends,Stock Splits
2026-04-20 09:15:00+05:30,204.72000122070312,205.0,203.49000549316406,204.1699981689453,1656712,0.0,0.0
2026-04-20 09:30:00+05:30,204.02999877929688,205.1999969482422,203.5,203.5399932861328,2365128,0.0,0.0
2026-04-20 09:45:00+05:30,203.5399932861328,203.55999755859375,202.6300048828125,202.72999572753906,2086529,0.0,0.0
2026-04-20 10:00:00+05:30,202.72999572753906,203.00999450683594,202.58999633789062,203.00999450683594,716550,0.0,0.0
2026-04-20 15:00:00+05:30,204.32000732421875,204.32000732421875,202.75,202.8000030517578,15434751,0.0,0.0
2026-04-20 15:15:00+05:30,202.8300018310547,202.85000610351562,202.0,202.4499969482422,3351402,0.0,0.0
2026-04-21 09:15:00+05:30,202.67999267578125,203.8800048828125,202.67999267578125,203.3000030517578,905350,0.0,0.0
2026-04-21 09:30:00+05:30,203.3800048828125,203.89999389648438,203.2899932861328,203.72999572753906,802471,0.0,0.0
2026-04-21 09:45:00+05:30,203.72999572753906,203.7899932861328,203.41000366210938,203.60000610351562,561983,0.0,0.0
2026-04-21 10:00:00+05:30,203.5800018310547,203.83999633789062,203.55999755859375,203.77999877929688,512574,0.0,0.0
2026-04-21 10:15:00+05:30,203.8699951171875,204.3699951171875,203.77999877929688,204.35000610351562,711642,0.0,0.0
2026-04-21 10:30:00+05:30,204.3800048828125,204.75,204.00999450683594,204.35000610351562,1032826,0.0,0.0
2026-04-21 10:45:00+05:30,204.3000030517578,205.47999572753906,204.3000030517578,205.25,2133316,0.0,0.0
2026-04-21 11:00:00+05:30,205.3300018310547,205.35000610351562,205.0800018310547,205.19000244140625,678961,0.0,0.0
2026-04-21 11:15:00+05:30,205.19000244140625,205.3000030517578,204.75,204.9600067138672,612450,0.0,0.0
2026-04-21 11:30:00+05:30,204.9499969482422,205.0,204.8000030517578,204.99000549316406,440171,0.0,0.0
2026-04-21 11:45:00+05:30,205.0,205.5500030517578,205.0,205.47000122070312,896948,0.0,0.0
2026-04-21 12:00:00+05:30,205.49000549316406,205.6999969482422,202.47999572753906,204.97000122070312,1235040,0.0,0.0
2026-04-21 12:15:00+05:30,205.0,205.0,204.52999877929688,204.9499969482422,832727,0.0,0.0
2026-04-21 12:30:00+05:30,204.9600067138672,205.17999267578125,204.75999450683594,204.80999755859375,428441,0.0,0.0
2026-04-21 12:45:00+05:30,204.8699951171875,204.8699951171875,204.07000732421875,204.39999389648438,1407599,0.0,0.0
2026-04-21 13:00:00+05:30,204.39999389648438,204.5800018310547,204.36000061035156,204.50999450683594,280570,0.0,0.0
2026-04-21 13:15:00+05:30,204.5,204.69000244140625,204.41000366210938,204.5500030517578,346110,0.0,0.0
2026-04-21 13:30:00+05:30,204.5800018310547,204.75999450683594,204.39999389648438,204.57000732421875,364485,0.0,0.0
2026-04-21 13:45:00+05:30,204.5800018310547,204.92999267578125,204.41000366210938,204.92999267578125,636034,0.0,0.0
2026-04-21 14:00:00+05:30,204.89999389648438,205.19000244140625,204.85000610351562,205.1199951171875,592622,0.0,0.0
2026-04-21 14:15:00+05:30,205.11000061035156,205.19000244140625,204.91000366210938,205.0,389039,0.0,0.0
2026-04-21 14:30:00+05:30,205.02999877929688,205.07000732421875,204.6699981689453,204.8000030517578,420819,0.0,0.0
2026-04-21 14:45:00+05:30,204.8000030517578,205.3000030517578,204.8000030517578,205.24000549316406,665489,0.0,0.0
2026-04-21 15:00:00+05:30,205.24000549316406,205.35000610351562,204.80999755859375,204.97999572753906,1287301,0.0,0.0
2026-04-21 15:15:00+05:30,204.97999572753906,205.17999267578125,204.88999938964844,204.97999572753906,1977454,0.0,0.0
2026-04-22 09:15:00+05:30,203.4499969482422,204.47000122070312,202.47999572753906,204.08999633789062,1022506,0.0,0.0
2026-04-22 09:30:00+05:30,203.9499969482422,204.99000549316406,203.9499969482422,204.9499969482422,890329,0.0,0.0
2026-04-22 09:45:00+05:30,204.99000549316406,205.35000610351562,204.25,204.35000610351562,1019105,0.0,0.0
2026-04-22 10:00:00+05:30,204.3000030517578,204.39999389648438,204.0,204.0,559381,0.0,0.0
2026-04-22 10:15:00+05:30,204.05999755859375,204.1300048828125,203.61000061035156,203.8000030517578,736485,0.0,0.0
2026-04-22 10:30:00+05:30,203.77999877929688,204.0800018310547,203.75,204.02000427246094,583278,0.0,0.0
2026-04-22 10:45:00+05:30,204.02000427246094,204.1699981689453,203.0500030517578,203.6999969482422,1224990,0.0,0.0
2026-04-22 11:00:00+05:30,203.69000244140625,203.92999267578125,203.3300018310547,203.41000366210938,553604,0.0,0.0
2026-04-22 11:15:00+05:30,203.41000366210938,203.72000122070312,203.25999450683594,203.47999572753906,600040,0.0,0.0
2026-04-22 11:30:00+05:30,203.47999572753906,203.7100067138672,203.36000061035156,203.36000061035156,527467,0.0,0.0
2026-04-22 11:45:00+05:30,203.30999755859375,203.3699951171875,202.82000732421875,203.1999969482422,1335828,0.0,0.0
2026-04-22 12:00:00+05:30,203.25,203.52000427246094,202.7100067138672,202.83999633789062,913766,0.0,0.0
2026-04-22 12:15:00+05:30,202.8699951171875,203.0,202.6999969482422,202.83999633789062,737396,0.0,0.0
2026-04-22 12:30:00+05:30,202.80999755859375,203.2100067138672,202.80999755859375,203.05999755859375,617629,0.0,0.0
2026-04-22 12:45:00+05:30,203.0500030517578,203.1999969482422,203.0,203.14999389648438,762508,0.0,0.0
2026-04-22 13:00:00+05:30,203.14999389648438,203.8000030517578,203.14999389648438,203.75,633142,0.0,0.0
2026-04-22 13:15:00+05:30,203.72000122070312,203.72000122070312,203.42999267578125,203.60000610351562,448480,0.0,0.0
2026-04-22 13:30:00+05:30,203.6300048828125,203.69000244140625,203.3000030517578,203.47000122070312,500312,0.0,0.0
2026-04-22 13:45:00+05:30,203.47000122070312,204.33999633789062,203.3300018310547,204.16000366210938,878853,0.0,0.0
2026-04-22 14:00:00+05:30,204.16000366210938,204.25,203.61000061035156,203.7100067138672,842041,0.0,0.0
2026-04-22 14:15:00+05:30,203.7100067138672,203.83999633789062,203.41000366210938,203.72000122070312,583839,0.0,0.0
2026-04-22 14:30:00+05:30,203.6999969482422,204.0800018310547,203.6999969482422,204.0,673344,0.0,0.0
2026-04-22 14:45:00+05:30,204.0,204.25999450683594,203.86000061035156,204.16000366210938,734192,0.0,0.0
2026-04-22 15:00:00+05:30,204.1999969482422,204.1999969482422,203.92999267578125,204.0500030517578,979499,0.0,0.0
2026-04-22 15:15:00+05:30,204.02999877929688,204.08999633789062,203.8699951171875,204.0,1172014,0.0,0.0
2026-04-23 09:15:00+05:30,204.38999938964844,204.42999267578125,203.27999877929688,203.6300048828125,883564,0.0,0.0
2026-04-23 09:30:00+05:30,203.60000610351562,203.60000610351562,203.0399932861328,203.3300018310547,914307,0.0,0.0
2026-04-23 09:45:00+05:30,203.25999450683594,204.10000610351562,203.16000366210938,204.02999877929688,700255,0.0,0.0
2026-04-23 10:00:00+05:30,204.0500030517578,204.27999877929688,203.6199951171875,203.82000732421875,617305,0.0,0.0
2026-04-23 10:15:00+05:30,203.82000732421875,204.63999938964844,203.6999969482422,204.5,657720,0.0,0.0
2026-04-23 10:30:00+05:30,204.49000549316406,204.5399932861328,204.10000610351562,204.1999969482422,441763,0.0,0.0
2026-04-23 10:45:00+05:30,204.1999969482422,204.5800018310547,204.1300048828125,204.57000732421875,355200,0.0,0.0
2026-04-23 11:00:00+05:30,204.5800018310547,204.64999389648438,204.1999969482422,204.3000030517578,338692,0.0,0.0
2026-04-23 11:15:00+05:30,204.22999572753906,204.57000732421875,204.13999938964844,204.52000427246094,259508,0.0,0.0
2026-04-23 11:30:00+05:30,204.52000427246094,204.88999938964844,204.17999267578125,204.3000030517578,700710,0.0,0.0
2026-04-23 11:45:00+05:30,204.25999450683594,204.35000610351562,203.92999267578125,204.14999389648438,319562,0.0,0.0
2026-04-23 12:00:00+05:30,204.1300048828125,204.41000366210938,204.0,204.3000030517578,242315,0.0,0.0
2026-04-23 12:15:00+05:30,204.3300018310547,204.38999938964844,203.60000610351562,203.66000366210938,351460,0.0,0.0
2026-04-23 12:30:00+05:30,203.66000366210938,203.97000122070312,203.55999755859375,203.88999938964844,395118,0.0,0.0
2026-04-23 12:45:00+05:30,203.9600067138672,203.97000122070312,203.61000061035156,203.77000427246094,254866,0.0,0.0
2026-04-23 13:00:00+05:30,203.8000030517578,203.9199981689453,203.67999267578125,203.9199981689453,255152,0.0,0.0
2026-04-23 13:15:00+05:30,203.91000366210938,204.2899932861328,203.82000732421875,204.10000610351562,435917,0.0,0.0
2026-04-23 13:30:00+05:30,204.10000610351562,204.1300048828125,203.5399932861328,203.60000610351562,446445,0.0,0.0
2026-04-23 13:45:00+05:30,203.58999633789062,203.6999969482422,203.1699981689453,203.55999755859375,1016195,0.0,0.0
2026-04-23 14:00:00+05:30,203.57000732421875,203.57000732421875,203.0500030517578,203.1300048828125,766238,0.0,0.0
2026-04-23 14:15:00+05:30,203.11000061035156,203.2100067138672,203.0,203.0,894878,0.0,0.0
2026-04-23 14:30:00+05:30,202.9499969482422,203.1699981689453,202.91000366210938,203.0399932861328,433016,0.0,0.0
2026-04-23 14:45:00+05:30,203.0399932861328,203.5,202.97000122070312,203.42999267578125,967309,0.0,0.0
2026-04-23 15:00:00+05:30,203.41000366210938,203.5800018310547,203.35000610351562,203.4600067138672,1272940,0.0,0.0
2026-04-23 15:15:00+05:30,203.4600067138672,203.49000549316406,202.30999755859375,202.80999755859375,5226959,0.0,0.0
2026-04-24 09:15:00+05:30,202.60000610351562,202.6999969482422,201.11000061035156,201.3300018310547,1104498,0.0,0.0
2026-04-24 09:30:00+05:30,201.3000030517578,201.3000030517578,200.14999389648438,200.22999572753906,2068312,0.0,0.0
2026-04-24 09:45:00+05:30,200.25,200.25999450683594,199.08999633789062,199.4199981689453,3877253,0.0,0.0
2026-04-24 10:00:00+05:30,199.42999267578125,199.72999572753906,198.66000366210938,198.97999572753906,2171040,0.0,0.0
2026-04-24 10:15:00+05:30,198.89999389648438,198.92999267578125,197.91000366210938,197.99000549316406,3229125,0.0,0.0
2026-04-24 10:30:00+05:30,197.97999572753906,198.66000366210938,197.88999938964844,198.0,1153058,0.0,0.0
2026-04-24 10:45:00+05:30,198.0,199.14999389648438,197.9499969482422,198.8699951171875,1243284,0.0,0.0
2026-04-24 11:00:00+05:30,198.86000061035156,199.5,198.61000061035156,199.35000610351562,1247594,0.0,0.0
2026-04-24 11:15:00+05:30,199.3300018310547,199.8000030517578,199.13999938964844,199.58999633789062,1344173,0.0,0.0
2026-04-24 11:30:00+05:30,199.58999633789062,199.69000244140625,199.08999633789062,199.27000427246094,733352,0.0,0.0
2026-04-24 11:45:00+05:30,199.35000610351562,199.3800048828125,198.83999633789062,199.22000122070312,1029658,0.0,0.0
2026-04-24 12:00:00+05:30,199.22000122070312,199.6300048828125,198.92999267578125,199.52999877929688,978280,0.0,0.0
2026-04-24 12:15:00+05:30,199.63999938964844,199.64999389648438,199.1199951171875,199.2100067138672,653637,0.0,0.0
2026-04-24 12:30:00+05:30,199.27999877929688,199.5399932861328,199.13999938964844,199.13999938964844,513296,0.0,0.0
2026-04-24 12:45:00+05:30,199.22000122070312,199.30999755859375,198.64999389648438,198.75,625655,0.0,0.0
2026-04-24 13:00:00+05:30,198.75,198.7899932861328,198.0,198.3800048828125,1248370,0.0,0.0
2026-04-24 13:15:00+05:30,198.3699951171875,198.61000061035156,198.1699981689453,198.58999633789062,677684,0.0,0.0
2026-04-24 13:30:00+05:30,198.60000610351562,198.9199981689453,198.3000030517578,198.77000427246094,1004913,0.0,0.0
2026-04-24 13:45:00+05:30,198.77000427246094,199.4600067138672,198.77000427246094,198.91000366210938,1308544,0.0,0.0
2026-04-24 14:00:00+05:30,198.9199981689453,199.05999755859375,198.50999450683594,198.5399932861328,1182703,0.0,0.0
2026-04-24 14:15:00+05:30,198.57000732421875,199.36000061035156,198.50999450683594,199.14999389648438,1227694,0.0,0.0
2026-04-24 14:30:00+05:30,199.14999389648438,199.38999938964844,199.0399932861328,199.3699951171875,633672,0.0,0.0
2026-04-24 14:45:00+05:30,199.30999755859375,199.77000427246094,199.30999755859375,199.64999389648438,1370809,0.0,0.0
2026-04-24 15:00:00+05:30,199.5500030517578,199.67999267578125,199.1300048828125,199.33999633789062,3665518,0.0,0.0
2026-04-24 15:15:00+05:30,199.33999633789062,199.5399932861328,199.1199951171875,199.4499969482422,3601429,0.0,0.0
2026-04-27 09:15:00+05:30,199.8800048828125,203.89999389648438,199.8800048828125,202.89999389648438,3210641,0.0,0.0
2026-04-27 09:30:00+05:30,202.9499969482422,203.39999389648438,202.35000610351562,203.39999389648438,1491139,0.0,0.0
2026-04-27 09:45:00+05:30,203.39999389648438,203.63999938964844,202.85000610351562,203.08999633789062,2445468,0.0,0.0
2026-04-27 10:00:00+05:30,203.1699981689453,203.6999969482422,202.88999938964844,203.6699981689453,603542,0.0,0.0
2026-04-27 10:15:00+05:30,203.6999969482422,204.13999938964844,203.6999969482422,203.8699951171875,811905,0.0,0.0
2026-04-27 10:30:00+05:30,203.8699951171875,203.97999572753906,203.52999877929688,203.67999267578125,500667,0.0,0.0
2026-04-27 10:45:00+05:30,203.67999267578125,203.97999572753906,203.52000427246094,203.74000549316406,317991,0.0,0.0
2026-04-27 11:00:00+05:30,203.6999969482422,203.89999389648438,202.9499969482422,203.3000030517578,474088,0.0,0.0
2026-04-27 11:15:00+05:30,203.2899932861328,203.3699951171875,202.85000610351562,202.88999938964844,1083316,0.0,0.0
2026-04-27 11:30:00+05:30,202.97000122070312,203.10000610351562,202.52000427246094,203.0500030517578,2271951,0.0,0.0
2026-04-27 11:45:00+05:30,203.0500030517578,203.10000610351562,202.58999633789062,202.97000122070312,2959898,0.0,0.0
2026-04-27 12:00:00+05:30,202.97000122070312,203.1199951171875,202.64999389648438,203.0,2501231,0.0,0.0
2026-04-27 12:15:00+05:30,202.9499969482422,203.97999572753906,202.88999938964844,203.66000366210938,2263276,0.0,0.0
2026-04-27 12:30:00+05:30,203.60000610351562,203.63999938964844,203.17999267578125,203.41000366210938,2950088,0.0,0.0
2026-04-27 12:45:00+05:30,203.47999572753906,203.6999969482422,203.22999572753906,203.6300048828125,2716669,0.0,0.0
2026-04-27 13:00:00+05:30,203.57000732421875,205.10000610351562,203.47999572753906,204.75,2587121,0.0,0.0
2026-04-27 13:15:00+05:30,204.7899932861328,205.0,204.5,204.50999450683594,1325394,0.0,0.0
2026-04-27 13:30:00+05:30,204.57000732421875,204.89999389648438,204.39999389648438,204.8000030517578,1845518,0.0,0.0
2026-04-27 13:45:00+05:30,204.8000030517578,204.9199981689453,204.39999389648438,204.39999389648438,606483,0.0,0.0
2026-04-27 14:00:00+05:30,204.3699951171875,204.5800018310547,204.3000030517578,204.5399932861328,645841,0.0,0.0
2026-04-27 14:15:00+05:30,204.5500030517578,204.58999633789062,203.85000610351562,204.16000366210938,829029,0.0,0.0
2026-04-27 14:30:00+05:30,204.1300048828125,204.85000610351562,204.05999755859375,204.61000061035156,1391122,0.0,0.0
2026-04-27 14:45:00+05:30,204.64999389648438,205.10000610351562,204.4600067138672,204.97999572753906,2309314,0.0,0.0
2026-04-27 15:00:00+05:30,204.80999755859375,205.24000549316406,204.77000427246094,205.19000244140625,1594497,0.0,0.0
2026-04-27 15:15:00+05:30,205.14999389648438,205.19000244140625,204.8000030517578,204.83999633789062,1582982,0.0,0.0
2026-04-28 09:15:00+05:30,204.69000244140625,205.33999633789062,204.1300048828125,205.25,1300301,0.0,0.0
2026-04-28 09:30:00+05:30,205.25,205.27999877929688,204.8000030517578,205.02000427246094,1290686,0.0,0.0
2026-04-28 09:45:00+05:30,205.0399932861328,205.4499969482422,204.77999877929688,205.39999389648438,1205766,0.0,0.0
2026-04-28 10:00:00+05:30,205.3800048828125,205.67999267578125,205.25999450683594,205.33999633789062,938269,0.0,0.0
2026-04-28 10:15:00+05:30,205.33999633789062,205.4199981689453,204.91000366210938,204.97000122070312,745203,0.0,0.0
2026-04-28 10:30:00+05:30,205.00999450683594,205.07000732421875,204.5500030517578,204.91000366210938,959844,0.0,0.0
2026-04-28 10:45:00+05:30,204.89999389648438,205.14999389648438,204.74000549316406,205.0,645981,0.0,0.0
2026-04-28 11:00:00+05:30,204.9199981689453,205.02000427246094,204.5,204.63999938964844,800737,0.0,0.0
2026-04-28 11:15:00+05:30,204.64999389648438,204.74000549316406,204.0,204.0399932861328,787092,0.0,0.0
2026-04-28 11:30:00+05:30,204.07000732421875,204.60000610351562,204.00999450683594,204.5800018310547,684526,0.0,0.0
2026-04-28 11:45:00+05:30,204.55999755859375,204.57000732421875,204.27000427246094,204.3699951171875,551992,0.0,0.0
2026-04-28 12:00:00+05:30,204.35000610351562,204.80999755859375,204.3000030517578,204.49000549316406,741378,0.0,0.0
2026-04-28 12:15:00+05:30,204.44000244140625,204.61000061035156,204.0399932861328,204.4600067138672,910282,0.0,0.0
2026-04-28 12:30:00+05:30,204.52000427246094,204.5800018310547,203.8300018310547,203.94000244140625,883792,0.0,0.0
2026-04-28 12:45:00+05:30,203.9600067138672,203.9600067138672,203.1199951171875,203.27000427246094,674720,0.0,0.0
2026-04-28 13:00:00+05:30,203.24000549316406,203.55999755859375,203.16000366210938,203.38999938964844,545088,0.0,0.0
2026-04-28 13:15:00+05:30,203.38999938964844,203.39999389648438,202.55999755859375,202.60000610351562,767313,0.0,0.0
2026-04-28 13:30:00+05:30,202.60000610351562,202.67999267578125,202.19000244140625,202.42999267578125,717056,0.0,0.0
2026-04-28 13:45:00+05:30,202.42999267578125,202.5800018310547,202.25,202.38999938964844,611991,0.0,0.0
2026-04-28 14:00:00+05:30,202.38999938964844,202.44000244140625,202.0,202.1699981689453,773420,0.0,0.0
2026-04-28 14:15:00+05:30,202.08999633789062,202.77000427246094,202.0,202.02000427246094,1215407,0.0,0.0
2026-04-28 14:30:00+05:30,202.0500030517578,202.24000549316406,201.80999755859375,202.1199951171875,956605,0.0,0.0
2026-04-28 14:45:00+05:30,202.11000061035156,202.25,202.00999450683594,202.1699981689453,851142,0.0,0.0
2026-04-28 15:00:00+05:30,202.24000549316406,202.24000549316406,201.5500030517578,201.60000610351562,1409640,0.0,0.0
2026-04-28 15:15:00+05:30,201.57000732421875,201.6999969482422,201.02999877929688,201.6300048828125,1778173,0.0,0.0
2026-04-29 09:15:00+05:30,201.97000122070312,202.82000732421875,201.97000122070312,202.24000549316406,627531,0.0,0.0
2026-04-29 09:30:00+05:30,202.27000427246094,203.3000030517578,201.97999572753906,202.89999389648438,798352,0.0,0.0
2026-04-29 09:45:00+05:30,202.9199981689453,203.58999633789062,202.50999450683594,202.6999969482422,670210,0.0,0.0
2026-04-29 10:00:00+05:30,202.6999969482422,203.0500030517578,202.5800018310547,203.00999450683594,487664,0.0,0.0
2026-04-29 10:15:00+05:30,203.0500030517578,203.0800018310547,202.6999969482422,202.89999389648438,408113,0.0,0.0
2026-04-29 10:30:00+05:30,202.94000244140625,202.94000244140625,202.55999755859375,202.58999633789062,307083,0.0,0.0
2026-04-29 10:45:00+05:30,202.58999633789062,202.6999969482422,202.3000030517578,202.5800018310547,678193,0.0,0.0
2026-04-29 11:00:00+05:30,202.60000610351562,202.89999389648438,202.5,202.60000610351562,500576,0.0,0.0
2026-04-29 11:15:00+05:30,202.5399932861328,202.6199951171875,202.10000610351562,202.11000061035156,821535,0.0,0.0
2026-04-29 11:30:00+05:30,202.1199951171875,202.38999938964844,202.05999755859375,202.14999389648438,272588,0.0,0.0
2026-04-29 11:45:00+05:30,202.14999389648438,202.4199981689453,202.1199951171875,202.25,333082,0.0,0.0
2026-04-29 12:00:00+05:30,202.33999633789062,202.33999633789062,201.74000549316406,201.99000549316406,537431,0.0,0.0
2026-04-29 12:15:00+05:30,201.89999389648438,202.05999755859375,201.80999755859375,202.0,340149,0.0,0.0
2026-04-29 12:30:00+05:30,202.0,202.2100067138672,201.97000122070312,202.02000427246094,287760,0.0,0.0
2026-04-29 12:45:00+05:30,202.02999877929688,202.13999938964844,201.9600067138672,202.02999877929688,308896,0.0,0.0
2026-04-29 13:00:00+05:30,202.00999450683594,202.0800018310547,201.75999450683594,201.82000732421875,397662,0.0,0.0
2026-04-29 13:15:00+05:30,201.89999389648438,202.0500030517578,201.7100067138672,201.75999450683594,400943,0.0,0.0
2026-04-29 13:30:00+05:30,201.64999389648438,201.7899932861328,201.14999389648438,201.32000732421875,618114,0.0,0.0
2026-04-29 13:45:00+05:30,201.38999938964844,201.5,201.25999450683594,201.33999633789062,326241,0.0,0.0
2026-04-29 14:00:00+05:30,201.3000030517578,201.3000030517578,200.8000030517578,200.97999572753906,907384,0.0,0.0
2026-04-29 14:15:00+05:30,200.97999572753906,201.10000610351562,200.91000366210938,200.9499969482422,433344,0.0,0.0
2026-04-29 14:30:00+05:30,200.9499969482422,201.17999267578125,200.8300018310547,201.17999267578125,449367,0.0,0.0
2026-04-29 14:45:00+05:30,201.1999969482422,201.24000549316406,200.8300018310547,200.8800048828125,494239,0.0,0.0
2026-04-29 15:00:00+05:30,200.85000610351562,201.02000427246094,200.50999450683594,200.52000427246094,1186330,0.0,0.0
2026-04-29 15:15:00+05:30,200.5399932861328,201.0,200.30999755859375,200.97000122070312,2095236,0.0,0.0
2026-04-30 09:15:00+05:30,200.74000549316406,201.77999877929688,200.08999633789062,200.4499969482422,474462,0.0,0.0
2026-04-30 09:30:00+05:30,200.52999877929688,202.13999938964844,200.52999877929688,201.75999450683594,1342620,0.0,0.0
2026-04-30 09:45:00+05:30,201.72999572753906,202.08999633789062,201.57000732421875,201.7899932861328,616529,0.0,0.0
2026-04-30 10:00:00+05:30,201.7899932861328,201.7899932861328,200.85000610351562,201.0,522351,0.0,0.0
2026-04-30 10:15:00+05:30,200.97999572753906,201.10000610351562,200.64999389648438,200.82000732421875,481993,0.0,0.0
2026-04-30 10:30:00+05:30,200.8000030517578,200.97999572753906,200.52000427246094,200.64999389648438,343869,0.0,0.0
2026-04-30 10:45:00+05:30,200.64999389648438,200.64999389648438,200.25,200.30999755859375,314709,0.0,0.0
2026-04-30 11:00:00+05:30,200.35000610351562,200.63999938964844,200.27000427246094,200.33999633789062,292342,0.0,0.0
2026-04-30 11:15:00+05:30,200.2899932861328,200.3699951171875,200.0,200.22000122070312,815379,0.0,0.0
2026-04-30 11:30:00+05:30,200.2100067138672,200.58999633789062,200.16000366210938,200.41000366210938,695656,0.0,0.0
2026-04-30 11:45:00+05:30,200.3000030517578,201.25999450683594,200.3000030517578,201.16000366210938,364857,0.0,0.0
2026-04-30 12:00:00+05:30,201.1999969482422,201.38999938964844,201.08999633789062,201.3699951171875,655696,0.0,0.0
2026-04-30 12:15:00+05:30,201.39999389648438,201.4499969482422,201.14999389648438,201.38999938964844,271061,0.0,0.0
2026-04-30 12:30:00+05:30,201.3800048828125,202.10000610351562,201.3800048828125,202.0500030517578,556896,0.0,0.0
2026-04-30 12:45:00+05:30,202.05999755859375,202.13999938964844,201.6999969482422,201.8000030517578,392434,0.0,0.0
2026-04-30 13:00:00+05:30,201.77999877929688,201.89999389648438,201.5,201.60000610351562,285523,0.0,0.0
2026-04-30 13:15:00+05:30,201.60000610351562,201.75999450683594,201.47999572753906,201.6300048828125,223809,0.0,0.0
2026-04-30 13:30:00+05:30,201.52999877929688,201.89999389648438,201.52999877929688,201.67999267578125,386632,0.0,0.0
2026-04-30 13:45:00+05:30,201.67999267578125,201.88999938964844,201.60000610351562,201.77999877929688,243612,0.0,0.0
2026-04-30 14:00:00+05:30,201.83999633789062,202.0500030517578,201.7100067138672,201.88999938964844,338804,0.0,0.0
2026-04-30 14:15:00+05:30,201.8300018310547,201.89999389648438,201.3699951171875,201.55999755859375,440189,0.0,0.0
2026-04-30 14:30:00+05:30,201.49000549316406,201.9499969482422,201.49000549316406,201.9499969482422,384052,0.0,0.0
2026-04-30 14:45:00+05:30,201.92999267578125,202.00999450683594,201.3300018310547,201.4600067138672,548183,0.0,0.0
2026-04-30 15:00:00+05:30,201.38999938964844,201.38999938964844,200.3699951171875,200.47999572753906,1700645,0.0,0.0
2026-04-30 15:15:00+05:30,200.41000366210938,201.1999969482422,200.3000030517578,201.0500030517578,1918878,0.0,0.0
2026-05-04 09:15:00+05:30,202.5,203.3699951171875,201.33999633789062,201.89999389648438,424529,0.0,0.0
2026-05-04 09:30:00+05:30,201.9199981689453,202.3800048828125,201.4199981689453,201.94000244140625,443260,0.0,0.0
2026-05-04 09:45:00+05:30,201.8800048828125,201.99000549316406,201.60000610351562,201.6699981689453,301745,0.0,0.0
2026-05-04 10:00:00+05:30,201.75,201.8000030517578,201.10000610351562,201.24000549316406,386786,0.0,0.0
2026-05-04 10:15:00+05:30,201.22000122070312,201.38999938964844,200.52000427246094,201.0,589441,0.0,0.0
2026-05-04 10:30:00+05:30,201.0,201.3300018310547,200.97000122070312,201.3300018310547,186426,0.0,0.0
2026-05-04 10:45:00+05:30,201.3300018310547,201.5,201.11000061035156,201.22000122070312,164108,0.0,0.0
2026-05-04 11:00:00+05:30,201.1999969482422,201.60000610351562,201.1300048828125,201.5800018310547,164764,0.0,0.0
2026-05-04 11:15:00+05:30,201.57000732421875,201.60000610351562,201.2100067138672,201.33999633789062,196280,0.0,0.0
2026-05-04 11:30:00+05:30,201.30999755859375,201.38999938964844,201.10000610351562,201.22999572753906,134527,0.0,0.0
2026-05-04 11:45:00+05:30,201.22000122070312,201.4199981689453,201.11000061035156,201.25999450683594,159116,0.0,0.0
2026-05-04 12:00:00+05:30,201.2899932861328,201.3300018310547,200.63999938964844,200.63999938964844,379229,0.0,0.0
2026-05-04 12:15:00+05:30,200.63999938964844,200.92999267578125,200.60000610351562,200.86000061035156,264329,0.0,0.0
2026-05-04 12:30:00+05:30,200.8300018310547,200.94000244140625,200.66000366210938,200.66000366210938,146317,0.0,0.0
2026-05-04 12:45:00+05:30,200.6199951171875,200.8000030517578,200.55999755859375,200.6199951171875,182589,0.0,0.0
2026-05-04 13:00:00+05:30,200.6199951171875,200.6999969482422,200.5500030517578,200.5800018310547,153155,0.0,0.0
2026-05-04 13:15:00+05:30,200.6300048828125,200.6699981689453,200.2100067138672,200.22000122070312,366832,0.0,0.0
2026-05-04 13:30:00+05:30,200.19000244140625,200.47999572753906,200.10000610351562,200.42999267578125,288042,0.0,0.0
2026-05-04 13:45:00+05:30,200.38999938964844,200.60000610351562,200.1999969482422,200.2899932861328,279479,0.0,0.0
2026-05-04 14:00:00+05:30,200.35000610351562,201.0,200.22999572753906,200.94000244140625,260245,0.0,0.0
2026-05-04 14:15:00+05:30,200.94000244140625,201.14999389648438,200.67999267578125,200.75,267560,0.0,0.0
2026-05-04 14:30:00+05:30,200.72000122070312,200.91000366210938,200.7100067138672,200.89999389648438,243910,0.0,0.0
2026-05-04 14:45:00+05:30,200.8800048828125,200.8800048828125,200.30999755859375,200.72000122070312,366172,0.0,0.0
2026-05-04 15:00:00+05:30,200.6699981689453,201.0399932861328,200.52999877929688,200.83999633789062,683403,0.0,0.0
2026-05-04 15:15:00+05:30,200.83999633789062,200.9499969482422,200.60000610351562,200.91000366210938,681578,0.0,0.0
2026-05-05 09:15:00+05:30,200.02999877929688,202.19000244140625,200.0,201.1999969482422,424882,0.0,0.0
2026-05-05 09:30:00+05:30,201.1300048828125,201.36000061035156,200.50999450683594,200.5800018310547,371740,0.0,0.0
2026-05-05 09:45:00+05:30,200.5500030517578,201.3300018310547,200.5399932861328,201.00999450683594,229554,0.0,0.0
2026-05-05 10:00:00+05:30,201.0500030517578,201.17999267578125,200.6999969482422,200.89999389648438,204208,0.0,0.0
2026-05-05 10:15:00+05:30,200.8300018310547,200.86000061035156,200.5,200.64999389648438,288430,0.0,0.0
2026-05-05 10:30:00+05:30,200.67999267578125,200.83999633789062,200.5800018310547,200.66000366210938,142478,0.0,0.0
2026-05-05 10:45:00+05:30,200.63999938964844,200.6699981689453,200.3800048828125,200.63999938964844,255015,0.0,0.0
2026-05-05 11:00:00+05:30,200.69000244140625,200.85000610351562,200.3699951171875,200.41000366210938,330942,0.0,0.0
2026-05-05 11:15:00+05:30,200.49000549316406,200.60000610351562,200.11000061035156,200.1999969482422,309872,0.0,0.0
2026-05-05 11:30:00+05:30,200.19000244140625,200.25,199.91000366210938,199.9199981689453,749694,0.0,0.0
2026-05-05 11:45:00+05:30,199.9199981689453,200.0,199.6999969482422,199.89999389648438,359613,0.0,0.0
2026-05-05 12:00:00+05:30,199.9199981689453,200.0500030517578,199.8000030517578,200.0399932861328,236416,0.0,0.0
2026-05-05 12:15:00+05:30,200.02999877929688,200.22000122070312,199.80999755859375,199.9499969482422,221437,0.0,0.0
2026-05-05 12:30:00+05:30,199.9499969482422,200.17999267578125,199.85000610351562,199.97000122070312,183370,0.0,0.0
2026-05-05 12:45:00+05:30,199.97000122070312,200.1300048828125,199.80999755859375,200.1199951171875,163286,0.0,0.0
2026-05-05 13:00:00+05:30,200.1199951171875,200.2100067138672,200.0,200.10000610351562,222315,0.0,0.0
2026-05-05 13:15:00+05:30,200.10000610351562,200.1999969482422,199.89999389648438,199.99000549316406,242407,0.0,0.0
2026-05-05 13:30:00+05:30,200.0,200.19000244140625,199.94000244140625,200.14999389648438,130696,0.0,0.0
2026-05-05 13:45:00+05:30,200.19000244140625,200.1999969482422,199.99000549316406,199.99000549316406,215560,0.0,0.0
2026-05-05 14:00:00+05:30,199.9600067138672,200.05999755859375,199.8000030517578,199.89999389648438,241514,0.0,0.0
2026-05-05 14:15:00+05:30,199.9600067138672,200.14999389648438,199.89999389648438,200.14999389648438,161710,0.0,0.0
2026-05-05 14:30:00+05:30,200.13999938964844,200.16000366210938,199.89999389648438,200.02999877929688,247995,0.0,0.0
2026-05-05 14:45:00+05:30,200.0500030517578,200.0500030517578,199.6199951171875,199.6300048828125,560741,0.0,0.0
2026-05-05 15:00:00+05:30,199.66000366210938,199.89999389648438,199.60000610351562,199.8300018310547,738394,0.0,0.0
2026-05-05 15:15:00+05:30,199.8300018310547,200.16000366210938,199.66000366210938,200.0800018310547,1119303,0.0,0.0
2026-05-06 09:15:00+05:30,200.8000030517578,201.0,200.16000366210938,200.83999633789062,308495,0.0,0.0
2026-05-06 09:30:00+05:30,200.97000122070312,201.05999755859375,200.10000610351562,200.14999389648438,491037,0.0,0.0
2026-05-06 09:45:00+05:30,200.1999969482422,200.4600067138672,200.0500030517578,200.14999389648438,333789,0.0,0.0
2026-05-06 10:00:00+05:30,200.1999969482422,200.2899932861328,199.89999389648438,200.2899932861328,530602,0.0,0.0
2026-05-06 10:15:00+05:30,200.32000732421875,200.3300018310547,199.89999389648438,200.0,358827,0.0,0.0
2026-05-06 10:30:00+05:30,200.0,200.0,199.63999938964844,199.92999267578125,365801,0.0,0.0
2026-05-06 10:45:00+05:30,199.92999267578125,199.92999267578125,199.74000549316406,199.82000732421875,221699,0.0,0.0
2026-05-06 11:00:00+05:30,199.86000061035156,199.89999389648438,199.66000366210938,199.8000030517578,226520,0.0,0.0
2026-05-06 11:15:00+05:30,199.8000030517578,200.0,199.8000030517578,199.94000244140625,179373,0.0,0.0
2026-05-06 11:30:00+05:30,199.92999267578125,200.14999389648438,199.8699951171875,200.0399932861328,386604,0.0,0.0
2026-05-06 11:45:00+05:30,200.0399932861328,200.0500030517578,199.8800048828125,199.91000366210938,179241,0.0,0.0
2026-05-06 12:00:00+05:30,199.94000244140625,200.02000427246094,199.80999755859375,199.8699951171875,158212,0.0,0.0
2026-05-06 12:15:00+05:30,199.86000061035156,199.86000061035156,199.11000061035156,199.1699981689453,743052,0.0,0.0
2026-05-06 12:30:00+05:30,199.17999267578125,199.1999969482422,198.61000061035156,198.6699981689453,864935,0.0,0.0
2026-05-06 12:45:00+05:30,198.67999267578125,198.75,198.32000732421875,198.39999389648438,610670,0.0,0.0
2026-05-06 13:00:00+05:30,198.39999389648438,198.91000366210938,198.27999877929688,198.8000030517578,375287,0.0,0.0
2026-05-06 13:15:00+05:30,198.8699951171875,199.0,198.80999755859375,198.97999572753906,310197,0.0,0.0
2026-05-06 13:30:00+05:30,198.97000122070312,198.97000122070312,198.63999938964844,198.6999969482422,289378,0.0,0.0
2026-05-06 13:45:00+05:30,198.6999969482422,198.88999938964844,198.30999755859375,198.5800018310547,403998,0.0,0.0
2026-05-06 14:00:00+05:30,198.5500030517578,198.89999389648438,198.5500030517578,198.8000030517578,305651,0.0,0.0
2026-05-06 14:15:00+05:30,198.82000732421875,199.33999633789062,198.75999450683594,199.33999633789062,674496,0.0,0.0
2026-05-06 14:30:00+05:30,199.4199981689453,199.58999633789062,199.08999633789062,199.42999267578125,547445,0.0,0.0
2026-05-06 14:45:00+05:30,199.42999267578125,199.63999938964844,199.3000030517578,199.5399932861328,629551,0.0,0.0
2026-05-06 15:00:00+05:30,199.58999633789062,199.63999938964844,199.0,199.02000427246094,1083798,0.0,0.0
2026-05-06 15:15:00+05:30,199.05999755859375,199.1999969482422,198.9499969482422,199.1999969482422,1729104,0.0,0.0
2026-05-07 09:15:00+05:30,199.69000244140625,200.27999877929688,198.5,198.5,1058056,0.0,0.0
2026-05-07 09:30:00+05:30,198.63999938964844,198.86000061035156,198.3000030517578,198.72999572753906,736003,0.0,0.0
2026-05-07 09:45:00+05:30,198.6999969482422,198.77000427246094,198.3699951171875,198.47000122070312,611833,0.0,0.0
2026-05-07 10:00:00+05:30,198.4499969482422,198.52999877929688,198.08999633789062,198.35000610351562,844399,0.0,0.0
2026-05-07 10:15:00+05:30,198.3000030517578,198.61000061035156,198.1999969482422,198.61000061035156,471495,0.0,0.0
2026-05-07 10:30:00+05:30,198.60000610351562,198.75,198.44000244140625,198.4600067138672,390847,0.0,0.0
2026-05-07 10:45:00+05:30,198.52999877929688,198.64999389648438,198.3300018310547,198.60000610351562,351556,0.0,0.0
2026-05-07 11:00:00+05:30,198.6199951171875,198.6300048828125,198.16000366210938,198.1999969482422,433869,0.0,0.0
2026-05-07 11:15:00+05:30,198.1999969482422,198.2100067138672,198.0,198.1300048828125,652405,0.0,0.0
2026-05-07 11:30:00+05:30,198.1300048828125,198.47000122070312,197.85000610351562,197.94000244140625,1221128,0.0,0.0
2026-05-07 11:45:00+05:30,197.91000366210938,198.0,197.82000732421875,197.9600067138672,439143,0.0,0.0
2026-05-07 12:00:00+05:30,197.97000122070312,199.1199951171875,197.88999938964844,197.99000549316406,408786,0.0,0.0
2026-05-07 12:15:00+05:30,197.9199981689453,198.19000244140625,197.91000366210938,197.9499969482422,511057,0.0,0.0
2026-05-07 12:30:00+05:30,197.92999267578125,198.1199951171875,197.85000610351562,198.02999877929688,634683,0.0,0.0
2026-05-07 12:45:00+05:30,198.0,198.1699981689453,197.7899932861328,197.85000610351562,1098762,0.0,0.0
2026-05-07 13:00:00+05:30,197.86000061035156,198.0,197.75,197.8699951171875,380126,0.0,0.0
2026-05-07 13:15:00+05:30,197.86000061035156,197.9199981689453,197.64999389648438,197.8800048828125,786492,0.0,0.0
2026-05-07 13:30:00+05:30,197.8699951171875,197.91000366210938,197.72000122070312,197.88999938964844,294740,0.0,0.0
2026-05-07 13:45:00+05:30,197.8699951171875,197.89999389648438,197.6999969482422,197.89999389648438,330533,0.0,0.0
2026-05-07 14:00:00+05:30,197.86000061035156,197.88999938964844,197.64999389648438,197.69000244140625,531574,0.0,0.0
2026-05-07 14:15:00+05:30,197.6999969482422,197.75999450683594,197.5,197.5,656034,0.0,0.0
2026-05-07 14:30:00+05:30,197.50999450683594,197.58999633789062,197.36000061035156,197.50999450683594,804390,0.0,0.0
2026-05-07 14:45:00+05:30,197.50999450683594,197.75,197.4499969482422,197.64999389648438,622306,0.0,0.0
2026-05-07 15:00:00+05:30,197.67999267578125,197.67999267578125,197.25,197.41000366210938,1817670,0.0,0.0
2026-05-07 15:15:00+05:30,197.39999389648438,197.47000122070312,197.24000549316406,197.38999938964844,2118223,0.0,0.0
2026-05-08 09:15:00+05:30,198.0,198.88999938964844,197.88999938964844,198.36000061035156,1325788,0.0,0.0
2026-05-08 09:30:00+05:30,198.35000610351562,198.35000610351562,196.9499969482422,197.0,1694104,0.0,0.0
2026-05-08 09:45:00+05:30,196.91000366210938,197.33999633789062,196.7100067138672,197.33999633789062,1007503,0.0,0.0
2026-05-08 10:00:00+05:30,197.3300018310547,197.3300018310547,196.6999969482422,196.89999389648438,933162,0.0,0.0
2026-05-08 10:15:00+05:30,196.8800048828125,197.83999633789062,196.8800048828125,197.58999633789062,1148765,0.0,0.0
2026-05-08 10:30:00+05:30,197.64999389648438,197.85000610351562,197.4499969482422,197.6699981689453,999577,0.0,0.0
2026-05-08 10:45:00+05:30,197.6199951171875,197.69000244140625,197.25,197.42999267578125,291619,0.0,0.0
2026-05-08 11:00:00+05:30,197.44000244140625,197.44000244140625,197.14999389648438,197.2899932861328,260457,0.0,0.0
2026-05-08 11:15:00+05:30,197.3000030517578,197.3000030517578,196.9499969482422,197.1699981689453,405488,0.0,0.0
2026-05-08 11:30:00+05:30,197.16000366210938,197.47999572753906,197.07000732421875,197.33999633789062,212621,0.0,0.0
2026-05-08 11:45:00+05:30,197.3699951171875,197.50999450683594,197.25999450683594,197.4600067138672,260776,0.0,0.0
2026-05-08 12:00:00+05:30,197.47000122070312,197.55999755859375,197.32000732421875,197.50999450683594,191877,0.0,0.0
2026-05-08 12:15:00+05:30,197.52999877929688,197.60000610351562,197.1199951171875,197.55999755859375,448159,0.0,0.0
2026-05-08 12:30:00+05:30,197.5500030517578,197.69000244140625,197.39999389648438,197.5,346207,0.0,0.0
2026-05-08 12:45:00+05:30,197.47999572753906,197.58999633789062,197.35000610351562,197.4600067138672,205809,0.0,0.0
2026-05-08 13:00:00+05:30,197.4600067138672,197.80999755859375,197.36000061035156,197.75,239826,0.0,0.0
2026-05-08 13:15:00+05:30,197.75999450683594,198.14999389648438,197.52999877929688,198.11000061035156,385416,0.0,0.0
2026-05-08 13:30:00+05:30,198.11000061035156,198.14999389648438,197.60000610351562,197.6199951171875,310038,0.0,0.0
2026-05-08 13:45:00+05:30,197.64999389648438,197.6699981689453,197.3699951171875,197.44000244140625,441434,0.0,0.0
2026-05-08 14:00:00+05:30,197.42999267578125,197.88999938964844,197.3699951171875,197.75999450683594,454383,0.0,0.0
2026-05-08 14:15:00+05:30,197.75999450683594,197.82000732421875,197.47000122070312,197.6300048828125,488066,0.0,0.0
2026-05-08 14:30:00+05:30,197.6999969482422,198.35000610351562,197.61000061035156,198.05999755859375,586310,0.0,0.0
2026-05-08 14:45:00+05:30,198.0500030517578,198.22000122070312,197.89999389648438,197.9499969482422,548824,0.0,0.0
2026-05-08 15:00:00+05:30,197.94000244140625,198.1199951171875,197.75,197.97999572753906,703343,0.0,0.0
2026-05-08 15:15:00+05:30,197.9600067138672,198.0399932861328,197.8000030517578,197.8000030517578,1195362,0.0,0.0
2026-05-11 09:15:00+05:30,197.8000030517578,198.22000122070312,196.82000732421875,197.30999755859375,475274,0.0,0.0
2026-05-11 09:30:00+05:30,197.24000549316406,197.58999633789062,196.75999450683594,196.75999450683594,512606,0.0,0.0
2026-05-11 09:45:00+05:30,196.82000732421875,197.35000610351562,196.77000427246094,197.16000366210938,308190,0.0,0.0
2026-05-11 10:00:00+05:30,197.13999938964844,197.33999633789062,197.02000427246094,197.1300048828125,244410,0.0,0.0
2026-05-11 10:15:00+05:30,197.16000366210938,197.67999267578125,196.89999389648438,197.58999633789062,366525,0.0,0.0
2026-05-11 10:30:00+05:30,197.58999633789062,197.7899932861328,197.4499969482422,197.58999633789062,167054,0.0,0.0
2026-05-11 10:45:00+05:30,197.5800018310547,197.89999389648438,197.27000427246094,197.85000610351562,245682,0.0,0.0
2026-05-11 11:00:00+05:30,197.85000610351562,198.1199951171875,197.75,197.85000610351562,275623,0.0,0.0
2026-05-11 11:15:00+05:30,197.8699951171875,197.89999389648438,197.50999450683594,197.7100067138672,179532,0.0,0.0
2026-05-11 11:30:00+05:30,197.69000244140625,197.8800048828125,197.47000122070312,197.8800048828125,215987,0.0,0.0
2026-05-11 11:45:00+05:30,197.88999938964844,197.9499969482422,197.60000610351562,197.64999389648438,154565,0.0,0.0
2026-05-11 12:00:00+05:30,197.69000244140625,197.75,197.39999389648438,197.4199981689453,150366,0.0,0.0
2026-05-11 12:15:00+05:30,197.4199981689453,197.5800018310547,197.1999969482422,197.5500030517578,242748,0.0,0.0
2026-05-11 12:30:00+05:30,197.52999877929688,198.0,197.4600067138672,197.97999572753906,306344,0.0,0.0
2026-05-11 12:45:00+05:30,198.00999450683594,198.0500030517578,197.82000732421875,197.8699951171875,182715,0.0,0.0
2026-05-11 13:00:00+05:30,197.86000061035156,197.9499969482422,197.6199951171875,197.92999267578125,118098,0.0,0.0
2026-05-11 13:15:00+05:30,197.88999938964844,198.0399932861328,197.77999877929688,197.9600067138672,190418,0.0,0.0
2026-05-11 13:30:00+05:30,198.0,198.0,197.35000610351562,197.63999938964844,344076,0.0,0.0
2026-05-11 13:45:00+05:30,197.63999938964844,197.89999389648438,197.5500030517578,197.77000427246094,125054,0.0,0.0
2026-05-11 14:00:00+05:30,197.75,197.9600067138672,197.6199951171875,197.8800048828125,170604,0.0,0.0
2026-05-11 14:15:00+05:30,197.82000732421875,197.8800048828125,197.5,197.5,214755,0.0,0.0
2026-05-11 14:30:00+05:30,197.60000610351562,197.94000244140625,197.1999969482422,197.2100067138672,299008,0.0,0.0
2026-05-11 14:45:00+05:30,197.1999969482422,197.22999572753906,196.89999389648438,196.99000549316406,713854,0.0,0.0
2026-05-11 15:00:00+05:30,197.0,197.0800018310547,196.60000610351562,196.72000122070312,924911,0.0,0.0
2026-05-11 15:15:00+05:30,196.7100067138672,196.9199981689453,196.24000549316406,196.24000549316406,1394705,0.0,0.0
2026-05-12 09:15:00+05:30,196.10000610351562,196.10000610351562,192.42999267578125,192.8699951171875,1721601,0.0,0.0
2026-05-12 09:30:00+05:30,192.83999633789062,192.89999389648438,191.61000061035156,191.9600067138672,2198280,0.0,0.0
2026-05-12 09:45:00+05:30,191.9600067138672,192.25999450683594,191.67999267578125,191.77000427246094,1346887,0.0,0.0
2026-05-12 10:00:00+05:30,191.77000427246094,191.9499969482422,191.5399932861328,191.75999450683594,1482360,0.0,0.0
2026-05-12 10:15:00+05:30,191.74000549316406,191.9499969482422,191.10000610351562,191.25,1448980,0.0,0.0
2026-05-12 10:30:00+05:30,191.25,191.25,190.6999969482422,190.75,1503987,0.0,0.0
2026-05-12 10:45:00+05:30,190.77000427246094,191.10000610351562,190.35000610351562,191.00999450683594,998322,0.0,0.0
2026-05-12 11:00:00+05:30,191.00999450683594,191.36000061035156,190.75,190.99000549316406,780078,0.0,0.0
2026-05-12 11:15:00+05:30,190.97999572753906,191.1300048828125,190.6999969482422,190.82000732421875,661808,0.0,0.0
2026-05-12 11:30:00+05:30,190.8300018310547,191.19000244140625,190.6999969482422,191.11000061035156,470448,0.0,0.0
2026-05-12 11:45:00+05:30,191.11000061035156,191.39999389648438,191.0,191.1699981689453,441751,0.0,0.0
2026-05-12 12:00:00+05:30,191.16000366210938,191.16000366210938,190.52999877929688,190.60000610351562,647591,0.0,0.0
2026-05-12 12:15:00+05:30,190.6199951171875,190.69000244140625,190.25,190.49000549316406,745547,0.0,0.0
2026-05-12 12:30:00+05:30,190.49000549316406,190.67999267578125,190.27000427246094,190.5800018310547,547091,0.0,0.0
2026-05-12 12:45:00+05:30,190.5500030517578,190.9600067138672,190.3300018310547,190.9199981689453,483674,0.0,0.0
2026-05-12 13:00:00+05:30,190.91000366210938,191.08999633789062,190.6999969482422,191.02999877929688,521234,0.0,0.0
2026-05-12 13:15:00+05:30,191.0500030517578,191.14999389648438,190.6199951171875,190.8699951171875,587576,0.0,0.0
2026-05-12 13:30:00+05:30,190.89999389648438,191.0,190.5800018310547,190.75999450683594,365995,0.0,0.0
2026-05-12 13:45:00+05:30,190.72000122070312,190.72999572753906,190.3699951171875,190.5,493228,0.0,0.0
2026-05-12 14:00:00+05:30,190.49000549316406,190.52000427246094,190.0500030517578,190.14999389648438,797962,0.0,0.0
2026-05-12 14:15:00+05:30,190.17999267578125,190.60000610351562,190.0399932861328,190.22000122070312,592947,0.0,0.0
2026-05-12 14:30:00+05:30,190.25999450683594,190.25999450683594,190.0,190.0399932861328,1281714,0.0,0.0
2026-05-12 14:45:00+05:30,190.0399932861328,190.0399932861328,189.52000427246094,189.64999389648438,1126964,0.0,0.0
2026-05-12 15:00:00+05:30,189.63999938964844,189.77999877929688,189.13999938964844,189.24000549316406,1963681,0.0,0.0
2026-05-12 15:15:00+05:30,189.25,190.36000061035156,189.22999572753906,190.3000030517578,2389668,0.0,0.0
2026-05-13 09:15:00+05:30,190.6699981689453,191.25999450683594,188.27000427246094,188.58999633789062,1139276,0.0,0.0
2026-05-13 09:30:00+05:30,188.5800018310547,188.74000549316406,187.38999938964844,188.0800018310547,1197747,0.0,0.0
2026-05-13 09:45:00+05:30,187.99000549316406,188.60000610351562,187.5,188.47999572753906,702677,0.0,0.0
2026-05-13 10:00:00+05:30,188.39999389648438,189.0500030517578,188.27999877929688,188.9600067138672,518558,0.0,0.0
2026-05-13 10:15:00+05:30,188.97999572753906,189.7899932861328,188.94000244140625,189.35000610351562,619967,0.0,0.0
2026-05-13 10:30:00+05:30,189.35000610351562,189.39999389648438,188.0500030517578,188.47999572753906,1053704,0.0,0.0
2026-05-13 10:45:00+05:30,188.47000122070312,188.6999969482422,188.0,188.02000427246094,807341,0.0,0.0
2026-05-13 11:00:00+05:30,188.02000427246094,188.11000061035156,187.5,187.8699951171875,565614,0.0,0.0
2026-05-13 11:15:00+05:30,187.88999938964844,188.25999450683594,187.8000030517578,187.94000244140625,429886,0.0,0.0
2026-05-13 11:30:00+05:30,187.94000244140625,188.91000366210938,187.92999267578125,188.8000030517578,699819,0.0,0.0
2026-05-13 11:45:00+05:30,188.8000030517578,188.82000732421875,188.38999938964844,188.39999389648438,309635,0.0,0.0
2026-05-13 12:00:00+05:30,188.41000366210938,189.3800048828125,188.36000061035156,189.30999755859375,507190,0.0,0.0
2026-05-13 12:15:00+05:30,189.30999755859375,189.30999755859375,188.1999969482422,188.1999969482422,313843,0.0,0.0
2026-05-13 12:30:00+05:30,188.22000122070312,188.38999938964844,187.97000122070312,188.14999389648438,506867,0.0,0.0
2026-05-13 12:45:00+05:30,188.16000366210938,188.9199981689453,188.0399932861328,188.88999938964844,356648,0.0,0.0
2026-05-13 13:00:00+05:30,188.86000061035156,188.9199981689453,188.3300018310547,188.57000732421875,315818,0.0,0.0
2026-05-13 13:15:00+05:30,188.60000610351562,188.60000610351562,188.1199951171875,188.27000427246094,245520,0.0,0.0
2026-05-13 13:30:00+05:30,188.27000427246094,188.60000610351562,188.14999389648438,188.4199981689453,236720,0.0,0.0
2026-05-13 13:45:00+05:30,188.4600067138672,188.52999877929688,188.11000061035156,188.3000030517578,336108,0.0,0.0
2026-05-13 14:00:00+05:30,188.2899932861328,188.6999969482422,188.1999969482422,188.6199951171875,446765,0.0,0.0
2026-05-13 14:15:00+05:30,188.69000244140625,188.6999969482422,188.08999633789062,188.3000030517578,510570,0.0,0.0
2026-05-13 14:30:00+05:30,188.3000030517578,188.50999450683594,187.91000366210938,187.9600067138672,915589,0.0,0.0
2026-05-13 14:45:00+05:30,187.92999267578125,188.25,187.7100067138672,188.19000244140625,630387,0.0,0.0
2026-05-13 15:00:00+05:30,188.24000549316406,188.24000549316406,187.61000061035156,187.8800048828125,1009705,0.0,0.0
2026-05-13 15:15:00+05:30,187.85000610351562,188.0,187.61000061035156,188.0,1532812,0.0,0.0
2026-05-14 09:15:00+05:30,188.44000244140625,188.97000122070312,187.5,188.60000610351562,1263652,0.0,0.0
2026-05-14 09:30:00+05:30,188.60000610351562,188.60000610351562,187.3300018310547,187.64999389648438,1249353,0.0,0.0
2026-05-14 09:45:00+05:30,187.64999389648438,187.82000732421875,187.08999633789062,187.1300048828125,786279,0.0,0.0
2026-05-14 10:00:00+05:30,187.17999267578125,188.1199951171875,187.17999267578125,187.6999969482422,522250,0.0,0.0
2026-05-14 10:15:00+05:30,187.6699981689453,188.25,187.52999877929688,188.14999389648438,533426,0.0,0.0
2026-05-14 10:30:00+05:30,188.14999389648438,188.47999572753906,187.9600067138672,188.1199951171875,467076,0.0,0.0
2026-05-14 10:45:00+05:30,188.1199951171875,188.14999389648438,187.67999267578125,187.75,402404,0.0,0.0
2026-05-14 11:00:00+05:30,187.72999572753906,187.82000732421875,187.32000732421875,187.32000732421875,603588,0.0,0.0
2026-05-14 11:15:00+05:30,187.3800048828125,187.85000610351562,187.2100067138672,187.49000549316406,498630,0.0,0.0
2026-05-14 11:30:00+05:30,187.39999389648438,187.60000610351562,187.25999450683594,187.5,334571,0.0,0.0
2026-05-14 11:45:00+05:30,187.5,187.99000549316406,187.44000244140625,187.75999450683594,471968,0.0,0.0
2026-05-14 12:00:00+05:30,187.6999969482422,187.77999877929688,187.1199951171875,187.5,528530,0.0,0.0
2026-05-14 12:15:00+05:30,187.5,187.7899932861328,187.4499969482422,187.5800018310547,316509,0.0,0.0
2026-05-14 12:30:00+05:30,187.5800018310547,187.6199951171875,187.10000610351562,187.41000366210938,503200,0.0,0.0
2026-05-14 12:45:00+05:30,187.4600067138672,187.4600067138672,187.1199951171875,187.22000122070312,446400,0.0,0.0
2026-05-14 13:00:00+05:30,187.1999969482422,188.1699981689453,187.1999969482422,188.1300048828125,590619,0.0,0.0
2026-05-14 13:15:00+05:30,188.0800018310547,188.6300048828125,188.0800018310547,188.1699981689453,766152,0.0,0.0
2026-05-14 13:30:00+05:30,188.1699981689453,188.4600067138672,188.05999755859375,188.42999267578125,225225,0.0,0.0
2026-05-14 13:45:00+05:30,188.47999572753906,189.10000610351562,188.44000244140625,188.86000061035156,602790,0.0,0.0
2026-05-14 14:00:00+05:30,188.83999633789062,189.88999938964844,188.7899932861328,189.7899932861328,698774,0.0,0.0
2026-05-14 14:15:00+05:30,189.7899932861328,189.8000030517578,189.47999572753906,189.66000366210938,534382,0.0,0.0
2026-05-14 14:30:00+05:30,189.6999969482422,189.94000244140625,189.3000030517578,189.58999633789062,540500,0.0,0.0
2026-05-14 14:45:00+05:30,189.61000061035156,190.14999389648438,189.30999755859375,189.39999389648438,1021710,0.0,0.0
2026-05-14 15:00:00+05:30,189.4199981689453,189.4199981689453,188.07000732421875,188.22999572753906,1173953,0.0,0.0
2026-05-14 15:15:00+05:30,188.22999572753906,188.44000244140625,188.0,188.14999389648438,1430199,0.0,0.0
2026-05-15 09:15:00+05:30,189.0,191.89999389648438,189.0,191.3300018310547,1207764,0.0,0.0
2026-05-15 09:30:00+05:30,191.3000030517578,191.3300018310547,190.35000610351562,190.85000610351562,1296487,0.0,0.0
2026-05-15 09:45:00+05:30,190.85000610351562,191.49000549316406,190.6999969482422,191.1199951171875,1030856,0.0,0.0
2026-05-15 10:00:00+05:30,191.13999938964844,191.27000427246094,190.6999969482422,190.9499969482422,660916,0.0,0.0
2026-05-15 10:15:00+05:30,190.9499969482422,191.1300048828125,190.66000366210938,190.88999938964844,337093,0.0,0.0
2026-05-15 10:30:00+05:30,190.85000610351562,191.02999877929688,190.5800018310547,191.02999877929688,303355,0.0,0.0
2026-05-15 10:45:00+05:30,191.10000610351562,191.4600067138672,191.07000732421875,191.1300048828125,428707,0.0,0.0
2026-05-15 11:00:00+05:30,191.1300048828125,191.14999389648438,190.0,190.16000366210938,759077,0.0,0.0
2026-05-15 11:15:00+05:30,190.16000366210938,190.3699951171875,189.91000366210938,190.1699981689453,450392,0.0,0.0
2026-05-15 11:30:00+05:30,190.1699981689453,190.35000610351562,189.94000244140625,190.3000030517578,417307,0.0,0.0
2026-05-15 11:45:00+05:30,190.3000030517578,190.4499969482422,190.05999755859375,190.25,331993,0.0,0.0
2026-05-15 12:00:00+05:30,190.25,190.58999633789062,190.17999267578125,190.30999755859375,269326,0.0,0.0
2026-05-15 12:15:00+05:30,190.3300018310547,190.36000061035156,189.89999389648438,189.97999572753906,266847,0.0,0.0
2026-05-15 12:30:00+05:30,189.99000549316406,190.49000549316406,189.92999267578125,190.44000244140625,258344,0.0,0.0
2026-05-15 12:45:00+05:30,190.36000061035156,190.57000732421875,190.1999969482422,190.4499969482422,250502,0.0,0.0
2026-05-15 13:00:00+05:30,190.41000366210938,190.64999389648438,190.25999450683594,190.64999389648438,234401,0.0,0.0
2026-05-15 13:15:00+05:30,190.64999389648438,190.8000030517578,190.4499969482422,190.58999633789062,251674,0.0,0.0
2026-05-15 13:30:00+05:30,190.60000610351562,190.64999389648438,190.24000549316406,190.33999633789062,325898,0.0,0.0
2026-05-15 13:45:00+05:30,190.3300018310547,190.4499969482422,190.0,190.1699981689453,471042,0.0,0.0
2026-05-15 14:00:00+05:30,190.1300048828125,190.13999938964844,189.77000427246094,189.9199981689453,524737,0.0,0.0
2026-05-15 14:15:00+05:30,189.97000122070312,190.08999633789062,189.5,189.61000061035156,354694,0.0,0.0
2026-05-15 14:30:00+05:30,189.7100067138672,189.9199981689453,189.4199981689453,189.66000366210938,474189,0.0,0.0
2026-05-15 14:45:00+05:30,189.7100067138672,189.88999938964844,189.24000549316406,189.8300018310547,920666,0.0,0.0
2026-05-15 15:00:00+05:30,189.7899932861328,190.42999267578125,189.5,189.74000549316406,2589315,0.0,0.0
2026-05-15 15:15:00+05:30,189.8300018310547,190.5500030517578,189.5399932861328,190.0,2501308,0.0,0.0
2026-05-18 09:15:00+05:30,190.8000030517578,191.5,190.0,190.2100067138672,944978,0.0,0.0
2026-05-18 09:30:00+05:30,190.2100067138672,190.55999755859375,189.74000549316406,190.10000610351562,867303,0.0,0.0
2026-05-18 09:45:00+05:30,190.1300048828125,190.1699981689453,189.6199951171875,189.6999969482422,510121,0.0,0.0
2026-05-18 10:00:00+05:30,189.6999969482422,189.8800048828125,189.1999969482422,189.38999938964844,517483,0.0,0.0
2026-05-18 10:15:00+05:30,189.38999938964844,189.88999938964844,189.35000610351562,189.4499969482422,423917,0.0,0.0
2026-05-18 10:30:00+05:30,189.4499969482422,190.42999267578125,189.3000030517578,190.0399932861328,489650,0.0,0.0
2026-05-18 10:45:00+05:30,190.0399932861328,191.17999267578125,189.9600067138672,191.0500030517578,834748,0.0,0.0
2026-05-18 11:00:00+05:30,191.0500030517578,191.25,190.47999572753906,190.61000061035156,413289,0.0,0.0
2026-05-18 11:15:00+05:30,190.57000732421875,190.94000244140625,190.2100067138672,190.72000122070312,318812,0.0,0.0
2026-05-18 11:30:00+05:30,190.77999877929688,191.02999877929688,190.64999389648438,190.89999389648438,312347,0.0,0.0
2026-05-18 11:45:00+05:30,190.88999938964844,190.97999572753906,190.63999938964844,190.6999969482422,208092,0.0,0.0
2026-05-18 12:00:00+05:30,190.67999267578125,191.92999267578125,190.60000610351562,191.88999938964844,651868,0.0,0.0
2026-05-18 12:15:00+05:30,191.94000244140625,192.25,191.57000732421875,191.6699981689453,600642,0.0,0.0
2026-05-18 12:30:00+05:30,191.6999969482422,192.47999572753906,191.6999969482422,191.86000061035156,717815,0.0,0.0
2026-05-18 12:45:00+05:30,191.86000061035156,192.0399932861328,191.7100067138672,191.9199981689453,384937,0.0,0.0
2026-05-18 13:00:00+05:30,191.9600067138672,192.3000030517578,191.61000061035156,191.8000030517578,584933,0.0,0.0
2026-05-18 13:15:00+05:30,191.8000030517578,192.14999389648438,191.69000244140625,191.82000732421875,638099,0.0,0.0
2026-05-18 13:30:00+05:30,191.85000610351562,191.9499969482422,191.36000061035156,191.72999572753906,533215,0.0,0.0
2026-05-18 13:45:00+05:30,191.74000549316406,192.0,191.50999450683594,191.9199981689453,278430,0.0,0.0
2026-05-18 14:00:00+05:30,191.9499969482422,191.9499969482422,191.5,191.72000122070312,304437,0.0,0.0
2026-05-18 14:15:00+05:30,191.7100067138672,191.8000030517578,191.36000061035156,191.72000122070312,394320,0.0,0.0
2026-05-18 14:30:00+05:30,191.72000122070312,191.8800048828125,191.5800018310547,191.80999755859375,265241,0.0,0.0
2026-05-18 14:45:00+05:30,191.7899932861328,191.94000244140625,191.6199951171875,191.6999969482422,337954,0.0,0.0
2026-05-18 15:00:00+05:30,191.6999969482422,192.3000030517578,191.6999969482422,192.0,1152600,0.0,0.0
2026-05-18 15:15:00+05:30,192.00999450683594,192.75,192.0,192.1699981689453,2055881,0.0,0.0
2026-05-19 09:15:00+05:30,192.41000366210938,197.69000244140625,192.41000366210938,196.64999389648438,2762148,0.0,0.0
2026-05-19 09:30:00+05:30,196.82000732421875,197.0500030517578,196.0500030517578,196.67999267578125,1456515,0.0,0.0
2026-05-19 09:45:00+05:30,196.77000427246094,196.77999877929688,196.10000610351562,196.10000610351562,655593,0.0,0.0
2026-05-19 10:00:00+05:30,196.10000610351562,196.33999633789062,195.91000366210938,196.1300048828125,601795,0.0,0.0
2026-05-19 10:15:00+05:30,196.1300048828125,196.5800018310547,196.0500030517578,196.4499969482422,588417,0.0,0.0
2026-05-19 10:30:00+05:30,196.4499969482422,197.9600067138672,196.4499969482422,197.82000732421875,1030645,0.0,0.0
2026-05-19 10:45:00+05:30,197.8300018310547,197.8300018310547,197.0800018310547,197.3000030517578,605206,0.0,0.0
2026-05-19 11:00:00+05:30,197.27999877929688,197.89999389648438,197.27999877929688,197.77000427246094,561438,0.0,0.0
2026-05-19 11:15:00+05:30,197.75999450683594,197.9499969482422,197.11000061035156,197.3300018310547,470750,0.0,0.0
2026-05-19 11:30:00+05:30,197.3300018310547,197.3300018310547,196.38999938964844,196.77000427246094,749500,0.0,0.0
2026-05-19 11:45:00+05:30,196.77000427246094,196.77000427246094,196.36000061035156,196.4600067138672,323155,0.0,0.0
2026-05-19 12:00:00+05:30,196.47000122070312,196.49000549316406,195.8800048828125,195.91000366210938,583229,0.0,0.0
2026-05-19 12:15:00+05:30,195.88999938964844,195.88999938964844,195.5800018310547,195.72000122070312,416979,0.0,0.0
2026-05-19 12:30:00+05:30,195.72999572753906,196.05999755859375,195.50999450683594,195.77999877929688,424853,0.0,0.0
2026-05-19 12:45:00+05:30,195.83999633789062,195.89999389648438,195.39999389648438,195.5500030517578,399416,0.0,0.0
2026-05-19 13:00:00+05:30,195.6300048828125,195.6300048828125,195.35000610351562,195.41000366210938,346838,0.0,0.0
2026-05-19 13:15:00+05:30,195.41000366210938,195.6999969482422,195.3699951171875,195.49000549316406,335454,0.0,0.0
2026-05-19 13:30:00+05:30,195.49000549316406,195.72000122070312,195.14999389648438,195.22000122070312,374895,0.0,0.0
2026-05-19 13:45:00+05:30,195.2100067138672,195.4199981689453,195.0500030517578,195.2100067138672,719474,0.0,0.0
2026-05-19 14:00:00+05:30,195.22000122070312,195.6300048828125,195.22000122070312,195.5500030517578,600789,0.0,0.0
2026-05-19 14:15:00+05:30,195.55999755859375,195.6699981689453,195.41000366210938,195.52000427246094,306930,0.0,0.0
2026-05-19 14:30:00+05:30,195.5500030517578,195.7100067138672,195.25999450683594,195.4600067138672,386062,0.0,0.0
2026-05-19 14:45:00+05:30,195.4600067138672,195.5500030517578,195.3000030517578,195.47000122070312,775423,0.0,0.0
2026-05-19 15:00:00+05:30,195.49000549316406,195.55999755859375,195.05999755859375,195.14999389648438,1384169,0.0,0.0
2026-05-19 15:15:00+05:30,195.14999389648438,195.5,195.0500030517578,195.5,1708723,0.0,0.0
2026-05-20 09:15:00+05:30,194.6999969482422,195.69000244140625,194.00999450683594,195.36000061035156,1337591,0.0,0.0
2026-05-20 09:30:00+05:30,195.3699951171875,195.77999877929688,195.14999389648438,195.42999267578125,742416,0.0,0.0
2026-05-20 09:45:00+05:30,195.44000244140625,196.1999969482422,195.35000610351562,195.97000122070312,703644,0.0,0.0
2026-05-20 10:00:00+05:30,196.0,196.1699981689453,195.50999450683594,195.66000366210938,461331,0.0,0.0
2026-05-20 10:15:00+05:30,195.67999267578125,195.8800048828125,195.16000366210938,195.6199951171875,548862,0.0,0.0
2026-05-20 10:30:00+05:30,195.6999969482422,196.0,195.64999389648438,195.85000610351562,420222,0.0,0.0
2026-05-20 10:45:00+05:30,195.85000610351562,196.44000244140625,195.6999969482422,196.44000244140625,342199,0.0,0.0
2026-05-20 11:00:00+05:30,196.4499969482422,196.60000610351562,196.22000122070312,196.27000427246094,339918,0.0,0.0
2026-05-20 11:15:00+05:30,196.24000549316406,196.32000732421875,196.00999450683594,196.11000061035156,263075,0.0,0.0
2026-05-20 11:30:00+05:30,196.11000061035156,196.5500030517578,195.9199981689453,196.4499969482422,435965,0.0,0.0
2026-05-20 11:45:00+05:30,196.5,196.92999267578125,196.4499969482422,196.8000030517578,514182,0.0,0.0
2026-05-20 12:00:00+05:30,196.77000427246094,196.8699951171875,196.61000061035156,196.8300018310547,314646,0.0,0.0
2026-05-20 12:15:00+05:30,196.8300018310547,197.0,196.77000427246094,196.8699951171875,292120,0.0,0.0
2026-05-20 12:30:00+05:30,196.86000061035156,197.08999633789062,196.66000366210938,196.72000122070312,361569,0.0,0.0
2026-05-20 12:45:00+05:30,196.72000122070312,197.02999877929688,196.6699981689453,197.02999877929688,361592,0.0,0.0
2026-05-20 13:00:00+05:30,197.02999877929688,197.02999877929688,196.66000366210938,196.80999755859375,272396,0.0,0.0
2026-05-20 13:15:00+05:30,196.82000732421875,196.89999389648438,196.2100067138672,196.2899932861328,406595,0.0,0.0
2026-05-20 13:30:00+05:30,196.2899932861328,197.25999450683594,196.27999877929688,196.9199981689453,469359,0.0,0.0
2026-05-20 13:45:00+05:30,196.94000244140625,197.1699981689453,196.8800048828125,197.10000610351562,318239,0.0,0.0
2026-05-20 14:00:00+05:30,197.11000061035156,197.8000030517578,197.07000732421875,197.36000061035156,557703,0.0,0.0
2026-05-20 14:15:00+05:30,197.3699951171875,197.92999267578125,197.3000030517578,197.88999938964844,641007,0.0,0.0
2026-05-20 14:30:00+05:30,197.88999938964844,197.9199981689453,197.4600067138672,197.5800018310547,716017,0.0,0.0
2026-05-20 14:45:00+05:30,197.5800018310547,197.5800018310547,197.25,197.3000030517578,622109,0.0,0.0
2026-05-20 15:00:00+05:30,197.27000427246094,197.63999938964844,196.8800048828125,197.5,1036444,0.0,0.0
2026-05-20 15:15:00+05:30,197.5,197.58999633789062,196.72999572753906,197.1199951171875,2366870,0.0,0.0
2026-05-21 09:15:00+05:30,198.50999450683594,198.9600067138672,197.66000366210938,198.1699981689453,783616,0.0,0.0
2026-05-21 09:30:00+05:30,198.22999572753906,198.4199981689453,197.85000610351562,197.9600067138672,587531,0.0,0.0
2026-05-21 09:45:00+05:30,197.9600067138672,199.02999877929688,197.85000610351562,198.67999267578125,957824,0.0,0.0
2026-05-21 10:00:00+05:30,198.64999389648438,199.05999755859375,198.52000427246094,198.52000427246094,625202,0.0,0.0
2026-05-21 10:15:00+05:30,198.52000427246094,198.66000366210938,197.8800048828125,197.9199981689453,534628,0.0,0.0
2026-05-21 10:30:00+05:30,197.9499969482422,198.16000366210938,197.52999877929688,198.10000610351562,591221,0.0,0.0
2026-05-21 10:45:00+05:30,198.10000610351562,198.85000610351562,198.02999877929688,198.83999633789062,435652,0.0,0.0
2026-05-21 11:00:00+05:30,198.85000610351562,199.3000030517578,198.83999633789062,199.25,752354,0.0,0.0
2026-05-21 11:15:00+05:30,199.2100067138672,199.25,198.64999389648438,198.91000366210938,537559,0.0,0.0
2026-05-21 11:30:00+05:30,198.89999389648438,199.1999969482422,198.74000549316406,199.07000732421875,322948,0.0,0.0
2026-05-21 11:45:00+05:30,199.02999877929688,199.3000030517578,198.8300018310547,199.2899932861328,503154,0.0,0.0
2026-05-21 12:00:00+05:30,199.2899932861328,199.4499969482422,199.10000610351562,199.10000610351562,442442,0.0,0.0
2026-05-21 12:15:00+05:30,199.1199951171875,199.32000732421875,198.80999755859375,199.0500030517578,516561,0.0,0.0
2026-05-21 12:30:00+05:30,199.00999450683594,199.24000549316406,198.66000366210938,198.97999572753906,533572,0.0,0.0
2026-05-21 12:45:00+05:30,198.97999572753906,199.14999389648438,198.8300018310547,199.0,385888,0.0,0.0
2026-05-21 13:00:00+05:30,199.00999450683594,199.19000244140625,198.8300018310547,199.02999877929688,355070,0.0,0.0
2026-05-21 13:15:00+05:30,199.02999877929688,199.5399932861328,198.99000549316406,199.3000030517578,670563,0.0,0.0
2026-05-21 13:30:00+05:30,199.3000030517578,199.63999938964844,199.2100067138672,199.5500030517578,542089,0.0,0.0
2026-05-21 13:45:00+05:30,199.5500030517578,199.9199981689453,199.39999389648438,199.9199981689453,622327,0.0,0.0
2026-05-21 14:00:00+05:30,199.89999389648438,199.99000549316406,199.75,199.75999450683594,783319,0.0,0.0
2026-05-21 14:15:00+05:30,199.75999450683594,199.88999938964844,199.35000610351562,199.60000610351562,1019084,0.0,0.0
2026-05-21 14:30:00+05:30,199.57000732421875,199.63999938964844,199.02000427246094,199.16000366210938,821090,0.0,0.0
2026-05-21 14:45:00+05:30,199.27000427246094,199.83999633789062,199.27000427246094,199.83999633789062,933144,0.0,0.0
2026-05-21 15:00:00+05:30,199.8300018310547,200.0,199.61000061035156,199.75,1752252,0.0,0.0
2026-05-21 15:15:00+05:30,199.6999969482422,200.0399932861328,199.44000244140625,199.58999633789062,1982183,0.0,0.0
2026-05-22 09:15:00+05:30,200.1999969482422,200.1999969482422,198.86000061035156,199.10000610351562,1309307,0.0,0.0
2026-05-22 09:30:00+05:30,199.2100067138672,200.5,199.19000244140625,200.3000030517578,1877603,0.0,0.0
2026-05-22 09:45:00+05:30,200.24000549316406,200.89999389648438,200.0,200.8300018310547,1125427,0.0,0.0
2026-05-22 10:00:00+05:30,200.83999633789062,201.1999969482422,200.6300048828125,200.89999389648438,867977,0.0,0.0
2026-05-22 10:15:00+05:30,200.89999389648438,202.50999450683594,200.85000610351562,202.49000549316406,1443124,0.0,0.0
2026-05-22 10:30:00+05:30,202.49000549316406,203.5,202.19000244140625,203.25,1609242,0.0,0.0
2026-05-22 10:45:00+05:30,203.27999877929688,203.4499969482422,202.86000061035156,203.14999389648438,963914,0.0,0.0
2026-05-22 11:00:00+05:30,203.1999969482422,203.49000549316406,202.89999389648438,203.44000244140625,998526,0.0,0.0
2026-05-22 11:15:00+05:30,203.4499969482422,204.17999267578125,203.24000549316406,204.14999389648438,1618953,0.0,0.0
2026-05-22 11:30:00+05:30,204.16000366210938,205.25999450683594,204.02999877929688,205.00999450683594,2866474,0.0,0.0
2026-05-22 11:45:00+05:30,205.0500030517578,205.19000244140625,204.05999755859375,204.22999572753906,1917624,0.0,0.0
2026-05-22 12:00:00+05:30,204.1999969482422,204.33999633789062,203.69000244140625,204.27999877929688,1394124,0.0,0.0
2026-05-22 12:15:00+05:30,204.25999450683594,204.5500030517578,204.2100067138672,204.24000549316406,829493,0.0,0.0
2026-05-22 12:30:00+05:30,204.24000549316406,204.5,203.8000030517578,204.17999267578125,819141,0.0,0.0
2026-05-22 12:45:00+05:30,204.24000549316406,204.97999572753906,204.24000549316406,204.86000061035156,942001,0.0,0.0
2026-05-22 13:00:00+05:30,204.86000061035156,205.3000030517578,204.60000610351562,205.19000244140625,1293743,0.0,0.0
2026-05-22 13:15:00+05:30,205.24000549316406,205.35000610351562,204.80999755859375,204.9499969482422,1105720,0.0,0.0
2026-05-22 13:30:00+05:30,204.92999267578125,205.2899932861328,204.7100067138672,205.1999969482422,745569,0.0,0.0
2026-05-22 13:45:00+05:30,205.1699981689453,205.38999938964844,204.8000030517578,204.8000030517578,1068137,0.0,0.0
2026-05-22 14:00:00+05:30,204.83999633789062,204.97999572753906,204.39999389648438,204.42999267578125,2009038,0.0,0.0
2026-05-22 14:15:00+05:30,204.41000366210938,204.75,204.1999969482422,204.5800018310547,762251,0.0,0.0
2026-05-22 14:30:00+05:30,204.5,204.83999633789062,203.63999938964844,203.74000549316406,2462631,0.0,0.0
2026-05-22 14:45:00+05:30,203.75,203.99000549316406,203.1199951171875,203.1999969482422,1823048,0.0,0.0
2026-05-22 15:00:00+05:30,203.14999389648438,203.5500030517578,202.91000366210938,203.05999755859375,3418630,0.0,0.0
2026-05-22 15:15:00+05:30,203.0500030517578,203.3300018310547,202.9199981689453,202.97999572753906,3444626,0.0,0.0
2026-05-25 09:15:00+05:30,206.97999572753906,206.97999572753906,204.1300048828125,205.55999755859375,1717141,0.0,0.0
2026-05-25 09:30:00+05:30,205.52999877929688,205.67999267578125,204.57000732421875,205.27999877929688,2836014,0.0,0.0
2026-05-25 09:45:00+05:30,205.27999877929688,205.61000061035156,204.27999877929688,204.47000122070312,2508465,0.0,0.0
2026-05-25 10:00:00+05:30,204.42999267578125,205.2899932861328,204.42999267578125,205.0,1774364,0.0,0.0
2026-05-25 10:15:00+05:30,205.0500030517578,206.99000549316406,205.0,206.0500030517578,2881402,0.0,0.0
2026-05-25 10:30:00+05:30,206.02999877929688,207.0500030517578,205.9600067138672,206.75999450683594,2810195,0.0,0.0
2026-05-25 10:45:00+05:30,206.75,208.0,206.3800048828125,207.5,4135528,0.0,0.0
2026-05-25 11:00:00+05:30,207.61000061035156,208.38999938964844,207.52000427246094,207.94000244140625,4260652,0.0,0.0
2026-05-25 11:15:00+05:30,207.9499969482422,207.9499969482422,207.00999450683594,207.5,2133612,0.0,0.0
2026-05-25 11:30:00+05:30,207.5399932861328,208.3699951171875,207.22000122070312,207.89999389648438,2168290,0.0,0.0
2026-05-25 11:45:00+05:30,207.9199981689453,208.8800048828125,207.89999389648438,208.77000427246094,3088864,0.0,0.0
2026-05-25 12:00:00+05:30,208.8000030517578,209.39999389648438,208.6999969482422,209.35000610351562,3598367,0.0,0.0
2026-05-25 12:15:00+05:30,209.3699951171875,209.5500030517578,208.38999938964844,208.41000366210938,3307827,0.0,0.0
2026-05-25 12:30:00+05:30,208.5399932861328,208.5399932861328,207.25,207.60000610351562,3371208,0.0,0.0
2026-05-25 12:45:00+05:30,207.63999938964844,207.8000030517578,207.02999877929688,207.64999389648438,2182068,0.0,0.0
2026-05-25 13:00:00+05:30,207.64999389648438,208.22999572753906,207.60000610351562,207.85000610351562,3125521,0.0,0.0
2026-05-25 13:15:00+05:30,207.8699951171875,208.75999450683594,207.8699951171875,208.42999267578125,3976744,0.0,0.0
2026-05-25 13:30:00+05:30,208.49000549316406,209.08999633789062,208.33999633789062,208.36000061035156,3034087,0.0,0.0
2026-05-25 13:45:00+05:30,208.39999389648438,208.82000732421875,208.1999969482422,208.60000610351562,1310867,0.0,0.0
2026-05-25 14:00:00+05:30,208.5800018310547,208.80999755859375,208.32000732421875,208.67999267578125,1595085,0.0,0.0
2026-05-25 14:15:00+05:30,208.58999633789062,208.8000030517578,208.30999755859375,208.58999633789062,1940183,0.0,0.0
2026-05-25 14:30:00+05:30,208.58999633789062,208.72999572753906,208.1699981689453,208.25,1419251,0.0,0.0
2026-05-25 14:45:00+05:30,208.2899932861328,208.35000610351562,207.61000061035156,207.64999389648438,2161693,0.0,0.0
2026-05-25 15:00:00+05:30,207.64999389648438,207.72000122070312,206.89999389648438,206.9499969482422,2971855,0.0,0.0
2026-05-25 15:15:00+05:30,206.9499969482422,207.07000732421875,205.8699951171875,206.0,4758312,0.0,0.0
2026-05-26 09:15:00+05:30,206.89999389648438,208.02999877929688,206.1999969482422,207.69000244140625,1883975,0.0,0.0
2026-05-26 09:30:00+05:30,207.67999267578125,208.67999267578125,207.64999389648438,207.85000610351562,2322754,0.0,0.0
2026-05-26 09:45:00+05:30,207.8000030517578,207.91000366210938,207.3000030517578,207.49000549316406,1346999,0.0,0.0
2026-05-26 10:00:00+05:30,207.5,207.75,207.08999633789062,207.6199951171875,1178844,0.0,0.0
2026-05-26 10:15:00+05:30,207.52000427246094,207.6199951171875,207.1999969482422,207.49000549316406,1114016,0.0,0.0
2026-05-26 10:30:00+05:30,207.5,207.99000549316406,207.24000549316406,207.6999969482422,614242,0.0,0.0
2026-05-26 10:45:00+05:30,207.75999450683594,207.75999450683594,207.3000030517578,207.52999877929688,764056,0.0,0.0
2026-05-26 11:00:00+05:30,207.5800018310547,207.6699981689453,207.41000366210938,207.49000549316406,531907,0.0,0.0
2026-05-26 11:15:00+05:30,207.49000549316406,207.64999389648438,207.1199951171875,207.1699981689453,1127818,0.0,0.0
2026-05-26 11:30:00+05:30,207.1699981689453,207.60000610351562,207.0,207.2100067138672,1530442,0.0,0.0
2026-05-26 11:45:00+05:30,207.25,207.35000610351562,207.0,207.0800018310547,1255101,0.0,0.0
2026-05-26 12:00:00+05:30,207.1300048828125,207.1999969482422,206.9499969482422,207.02999877929688,1807616,0.0,0.0
2026-05-26 12:15:00+05:30,207.02999877929688,207.25,207.00999450683594,207.08999633789062,1485437,0.0,0.0
2026-05-26 12:30:00+05:30,207.08999633789062,207.60000610351562,207.02999877929688,207.05999755859375,899572,0.0,0.0
2026-05-26 12:45:00+05:30,207.05999755859375,207.1699981689453,206.8300018310547,207.0,2135077,0.0,0.0
2026-05-26 13:00:00+05:30,206.9600067138672,207.0,206.72000122070312,206.8000030517578,1218967,0.0,0.0
2026-05-26 13:15:00+05:30,206.83999633789062,206.9199981689453,206.52999877929688,206.6999969482422,1824279,0.0,0.0
2026-05-26 13:30:00+05:30,206.6999969482422,206.8000030517578,206.49000549316406,206.50999450683594,605526,0.0,0.0
2026-05-26 13:45:00+05:30,206.52000427246094,206.57000732421875,205.85000610351562,205.97000122070312,1035752,0.0,0.0
2026-05-26 14:00:00+05:30,205.99000549316406,206.07000732421875,205.11000061035156,205.2100067138672,1755852,0.0,0.0
2026-05-26 14:15:00+05:30,205.25999450683594,205.2899932861328,204.63999938964844,204.8000030517578,2293462,0.0,0.0
2026-05-26 14:30:00+05:30,204.75999450683594,204.9600067138672,204.19000244140625,204.5,2515651,0.0,0.0
2026-05-26 14:45:00+05:30,204.5399932861328,204.57000732421875,204.10000610351562,204.42999267578125,2235500,0.0,0.0
2026-05-26 15:00:00+05:30,204.42999267578125,204.5,203.72999572753906,203.8300018310547,3542746,0.0,0.0
2026-05-26 15:15:00+05:30,203.80999755859375,203.91000366210938,203.0,203.4499969482422,6821396,0.0,0.0
2026-05-27 09:15:00+05:30,203.72999572753906,204.19000244140625,201.77000427246094,201.92999267578125,1548342,0.0,0.0
2026-05-27 09:30:00+05:30,201.91000366210938,203.67999267578125,201.89999389648438,203.57000732421875,1560910,0.0,0.0
2026-05-27 09:45:00+05:30,203.50999450683594,203.57000732421875,202.64999389648438,203.11000061035156,1119192,0.0,0.0
2026-05-27 10:00:00+05:30,203.11000061035156,203.75999450683594,202.9499969482422,203.5500030517578,759761,0.0,0.0
2026-05-27 10:15:00+05:30,203.5399932861328,204.35000610351562,203.52999877929688,204.35000610351562,1121903,0.0,0.0
2026-05-27 10:30:00+05:30,204.32000732421875,204.99000549316406,204.25,204.83999633789062,747360,0.0,0.0
2026-05-27 10:45:00+05:30,204.8300018310547,205.4499969482422,204.5800018310547,205.14999389648438,921091,0.0,0.0
2026-05-27 11:00:00+05:30,205.14999389648438,205.9600067138672,204.97000122070312,205.44000244140625,1036505,0.0,0.0
2026-05-27 11:15:00+05:30,205.44000244140625,205.47000122070312,204.02999877929688,204.05999755859375,1053026,0.0,0.0
2026-05-27 11:30:00+05:30,204.1199951171875,204.1199951171875,202.5500030517578,203.35000610351562,1743131,0.0,0.0
2026-05-27 11:45:00+05:30,203.4199981689453,203.9199981689453,203.39999389648438,203.60000610351562,585811,0.0,0.0
2026-05-27 12:00:00+05:30,203.66000366210938,203.6699981689453,202.89999389648438,202.97999572753906,770874,0.0,0.0
2026-05-27 12:15:00+05:30,202.97000122070312,202.97999572753906,202.1999969482422,202.47999572753906,1807990,0.0,0.0
2026-05-27 12:30:00+05:30,202.52000427246094,202.52000427246094,201.88999938964844,201.9600067138672,1391248,0.0,0.0
2026-05-27 12:45:00+05:30,202.0,202.0,201.10000610351562,201.10000610351562,1708053,0.0,0.0
2026-05-27 13:00:00+05:30,201.11000061035156,202.0,201.00999450683594,201.60000610351562,2068611,0.0,0.0
2026-05-27 13:15:00+05:30,201.64999389648438,201.72999572753906,200.80999755859375,200.94000244140625,2530651,0.0,0.0
2026-05-27 13:30:00+05:30,200.94000244140625,201.99000549316406,200.7899932861328,201.30999755859375,1375282,0.0,0.0
2026-05-27 13:45:00+05:30,201.30999755859375,201.99000549316406,200.89999389648438,201.89999389648438,1296806,0.0,0.0
2026-05-27 14:00:00+05:30,201.89999389648438,202.0,201.0,201.00999450683594,1309775,0.0,0.0
2026-05-27 14:15:00+05:30,201.02000427246094,201.89999389648438,200.8000030517578,201.6999969482422,2085151,0.0,0.0
2026-05-27 14:30:00+05:30,201.75,201.9499969482422,200.52999877929688,201.2899932861328,2469718,0.0,0.0
2026-05-27 14:45:00+05:30,201.2899932861328,201.66000366210938,200.1999969482422,201.35000610351562,2435976,0.0,0.0
2026-05-27 15:00:00+05:30,201.35000610351562,201.7899932861328,201.22000122070312,201.7899932861328,1911735,0.0,0.0
2026-05-27 15:15:00+05:30,201.8000030517578,201.97000122070312,201.2100067138672,201.6999969482422,2570712,0.0,0.0
2026-05-29 09:15:00+05:30,210.72000122070312,210.72000122070312,205.4600067138672,205.61000061035156,9450275,0.0,0.0
2026-05-29 09:30:00+05:30,205.64999389648438,206.13999938964844,204.75999450683594,205.60000610351562,7234789,0.0,0.0
2026-05-29 09:45:00+05:30,205.5500030517578,206.6999969482422,205.35000610351562,206.1699981689453,3790186,0.0,0.0
2026-05-29 10:00:00+05:30,206.17999267578125,206.86000061035156,205.89999389648438,206.02000427246094,2693275,0.0,0.0
2026-05-29 10:15:00+05:30,206.10000610351562,206.52000427246094,205.9600067138672,206.1999969482422,1456963,0.0,0.0
2026-05-29 10:30:00+05:30,206.14999389648438,206.64999389648438,206.14999389648438,206.47999572753906,1370789,0.0,0.0
2026-05-29 10:45:00+05:30,206.39999389648438,206.49000549316406,205.8000030517578,205.97000122070312,1211673,0.0,0.0
2026-05-29 11:00:00+05:30,205.99000549316406,206.14999389648438,205.5500030517578,205.60000610351562,1139002,0.0,0.0
2026-05-29 11:15:00+05:30,205.5500030517578,205.9499969482422,205.5,205.69000244140625,1171601,0.0,0.0
2026-05-29 11:30:00+05:30,205.69000244140625,205.69000244140625,204.6999969482422,204.9600067138672,2222882,0.0,0.0
2026-05-29 11:45:00+05:30,204.97999572753906,205.16000366210938,204.5399932861328,205.02999877929688,1585278,0.0,0.0
2026-05-29 12:00:00+05:30,205.02999877929688,205.05999755859375,204.8000030517578,204.9199981689453,1080644,0.0,0.0
2026-05-29 12:15:00+05:30,205.0,205.0399932861328,204.39999389648438,204.97999572753906,1173101,0.0,0.0
2026-05-29 12:30:00+05:30,205.0,205.0,204.8000030517578,204.89999389648438,565812,0.0,0.0
2026-05-29 12:45:00+05:30,204.89999389648438,204.91000366210938,204.25,204.27999877929688,996458,0.0,0.0
2026-05-29 13:00:00+05:30,204.24000549316406,204.47999572753906,203.89999389648438,204.27999877929688,1786733,0.0,0.0
2026-05-29 13:15:00+05:30,204.27999877929688,204.9499969482422,204.2100067138672,204.86000061035156,960021,0.0,0.0
2026-05-29 13:30:00+05:30,204.86000061035156,205.60000610351562,204.7899932861328,205.19000244140625,1196731,0.0,0.0
2026-05-29 13:45:00+05:30,205.19000244140625,205.25,204.8000030517578,204.99000549316406,648453,0.0,0.0
2026-05-29 14:00:00+05:30,205.0,205.22000122070312,204.91000366210938,205.17999267578125,754458,0.0,0.0
2026-05-29 14:15:00+05:30,205.17999267578125,205.64999389648438,205.11000061035156,205.60000610351562,1123728,0.0,0.0
2026-05-29 14:30:00+05:30,205.6199951171875,205.9499969482422,205.5,205.6300048828125,1444261,0.0,0.0
2026-05-29 14:45:00+05:30,205.6300048828125,206.1999969482422,205.5,205.75,2110306,0.0,0.0
2026-05-29 15:00:00+05:30,205.72999572753906,205.72999572753906,203.64999389648438,203.9499969482422,12068970,0.0,0.0
2026-05-29 15:15:00+05:30,204.0,204.5,203.72999572753906,204.3000030517578,10798278,0.0,0.0
2026-06-01 09:15:00+05:30,205.10000610351562,206.83999633789062,205.10000610351562,206.5399932861328,1290934,0.0,0.0
2026-06-01 09:30:00+05:30,206.63999938964844,206.9499969482422,205.82000732421875,206.42999267578125,1791422,0.0,0.0
2026-06-01 09:45:00+05:30,206.4199981689453,207.16000366210938,206.39999389648438,206.75,2337686,0.0,0.0
2026-06-01 10:00:00+05:30,206.77999877929688,207.0800018310547,206.11000061035156,206.86000061035156,1313884,0.0,0.0
2026-06-01 10:15:00+05:30,206.8800048828125,207.69000244140625,206.4499969482422,206.66000366210938,1751975,0.0,0.0
2026-06-01 10:30:00+05:30,206.66000366210938,206.6999969482422,206.1199951171875,206.2899932861328,909088,0.0,0.0
2026-06-01 10:45:00+05:30,206.32000732421875,206.97000122070312,206.1199951171875,206.82000732421875,604889,0.0,0.0
2026-06-01 11:00:00+05:30,206.8000030517578,206.9499969482422,206.6199951171875,206.77999877929688,609537,0.0,0.0
2026-06-01 11:15:00+05:30,206.77000427246094,206.94000244140625,206.5500030517578,206.89999389648438,507264,0.0,0.0
2026-06-01 11:30:00+05:30,206.89999389648438,207.13999938964844,206.85000610351562,207.10000610351562,705705,0.0,0.0
2026-06-01 11:45:00+05:30,207.08999633789062,207.25,206.60000610351562,206.63999938964844,754827,0.0,0.0
2026-06-01 12:00:00+05:30,206.6199951171875,206.92999267578125,206.4499969482422,206.80999755859375,568806,0.0,0.0
2026-06-01 12:15:00+05:30,206.86000061035156,207.0,206.72999572753906,206.8699951171875,401132,0.0,0.0
2026-06-01 12:30:00+05:30,206.8699951171875,207.19000244140625,206.85000610351562,207.10000610351562,478538,0.0,0.0
2026-06-01 12:45:00+05:30,207.07000732421875,207.1699981689453,206.85000610351562,206.99000549316406,425818,0.0,0.0
2026-06-01 13:00:00+05:30,207.0,207.0,206.8000030517578,206.80999755859375,416648,0.0,0.0
2026-06-01 13:15:00+05:30,206.80999755859375,206.89999389648438,206.60000610351562,206.82000732421875,449179,0.0,0.0
2026-06-01 13:30:00+05:30,206.86000061035156,206.9499969482422,206.75,206.9499969482422,351134,0.0,0.0
2026-06-01 13:45:00+05:30,206.85000610351562,206.85000610351562,206.50999450683594,206.60000610351562,641462,0.0,0.0
2026-06-01 14:00:00+05:30,206.63999938964844,206.85000610351562,206.5,206.52999877929688,634927,0.0,0.0
2026-06-01 14:15:00+05:30,206.58999633789062,206.60000610351562,206.32000732421875,206.5,786860,0.0,0.0
2026-06-01 14:30:00+05:30,206.52999877929688,206.85000610351562,206.38999938964844,206.8300018310547,594851,0.0,0.0
2026-06-01 14:45:00+05:30,206.8699951171875,207.0,206.52000427246094,206.6199951171875,1111615,0.0,0.0
2026-06-01 15:00:00+05:30,206.60000610351562,206.60000610351562,206.11000061035156,206.30999755859375,2431141,0.0,0.0
2026-06-01 15:15:00+05:30,206.27000427246094,206.75999450683594,206.27000427246094,206.60000610351562,2582629,0.0,0.0
2026-06-02 09:15:00+05:30,207.8000030517578,208.38999938964844,206.5500030517578,207.0399932861328,2282366,0.0,0.0
2026-06-02 09:30:00+05:30,207.0,207.89999389648438,206.9499969482422,207.88999938964844,1910634,0.0,0.0
2026-06-02 09:45:00+05:30,207.88999938964844,208.25,207.25,207.6699981689453,2160898,0.0,0.0
2026-06-02 10:00:00+05:30,207.6699981689453,208.47999572753906,207.1999969482422,208.05999755859375,2217338,0.0,0.0
2026-06-02 10:15:00+05:30,208.07000732421875,208.44000244140625,208.0,208.35000610351562,2056578,0.0,0.0
2026-06-02 10:30:00+05:30,208.38999938964844,209.0800018310547,208.10000610351562,208.9600067138672,2731502,0.0,0.0
2026-06-02 10:45:00+05:30,208.91000366210938,209.24000549316406,207.8000030517578,208.07000732421875,2946670,0.0,0.0
2026-06-02 11:00:00+05:30,208.0,208.38999938964844,207.89999389648438,208.1199951171875,1096385,0.0,0.0
2026-06-02 11:15:00+05:30,208.08999633789062,208.75,208.02999877929688,208.5800018310547,1184158,0.0,0.0
2026-06-02 11:30:00+05:30,208.57000732421875,209.13999938964844,208.42999267578125,208.52000427246094,1691491,0.0,0.0
2026-06-02 11:45:00+05:30,208.52000427246094,208.7899932861328,208.2100067138672,208.50999450683594,939380,0.0,0.0
2026-06-02 12:00:00+05:30,208.52000427246094,208.6999969482422,208.00999450683594,208.00999450683594,1494763,0.0,0.0
2026-06-02 12:15:00+05:30,208.0,208.9600067138672,208.0,208.9199981689453,1270439,0.0,0.0
2026-06-02 12:30:00+05:30,208.9499969482422,209.39999389648438,208.6300048828125,208.7899932861328,1611109,0.0,0.0
2026-06-02 12:45:00+05:30,208.85000610351562,209.19000244140625,208.50999450683594,208.97000122070312,1143770,0.0,0.0
2026-06-02 13:00:00+05:30,208.97999572753906,209.4499969482422,208.8000030517578,209.36000061035156,894713,0.0,0.0
2026-06-02 13:15:00+05:30,209.38999938964844,209.39999389648438,209.0,209.0500030517578,665560,0.0,0.0
2026-06-02 13:30:00+05:30,209.11000061035156,209.33999633789062,209.00999450683594,209.27000427246094,587940,0.0,0.0
2026-06-02 13:45:00+05:30,209.25,209.63999938964844,209.24000549316406,209.5500030517578,1042551,0.0,0.0
2026-06-02 14:00:00+05:30,209.5399932861328,209.82000732421875,209.22000122070312,209.75,869796,0.0,0.0
2026-06-02 14:15:00+05:30,209.75,209.7899932861328,209.5,209.6999969482422,896188,0.0,0.0
2026-06-02 14:30:00+05:30,209.69000244140625,209.75,209.22000122070312,209.4199981689453,1371685,0.0,0.0
2026-06-02 14:45:00+05:30,209.49000549316406,209.6699981689453,209.39999389648438,209.52000427246094,886237,0.0,0.0
2026-06-02 15:00:00+05:30,209.52000427246094,209.89999389648438,209.33999633789062,209.89999389648438,1749671,0.0,0.0
2026-06-02 15:15:00+05:30,209.8699951171875,210.1199951171875,209.80999755859375,210.1199951171875,3300989,0.0,0.0
2026-06-03 09:15:00+05:30,207.39999389648438,208.02999877929688,206.25,207.85000610351562,2479099,0.0,0.0
2026-06-03 09:30:00+05:30,207.85000610351562,207.9499969482422,207.1699981689453,207.44000244140625,2068977,0.0,0.0
2026-06-03 09:45:00+05:30,207.3800048828125,207.8000030517578,206.5,207.10000610351562,3057447,0.0,0.0
2026-06-03 10:00:00+05:30,207.0800018310547,207.74000549316406,206.85000610351562,207.30999755859375,1101999,0.0,0.0
2026-06-03 10:15:00+05:30,207.35000610351562,207.39999389648438,206.42999267578125,206.5399932861328,2547819,0.0,0.0
2026-06-03 10:30:00+05:30,206.60000610351562,206.77000427246094,205.8000030517578,205.82000732421875,2256618,0.0,0.0
2026-06-03 10:45:00+05:30,205.80999755859375,206.63999938964844,204.7100067138672,206.5800018310547,4367998,0.0,0.0
2026-06-03 11:00:00+05:30,206.69000244140625,207.16000366210938,204.8000030517578,204.82000732421875,2270619,0.0,0.0
2026-06-03 11:15:00+05:30,204.77999877929688,205.39999389648438,203.89999389648438,204.80999755859375,3603743,0.0,0.0
2026-06-03 11:30:00+05:30,204.80999755859375,205.0,203.63999938964844,204.30999755859375,2134081,0.0,0.0
2026-06-03 11:45:00+05:30,204.3000030517578,204.58999633789062,202.77000427246094,202.88999938964844,2734478,0.0,0.0
2026-06-03 12:00:00+05:30,202.88999938964844,203.0,202.00999450683594,202.92999267578125,3057116,0.0,0.0
2026-06-03 12:15:00+05:30,202.99000549316406,203.44000244140625,202.10000610351562,203.25999450683594,2299645,0.0,0.0
2026-06-03 12:30:00+05:30,203.3300018310547,204.75,203.0500030517578,204.64999389648438,1932925,0.0,0.0
2026-06-03 12:45:00+05:30,204.6999969482422,204.6999969482422,203.5500030517578,204.4199981689453,1520429,0.0,0.0
2026-06-03 13:00:00+05:30,204.4199981689453,204.5,203.50999450683594,204.0800018310547,1207708,0.0,0.0
2026-06-03 13:15:00+05:30,204.25999450683594,204.4499969482422,203.67999267578125,204.22000122070312,1503124,0.0,0.0
2026-06-03 13:30:00+05:30,204.1999969482422,204.36000061035156,203.38999938964844,203.44000244140625,1458815,0.0,0.0
2026-06-03 13:45:00+05:30,203.44000244140625,204.3000030517578,203.3000030517578,203.8000030517578,1309418,0.0,0.0
2026-06-03 14:00:00+05:30,203.8000030517578,204.27999877929688,203.30999755859375,203.60000610351562,1744394,0.0,0.0
2026-06-03 14:15:00+05:30,203.55999755859375,204.1999969482422,203.55999755859375,204.0,1097538,0.0,0.0
2026-06-03 14:30:00+05:30,204.07000732421875,204.22999572753906,203.69000244140625,203.94000244140625,1734720,0.0,0.0
2026-06-03 14:45:00+05:30,203.94000244140625,204.27999877929688,203.85000610351562,204.16000366210938,1606710,0.0,0.0
2026-06-03 15:00:00+05:30,204.14999389648438,204.5,204.11000061035156,204.3699951171875,3373317,0.0,0.0
2026-06-03 15:15:00+05:30,204.3699951171875,204.4499969482422,203.50999450683594,203.89999389648438,5390419,0.0,0.0
2026-06-04 09:15:00+05:30,202.94000244140625,203.89999389648438,202.1699981689453,202.83999633789062,1215882,0.0,0.0
2026-06-04 09:30:00+05:30,202.75999450683594,202.89999389648438,202.3699951171875,202.85000610351562,1369682,0.0,0.0
2026-06-04 09:45:00+05:30,202.89999389648438,203.41000366210938,202.52000427246094,203.11000061035156,1310353,0.0,0.0
2026-06-04 10:00:00+05:30,203.02000427246094,203.9499969482422,202.86000061035156,203.6999969482422,1100419,0.0,0.0
2026-06-04 10:15:00+05:30,203.7100067138672,203.8000030517578,203.10000610351562,203.4600067138672,1061861,0.0,0.0
2026-06-04 10:30:00+05:30,203.4499969482422,203.72999572753906,203.33999633789062,203.58999633789062,653435,0.0,0.0
2026-06-04 10:45:00+05:30,203.60000610351562,204.75,203.60000610351562,204.57000732421875,1224779,0.0,0.0
2026-06-04 11:00:00+05:30,204.60000610351562,204.60000610351562,202.8000030517578,203.24000549316406,1970720,0.0,0.0
2026-06-04 11:15:00+05:30,203.1999969482422,203.4199981689453,203.00999450683594,203.19000244140625,818892,0.0,0.0
2026-06-04 11:30:00+05:30,203.19000244140625,204.0500030517578,203.14999389648438,203.97999572753906,954963,0.0,0.0
2026-06-04 11:45:00+05:30,204.0,204.2899932861328,203.5,203.6999969482422,973163,0.0,0.0
2026-06-04 12:00:00+05:30,203.6999969482422,203.92999267578125,203.61000061035156,203.7100067138672,738680,0.0,0.0
2026-06-04 12:15:00+05:30,203.6999969482422,203.9499969482422,203.6999969482422,203.82000732421875,735660,0.0,0.0
2026-06-04 12:30:00+05:30,203.80999755859375,203.86000061035156,203.63999938964844,203.77999877929688,750884,0.0,0.0
2026-06-04 12:45:00+05:30,203.72999572753906,204.5,203.72999572753906,204.4499969482422,1447202,0.0,0.0
2026-06-04 13:00:00+05:30,204.4499969482422,204.75,204.27999877929688,204.3699951171875,1991609,0.0,0.0
2026-06-04 13:15:00+05:30,204.3699951171875,205.0,204.1199951171875,204.7100067138672,1588098,0.0,0.0
2026-06-04 13:30:00+05:30,204.6999969482422,204.9199981689453,204.52999877929688,204.8000030517578,1326149,0.0,0.0
2026-06-04 13:45:00+05:30,204.8699951171875,204.89999389648438,204.1999969482422,204.3300018310547,1373263,0.0,0.0
2026-06-04 14:00:00+05:30,204.38999938964844,204.69000244140625,204.38999938964844,204.5399932861328,1258163,0.0,0.0
2026-06-04 14:15:00+05:30,204.52000427246094,204.67999267578125,204.25999450683594,204.4600067138672,1421762,0.0,0.0
2026-06-04 14:30:00+05:30,204.5,204.75,204.3000030517578,204.35000610351562,1664632,0.0,0.0
2026-06-04 14:45:00+05:30,204.35000610351562,204.5,204.25,204.36000061035156,1933404,0.0,0.0
2026-06-04 15:00:00+05:30,204.35000610351562,204.4499969482422,204.1199951171875,204.30999755859375,3545810,0.0,0.0
2026-06-04 15:15:00+05:30,204.35000610351562,204.8000030517578,203.85000610351562,204.0,5972388,0.0,0.0
2026-06-05 09:15:00+05:30,189.99000549316406,196.39999389648438,189.97999572753906,195.1999969482422,4471510,0.0,0.0
2026-06-05 09:30:00+05:30,195.27999877929688,196.39999389648438,195.1999969482422,195.6699981689453,3193003,0.0,0.0
2026-06-05 09:45:00+05:30,195.8000030517578,196.89999389648438,195.57000732421875,196.3000030517578,2266877,0.0,0.0
2026-06-05 10:00:00+05:30,196.19000244140625,196.8000030517578,195.6300048828125,196.75999450683594,1518271,0.0,0.0
2026-06-05 10:15:00+05:30,196.74000549316406,196.97999572753906,196.1999969482422,196.4499969482422,1235108,0.0,0.0
2026-06-05 10:30:00+05:30,196.4499969482422,196.85000610351562,195.91000366210938,196.25999450683594,1053206,0.0,0.0
2026-06-05 10:45:00+05:30,196.1999969482422,196.4499969482422,195.91000366210938,196.42999267578125,646606,0.0,0.0
2026-06-05 11:00:00+05:30,196.41000366210938,196.6999969482422,195.9499969482422,196.0,663316,0.0,0.0
2026-06-05 11:15:00+05:30,196.0,196.0800018310547,195.7100067138672,195.9499969482422,591830,0.0,0.0
2026-06-05 11:30:00+05:30,195.9499969482422,196.5,195.9499969482422,196.39999389648438,494876,0.0,0.0
2026-06-05 11:45:00+05:30,196.36000061035156,196.39999389648438,195.7899932861328,195.92999267578125,513890,0.0,0.0
2026-06-05 12:00:00+05:30,195.9600067138672,196.14999389648438,195.8000030517578,196.13999938964844,395407,0.0,0.0
2026-06-05 12:15:00+05:30,196.1199951171875,196.33999633789062,195.8300018310547,195.8699951171875,588433,0.0,0.0
2026-06-05 12:30:00+05:30,195.89999389648438,196.0399932861328,195.57000732421875,195.67999267578125,520391,0.0,0.0
2026-06-05 12:45:00+05:30,195.77999877929688,195.77999877929688,195.02999877929688,195.14999389648438,1073581,0.0,0.0
2026-06-05 13:00:00+05:30,195.1999969482422,195.75,195.14999389648438,195.3699951171875,568205,0.0,0.0
2026-06-05 13:15:00+05:30,195.27999877929688,195.83999633789062,195.25,195.75,677134,0.0,0.0
2026-06-05 13:30:00+05:30,195.75,196.3800048828125,195.63999938964844,196.1300048828125,734459,0.0,0.0
2026-06-05 13:45:00+05:30,196.19000244140625,196.4499969482422,196.1300048828125,196.38999938964844,766169,0.0,0.0
2026-06-05 14:00:00+05:30,196.35000610351562,196.7899932861328,196.24000549316406,196.6999969482422,914042,0.0,0.0
2026-06-05 14:15:00+05:30,196.66000366210938,197.39999389648438,196.60000610351562,197.19000244140625,1239548,0.0,0.0
2026-06-05 14:30:00+05:30,197.19000244140625,198.0500030517578,197.16000366210938,197.94000244140625,1432534,0.0,0.0
2026-06-05 14:45:00+05:30,197.94000244140625,198.10000610351562,197.60000610351562,198.02000427246094,1201623,0.0,0.0
2026-06-05 15:00:00+05:30,197.9600067138672,198.83999633789062,197.55999755859375,198.82000732421875,2702005,0.0,0.0
2026-06-05 15:15:00+05:30,198.82000732421875,199.0,197.72000122070312,198.0500030517578,2592094,0.0,0.0
2026-06-08 09:15:00+05:30,193.0,193.4199981689453,188.33999633789062,188.8000030517578,5754442,0.0,0.0
2026-06-08 09:30:00+05:30,188.75,189.22000122070312,187.10000610351562,187.6300048828125,6049882,0.0,0.0
2026-06-08 09:45:00+05:30,187.63999938964844,188.32000732421875,187.1300048828125,188.1999969482422,4502793,0.0,0.0
2026-06-08 10:00:00+05:30,188.16000366210938,188.52999877929688,187.7100067138672,187.8000030517578,2607702,0.0,0.0
2026-06-08 10:15:00+05:30,187.77999877929688,187.8000030517578,187.02000427246094,187.05999755859375,3166065,0.0,0.0
2026-06-08 10:30:00+05:30,187.08999633789062,187.89999389648438,187.02999877929688,187.6199951171875,1977610,0.0,0.0
2026-06-08 10:45:00+05:30,187.55999755859375,187.61000061035156,187.02000427246094,187.17999267578125,1746764,0.0,0.0
2026-06-08 11:00:00+05:30,187.17999267578125,187.25,186.2100067138672,186.33999633789062,3191540,0.0,0.0
2026-06-08 11:15:00+05:30,186.27000427246094,186.3699951171875,185.6300048828125,185.64999389648438,3156388,0.0,0.0
2026-06-08 11:30:00+05:30,185.6999969482422,186.10000610351562,185.5,185.55999755859375,2676780,0.0,0.0
2026-06-08 11:45:00+05:30,185.55999755859375,185.88999938964844,185.25999450683594,185.39999389648438,2173186,0.0,0.0
2026-06-08 12:00:00+05:30,185.39999389648438,185.75,185.13999938964844,185.50999450683594,1356238,0.0,0.0
2026-06-08 12:15:00+05:30,185.58999633789062,185.64999389648438,185.39999389648438,185.44000244140625,966064,0.0,0.0
2026-06-08 12:30:00+05:30,185.44000244140625,185.58999633789062,185.07000732421875,185.47000122070312,1716033,0.0,0.0
2026-06-08 12:45:00+05:30,185.4499969482422,185.58999633789062,185.25,185.3300018310547,1116554,0.0,0.0
2026-06-08 13:00:00+05:30,185.36000061035156,185.36000061035156,184.25,184.35000610351562,3588127,0.0,0.0
2026-06-08 13:15:00+05:30,184.35000610351562,184.63999938964844,184.25999450683594,184.3000030517578,1342174,0.0,0.0
2026-06-08 13:30:00+05:30,184.3000030517578,184.4499969482422,184.0500030517578,184.10000610351562,1262150,0.0,0.0
2026-06-08 13:45:00+05:30,184.1199951171875,184.1199951171875,183.60000610351562,183.80999755859375,1962640,0.0,0.0
2026-06-08 14:00:00+05:30,183.80999755859375,183.97000122070312,183.3000030517578,183.42999267578125,2033880,0.0,0.0
2026-06-08 14:15:00+05:30,183.35000610351562,183.60000610351562,183.25,183.3000030517578,1172935,0.0,0.0
2026-06-08 14:30:00+05:30,183.30999755859375,183.44000244140625,183.00999450683594,183.2899932861328,1623065,0.0,0.0
2026-06-08 14:45:00+05:30,183.2899932861328,183.6199951171875,182.75,183.1300048828125,3028066,0.0,0.0
2026-06-08 15:00:00+05:30,183.10000610351562,183.10000610351562,181.25,181.74000549316406,6448196,0.0,0.0
2026-06-08 15:15:00+05:30,181.6999969482422,181.83999633789062,181.0,181.6999969482422,6373589,0.0,0.0
2026-06-09 09:15:00+05:30,183.94000244140625,184.32000732421875,183.10000610351562,183.72000122070312,1321753,0.0,0.0
2026-06-09 09:30:00+05:30,183.6699981689453,183.77000427246094,182.8800048828125,182.8800048828125,1605170,0.0,0.0
2026-06-09 09:45:00+05:30,182.91000366210938,183.14999389648438,182.10000610351562,182.25,1797146,0.0,0.0
2026-06-09 10:00:00+05:30,182.25999450683594,182.4499969482422,181.75,181.88999938964844,1208918,0.0,0.0
2026-06-09 10:15:00+05:30,181.86000061035156,182.35000610351562,181.72000122070312,182.1999969482422,963404,0.0,0.0
2026-06-09 10:30:00+05:30,182.1999969482422,182.22999572753906,181.92999267578125,182.0500030517578,520236,0.0,0.0
2026-06-09 10:45:00+05:30,182.0500030517578,182.38999938964844,181.89999389648438,181.99000549316406,517633,0.0,0.0
2026-06-09 11:00:00+05:30,181.99000549316406,182.0,181.24000549316406,181.3000030517578,1178904,0.0,0.0
2026-06-09 11:15:00+05:30,181.2899932861328,181.75,181.1999969482422,181.39999389648438,1080834,0.0,0.0
2026-06-09 11:30:00+05:30,181.4499969482422,181.75999450683594,181.3300018310547,181.52999877929688,491772,0.0,0.0
2026-06-09 11:45:00+05:30,181.52999877929688,181.8000030517578,181.42999267578125,181.49000549316406,571407,0.0,0.0
2026-06-09 12:00:00+05:30,181.4600067138672,181.60000610351562,181.27999877929688,181.3000030517578,638538,0.0,0.0
2026-06-09 12:15:00+05:30,181.3000030517578,181.3800048828125,181.10000610351562,181.1699981689453,690217,0.0,0.0
2026-06-09 12:30:00+05:30,181.16000366210938,181.30999755859375,180.66000366210938,180.75,1176670,0.0,0.0
2026-06-09 12:45:00+05:30,180.75,181.1999969482422,180.75,181.17999267578125,713737,0.0,0.0
2026-06-09 13:00:00+05:30,181.19000244140625,181.61000061035156,181.14999389648438,181.47999572753906,1119626,0.0,0.0
2026-06-09 13:15:00+05:30,181.5,181.5800018310547,181.1699981689453,181.25,407057,0.0,0.0
2026-06-09 13:30:00+05:30,181.25,181.52999877929688,181.19000244140625,181.5,349708,0.0,0.0
2026-06-09 13:45:00+05:30,181.5,181.5500030517578,181.16000366210938,181.24000549316406,421253,0.0,0.0
2026-06-09 14:00:00+05:30,181.24000549316406,181.24000549316406,180.94000244140625,181.19000244140625,630401,0.0,0.0
2026-06-09 14:15:00+05:30,181.1999969482422,181.5500030517578,181.16000366210938,181.5500030517578,611063,0.0,0.0
2026-06-09 14:30:00+05:30,181.50999450683594,181.9499969482422,181.4499969482422,181.88999938964844,813893,0.0,0.0
2026-06-09 14:45:00+05:30,181.9199981689453,182.35000610351562,181.60000610351562,182.35000610351562,1525900,0.0,0.0
2026-06-09 15:00:00+05:30,182.05999755859375,182.05999755859375,181.50999450683594,181.5800018310547,1510788,0.0,0.0
2026-06-09 15:15:00+05:30,181.57000732421875,181.9499969482422,181.25999450683594,181.89999389648438,2840745,0.0,0.0
2026-06-10 09:15:00+05:30,182.05999755859375,182.0800018310547,180.6999969482422,181.5,717683,0.0,0.0
2026-06-10 09:30:00+05:30,181.5,181.6999969482422,180.6999969482422,180.89999389648438,1127011,0.0,0.0
2026-06-10 09:45:00+05:30,180.9199981689453,181.44000244140625,180.72000122070312,181.24000549316406,710101,0.0,0.0
2026-06-10 10:00:00+05:30,181.24000549316406,181.38999938964844,180.5800018310547,180.60000610351562,702918,0.0,0.0
2026-06-10 10:15:00+05:30,180.63999938964844,181.1199951171875,180.5,181.11000061035156,789260,0.0,0.0
2026-06-10 10:30:00+05:30,181.10000610351562,181.10000610351562,180.7100067138672,181.0500030517578,509493,0.0,0.0
2026-06-10 10:45:00+05:30,181.0500030517578,181.39999389648438,181.0500030517578,181.25999450683594,650968,0.0,0.0
2026-06-10 11:00:00+05:30,181.3699951171875,181.4600067138672,181.1699981689453,181.22999572753906,352028,0.0,0.0
2026-06-10 11:15:00+05:30,181.22999572753906,181.39999389648438,181.00999450683594,181.35000610351562,244088,0.0,0.0
2026-06-10 11:30:00+05:30,181.35000610351562,181.35000610351562,181.08999633789062,181.14999389648438,279078,0.0,0.0
2026-06-10 11:45:00+05:30,181.1199951171875,181.1999969482422,181.00999450683594,181.1999969482422,338132,0.0,0.0
2026-06-10 12:00:00+05:30,181.22000122070312,181.25999450683594,181.02000427246094,181.24000549316406,240505,0.0,0.0
2026-06-10 12:15:00+05:30,181.24000549316406,181.24000549316406,180.8000030517578,180.94000244140625,490384,0.0,0.0
2026-06-10 12:30:00+05:30,180.94000244140625,181.02000427246094,180.77999877929688,180.77999877929688,402888,0.0,0.0
2026-06-10 12:45:00+05:30,180.8000030517578,181.05999755859375,180.72000122070312,180.97999572753906,221659,0.0,0.0
2026-06-10 13:00:00+05:30,180.97999572753906,181.10000610351562,180.6999969482422,180.8000030517578,220676,0.0,0.0
2026-06-10 13:15:00+05:30,180.8000030517578,180.88999938964844,180.64999389648438,180.86000061035156,256756,0.0,0.0
2026-06-10 13:30:00+05:30,180.8699951171875,180.89999389648438,180.35000610351562,180.4499969482422,690053,0.0,0.0
2026-06-10 13:45:00+05:30,180.44000244140625,180.49000549316406,180.2899932861328,180.47999572753906,439342,0.0,0.0
2026-06-10 14:00:00+05:30,180.47999572753906,180.5500030517578,180.22000122070312,180.25,418878,0.0,0.0
2026-06-10 14:15:00+05:30,180.2100067138672,180.2899932861328,179.8699951171875,179.9600067138672,1264416,0.0,0.0
2026-06-10 14:30:00+05:30,179.97000122070312,180.1300048828125,179.4199981689453,179.5500030517578,896032,0.0,0.0
2026-06-10 14:45:00+05:30,179.60000610351562,179.60000610351562,179.24000549316406,179.3300018310547,554183,0.0,0.0
2026-06-10 15:00:00+05:30,179.35000610351562,179.42999267578125,178.8699951171875,178.94000244140625,1401894,0.0,0.0
2026-06-10 15:15:00+05:30,178.91000366210938,178.94000244140625,178.5500030517578,178.63999938964844,1774996,0.0,0.0
2026-06-11 09:15:00+05:30,176.69000244140625,177.6199951171875,175.8300018310547,177.11000061035156,1167332,0.0,0.0
2026-06-11 09:30:00+05:30,177.0,177.27999877929688,176.14999389648438,176.99000549316406,1270510,0.0,0.0
2026-06-11 09:45:00+05:30,176.97000122070312,177.2899932861328,176.57000732421875,176.57000732421875,821569,0.0,0.0
2026-06-11 10:00:00+05:30,176.57000732421875,177.49000549316406,176.52000427246094,176.9499969482422,552549,0.0,0.0
2026-06-11 10:15:00+05:30,176.97999572753906,177.8300018310547,176.86000061035156,177.3699951171875,450543,0.0,0.0
2026-06-11 10:30:00+05:30,177.39999389648438,177.8800048828125,177.24000549316406,177.38999938964844,373144,0.0,0.0
2026-06-11 10:45:00+05:30,177.38999938964844,177.49000549316406,177.08999633789062,177.13999938964844,358316,0.0,0.0
2026-06-11 11:00:00+05:30,177.14999389648438,177.72000122070312,177.14999389648438,177.4600067138672,330732,0.0,0.0
2026-06-11 11:15:00+05:30,177.47000122070312,178.10000610351562,177.47000122070312,177.60000610351562,480003,0.0,0.0
2026-06-11 11:30:00+05:30,177.60000610351562,178.08999633789062,177.5800018310547,177.85000610351562,479474,0.0,0.0
2026-06-11 11:45:00+05:30,177.8800048828125,178.10000610351562,177.8800048828125,178.0399932861328,476855,0.0,0.0
2026-06-11 12:00:00+05:30,178.0399932861328,178.17999267578125,177.6699981689453,177.75999450683594,443737,0.0,0.0
2026-06-11 12:15:00+05:30,177.8699951171875,177.99000549316406,177.55999755859375,177.66000366210938,322763,0.0,0.0
2026-06-11 12:30:00+05:30,177.6699981689453,177.9600067138672,177.35000610351562,177.47999572753906,372445,0.0,0.0
2026-06-11 12:45:00+05:30,177.4499969482422,177.52999877929688,177.22000122070312,177.5,302949,0.0,0.0
2026-06-11 13:00:00+05:30,177.58999633789062,177.66000366210938,177.2100067138672,177.3300018310547,167559,0.0,0.0
2026-06-11 13:15:00+05:30,177.33999633789062,177.35000610351562,177.02000427246094,177.14999389648438,252063,0.0,0.0
2026-06-11 13:30:00+05:30,177.14999389648438,177.3000030517578,176.50999450683594,176.6999969482422,484491,0.0,0.0
2026-06-11 13:45:00+05:30,176.6999969482422,176.8800048828125,176.60000610351562,176.77999877929688,321194,0.0,0.0
2026-06-11 14:00:00+05:30,176.7899932861328,176.88999938964844,176.5500030517578,176.8000030517578,309696,0.0,0.0
2026-06-11 14:15:00+05:30,176.80999755859375,177.3000030517578,176.72000122070312,177.25,334179,0.0,0.0
2026-06-11 14:30:00+05:30,177.16000366210938,177.47999572753906,177.05999755859375,177.1999969482422,350672,0.0,0.0
2026-06-11 14:45:00+05:30,177.1999969482422,177.27999877929688,176.97000122070312,177.2100067138672,468636,0.0,0.0
2026-06-11 15:00:00+05:30,177.35000610351562,177.47999572753906,177.0500030517578,177.47999572753906,652030,0.0,0.0
2026-06-11 15:15:00+05:30,177.52999877929688,177.6999969482422,177.30999755859375,177.35000610351562,1188763,0.0,0.0
2026-06-12 09:15:00+05:30,179.0,179.0,177.7100067138672,178.17999267578125,828096,0.0,0.0
2026-06-12 09:30:00+05:30,178.19000244140625,178.64999389648438,177.99000549316406,178.1999969482422,948210,0.0,0.0
2026-06-12 09:45:00+05:30,178.1999969482422,178.25,177.60000610351562,178.25,823989,0.0,0.0
2026-06-12 10:00:00+05:30,178.2100067138672,178.32000732421875,177.89999389648438,178.14999389648438,509513,0.0,0.0
2026-06-12 10:15:00+05:30,178.27000427246094,178.60000610351562,178.0,178.58999633789062,455346,0.0,0.0
2026-06-12 10:30:00+05:30,178.5399932861328,179.07000732421875,178.5,179.0,459976,0.0,0.0
2026-06-12 10:45:00+05:30,178.99000549316406,179.02999877929688,178.72999572753906,178.89999389648438,339050,0.0,0.0
2026-06-12 11:00:00+05:30,178.92999267578125,179.6300048828125,178.8800048828125,179.25,444171,0.0,0.0
2026-06-12 11:15:00+05:30,179.3000030517578,179.39999389648438,178.64999389648438,178.67999267578125,269285,0.0,0.0
2026-06-12 11:30:00+05:30,178.75999450683594,179.0,178.5800018310547,178.97999572753906,274260,0.0,0.0
2026-06-12 11:45:00+05:30,178.92999267578125,179.0399932861328,178.6999969482422,178.77999877929688,193301,0.0,0.0
2026-06-12 12:00:00+05:30,178.77999877929688,178.9499969482422,178.2899932861328,178.2899932861328,330278,0.0,0.0
2026-06-12 12:15:00+05:30,178.24000549316406,178.47999572753906,178.1300048828125,178.25,240940,0.0,0.0
2026-06-12 12:30:00+05:30,178.25999450683594,178.2899932861328,177.8699951171875,178.0,439329,0.0,0.0
2026-06-12 12:45:00+05:30,178.0,178.07000732421875,177.86000061035156,178.00999450683594,178866,0.0,0.0
2026-06-12 13:00:00+05:30,178.00999450683594,178.08999633789062,177.85000610351562,177.99000549316406,180715,0.0,0.0
2026-06-12 13:15:00+05:30,177.9600067138672,178.1999969482422,177.58999633789062,178.05999755859375,257799,0.0,0.0
2026-06-12 13:30:00+05:30,178.0399932861328,178.5,177.89999389648438,178.49000549316406,376128,0.0,0.0
2026-06-12 13:45:00+05:30,178.5500030517578,179.1999969482422,178.5500030517578,179.1199951171875,400827,0.0,0.0
2026-06-12 14:00:00+05:30,179.19000244140625,179.3300018310547,179.02999877929688,179.2100067138672,490669,0.0,0.0
2026-06-12 14:15:00+05:30,179.24000549316406,179.47999572753906,178.7899932861328,179.13999938964844,621055,0.0,0.0
2026-06-12 14:30:00+05:30,179.08999633789062,179.24000549316406,178.83999633789062,179.0399932861328,318140,0.0,0.0
2026-06-12 14:45:00+05:30,179.07000732421875,179.55999755859375,178.97999572753906,179.47000122070312,397087,0.0,0.0
2026-06-12 15:00:00+05:30,179.47000122070312,180.35000610351562,179.25,180.3300018310547,1442550,0.0,0.0
2026-06-12 15:15:00+05:30,180.32000732421875,180.4199981689453,180.14999389648438,180.22999572753906,1362090,0.0,0.0
2026-06-15 09:15:00+05:30,182.89999389648438,182.89999389648438,181.30999755859375,181.75999450683594,836215,0.0,0.0
2026-06-15 09:30:00+05:30,181.83999633789062,182.0,181.5,181.94000244140625,808704,0.0,0.0
2026-06-15 09:45:00+05:30,181.8699951171875,182.08999633789062,181.3000030517578,181.44000244140625,772379,0.0,0.0
2026-06-15 10:00:00+05:30,181.47000122070312,181.5,181.0,181.10000610351562,771388,0.0,0.0
2026-06-15 10:15:00+05:30,181.10000610351562,181.64999389648438,181.05999755859375,181.50999450683594,476455,0.0,0.0
2026-06-15 10:30:00+05:30,181.55999755859375,181.74000549316406,181.38999938964844,181.7100067138672,384425,0.0,0.0
2026-06-15 10:45:00+05:30,181.74000549316406,182.83999633789062,181.63999938964844,182.5500030517578,830315,0.0,0.0
2026-06-15 11:00:00+05:30,182.5800018310547,182.69000244140625,182.0,182.63999938964844,699634,0.0,0.0
2026-06-15 11:15:00+05:30,182.61000061035156,182.67999267578125,182.32000732421875,182.35000610351562,454183,0.0,0.0
2026-06-15 11:30:00+05:30,182.35000610351562,182.39999389648438,181.88999938964844,181.88999938964844,383246,0.0,0.0
2026-06-15 11:45:00+05:30,181.94000244140625,182.0500030517578,181.72999572753906,181.89999389648438,321049,0.0,0.0
2026-06-15 12:00:00+05:30,181.85000610351562,181.89999389648438,181.61000061035156,181.72000122070312,316855,0.0,0.0
2026-06-15 12:15:00+05:30,181.72000122070312,181.72000122070312,181.1199951171875,181.1199951171875,482754,0.0,0.0
2026-06-15 12:30:00+05:30,181.1699981689453,181.60000610351562,181.11000061035156,181.57000732421875,320798,0.0,0.0
2026-06-15 12:45:00+05:30,181.5399932861328,181.61000061035156,181.33999633789062,181.39999389648438,249040,0.0,0.0
2026-06-15 13:00:00+05:30,181.33999633789062,181.6199951171875,181.3000030517578,181.5,264446,0.0,0.0
2026-06-15 13:15:00+05:30,181.52999877929688,181.5399932861328,181.24000549316406,181.4199981689453,296730,0.0,0.0
2026-06-15 13:30:00+05:30,181.4199981689453,181.60000610351562,181.30999755859375,181.39999389648438,224126,0.0,0.0
2026-06-15 13:45:00+05:30,181.39999389648438,181.72000122070312,181.30999755859375,181.64999389648438,246548,0.0,0.0
2026-06-15 14:00:00+05:30,181.72000122070312,181.75,181.52000427246094,181.6199951171875,155597,0.0,0.0
2026-06-15 14:15:00+05:30,181.60000610351562,181.7100067138672,181.52999877929688,181.5500030517578,234876,0.0,0.0
2026-06-15 14:30:00+05:30,181.61000061035156,181.80999755859375,181.5800018310547,181.8000030517578,301567,0.0,0.0
2026-06-15 14:45:00+05:30,181.7899932861328,181.88999938964844,181.5500030517578,181.5800018310547,365743,0.0,0.0
2026-06-15 15:00:00+05:30,181.5800018310547,181.75,181.22000122070312,181.3800048828125,1013729,0.0,0.0
2026-06-15 15:15:00+05:30,181.33999633789062,181.5500030517578,181.0800018310547,181.0800018310547,1310293,0.0,0.0
2026-06-16 09:15:00+05:30,182.11000061035156,182.9499969482422,181.72999572753906,182.47999572753906,895090,0.0,0.0
2026-06-16 09:30:00+05:30,182.47999572753906,183.1999969482422,182.47999572753906,182.8000030517578,1368667,0.0,0.0
2026-06-16 09:45:00+05:30,182.77000427246094,182.8000030517578,182.27999877929688,182.5,809437,0.0,0.0
2026-06-16 10:00:00+05:30,182.5500030517578,182.75999450683594,182.27999877929688,182.47000122070312,475902,0.0,0.0
2026-06-16 10:15:00+05:30,182.47000122070312,183.3800048828125,182.4499969482422,182.99000549316406,743820,0.0,0.0
2026-06-16 10:30:00+05:30,182.92999267578125,183.17999267578125,182.61000061035156,182.75999450683594,303963,0.0,0.0
2026-06-16 10:45:00+05:30,182.77999877929688,183.0,182.52999877929688,182.60000610351562,391092,0.0,0.0
2026-06-16 11:00:00+05:30,182.60000610351562,182.63999938964844,182.1199951171875,182.25,397019,0.0,0.0
2026-06-16 11:15:00+05:30,182.19000244140625,182.32000732421875,182.02000427246094,182.14999389648438,287163,0.0,0.0
2026-06-16 11:30:00+05:30,182.1300048828125,182.14999389648438,181.69000244140625,181.83999633789062,380400,0.0,0.0
2026-06-16 11:45:00+05:30,181.83999633789062,182.11000061035156,181.75,181.9499969482422,221241,0.0,0.0
2026-06-16 12:00:00+05:30,181.9499969482422,182.1999969482422,181.77000427246094,182.1199951171875,246671,0.0,0.0
2026-06-16 12:15:00+05:30,182.11000061035156,182.14999389648438,181.9199981689453,182.14999389648438,138194,0.0,0.0
2026-06-16 12:30:00+05:30,182.14999389648438,182.24000549316406,181.9199981689453,182.00999450683594,156130,0.0,0.0
2026-06-16 12:45:00+05:30,182.0399932861328,182.19000244140625,181.85000610351562,182.05999755859375,182517,0.0,0.0
2026-06-16 13:00:00+05:30,182.05999755859375,182.1999969482422,181.8699951171875,182.05999755859375,171977,0.0,0.0
2026-06-16 13:15:00+05:30,182.07000732421875,182.22000122070312,181.94000244140625,182.22000122070312,104819,0.0,0.0
2026-06-16 13:30:00+05:30,182.22000122070312,182.39999389648438,182.0800018310547,182.30999755859375,131066,0.0,0.0
2026-06-16 13:45:00+05:30,182.30999755859375,182.5399932861328,182.27000427246094,182.39999389648438,237117,0.0,0.0
2026-06-16 14:00:00+05:30,182.44000244140625,182.6199951171875,182.35000610351562,182.55999755859375,178260,0.0,0.0
2026-06-16 14:15:00+05:30,182.55999755859375,182.64999389648438,182.39999389648438,182.5399932861328,224502,0.0,0.0
2026-06-16 14:30:00+05:30,182.5399932861328,183.0800018310547,182.49000549316406,182.75999450683594,526823,0.0,0.0
2026-06-16 14:45:00+05:30,182.77000427246094,183.0,182.72000122070312,182.8699951171875,307282,0.0,0.0
2026-06-16 15:00:00+05:30,182.92999267578125,182.92999267578125,182.64999389648438,182.64999389648438,457231,0.0,0.0
2026-06-16 15:15:00+05:30,182.63999938964844,182.77999877929688,182.50999450683594,182.64999389648438,1479308,0.0,0.0
2026-06-17 09:15:00+05:30,184.0,185.25,183.8000030517578,184.8000030517578,1002535,0.0,0.0
2026-06-17 09:30:00+05:30,184.72999572753906,185.10000610351562,184.35000610351562,184.39999389648438,1083593,0.0,0.0
2026-06-17 09:45:00+05:30,184.39999389648438,184.60000610351562,184.1999969482422,184.58999633789062,766592,0.0,0.0
2026-06-17 10:00:00+05:30,184.58999633789062,184.60000610351562,184.10000610351562,184.13999938964844,561643,0.0,0.0
2026-06-17 10:15:00+05:30,184.16000366210938,184.5,184.0500030517578,184.42999267578125,547387,0.0,0.0
2026-06-17 10:30:00+05:30,184.39999389648438,184.61000061035156,184.39999389648438,184.5399932861328,385428,0.0,0.0
2026-06-17 10:45:00+05:30,184.5399932861328,185.11000061035156,184.4600067138672,184.72999572753906,891469,0.0,0.0
2026-06-17 11:00:00+05:30,184.7100067138672,184.82000732421875,184.50999450683594,184.8000030517578,332731,0.0,0.0
2026-06-17 11:15:00+05:30,184.8000030517578,184.8000030517578,184.61000061035156,184.6999969482422,241859,0.0,0.0
2026-06-17 11:30:00+05:30,184.7899932861328,184.92999267578125,184.5,184.57000732421875,338375,0.0,0.0
2026-06-17 11:45:00+05:30,184.5500030517578,184.6699981689453,184.5,184.5,232308,0.0,0.0
2026-06-17 12:00:00+05:30,184.55999755859375,184.69000244140625,184.2899932861328,184.64999389648438,542479,0.0,0.0
2026-06-17 12:15:00+05:30,184.6199951171875,184.64999389648438,184.1199951171875,184.47999572753906,898858,0.0,0.0
2026-06-17 12:30:00+05:30,184.4499969482422,184.63999938964844,184.2100067138672,184.63999938964844,351571,0.0,0.0
2026-06-17 12:45:00+05:30,184.63999938964844,184.89999389648438,184.30999755859375,184.8800048828125,1166654,0.0,0.0
2026-06-17 13:00:00+05:30,184.8699951171875,184.89999389648438,184.6699981689453,184.6999969482422,202217,0.0,0.0
2026-06-17 13:15:00+05:30,184.72999572753906,184.9499969482422,184.6999969482422,184.94000244140625,219335,0.0,0.0
2026-06-17 13:30:00+05:30,184.94000244140625,185.07000732421875,184.89999389648438,184.97999572753906,372757,0.0,0.0
2026-06-17 13:45:00+05:30,184.99000549316406,185.0399932861328,184.63999938964844,184.6999969482422,225837,0.0,0.0
2026-06-17 14:00:00+05:30,184.7100067138672,184.75,184.4499969482422,184.50999450683594,287953,0.0,0.0
2026-06-17 14:15:00+05:30,184.52000427246094,184.60000610351562,184.24000549316406,184.24000549316406,381151,0.0,0.0
2026-06-17 14:30:00+05:30,184.3300018310547,184.47999572753906,184.0500030517578,184.25,457763,0.0,0.0
2026-06-17 14:45:00+05:30,184.3300018310547,184.6999969482422,184.2100067138672,184.64999389648438,559682,0.0,0.0
2026-06-17 15:00:00+05:30,184.66000366210938,184.7899932861328,184.4199981689453,184.5800018310547,667097,0.0,0.0
2026-06-17 15:15:00+05:30,184.5399932861328,184.5399932861328,184.16000366210938,184.17999267578125,1235551,0.0,0.0
2026-06-18 09:15:00+05:30,184.6300048828125,184.6300048828125,182.35000610351562,183.3000030517578,663572,0.0,0.0
2026-06-18 09:30:00+05:30,183.3000030517578,183.3699951171875,182.66000366210938,183.1300048828125,719905,0.0,0.0
2026-06-18 09:45:00+05:30,183.10000610351562,183.44000244140625,182.97000122070312,183.3800048828125,448807,0.0,0.0
2026-06-18 10:00:00+05:30,183.3800048828125,184.47000122070312,183.25,184.0,581783,0.0,0.0
2026-06-18 10:15:00+05:30,183.94000244140625,184.27000427246094,183.80999755859375,184.1699981689453,355929,0.0,0.0
2026-06-18 10:30:00+05:30,184.2100067138672,184.2100067138672,183.80999755859375,183.9499969482422,255014,0.0,0.0
2026-06-18 10:45:00+05:30,183.99000549316406,184.22999572753906,183.9499969482422,184.1699981689453,246236,0.0,0.0
2026-06-18 11:00:00+05:30,184.17999267578125,184.39999389648438,184.0,184.0399932861328,276379,0.0,0.0
2026-06-18 11:15:00+05:30,184.0500030517578,184.10000610351562,182.89999389648438,182.94000244140625,781023,0.0,0.0
2026-06-18 11:30:00+05:30,182.94000244140625,183.14999389648438,182.82000732421875,183.0,401844,0.0,0.0
2026-06-18 11:45:00+05:30,182.97000122070312,183.14999389648438,182.72999572753906,182.7899932861328,333355,0.0,0.0
2026-06-18 12:00:00+05:30,182.8000030517578,182.86000061035156,182.58999633789062,182.72999572753906,634596,0.0,0.0
2026-06-18 12:15:00+05:30,182.74000549316406,182.89999389648438,182.61000061035156,182.74000549316406,400632,0.0,0.0
2026-06-18 12:30:00+05:30,182.72000122070312,182.74000549316406,182.24000549316406,182.47999572753906,721505,0.0,0.0
2026-06-18 12:45:00+05:30,182.52999877929688,182.5399932861328,182.2899932861328,182.50999450683594,391273,0.0,0.0
2026-06-18 13:00:00+05:30,182.5,182.5,182.13999938964844,182.38999938964844,534149,0.0,0.0
2026-06-18 13:15:00+05:30,182.39999389648438,182.5500030517578,182.0500030517578,182.25,480429,0.0,0.0
2026-06-18 13:30:00+05:30,182.22000122070312,182.3699951171875,182.0800018310547,182.1300048828125,465254,0.0,0.0
2026-06-18 13:45:00+05:30,182.0800018310547,182.22000122070312,182.02999877929688,182.05999755859375,410664,0.0,0.0
2026-06-18 14:00:00+05:30,182.08999633789062,182.1300048828125,181.75999450683594,181.8000030517578,805115,0.0,0.0
2026-06-18 14:15:00+05:30,181.8300018310547,182.0800018310547,181.75,181.8699951171875,475531,0.0,0.0
2026-06-18 14:30:00+05:30,181.9499969482422,182.6300048828125,181.88999938964844,182.44000244140625,939083,0.0,0.0
2026-06-18 14:45:00+05:30,182.44000244140625,182.5500030517578,182.2100067138672,182.52000427246094,823212,0.0,0.0
2026-06-18 15:00:00+05:30,182.50999450683594,183.08999633789062,182.50999450683594,182.8000030517578,2229662,0.0,0.0
2026-06-18 15:15:00+05:30,182.8000030517578,183.0,182.6999969482422,182.85000610351562,2366374,0.0,0.0
2026-06-19 09:15:00+05:30,176.6199951171875,177.13999938964844,175.0,176.24000549316406,2672739,0.0,0.0
2026-06-19 09:30:00+05:30,176.24000549316406,176.99000549316406,176.00999450683594,176.55999755859375,2443496,0.0,0.0
2026-06-19 09:45:00+05:30,176.55999755859375,176.8000030517578,175.85000610351562,176.7899932861328,2271848,0.0,0.0
2026-06-19 10:00:00+05:30,176.7899932861328,176.97000122070312,176.10000610351562,176.60000610351562,1563352,0.0,0.0
2026-06-19 10:15:00+05:30,176.60000610351562,176.64999389648438,176.25,176.5500030517578,932808,0.0,0.0
2026-06-19 10:30:00+05:30,176.57000732421875,177.1300048828125,176.47000122070312,176.92999267578125,1042109,0.0,0.0
2026-06-19 10:45:00+05:30,176.92999267578125,177.0500030517578,176.60000610351562,176.8000030517578,549151,0.0,0.0
2026-06-19 11:00:00+05:30,176.8000030517578,177.22000122070312,176.5399932861328,177.10000610351562,644954,0.0,0.0
2026-06-19 11:15:00+05:30,177.10000610351562,177.64999389648438,177.0500030517578,177.5500030517578,829098,0.0,0.0
2026-06-19 11:30:00+05:30,177.5500030517578,177.8000030517578,177.3000030517578,177.8000030517578,675971,0.0,0.0
2026-06-19 11:45:00+05:30,177.80999755859375,177.80999755859375,177.3000030517578,177.44000244140625,505587,0.0,0.0
2026-06-19 12:00:00+05:30,177.44000244140625,177.86000061035156,177.41000366210938,177.74000549316406,397993,0.0,0.0
2026-06-19 12:15:00+05:30,177.74000549316406,177.9499969482422,177.6999969482422,177.85000610351562,605781,0.0,0.0
2026-06-19 12:30:00+05:30,177.85000610351562,177.85000610351562,177.39999389648438,177.57000732421875,510461,0.0,0.0
2026-06-19 12:45:00+05:30,177.5800018310547,178.0399932861328,177.5800018310547,178.0399932861328,471567,0.0,0.0
2026-06-19 13:00:00+05:30,178.0500030517578,178.11000061035156,177.72000122070312,177.91000366210938,352031,0.0,0.0
2026-06-19 13:15:00+05:30,177.9199981689453,177.97999572753906,177.55999755859375,177.89999389648438,348963,0.0,0.0
2026-06-19 13:30:00+05:30,177.88999938964844,178.08999633789062,177.85000610351562,178.05999755859375,303698,0.0,0.0
2026-06-19 13:45:00+05:30,178.08999633789062,179.27999877929688,178.02000427246094,179.1199951171875,1036826,0.0,0.0
2026-06-19 14:00:00+05:30,179.1199951171875,179.14999389648438,178.63999938964844,178.94000244140625,745178,0.0,0.0
2026-06-19 14:15:00+05:30,178.94000244140625,179.13999938964844,178.8300018310547,178.9600067138672,672352,0.0,0.0
2026-06-19 14:30:00+05:30,178.94000244140625,179.3699951171875,178.63999938964844,179.11000061035156,1015311,0.0,0.0
2026-06-19 14:45:00+05:30,179.1199951171875,179.36000061035156,178.89999389648438,178.9600067138672,1424158,0.0,0.0
2026-06-19 15:00:00+05:30,178.9600067138672,181.0,178.94000244140625,181.0,5181146,0.0,0.0
2026-06-19 15:15:00+05:30,180.9600067138672,181.47999572753906,180.0500030517578,180.0500030517578,4949089,0.0,0.0
2026-06-22 09:15:00+05:30,181.5,182.39999389648438,181.3000030517578,181.5500030517578,568425,0.0,0.0
2026-06-22 09:30:00+05:30,181.50999450683594,181.8300018310547,181.1699981689453,181.32000732421875,612254,0.0,0.0
2026-06-22 09:45:00+05:30,181.32000732421875,181.99000549316406,181.25999450683594,181.75,425199,0.0,0.0
2026-06-22 10:00:00+05:30,181.75,181.75,181.25999450683594,181.44000244140625,387000,0.0,0.0
2026-06-22 10:15:00+05:30,181.44000244140625,181.5,181.14999389648438,181.44000244140625,261385,0.0,0.0
2026-06-22 10:30:00+05:30,181.4499969482422,181.74000549316406,181.30999755859375,181.67999267578125,170564,0.0,0.0
2026-06-22 10:45:00+05:30,181.67999267578125,181.67999267578125,181.5,181.63999938964844,155739,0.0,0.0
2026-06-22 11:00:00+05:30,181.63999938964844,181.8000030517578,181.5500030517578,181.75,282932,0.0,0.0
2026-06-22 11:15:00+05:30,181.6999969482422,181.77999877929688,181.2899932861328,181.50999450683594,218036,0.0,0.0
2026-06-22 11:30:00+05:30,181.52000427246094,181.52000427246094,180.91000366210938,180.97000122070312,510940,0.0,0.0
2026-06-22 11:45:00+05:30,180.99000549316406,180.99000549316406,180.35000610351562,180.47000122070312,422330,0.0,0.0
2026-06-22 12:00:00+05:30,180.4600067138672,180.58999633789062,180.4499969482422,180.5,261646,0.0,0.0
2026-06-22 12:15:00+05:30,180.5,180.5399932861328,180.24000549316406,180.39999389648438,323701,0.0,0.0
2026-06-22 12:30:00+05:30,180.39999389648438,180.5500030517578,180.30999755859375,180.41000366210938,224346,0.0,0.0
2026-06-22 12:45:00+05:30,180.3800048828125,180.42999267578125,180.2100067138672,180.24000549316406,170690,0.0,0.0
2026-06-22 13:00:00+05:30,180.24000549316406,180.25,180.0399932861328,180.1699981689453,374400,0.0,0.0
2026-06-22 13:15:00+05:30,180.1699981689453,180.1999969482422,180.0399932861328,180.08999633789062,270056,0.0,0.0
2026-06-22 13:30:00+05:30,180.10000610351562,180.22000122070312,180.0,180.2100067138672,278445,0.0,0.0
2026-06-22 13:45:00+05:30,180.2100067138672,180.3800048828125,180.0399932861328,180.33999633789062,201598,0.0,0.0
2026-06-22 14:00:00+05:30,180.3000030517578,180.38999938964844,180.14999389648438,180.33999633789062,242597,0.0,0.0
2026-06-22 14:15:00+05:30,180.3800048828125,180.57000732421875,180.3000030517578,180.57000732421875,236005,0.0,0.0
2026-06-22 14:30:00+05:30,180.55999755859375,180.57000732421875,180.17999267578125,180.32000732421875,365441,0.0,0.0
2026-06-22 14:45:00+05:30,180.33999633789062,180.38999938964844,180.10000610351562,180.35000610351562,387485,0.0,0.0
2026-06-22 15:00:00+05:30,180.4199981689453,180.4199981689453,180.07000732421875,180.1699981689453,823901,0.0,0.0
2026-06-22 15:15:00+05:30,180.14999389648438,180.3000030517578,180.05999755859375,180.1699981689453,1180924,0.0,0.0
2026-06-23 09:15:00+05:30,179.39999389648438,179.39999389648438,177.91000366210938,178.64999389648438,817919,0.0,0.0
2026-06-23 09:30:00+05:30,178.69000244140625,178.72000122070312,178.11000061035156,178.1199951171875,1169024,0.0,0.0
2026-06-23 09:45:00+05:30,178.11000061035156,178.2100067138672,177.89999389648438,177.9600067138672,925669,0.0,0.0
2026-06-23 10:00:00+05:30,177.9199981689453,178.1699981689453,177.5,177.5,887937,0.0,0.0
2026-06-23 10:15:00+05:30,177.50999450683594,177.52000427246094,176.9199981689453,177.02000427246094,1247815,0.0,0.0
2026-06-23 10:30:00+05:30,177.02999877929688,177.17999267578125,176.8300018310547,177.0500030517578,610665,0.0,0.0
2026-06-23 10:45:00+05:30,177.0399932861328,177.0399932861328,176.60000610351562,176.8000030517578,661015,0.0,0.0
2026-06-23 11:00:00+05:30,176.8000030517578,177.02999877929688,176.5399932861328,176.6999969482422,702419,0.0,0.0
2026-06-23 11:15:00+05:30,176.6999969482422,176.9199981689453,176.5,176.55999755859375,787592,0.0,0.0
2026-06-23 11:30:00+05:30,176.55999755859375,176.55999755859375,176.0800018310547,176.11000061035156,532313,0.0,0.0
2026-06-23 11:45:00+05:30,176.10000610351562,176.10000610351562,175.67999267578125,175.75,982598,0.0,0.0
2026-06-23 12:00:00+05:30,175.7100067138672,176.05999755859375,175.69000244140625,175.77999877929688,615321,0.0,0.0
2026-06-23 12:15:00+05:30,175.8000030517578,176.19000244140625,175.77999877929688,175.9600067138672,330256,0.0,0.0
2026-06-23 12:30:00+05:30,175.97999572753906,175.97999572753906,175.44000244140625,175.47000122070312,636287,0.0,0.0
2026-06-23 12:45:00+05:30,175.5,175.55999755859375,175.25999450683594,175.3699951171875,553064,0.0,0.0
2026-06-23 13:00:00+05:30,175.3699951171875,175.5,175.11000061035156,175.24000549316406,497124,0.0,0.0
2026-06-23 13:15:00+05:30,175.24000549316406,175.30999755859375,175.02000427246094,175.0500030517578,477220,0.0,0.0
2026-06-23 13:30:00+05:30,175.02999877929688,175.1300048828125,174.8000030517578,175.0399932861328,1145657,0.0,0.0
2026-06-23 13:45:00+05:30,175.05999755859375,175.19000244140625,174.8000030517578,174.8000030517578,712300,0.0,0.0
2026-06-23 14:00:00+05:30,174.8000030517578,175.07000732421875,174.63999938964844,175.02000427246094,575536,0.0,0.0
2026-06-23 14:15:00+05:30,175.00999450683594,175.25999450683594,174.8800048828125,175.17999267578125,767314,0.0,0.0
2026-06-23 14:30:00+05:30,175.17999267578125,175.1999969482422,174.91000366210938,174.9600067138672,784332,0.0,0.0
2026-06-23 14:45:00+05:30,175.0,175.3300018310547,174.8800048828125,175.1300048828125,942858,0.0,0.0
2026-06-23 15:00:00+05:30,175.16000366210938,175.1699981689453,174.50999450683594,174.64999389648438,2223333,0.0,0.0
2026-06-23 15:15:00+05:30,174.6199951171875,174.69000244140625,174.0,174.49000549316406,2557335,0.0,0.0
2026-06-24 09:15:00+05:30,171.61000061035156,175.0,171.61000061035156,173.25999450683594,3247949,0.0,0.0
2026-06-24 09:30:00+05:30,173.27999877929688,174.0,173.1300048828125,173.7100067138672,3207311,0.0,0.0
2026-06-24 09:45:00+05:30,173.64999389648438,174.3000030517578,172.5,172.50999450683594,3018127,0.0,0.0
2026-06-24 10:00:00+05:30,172.55999755859375,172.85000610351562,172.1199951171875,172.4499969482422,2493373,0.0,0.0
2026-06-24 10:15:00+05:30,172.38999938964844,173.83999633789062,172.25,173.60000610351562,2412918,0.0,0.0
2026-06-24 10:30:00+05:30,173.61000061035156,174.47999572753906,173.61000061035156,174.25999450683594,2470513,0.0,0.0
2026-06-24 10:45:00+05:30,174.27999877929688,174.75,173.6199951171875,173.66000366210938,2128048,0.0,0.0
2026-06-24 11:00:00+05:30,173.6999969482422,173.6999969482422,172.7100067138672,173.1999969482422,1552947,0.0,0.0
2026-06-24 11:15:00+05:30,173.17999267578125,173.61000061035156,172.83999633789062,172.88999938964844,1200086,0.0,0.0
2026-06-24 11:30:00+05:30,172.88999938964844,172.9600067138672,172.4199981689453,172.9499969482422,1595814,0.0,0.0
2026-06-24 11:45:00+05:30,172.9499969482422,172.97000122070312,172.52000427246094,172.89999389648438,945152,0.0,0.0
2026-06-24 12:00:00+05:30,172.89999389648438,173.11000061035156,172.10000610351562,172.14999389648438,2071456,0.0,0.0
2026-06-24 12:15:00+05:30,172.1699981689453,172.30999755859375,171.8300018310547,171.83999633789062,1874773,0.0,0.0
2026-06-24 12:30:00+05:30,171.83999633789062,172.83999633789062,171.83999633789062,172.77000427246094,1676184,0.0,0.0
2026-06-24 12:45:00+05:30,172.75,173.77999877929688,172.7100067138672,173.60000610351562,2453846,0.0,0.0
2026-06-24 13:00:00+05:30,173.60000610351562,174.47999572753906,173.5500030517578,174.47000122070312,2059694,0.0,0.0
2026-06-24 13:15:00+05:30,174.47000122070312,174.89999389648438,174.16000366210938,174.83999633789062,2027557,0.0,0.0
2026-06-24 13:30:00+05:30,174.83999633789062,175.49000549316406,174.72999572753906,175.0500030517578,3268881,0.0,0.0
2026-06-24 13:45:00+05:30,175.00999450683594,175.10000610351562,174.82000732421875,174.89999389648438,1443561,0.0,0.0
2026-06-24 14:00:00+05:30,174.94000244140625,175.0500030517578,174.7100067138672,175.0399932861328,1172296,0.0,0.0
2026-06-24 14:15:00+05:30,175.0399932861328,175.2899932861328,174.75,174.9499969482422,1317187,0.0,0.0
2026-06-24 14:30:00+05:30,174.9499969482422,175.0500030517578,174.5500030517578,174.80999755859375,1133698,0.0,0.0
2026-06-24 14:45:00+05:30,174.80999755859375,174.85000610351562,174.49000549316406,174.5,939696,0.0,0.0
2026-06-24 15:00:00+05:30,174.5,174.5800018310547,174.1999969482422,174.47000122070312,1994118,0.0,0.0
2026-06-24 15:15:00+05:30,174.5,174.77999877929688,174.39999389648438,174.67999267578125,2938660,0.0,0.0
2026-06-25 09:15:00+05:30,176.25,176.32000732421875,173.69000244140625,173.69000244140625,1166842,0.0,0.0
2026-06-25 09:30:00+05:30,173.75999450683594,173.85000610351562,172.69000244140625,173.36000061035156,1860314,0.0,0.0
2026-06-25 09:45:00+05:30,173.35000610351562,173.8800048828125,173.17999267578125,173.7899932861328,792191,0.0,0.0
2026-06-25 10:00:00+05:30,173.7899932861328,174.74000549316406,173.77000427246094,174.4600067138672,1178418,0.0,0.0
2026-06-25 10:15:00+05:30,174.4499969482422,174.5399932861328,174.05999755859375,174.4199981689453,622357,0.0,0.0
2026-06-25 10:30:00+05:30,174.4199981689453,174.5,174.0,174.1199951171875,412217,0.0,0.0
2026-06-25 10:45:00+05:30,174.08999633789062,174.39999389648438,173.88999938964844,174.39999389648438,549949,0.0,0.0
2026-06-25 11:00:00+05:30,174.39999389648438,174.8000030517578,174.25,174.64999389648438,922518,0.0,0.0
2026-06-25 11:15:00+05:30,174.74000549316406,174.89999389648438,174.41000366210938,174.52999877929688,535009,0.0,0.0
2026-06-25 11:30:00+05:30,174.52999877929688,175.1199951171875,174.52999877929688,174.9199981689453,745106,0.0,0.0
2026-06-25 11:45:00+05:30,174.83999633789062,175.05999755859375,174.8000030517578,174.88999938964844,350406,0.0,0.0
2026-06-25 12:00:00+05:30,174.94000244140625,175.2100067138672,174.89999389648438,175.11000061035156,488262,0.0,0.0
2026-06-25 12:15:00+05:30,175.07000732421875,175.3000030517578,174.67999267578125,175.10000610351562,816931,0.0,0.0
2026-06-25 12:30:00+05:30,175.13999938964844,175.13999938964844,174.52000427246094,174.64999389648438,610821,0.0,0.0
2026-06-25 12:45:00+05:30,174.64999389648438,174.66000366210938,174.25,174.33999633789062,370112,0.0,0.0
2026-06-25 13:00:00+05:30,174.3300018310547,174.5,174.2100067138672,174.36000061035156,352240,0.0,0.0
2026-06-25 13:15:00+05:30,174.36000061035156,174.83999633789062,174.30999755859375,174.69000244140625,338703,0.0,0.0
2026-06-25 13:30:00+05:30,174.72999572753906,174.77000427246094,174.60000610351562,174.72999572753906,255388,0.0,0.0
2026-06-25 13:45:00+05:30,174.72000122070312,174.74000549316406,174.50999450683594,174.6699981689453,258594,0.0,0.0
2026-06-25 14:00:00+05:30,174.57000732421875,175.89999389648438,174.5500030517578,175.61000061035156,1732273,0.0,0.0
2026-06-25 14:15:00+05:30,175.5500030517578,175.58999633789062,175.0,175.19000244140625,830310,0.0,0.0
2026-06-25 14:30:00+05:30,175.16000366210938,175.4499969482422,174.8699951171875,174.8699951171875,632046,0.0,0.0
2026-06-25 14:45:00+05:30,174.75,175.3000030517578,174.6999969482422,175.19000244140625,792911,0.0,0.0
2026-06-25 15:00:00+05:30,175.19000244140625,175.25,174.91000366210938,174.99000549316406,1386929,0.0,0.0
2026-06-25 15:15:00+05:30,174.99000549316406,175.10000610351562,174.64999389648438,175.0399932861328,1669083,0.0,0.0
2026-06-29 09:15:00+05:30,176.10000610351562,176.6699981689453,175.39999389648438,175.82000732421875,1407795,0.0,0.0
2026-06-29 09:30:00+05:30,175.83999633789062,175.86000061035156,175.05999755859375,175.36000061035156,1080073,0.0,0.0
2026-06-29 09:45:00+05:30,175.3000030517578,175.35000610351562,174.92999267578125,175.1300048828125,1024904,0.0,0.0
2026-06-29 10:00:00+05:30,175.19000244140625,175.38999938964844,174.7100067138672,174.77999877929688,621521,0.0,0.0
2026-06-29 10:15:00+05:30,174.77999877929688,175.39999389648438,174.66000366210938,175.24000549316406,689015,0.0,0.0
2026-06-29 10:30:00+05:30,175.24000549316406,175.2899932861328,174.60000610351562,174.97000122070312,458377,0.0,0.0
2026-06-29 10:45:00+05:30,174.94000244140625,175.2899932861328,174.8300018310547,175.25,487714,0.0,0.0
2026-06-29 11:00:00+05:30,175.2899932861328,175.64999389648438,175.1999969482422,175.38999938964844,537701,0.0,0.0
2026-06-29 11:15:00+05:30,175.39999389648438,176.24000549316406,175.27000427246094,176.1999969482422,964249,0.0,0.0
2026-06-29 11:30:00+05:30,176.1999969482422,176.47000122070312,176.05999755859375,176.22999572753906,893089,0.0,0.0
2026-06-29 11:45:00+05:30,176.22000122070312,176.38999938964844,176.02999877929688,176.32000732421875,484770,0.0,0.0
2026-06-29 12:00:00+05:30,176.27000427246094,176.32000732421875,175.5,175.6300048828125,373738,0.0,0.0
2026-06-29 12:15:00+05:30,175.6300048828125,175.6699981689453,175.02999877929688,175.30999755859375,511136,0.0,0.0
2026-06-29 12:30:00+05:30,175.3800048828125,175.47000122070312,175.14999389648438,175.3000030517578,382912,0.0,0.0
2026-06-29 12:45:00+05:30,175.3000030517578,175.41000366210938,175.11000061035156,175.14999389648438,275654,0.0,0.0
2026-06-29 13:00:00+05:30,175.1199951171875,175.2899932861328,174.91000366210938,174.97000122070312,738762,0.0,0.0
2026-06-29 13:15:00+05:30,174.97000122070312,175.22000122070312,174.97000122070312,175.22000122070312,276517,0.0,0.0
2026-06-29 13:30:00+05:30,175.25,175.3000030517578,174.9600067138672,175.05999755859375,272313,0.0,0.0
2026-06-29 13:45:00+05:30,175.0800018310547,175.2899932861328,175.02999877929688,175.0800018310547,242008,0.0,0.0
2026-06-29 14:00:00+05:30,175.0800018310547,175.16000366210938,174.8699951171875,175.0500030517578,546815,0.0,0.0
2026-06-29 14:15:00+05:30,175.00999450683594,175.05999755859375,174.7100067138672,174.9199981689453,636482,0.0,0.0
2026-06-29 14:30:00+05:30,174.9199981689453,175.10000610351562,174.74000549316406,175.07000732421875,447583,0.0,0.0
2026-06-29 14:45:00+05:30,175.07000732421875,175.1999969482422,174.9600067138672,175.16000366210938,719210,0.0,0.0
2026-06-29 15:00:00+05:30,175.16000366210938,175.8300018310547,175.16000366210938,175.24000549316406,4438137,0.0,0.0
2026-06-29 15:15:00+05:30,175.19000244140625,175.88999938964844,175.19000244140625,175.47999572753906,3773500,0.0,0.0
2026-06-30 09:15:00+05:30,175.0,175.3800048828125,173.08999633789062,173.16000366210938,828069,0.0,0.0
2026-06-30 09:30:00+05:30,173.16000366210938,173.41000366210938,172.27999877929688,172.27999877929688,1904496,0.0,0.0
2026-06-30 09:45:00+05:30,172.27999877929688,172.67999267578125,172.25999450683594,172.64999389648438,1620698,0.0,0.0
2026-06-30 10:00:00+05:30,172.64999389648438,172.9499969482422,172.0,172.0500030517578,1383349,0.0,0.0
2026-06-30 10:15:00+05:30,172.07000732421875,172.07000732421875,171.6999969482422,171.7899932861328,1111725,0.0,0.0
2026-06-30 10:30:00+05:30,171.7899932861328,171.8000030517578,171.25,171.2899932861328,855409,0.0,0.0
2026-06-30 10:45:00+05:30,171.27999877929688,171.3000030517578,170.3300018310547,170.38999938964844,1446309,0.0,0.0
2026-06-30 11:00:00+05:30,170.44000244140625,171.32000732421875,170.3800048828125,171.2100067138672,1371251,0.0,0.0
2026-06-30 11:15:00+05:30,171.16000366210938,172.57000732421875,171.1199951171875,172.02000427246094,1636899,0.0,0.0
2026-06-30 11:30:00+05:30,172.0,172.0399932861328,171.60000610351562,171.6699981689453,455055,0.0,0.0
2026-06-30 11:45:00+05:30,171.6999969482422,171.9199981689453,171.42999267578125,171.8800048828125,360184,0.0,0.0
2026-06-30 12:00:00+05:30,171.86000061035156,171.8699951171875,171.2100067138672,171.27999877929688,385991,0.0,0.0
2026-06-30 12:15:00+05:30,171.30999755859375,171.39999389648438,171.2100067138672,171.27999877929688,364729,0.0,0.0
2026-06-30 12:30:00+05:30,171.27999877929688,171.5,171.0500030517578,171.44000244140625,569535,0.0,0.0
2026-06-30 12:45:00+05:30,171.44000244140625,171.6300048828125,171.10000610351562,171.24000549316406,343548,0.0,0.0
2026-06-30 13:00:00+05:30,171.27999877929688,171.27999877929688,170.89999389648438,171.0,654880,0.0,0.0
2026-06-30 13:15:00+05:30,171.0,171.10000610351562,170.75,171.00999450683594,439279,0.0,0.0
2026-06-30 13:30:00+05:30,171.00999450683594,171.07000732421875,170.64999389648438,170.82000732421875,609422,0.0,0.0
2026-06-30 13:45:00+05:30,170.8300018310547,170.9199981689453,170.52000427246094,170.55999755859375,593521,0.0,0.0
2026-06-30 14:00:00+05:30,170.55999755859375,170.6300048828125,170.07000732421875,170.13999938964844,1269022,0.0,0.0
2026-06-30 14:15:00+05:30,170.22999572753906,170.88999938964844,170.14999389648438,170.66000366210938,954327,0.0,0.0
2026-06-30 14:30:00+05:30,170.58999633789062,170.77000427246094,170.41000366210938,170.7100067138672,703259,0.0,0.0
2026-06-30 14:45:00+05:30,170.72000122070312,171.11000061035156,170.63999938964844,170.9499969482422,889208,0.0,0.0
2026-06-30 15:00:00+05:30,170.88999938964844,170.9499969482422,170.3300018310547,170.5399932861328,1958725,0.0,0.0
2026-06-30 15:15:00+05:30,170.55999755859375,170.67999267578125,170.10000610351562,170.35000610351562,3524446,0.0,0.0
2026-07-01 09:15:00+05:30,171.1999969482422,171.85000610351562,170.25999450683594,171.5399932861328,626643,0.0,0.0
2026-07-01 09:30:00+05:30,171.4199981689453,171.5500030517578,170.74000549316406,170.9600067138672,611891,0.0,0.0
2026-07-01 09:45:00+05:30,170.97000122070312,171.35000610351562,170.75,170.9600067138672,467544,0.0,0.0
2026-07-01 10:00:00+05:30,170.9600067138672,171.0500030517578,170.69000244140625,170.89999389648438,421656,0.0,0.0
2026-07-01 10:15:00+05:30,170.8300018310547,171.0500030517578,170.72000122070312,170.77000427246094,260030,0.0,0.0
2026-07-01 10:30:00+05:30,170.72999572753906,170.83999633789062,170.6300048828125,170.64999389648438,233574,0.0,0.0
2026-07-01 10:45:00+05:30,170.67999267578125,170.75,170.55999755859375,170.58999633789062,248303,0.0,0.0
2026-07-01 11:00:00+05:30,170.58999633789062,170.75,170.57000732421875,170.7100067138672,268975,0.0,0.0
2026-07-01 11:15:00+05:30,170.7100067138672,170.72000122070312,170.32000732421875,170.5800018310547,342436,0.0,0.0
2026-07-01 11:30:00+05:30,170.5800018310547,170.75,170.4600067138672,170.74000549316406,242456,0.0,0.0
2026-07-01 11:45:00+05:30,170.75,170.89999389648438,170.5800018310547,170.64999389648438,221490,0.0,0.0
2026-07-01 12:00:00+05:30,170.6300048828125,170.7899932861328,170.11000061035156,170.3000030517578,338379,0.0,0.0
2026-07-01 12:15:00+05:30,170.27000427246094,170.2899932861328,169.44000244140625,169.5399932861328,1068554,0.0,0.0
2026-07-01 12:30:00+05:30,169.5500030517578,169.8300018310547,169.4499969482422,169.52999877929688,372148,0.0,0.0
2026-07-01 12:45:00+05:30,169.50999450683594,170.52999877929688,169.25999450683594,170.36000061035156,1521963,0.0,0.0
2026-07-01 13:00:00+05:30,170.33999633789062,170.69000244140625,170.11000061035156,170.13999938964844,1722857,0.0,0.0
2026-07-01 13:15:00+05:30,170.14999389648438,170.5800018310547,169.9499969482422,170.11000061035156,2171316,0.0,0.0
2026-07-01 13:30:00+05:30,170.1999969482422,170.27999877929688,169.86000061035156,170.27999877929688,2271630,0.0,0.0
2026-07-01 13:45:00+05:30,170.25999450683594,170.27999877929688,169.89999389648438,169.91000366210938,858553,0.0,0.0
2026-07-01 14:00:00+05:30,169.92999267578125,169.94000244140625,169.60000610351562,169.69000244140625,631471,0.0,0.0
2026-07-01 14:15:00+05:30,169.67999267578125,170.0399932861328,169.6199951171875,169.97999572753906,1494590,0.0,0.0
2026-07-01 14:30:00+05:30,169.97999572753906,171.6999969482422,169.86000061035156,171.66000366210938,6548853,0.0,0.0
2026-07-01 14:45:00+05:30,171.66000366210938,172.07000732421875,170.3000030517578,170.7899932861328,7008301,0.0,0.0
2026-07-01 15:00:00+05:30,170.8000030517578,170.97000122070312,170.10000610351562,170.14999389648438,1310984,0.0,0.0
2026-07-01 15:15:00+05:30,170.17999267578125,170.25,169.5,169.80999755859375,1819845,0.0,0.0
2026-07-02 09:15:00+05:30,169.1999969482422,172.55999755859375,169.1999969482422,171.77999877929688,2766351,0.0,0.0
2026-07-02 09:30:00+05:30,171.67999267578125,173.3699951171875,171.67999267578125,173.1999969482422,3067169,0.0,0.0
2026-07-02 09:45:00+05:30,173.2100067138672,173.97999572753906,172.72999572753906,173.92999267578125,2575000,0.0,0.0
2026-07-02 10:00:00+05:30,173.91000366210938,173.91000366210938,172.5,172.8000030517578,1642217,0.0,0.0
2026-07-02 10:15:00+05:30,172.75,173.49000549316406,172.64999389648438,173.22000122070312,1024257,0.0,0.0
2026-07-02 10:30:00+05:30,173.3000030517578,173.38999938964844,172.8000030517578,172.8300018310547,588218,0.0,0.0
2026-07-02 10:45:00+05:30,172.82000732421875,174.25,172.6199951171875,174.0399932861328,2317915,0.0,0.0
2026-07-02 11:00:00+05:30,174.0500030517578,174.2100067138672,173.83999633789062,174.08999633789062,1242398,0.0,0.0
2026-07-02 11:15:00+05:30,174.08999633789062,174.39999389648438,173.80999755859375,173.83999633789062,1442181,0.0,0.0
2026-07-02 11:30:00+05:30,173.8300018310547,174.25,173.80999755859375,174.0399932861328,1081644,0.0,0.0
2026-07-02 11:45:00+05:30,174.0399932861328,174.49000549316406,174.02000427246094,174.47000122070312,1299232,0.0,0.0
2026-07-02 12:00:00+05:30,174.36000061035156,174.8699951171875,174.35000610351562,174.77000427246094,1667134,0.0,0.0
2026-07-02 12:15:00+05:30,174.77999877929688,174.9600067138672,174.66000366210938,174.9499969482422,1288181,0.0,0.0
2026-07-02 12:30:00+05:30,174.94000244140625,174.94000244140625,174.5500030517578,174.58999633789062,1156477,0.0,0.0
2026-07-02 12:45:00+05:30,174.60000610351562,174.89999389648438,174.32000732421875,174.3699951171875,1296857,0.0,0.0
2026-07-02 13:00:00+05:30,174.3800048828125,174.83999633789062,173.85000610351562,173.99000549316406,1881802,0.0,0.0
2026-07-02 13:15:00+05:30,173.92999267578125,174.0,173.6300048828125,173.91000366210938,1390781,0.0,0.0
2026-07-02 13:30:00+05:30,173.99000549316406,174.02999877929688,173.72000122070312,174.0,1153427,0.0,0.0
2026-07-02 13:45:00+05:30,174.0,174.47999572753906,173.91000366210938,174.10000610351562,1230405,0.0,0.0
2026-07-02 14:00:00+05:30,174.0800018310547,174.1300048828125,173.77999877929688,174.0,1179651,0.0,0.0
2026-07-02 14:15:00+05:30,173.97999572753906,174.1999969482422,173.6199951171875,173.6999969482422,1425114,0.0,0.0
2026-07-02 14:30:00+05:30,173.72000122070312,174.1699981689453,173.52000427246094,173.97000122070312,1396982,0.0,0.0
2026-07-02 14:45:00+05:30,173.97999572753906,174.3000030517578,173.80999755859375,173.83999633789062,1148062,0.0,0.0
2026-07-02 15:00:00+05:30,173.85000610351562,174.25,173.85000610351562,174.1199951171875,1219589,0.0,0.0
2026-07-02 15:15:00+05:30,174.16000366210938,174.1999969482422,173.75,174.0,2157720,0.0,0.0
2026-07-03 09:15:00+05:30,176.1999969482422,178.08999633789062,175.8800048828125,177.67999267578125,2090655,0.0,0.0
2026-07-03 09:30:00+05:30,177.72999572753906,178.05999755859375,176.6199951171875,176.77000427246094,3015602,0.0,0.0
2026-07-03 09:45:00+05:30,176.8800048828125,177.25,176.6300048828125,177.02999877929688,1635009,0.0,0.0
2026-07-03 10:00:00+05:30,177.02999877929688,177.38999938964844,176.8699951171875,177.16000366210938,1250175,0.0,0.0
2026-07-03 10:15:00+05:30,177.07000732421875,177.27999877929688,176.8000030517578,177.0,1117269,0.0,0.0
2026-07-03 10:30:00+05:30,177.02999877929688,177.2899932861328,176.83999633789062,176.88999938964844,1101473,0.0,0.0
2026-07-03 10:45:00+05:30,176.89999389648438,177.6300048828125,176.80999755859375,177.35000610351562,1296658,0.0,0.0
2026-07-03 11:00:00+05:30,177.3300018310547,177.9499969482422,177.25999450683594,177.35000610351562,1400770,0.0,0.0
2026-07-03 11:15:00+05:30,177.35000610351562,177.6699981689453,177.1999969482422,177.4499969482422,1081794,0.0,0.0
2026-07-03 11:30:00+05:30,177.5500030517578,177.77999877929688,177.36000061035156,177.66000366210938,1187501,0.0,0.0
2026-07-03 11:45:00+05:30,177.5800018310547,178.0,176.1300048828125,176.22999572753906,1769801,0.0,0.0
2026-07-03 12:00:00+05:30,176.1699981689453,176.25,175.64999389648438,175.89999389648438,927755,0.0,0.0
2026-07-03 12:15:00+05:30,175.89999389648438,176.5399932861328,175.8699951171875,176.3800048828125,752731,0.0,0.0
2026-07-03 12:30:00+05:30,176.4199981689453,176.4499969482422,175.72999572753906,176.11000061035156,576285,0.0,0.0
2026-07-03 12:45:00+05:30,176.1300048828125,176.25999450683594,175.92999267578125,176.10000610351562,269930,0.0,0.0
2026-07-03 13:00:00+05:30,176.10000610351562,176.10000610351562,175.47999572753906,175.66000366210938,442750,0.0,0.0
2026-07-03 13:15:00+05:30,175.61000061035156,175.67999267578125,175.3000030517578,175.47000122070312,268946,0.0,0.0
2026-07-03 13:30:00+05:30,175.47000122070312,175.58999633789062,175.19000244140625,175.25999450683594,349223,0.0,0.0
2026-07-03 13:45:00+05:30,175.27000427246094,175.4600067138672,174.89999389648438,175.02999877929688,412890,0.0,0.0
2026-07-03 14:00:00+05:30,175.0,175.14999389648438,174.85000610351562,174.8800048828125,349122,0.0,0.0
2026-07-03 14:15:00+05:30,174.9199981689453,174.92999267578125,174.60000610351562,174.61000061035156,328574,0.0,0.0
2026-07-03 14:30:00+05:30,174.6699981689453,174.89999389648438,174.60000610351562,174.8699951171875,361576,0.0,0.0
2026-07-03 14:45:00+05:30,174.97999572753906,175.97999572753906,174.97999572753906,175.9600067138672,1223807,0.0,0.0
2026-07-03 15:00:00+05:30,175.92999267578125,176.6999969482422,175.9199981689453,176.35000610351562,1745572,0.0,0.0
2026-07-03 15:15:00+05:30,176.39999389648438,176.47999572753906,175.58999633789062,175.75,1557864,0.0,0.0
2026-07-06 09:15:00+05:30,176.11000061035156,176.1999969482422,174.89999389648438,175.35000610351562,513879,0.0,0.0
2026-07-06 09:30:00+05:30,175.35000610351562,175.35000610351562,174.82000732421875,174.97000122070312,520883,0.0,0.0
2026-07-06 09:45:00+05:30,174.9600067138672,175.05999755859375,173.8300018310547,174.0500030517578,626419,0.0,0.0
2026-07-06 10:00:00+05:30,174.0500030517578,174.1199951171875,173.75999450683594,173.9199981689453,475455,0.0,0.0
2026-07-06 10:15:00+05:30,173.9199981689453,174.6999969482422,173.89999389648438,174.64999389648438,307379,0.0,0.0
2026-07-06 10:30:00+05:30,174.6999969482422,174.77999877929688,174.14999389648438,174.1999969482422,198679,0.0,0.0
2026-07-06 10:45:00+05:30,174.1999969482422,174.41000366210938,174.11000061035156,174.3000030517578,198201,0.0,0.0
2026-07-06 11:00:00+05:30,174.32000732421875,174.35000610351562,173.9199981689453,174.07000732421875,310160,0.0,0.0
2026-07-06 11:15:00+05:30,174.07000732421875,174.24000549316406,173.9499969482422,174.16000366210938,120522,0.0,0.0
2026-07-06 11:30:00+05:30,174.16000366210938,174.3699951171875,174.05999755859375,174.1999969482422,128433,0.0,0.0
2026-07-06 11:45:00+05:30,174.2100067138672,174.4499969482422,174.0399932861328,174.05999755859375,224165,0.0,0.0
2026-07-06 12:00:00+05:30,174.1300048828125,174.1999969482422,173.75999450683594,173.92999267578125,305299,0.0,0.0
2026-07-06 12:15:00+05:30,174.0,174.14999389648438,173.89999389648438,174.0500030517578,113926,0.0,0.0
2026-07-06 12:30:00+05:30,174.0500030517578,174.25,173.85000610351562,173.99000549316406,163229,0.0,0.0
2026-07-06 12:45:00+05:30,173.99000549316406,174.0500030517578,173.7100067138672,173.8000030517578,255392,0.0,0.0
2026-07-06 13:00:00+05:30,173.77000427246094,173.8800048828125,173.60000610351562,173.60000610351562,179689,0.0,0.0
2026-07-06 13:15:00+05:30,173.63999938964844,173.97999572753906,173.6199951171875,173.97999572753906,137834,0.0,0.0
2026-07-06 13:30:00+05:30,173.97999572753906,174.19000244140625,173.94000244140625,174.07000732421875,134602,0.0,0.0
2026-07-06 13:45:00+05:30,174.0,174.07000732421875,173.75,173.7899932861328,103815,0.0,0.0
2026-07-06 14:00:00+05:30,173.7899932861328,173.99000549316406,173.75999450683594,173.9499969482422,85533,0.0,0.0
2026-07-06 14:15:00+05:30,173.9499969482422,173.99000549316406,173.75999450683594,173.8300018310547,114238,0.0,0.0
2026-07-06 14:30:00+05:30,173.77999877929688,173.8699951171875,173.6999969482422,173.74000549316406,148774,0.0,0.0
2026-07-06 14:45:00+05:30,173.74000549316406,174.2899932861328,173.61000061035156,174.17999267578125,489346,0.0,0.0
2026-07-06 15:00:00+05:30,174.17999267578125,174.55999755859375,174.13999938964844,174.25,866043,0.0,0.0
2026-07-06 15:15:00+05:30,174.24000549316406,174.47000122070312,173.91000366210938,174.35000610351562,1008763,0.0,0.0
2026-07-07 09:15:00+05:30,173.88999938964844,176.1999969482422,173.77999877929688,174.97999572753906,1009670,0.0,0.0
2026-07-07 09:30:00+05:30,175.0500030517578,175.5,174.64999389648438,175.38999938964844,741134,0.0,0.0
2026-07-07 09:45:00+05:30,175.33999633789062,175.6999969482422,174.85000610351562,175.0399932861328,635449,0.0,0.0
2026-07-07 10:00:00+05:30,175.10000610351562,175.57000732421875,175.0500030517578,175.25,533532,0.0,0.0
2026-07-07 10:15:00+05:30,175.33999633789062,176.0500030517578,175.1199951171875,175.1699981689453,917379,0.0,0.0
2026-07-07 10:30:00+05:30,175.07000732421875,175.2100067138672,174.50999450683594,174.5500030517578,412674,0.0,0.0
2026-07-07 10:45:00+05:30,174.52999877929688,174.8800048828125,174.4499969482422,174.6999969482422,295566,0.0,0.0
2026-07-07 11:00:00+05:30,174.6999969482422,175.35000610351562,174.66000366210938,175.33999633789062,324419,0.0,0.0
2026-07-07 11:15:00+05:30,175.30999755859375,175.57000732421875,175.0399932861328,175.27999877929688,327382,0.0,0.0
2026-07-07 11:30:00+05:30,175.2899932861328,175.35000610351562,174.66000366210938,175.02999877929688,799450,0.0,0.0
2026-07-07 11:45:00+05:30,175.0800018310547,175.25,174.82000732421875,175.0500030517578,267578,0.0,0.0
2026-07-07 12:00:00+05:30,175.0800018310547,175.4199981689453,174.8000030517578,174.86000061035156,371912,0.0,0.0
2026-07-07 12:15:00+05:30,174.86000061035156,174.97000122070312,174.72000122070312,174.72999572753906,271200,0.0,0.0
2026-07-07 12:30:00+05:30,174.77000427246094,174.8000030517578,174.3000030517578,174.58999633789062,429849,0.0,0.0
2026-07-07 12:45:00+05:30,174.58999633789062,174.58999633789062,174.3000030517578,174.4199981689453,243131,0.0,0.0
2026-07-07 13:00:00+05:30,174.35000610351562,174.5500030517578,174.3000030517578,174.4199981689453,234408,0.0,0.0
2026-07-07 13:15:00+05:30,174.4199981689453,174.44000244140625,174.0500030517578,174.32000732421875,433168,0.0,0.0
2026-07-07 13:30:00+05:30,174.3000030517578,174.33999633789062,174.0800018310547,174.25,230969,0.0,0.0
2026-07-07 13:45:00+05:30,174.25,174.47999572753906,174.08999633789062,174.10000610351562,350294,0.0,0.0
2026-07-07 14:00:00+05:30,174.10000610351562,174.10000610351562,173.69000244140625,173.7100067138672,921394,0.0,0.0
2026-07-07 14:15:00+05:30,173.72000122070312,173.75999450683594,173.4600067138672,173.5,1112433,0.0,0.0
2026-07-07 14:30:00+05:30,173.49000549316406,173.66000366210938,173.49000549316406,173.55999755859375,935003,0.0,0.0
2026-07-07 14:45:00+05:30,173.57000732421875,173.58999633789062,173.4499969482422,173.47999572753906,672694,0.0,0.0
2026-07-07 15:00:00+05:30,173.49000549316406,173.49000549316406,172.9199981689453,173.0,2999427,0.0,0.0
2026-07-07 15:15:00+05:30,173.0,173.10000610351562,172.77999877929688,173.0,2490572,0.0,0.0
2026-07-08 09:15:00+05:30,172.8800048828125,175.27999877929688,172.8800048828125,175.1300048828125,1641366,0.0,0.0
2026-07-08 09:30:00+05:30,175.17999267578125,175.17999267578125,174.5500030517578,174.9600067138672,1142658,0.0,0.0
2026-07-08 09:45:00+05:30,174.9499969482422,175.0800018310547,174.10000610351562,174.4499969482422,759751,0.0,0.0
2026-07-08 10:00:00+05:30,174.47999572753906,174.52000427246094,173.8800048828125,174.14999389648438,454659,0.0,0.0
2026-07-08 10:15:00+05:30,174.10000610351562,174.4600067138672,174.0500030517578,174.35000610351562,316030,0.0,0.0
2026-07-08 10:30:00+05:30,174.44000244140625,174.58999633789062,174.24000549316406,174.25,487818,0.0,0.0
2026-07-08 10:45:00+05:30,174.24000549316406,174.75,173.92999267578125,174.6999969482422,723212,0.0,0.0
2026-07-08 11:00:00+05:30,174.6699981689453,174.9600067138672,174.6699981689453,174.88999938964844,351408,0.0,0.0
2026-07-08 11:15:00+05:30,174.88999938964844,175.25,174.82000732421875,174.8800048828125,560302,0.0,0.0
2026-07-08 11:30:00+05:30,174.94000244140625,175.1300048828125,174.69000244140625,174.97999572753906,535420,0.0,0.0
2026-07-08 11:45:00+05:30,175.02999877929688,175.10000610351562,174.82000732421875,175.0500030517578,276026,0.0,0.0
2026-07-08 12:00:00+05:30,175.02000427246094,175.19000244140625,174.8300018310547,175.0399932861328,278184,0.0,0.0
2026-07-08 12:15:00+05:30,175.0399932861328,175.39999389648438,174.94000244140625,175.22000122070312,378083,0.0,0.0
2026-07-08 12:30:00+05:30,175.1999969482422,175.2100067138672,174.5500030517578,174.60000610351562,321403,0.0,0.0
2026-07-08 12:45:00+05:30,174.57000732421875,174.89999389648438,174.49000549316406,174.8300018310547,161556,0.0,0.0
2026-07-08 13:00:00+05:30,174.8800048828125,174.92999267578125,174.6999969482422,174.91000366210938,166333,0.0,0.0
2026-07-08 13:15:00+05:30,174.89999389648438,175.0,174.83999633789062,174.9600067138672,169658,0.0,0.0
2026-07-08 13:30:00+05:30,174.94000244140625,175.1999969482422,174.89999389648438,175.10000610351562,286058,0.0,0.0
2026-07-08 13:45:00+05:30,175.10000610351562,175.10000610351562,174.13999938964844,174.13999938964844,510967,0.0,0.0
2026-07-08 14:00:00+05:30,174.13999938964844,174.1999969482422,173.1999969482422,173.39999389648438,856273,0.0,0.0
2026-07-08 14:15:00+05:30,173.35000610351562,173.75,173.22999572753906,173.35000610351562,574395,0.0,0.0
2026-07-08 14:30:00+05:30,173.25,173.49000549316406,173.00999450683594,173.25,423464,0.0,0.0
2026-07-08 14:45:00+05:30,173.19000244140625,173.24000549316406,172.6699981689453,172.7899932861328,515793,0.0,0.0
2026-07-08 15:00:00+05:30,172.6699981689453,172.92999267578125,172.25,172.8699951171875,1686547,0.0,0.0
2026-07-08 15:15:00+05:30,172.94000244140625,173.0,172.72999572753906,172.94000244140625,1646991,0.0,0.0
2026-07-09 09:15:00+05:30,173.00999450683594,173.47000122070312,171.75999450683594,172.4499969482422,573285,0.0,0.0
2026-07-09 09:30:00+05:30,172.44000244140625,173.17999267578125,172.42999267578125,173.02999877929688,526987,0.0,0.0
2026-07-09 09:45:00+05:30,172.99000549316406,173.14999389648438,172.75,173.1199951171875,279344,0.0,0.0
2026-07-09 10:00:00+05:30,173.1199951171875,173.47000122070312,173.05999755859375,173.3800048828125,240041,0.0,0.0
2026-07-09 10:15:00+05:30,173.3300018310547,173.36000061035156,172.9600067138672,173.3000030517578,201454,0.0,0.0
2026-07-09 10:30:00+05:30,173.25,173.75999450683594,173.02999877929688,173.36000061035156,253046,0.0,0.0
2026-07-09 10:45:00+05:30,173.36000061035156,173.49000549316406,173.00999450683594,173.25,222323,0.0,0.0
2026-07-09 11:00:00+05:30,173.2100067138672,173.22000122070312,173.00999450683594,173.13999938964844,169378,0.0,0.0
2026-07-09 11:15:00+05:30,173.13999938964844,173.33999633789062,173.10000610351562,173.33999633789062,180111,0.0,0.0
2026-07-09 11:30:00+05:30,173.3000030517578,173.49000549316406,173.08999633789062,173.4499969482422,167265,0.0,0.0
2026-07-09 11:45:00+05:30,173.39999389648438,174.0,173.39999389648438,173.94000244140625,364377,0.0,0.0
2026-07-09 12:00:00+05:30,173.89999389648438,174.22000122070312,173.4499969482422,173.47999572753906,498522,0.0,0.0
2026-07-09 12:15:00+05:30,173.47000122070312,173.82000732421875,173.30999755859375,173.60000610351562,699289,0.0,0.0
2026-07-09 12:30:00+05:30,173.64999389648438,173.85000610351562,173.57000732421875,173.6699981689453,340901,0.0,0.0
2026-07-09 12:45:00+05:30,173.6699981689453,174.19000244140625,173.66000366210938,173.7899932861328,750078,0.0,0.0
2026-07-09 13:00:00+05:30,173.7100067138672,173.80999755859375,173.39999389648438,173.4600067138672,257057,0.0,0.0
2026-07-09 13:15:00+05:30,173.4600067138672,173.80999755859375,173.4499969482422,173.55999755859375,201833,0.0,0.0
2026-07-09 13:30:00+05:30,173.55999755859375,173.83999633789062,173.5,173.66000366210938,274395,0.0,0.0
2026-07-09 13:45:00+05:30,173.64999389648438,173.74000549316406,173.50999450683594,173.63999938964844,155841,0.0,0.0
2026-07-09 14:00:00+05:30,173.63999938964844,173.69000244140625,173.5,173.66000366210938,158139,0.0,0.0
2026-07-09 14:15:00+05:30,173.66000366210938,173.74000549316406,173.52000427246094,173.57000732421875,202186,0.0,0.0
2026-07-09 14:30:00+05:30,173.5500030517578,173.77000427246094,173.22000122070312,173.35000610351562,378560,0.0,0.0
2026-07-09 14:45:00+05:30,173.33999633789062,173.38999938964844,173.05999755859375,173.1199951171875,540845,0.0,0.0
2026-07-09 15:00:00+05:30,173.11000061035156,173.13999938964844,172.5,172.57000732421875,1061554,0.0,0.0
2026-07-09 15:15:00+05:30,172.5800018310547,173.0,172.5500030517578,172.85000610351562,1016326,0.0,0.0
2026-07-10 09:15:00+05:30,175.63999938964844,177.1999969482422,175.42999267578125,175.9499969482422,1652914,0.0,0.0
2026-07-10 09:30:00+05:30,175.9600067138672,176.19000244140625,175.5,175.89999389648438,1060509,0.0,0.0
2026-07-10 09:45:00+05:30,175.82000732421875,176.16000366210938,175.50999450683594,175.88999938964844,501717,0.0,0.0
2026-07-10 10:00:00+05:30,175.91000366210938,176.1999969482422,175.72000122070312,176.14999389648438,471114,0.0,0.0
2026-07-10 10:15:00+05:30,176.19000244140625,176.39999389648438,175.91000366210938,176.10000610351562,469142,0.0,0.0
2026-07-10 10:30:00+05:30,176.1300048828125,176.19000244140625,175.94000244140625,176.1300048828125,247769,0.0,0.0
2026-07-10 10:45:00+05:30,176.08999633789062,176.08999633789062,175.60000610351562,175.66000366210938,385394,0.0,0.0
2026-07-10 11:00:00+05:30,175.6999969482422,175.6999969482422,175.25,175.27999877929688,434539,0.0,0.0
2026-07-10 11:15:00+05:30,175.2899932861328,175.6300048828125,175.1999969482422,175.4600067138672,260183,0.0,0.0
2026-07-10 11:30:00+05:30,175.4600067138672,175.58999633789062,175.3000030517578,175.50999450683594,235660,0.0,0.0
2026-07-10 11:45:00+05:30,175.50999450683594,175.67999267578125,175.41000366210938,175.4199981689453,234384,0.0,0.0
2026-07-10 12:00:00+05:30,175.4199981689453,175.75,175.4199981689453,175.6999969482422,266500,0.0,0.0
2026-07-10 12:15:00+05:30,175.7100067138672,175.89999389648438,175.6300048828125,175.7100067138672,541300,0.0,0.0
2026-07-10 12:30:00+05:30,175.6999969482422,175.88999938964844,175.60000610351562,175.60000610351562,375869,0.0,0.0
2026-07-10 12:45:00+05:30,175.52999877929688,175.63999938964844,175.41000366210938,175.47999572753906,362168,0.0,0.0
2026-07-10 13:00:00+05:30,175.47999572753906,175.6999969482422,175.42999267578125,175.47999572753906,226820,0.0,0.0
2026-07-10 13:15:00+05:30,175.47999572753906,175.5500030517578,175.35000610351562,175.5,264102,0.0,0.0
2026-07-10 13:30:00+05:30,175.5,175.97000122070312,175.42999267578125,175.94000244140625,510129,0.0,0.0
2026-07-10 13:45:00+05:30,175.91000366210938,176.0,175.75,175.8000030517578,580311,0.0,0.0
2026-07-10 14:00:00+05:30,175.8000030517578,176.0,175.75999450683594,175.88999938964844,336501,0.0,0.0
2026-07-10 14:15:00+05:30,175.88999938964844,176.0,175.6199951171875,175.6999969482422,395785,0.0,0.0
2026-07-10 14:30:00+05:30,175.6999969482422,176.0,175.67999267578125,175.72000122070312,669292,0.0,0.0
2026-07-10 14:45:00+05:30,175.6999969482422,175.8699951171875,175.6699981689453,175.67999267578125,519919,0.0,0.0
2026-07-10 15:00:00+05:30,175.72999572753906,175.83999633789062,175.47000122070312,175.50999450683594,1179166,0.0,0.0
2026-07-10 15:15:00+05:30,175.52999877929688,175.75,175.0,175.52000427246094,1939222,0.0,0.0
